=== E2E DECOMPOSITION MISMATCH (Real Application Issue) ===
Issue: Poor data decomposition causes small, non-contiguous writes
This matches the ION/AIIO E2E evaluation
Start time: Sun Sep 14 21:09:56 CDT 2025

======================   ALLOCATED NODES   ======================
	cn064: flags=0x11 slots=55 max_slots=0 slots_inuse=0 state=UP
	cn065: flags=0x10 slots=9 max_slots=0 slots_inuse=0 state=UP
=================================================================
decomp_mismatch.nc4 64 32 32 32 32.000000 70.127464 0.456312
End time: Sun Sep 14 21:11:12 CDT 2025
-rw-r-----+ 1 mbanisharifdehkordi delta_bdau 41G Sep 14 21:11 decomp_mismatch.nc4
Looking for Darshan log...
Darshan log saved as: /work/hdd/bdau/mbanisharifdehkordi/E2E/darshan_logs/e2e_decomp_mismatch_12209680.darshan

=== Darshan Log Summary ===
# darshan log version: 3.41
# compression method: ZLIB
# exe: ../write_3d_nc4 decomp_mismatch 32 32 16 32 32 32
# uid: 73528
# jobid: 12209680
# start_time: 1757902200
# start_time_asci: Sun Sep 14 21:10:00 2025
# end_time: 1757902270
# end_time_asci: Sun Sep 14 21:11:10 2025
# nprocs: 64
# run time: 70.1736
# metadata: lib_ver = 3.4.4
# metadata: h = romio_no_indep_rw=true;cb_nodes=4

# log file regions
# -------------------------------------------------------
# header: 1328 bytes (uncompressed)
# job data: 346 bytes (compressed)
# record table: 6534 bytes (compressed)
# POSIX module: 13863 bytes (compressed), ver=4
# MPI-IO module: 7785 bytes (compressed), ver=3
# LUSTRE module: 5965 bytes (compressed), ver=1
# STDIO module: 52 bytes (compressed), ver=2
# DXT_POSIX module: 427916 bytes (compressed), ver=1
# DXT_MPIIO module: 285738 bytes (compressed), ver=2
# HEATMAP module: 5938 bytes (compressed), ver=1

# mounted file systems (mount point and fs type)
# -------------------------------------------------------
# mount entry:	/sys/firmware/efi/efivars	efivarfs
# mount entry:	/local/slurmjobs/12205377	xfs
# mount entry:	/local/slurmjobs/12207915	xfs
# mount entry:	/local/slurmjobs/12208655	xfs
# mount entry:	/local/slurmjobs/12209492	xfs
# mount entry:	/local/slurmjobs/12209550	xfs
# mount entry:	/proc/sys/fs/binfmt_misc	autofs
# mount entry:	/sys/kernel/config	configfs
# mount entry:	/sys/fs/pstore	pstore
# mount entry:	/run/cxi/cxi0	fuse
# mount entry:	/opt/cray/pe	nfs
# mount entry:	/sys/fs/bpf	bpf
# mount entry:	/dev/mqueue	mqueue
# mount entry:	/work/nvme	lustre
# mount entry:	/projects	lustre
# mount entry:	/scratch	lustre
# mount entry:	/local	xfs
# mount entry:	/taiga	lustre
# mount entry:	/work	lustre
# mount entry:	/dev	devtmpfs
# mount entry:	/ime	fuse

=== Expected Issues ===
- High POSIX_SIZE_WRITE_100_1K (small writes)
- High POSIX_FILE_NOT_ALIGNED (misaligned writes)
- Many POSIX_WRITES operations
POSIX	0	2166538995584235972	POSIX_WRITES	0	/work/hdd/bdau/mbanisharifdehkordi/E2E/3d/results_decomp_mismatch/decomp_mismatch.nc4.locktest.0	/work	lustre
POSIX	0	2166538995584235972	POSIX_FILE_NOT_ALIGNED	0	/work/hdd/bdau/mbanisharifdehkordi/E2E/3d/results_decomp_mismatch/decomp_mismatch.nc4.locktest.0	/work	lustre
POSIX	0	2166538995584235972	POSIX_SIZE_WRITE_0_100	0	/work/hdd/bdau/mbanisharifdehkordi/E2E/3d/results_decomp_mismatch/decomp_mismatch.nc4.locktest.0	/work	lustre
POSIX	0	2166538995584235972	POSIX_SIZE_WRITE_100_1K	0	/work/hdd/bdau/mbanisharifdehkordi/E2E/3d/results_decomp_mismatch/decomp_mismatch.nc4.locktest.0	/work	lustre
POSIX	0	2166538995584235972	POSIX_SIZE_WRITE_1K_10K	0	/work/hdd/bdau/mbanisharifdehkordi/E2E/3d/results_decomp_mismatch/decomp_mismatch.nc4.locktest.0	/work	lustre
POSIX	0	2166538995584235972	POSIX_SIZE_WRITE_10K_100K	0	/work/hdd/bdau/mbanisharifdehkordi/E2E/3d/results_decomp_mismatch/decomp_mismatch.nc4.locktest.0	/work	lustre
POSIX	0	2166538995584235972	POSIX_SIZE_WRITE_100K_1M	0	/work/hdd/bdau/mbanisharifdehkordi/E2E/3d/results_decomp_mismatch/decomp_mismatch.nc4.locktest.0	/work	lustre
POSIX	0	2166538995584235972	POSIX_SIZE_WRITE_1M_4M	0	/work/hdd/bdau/mbanisharifdehkordi/E2E/3d/results_decomp_mismatch/decomp_mismatch.nc4.locktest.0	/work	lustre
POSIX	0	2166538995584235972	POSIX_SIZE_WRITE_4M_10M	0	/work/hdd/bdau/mbanisharifdehkordi/E2E/3d/results_decomp_mismatch/decomp_mismatch.nc4.locktest.0	/work	lustre
POSIX	0	2166538995584235972	POSIX_SIZE_WRITE_10M_100M	0	/work/hdd/bdau/mbanisharifdehkordi/E2E/3d/results_decomp_mismatch/decomp_mismatch.nc4.locktest.0	/work	lustre
POSIX	0	2166538995584235972	POSIX_SIZE_WRITE_100M_1G	0	/work/hdd/bdau/mbanisharifdehkordi/E2E/3d/results_decomp_mismatch/decomp_mismatch.nc4.locktest.0	/work	lustre
POSIX	0	2166538995584235972	POSIX_SIZE_WRITE_1G_PLUS	0	/work/hdd/bdau/mbanisharifdehkordi/E2E/3d/results_decomp_mismatch/decomp_mismatch.nc4.locktest.0	/work	lustre
POSIX	0	8796968004350111049	POSIX_WRITES	51205	/work/hdd/bdau/mbanisharifdehkordi/E2E/3d/results_decomp_mismatch/decomp_mismatch.nc4	/work	lustre
POSIX	0	8796968004350111049	POSIX_FILE_NOT_ALIGNED	61444	/work/hdd/bdau/mbanisharifdehkordi/E2E/3d/results_decomp_mismatch/decomp_mismatch.nc4	/work	lustre
POSIX	0	8796968004350111049	POSIX_SIZE_WRITE_0_100	1	/work/hdd/bdau/mbanisharifdehkordi/E2E/3d/results_decomp_mismatch/decomp_mismatch.nc4	/work	lustre
POSIX	0	8796968004350111049	POSIX_SIZE_WRITE_100_1K	0	/work/hdd/bdau/mbanisharifdehkordi/E2E/3d/results_decomp_mismatch/decomp_mismatch.nc4	/work	lustre
POSIX	0	8796968004350111049	POSIX_SIZE_WRITE_1K_10K	4	/work/hdd/bdau/mbanisharifdehkordi/E2E/3d/results_decomp_mismatch/decomp_mismatch.nc4	/work	lustre
POSIX	0	8796968004350111049	POSIX_SIZE_WRITE_10K_100K	0	/work/hdd/bdau/mbanisharifdehkordi/E2E/3d/results_decomp_mismatch/decomp_mismatch.nc4	/work	lustre
POSIX	0	8796968004350111049	POSIX_SIZE_WRITE_100K_1M	51200	/work/hdd/bdau/mbanisharifdehkordi/E2E/3d/results_decomp_mismatch/decomp_mismatch.nc4	/work	lustre
POSIX	0	8796968004350111049	POSIX_SIZE_WRITE_1M_4M	0	/work/hdd/bdau/mbanisharifdehkordi/E2E/3d/results_decomp_mismatch/decomp_mismatch.nc4	/work	lustre
POSIX	0	8796968004350111049	POSIX_SIZE_WRITE_4M_10M	0	/work/hdd/bdau/mbanisharifdehkordi/E2E/3d/results_decomp_mismatch/decomp_mismatch.nc4	/work	lustre
POSIX	0	8796968004350111049	POSIX_SIZE_WRITE_10M_100M	0	/work/hdd/bdau/mbanisharifdehkordi/E2E/3d/results_decomp_mismatch/decomp_mismatch.nc4	/work	lustre
POSIX	0	8796968004350111049	POSIX_SIZE_WRITE_100M_1G	0	/work/hdd/bdau/mbanisharifdehkordi/E2E/3d/results_decomp_mismatch/decomp_mismatch.nc4	/work	lustre
POSIX	0	8796968004350111049	POSIX_SIZE_WRITE_1G_PLUS	0	/work/hdd/bdau/mbanisharifdehkordi/E2E/3d/results_decomp_mismatch/decomp_mismatch.nc4	/work	lustre
POSIX	0	6939792131935133011	POSIX_WRITES	0	/work/hdd/bdau/mbanisharifdehkordi/E2E/3d/results_decomp_mismatch/.	/work	lustre
POSIX	0	6939792131935133011	POSIX_FILE_NOT_ALIGNED	0	/work/hdd/bdau/mbanisharifdehkordi/E2E/3d/results_decomp_mismatch/.	/work	lustre
POSIX	0	6939792131935133011	POSIX_SIZE_WRITE_0_100	0	/work/hdd/bdau/mbanisharifdehkordi/E2E/3d/results_decomp_mismatch/.	/work	lustre
POSIX	0	6939792131935133011	POSIX_SIZE_WRITE_100_1K	0	/work/hdd/bdau/mbanisharifdehkordi/E2E/3d/results_decomp_mismatch/.	/work	lustre
POSIX	0	6939792131935133011	POSIX_SIZE_WRITE_1K_10K	0	/work/hdd/bdau/mbanisharifdehkordi/E2E/3d/results_decomp_mismatch/.	/work	lustre
POSIX	0	6939792131935133011	POSIX_SIZE_WRITE_10K_100K	0	/work/hdd/bdau/mbanisharifdehkordi/E2E/3d/results_decomp_mismatch/.	/work	lustre
POSIX	0	6939792131935133011	POSIX_SIZE_WRITE_100K_1M	0	/work/hdd/bdau/mbanisharifdehkordi/E2E/3d/results_decomp_mismatch/.	/work	lustre
POSIX	0	6939792131935133011	POSIX_SIZE_WRITE_1M_4M	0	/work/hdd/bdau/mbanisharifdehkordi/E2E/3d/results_decomp_mismatch/.	/work	lustre
POSIX	0	6939792131935133011	POSIX_SIZE_WRITE_4M_10M	0	/work/hdd/bdau/mbanisharifdehkordi/E2E/3d/results_decomp_mismatch/.	/work	lustre
POSIX	0	6939792131935133011	POSIX_SIZE_WRITE_10M_100M	0	/work/hdd/bdau/mbanisharifdehkordi/E2E/3d/results_decomp_mismatch/.	/work	lustre
POSIX	0	6939792131935133011	POSIX_SIZE_WRITE_100M_1G	0	/work/hdd/bdau/mbanisharifdehkordi/E2E/3d/results_decomp_mismatch/.	/work	lustre
POSIX	0	6939792131935133011	POSIX_SIZE_WRITE_1G_PLUS	0	/work/hdd/bdau/mbanisharifdehkordi/E2E/3d/results_decomp_mismatch/.	/work	lustre
POSIX	0	15634375788946986981	POSIX_WRITES	26	/work/hdd/bdau/mbanisharifdehkordi/E2E/3d/results_decomp_mismatch/decomp_mismatch.nc4-4005036033-2888081.loc	/work	lustre
POSIX	0	15634375788946986981	POSIX_FILE_NOT_ALIGNED	0	/work/hdd/bdau/mbanisharifdehkordi/E2E/3d/results_decomp_mismatch/decomp_mismatch.nc4-4005036033-2888081.loc	/work	lustre
POSIX	0	15634375788946986981	POSIX_SIZE_WRITE_0_100	26	/work/hdd/bdau/mbanisharifdehkordi/E2E/3d/results_decomp_mismatch/decomp_mismatch.nc4-4005036033-2888081.loc	/work	lustre
POSIX	0	15634375788946986981	POSIX_SIZE_WRITE_100_1K	0	/work/hdd/bdau/mbanisharifdehkordi/E2E/3d/results_decomp_mismatch/decomp_mismatch.nc4-4005036033-2888081.loc	/work	lustre
POSIX	0	15634375788946986981	POSIX_SIZE_WRITE_1K_10K	0	/work/hdd/bdau/mbanisharifdehkordi/E2E/3d/results_decomp_mismatch/decomp_mismatch.nc4-4005036033-2888081.loc	/work	lustre
POSIX	0	15634375788946986981	POSIX_SIZE_WRITE_10K_100K	0	/work/hdd/bdau/mbanisharifdehkordi/E2E/3d/results_decomp_mismatch/decomp_mismatch.nc4-4005036033-2888081.loc	/work	lustre
POSIX	0	15634375788946986981	POSIX_SIZE_WRITE_100K_1M	0	/work/hdd/bdau/mbanisharifdehkordi/E2E/3d/results_decomp_mismatch/decomp_mismatch.nc4-4005036033-2888081.loc	/work	lustre
POSIX	0	15634375788946986981	POSIX_SIZE_WRITE_1M_4M	0	/work/hdd/bdau/mbanisharifdehkordi/E2E/3d/results_decomp_mismatch/decomp_mismatch.nc4-4005036033-2888081.loc	/work	lustre
POSIX	0	15634375788946986981	POSIX_SIZE_WRITE_4M_10M	0	/work/hdd/bdau/mbanisharifdehkordi/E2E/3d/results_decomp_mismatch/decomp_mismatch.nc4-4005036033-2888081.loc	/work	lustre
POSIX	0	15634375788946986981	POSIX_SIZE_WRITE_10M_100M	0	/work/hdd/bdau/mbanisharifdehkordi/E2E/3d/results_decomp_mismatch/decomp_mismatch.nc4-4005036033-2888081.loc	/work	lustre
POSIX	0	15634375788946986981	POSIX_SIZE_WRITE_100M_1G	0	/work/hdd/bdau/mbanisharifdehkordi/E2E/3d/results_decomp_mismatch/decomp_mismatch.nc4-4005036033-2888081.loc	/work	lustre
POSIX	0	15634375788946986981	POSIX_SIZE_WRITE_1G_PLUS	0	/work/hdd/bdau/mbanisharifdehkordi/E2E/3d/results_decomp_mismatch/decomp_mismatch.nc4-4005036033-2888081.loc	/work	lustre
POSIX	1	3036169716569550853	POSIX_WRITES	0	/work/hdd/bdau/mbanisharifdehkordi/E2E/3d/results_decomp_mismatch/decomp_mismatch.nc4.locktest.1	/work	lustre
POSIX	1	3036169716569550853	POSIX_FILE_NOT_ALIGNED	0	/work/hdd/bdau/mbanisharifdehkordi/E2E/3d/results_decomp_mismatch/decomp_mismatch.nc4.locktest.1	/work	lustre
POSIX	1	3036169716569550853	POSIX_SIZE_WRITE_0_100	0	/work/hdd/bdau/mbanisharifdehkordi/E2E/3d/results_decomp_mismatch/decomp_mismatch.nc4.locktest.1	/work	lustre
POSIX	1	3036169716569550853	POSIX_SIZE_WRITE_100_1K	0	/work/hdd/bdau/mbanisharifdehkordi/E2E/3d/results_decomp_mismatch/decomp_mismatch.nc4.locktest.1	/work	lustre
POSIX	1	3036169716569550853	POSIX_SIZE_WRITE_1K_10K	0	/work/hdd/bdau/mbanisharifdehkordi/E2E/3d/results_decomp_mismatch/decomp_mismatch.nc4.locktest.1	/work	lustre
POSIX	1	3036169716569550853	POSIX_SIZE_WRITE_10K_100K	0	/work/hdd/bdau/mbanisharifdehkordi/E2E/3d/results_decomp_mismatch/decomp_mismatch.nc4.locktest.1	/work	lustre
POSIX	1	3036169716569550853	POSIX_SIZE_WRITE_100K_1M	0	/work/hdd/bdau/mbanisharifdehkordi/E2E/3d/results_decomp_mismatch/decomp_mismatch.nc4.locktest.1	/work	lustre
POSIX	1	3036169716569550853	POSIX_SIZE_WRITE_1M_4M	0	/work/hdd/bdau/mbanisharifdehkordi/E2E/3d/results_decomp_mismatch/decomp_mismatch.nc4.locktest.1	/work	lustre
POSIX	1	3036169716569550853	POSIX_SIZE_WRITE_4M_10M	0	/work/hdd/bdau/mbanisharifdehkordi/E2E/3d/results_decomp_mismatch/decomp_mismatch.nc4.locktest.1	/work	lustre
POSIX	1	3036169716569550853	POSIX_SIZE_WRITE_10M_100M	0	/work/hdd/bdau/mbanisharifdehkordi/E2E/3d/results_decomp_mismatch/decomp_mismatch.nc4.locktest.1	/work	lustre
POSIX	1	3036169716569550853	POSIX_SIZE_WRITE_100M_1G	0	/work/hdd/bdau/mbanisharifdehkordi/E2E/3d/results_decomp_mismatch/decomp_mismatch.nc4.locktest.1	/work	lustre
POSIX	1	3036169716569550853	POSIX_SIZE_WRITE_1G_PLUS	0	/work/hdd/bdau/mbanisharifdehkordi/E2E/3d/results_decomp_mismatch/decomp_mismatch.nc4.locktest.1	/work	lustre
POSIX	1	8796968004350111049	POSIX_WRITES	0	/work/hdd/bdau/mbanisharifdehkordi/E2E/3d/results_decomp_mismatch/decomp_mismatch.nc4	/work	lustre
POSIX	1	8796968004350111049	POSIX_FILE_NOT_ALIGNED	0	/work/hdd/bdau/mbanisharifdehkordi/E2E/3d/results_decomp_mismatch/decomp_mismatch.nc4	/work	lustre
POSIX	1	8796968004350111049	POSIX_SIZE_WRITE_0_100	0	/work/hdd/bdau/mbanisharifdehkordi/E2E/3d/results_decomp_mismatch/decomp_mismatch.nc4	/work	lustre
POSIX	1	8796968004350111049	POSIX_SIZE_WRITE_100_1K	0	/work/hdd/bdau/mbanisharifdehkordi/E2E/3d/results_decomp_mismatch/decomp_mismatch.nc4	/work	lustre
POSIX	1	8796968004350111049	POSIX_SIZE_WRITE_1K_10K	0	/work/hdd/bdau/mbanisharifdehkordi/E2E/3d/results_decomp_mismatch/decomp_mismatch.nc4	/work	lustre
POSIX	1	8796968004350111049	POSIX_SIZE_WRITE_10K_100K	0	/work/hdd/bdau/mbanisharifdehkordi/E2E/3d/results_decomp_mismatch/decomp_mismatch.nc4	/work	lustre
POSIX	1	8796968004350111049	POSIX_SIZE_WRITE_100K_1M	0	/work/hdd/bdau/mbanisharifdehkordi/E2E/3d/results_decomp_mismatch/decomp_mismatch.nc4	/work	lustre
POSIX	1	8796968004350111049	POSIX_SIZE_WRITE_1M_4M	0	/work/hdd/bdau/mbanisharifdehkordi/E2E/3d/results_decomp_mismatch/decomp_mismatch.nc4	/work	lustre
POSIX	1	8796968004350111049	POSIX_SIZE_WRITE_4M_10M	0	/work/hdd/bdau/mbanisharifdehkordi/E2E/3d/results_decomp_mismatch/decomp_mismatch.nc4	/work	lustre
POSIX	1	8796968004350111049	POSIX_SIZE_WRITE_10M_100M	0	/work/hdd/bdau/mbanisharifdehkordi/E2E/3d/results_decomp_mismatch/decomp_mismatch.nc4	/work	lustre
POSIX	1	8796968004350111049	POSIX_SIZE_WRITE_100M_1G	0	/work/hdd/bdau/mbanisharifdehkordi/E2E/3d/results_decomp_mismatch/decomp_mismatch.nc4	/work	lustre
POSIX	1	8796968004350111049	POSIX_SIZE_WRITE_1G_PLUS	0	/work/hdd/bdau/mbanisharifdehkordi/E2E/3d/results_decomp_mismatch/decomp_mismatch.nc4	/work	lustre
POSIX	1	6939792131935133011	POSIX_WRITES	0	/work/hdd/bdau/mbanisharifdehkordi/E2E/3d/results_decomp_mismatch/.	/work	lustre
POSIX	1	6939792131935133011	POSIX_FILE_NOT_ALIGNED	0	/work/hdd/bdau/mbanisharifdehkordi/E2E/3d/results_decomp_mismatch/.	/work	lustre
POSIX	1	6939792131935133011	POSIX_SIZE_WRITE_0_100	0	/work/hdd/bdau/mbanisharifdehkordi/E2E/3d/results_decomp_mismatch/.	/work	lustre
POSIX	1	6939792131935133011	POSIX_SIZE_WRITE_100_1K	0	/work/hdd/bdau/mbanisharifdehkordi/E2E/3d/results_decomp_mismatch/.	/work	lustre
POSIX	1	6939792131935133011	POSIX_SIZE_WRITE_1K_10K	0	/work/hdd/bdau/mbanisharifdehkordi/E2E/3d/results_decomp_mismatch/.	/work	lustre
POSIX	1	6939792131935133011	POSIX_SIZE_WRITE_10K_100K	0	/work/hdd/bdau/mbanisharifdehkordi/E2E/3d/results_decomp_mismatch/.	/work	lustre
POSIX	1	6939792131935133011	POSIX_SIZE_WRITE_100K_1M	0	/work/hdd/bdau/mbanisharifdehkordi/E2E/3d/results_decomp_mismatch/.	/work	lustre
POSIX	1	6939792131935133011	POSIX_SIZE_WRITE_1M_4M	0	/work/hdd/bdau/mbanisharifdehkordi/E2E/3d/results_decomp_mismatch/.	/work	lustre
POSIX	1	6939792131935133011	POSIX_SIZE_WRITE_4M_10M	0	/work/hdd/bdau/mbanisharifdehkordi/E2E/3d/results_decomp_mismatch/.	/work	lustre
POSIX	1	6939792131935133011	POSIX_SIZE_WRITE_10M_100M	0	/work/hdd/bdau/mbanisharifdehkordi/E2E/3d/results_decomp_mismatch/.	/work	lustre
POSIX	1	6939792131935133011	POSIX_SIZE_WRITE_100M_1G	0	/work/hdd/bdau/mbanisharifdehkordi/E2E/3d/results_decomp_mismatch/.	/work	lustre
POSIX	1	6939792131935133011	POSIX_SIZE_WRITE_1G_PLUS	0	/work/hdd/bdau/mbanisharifdehkordi/E2E/3d/results_decomp_mismatch/.	/work	lustre
POSIX	1	15634375788946986981	POSIX_WRITES	0	/work/hdd/bdau/mbanisharifdehkordi/E2E/3d/results_decomp_mismatch/decomp_mismatch.nc4-4005036033-2888081.loc	/work	lustre
POSIX	1	15634375788946986981	POSIX_FILE_NOT_ALIGNED	0	/work/hdd/bdau/mbanisharifdehkordi/E2E/3d/results_decomp_mismatch/decomp_mismatch.nc4-4005036033-2888081.loc	/work	lustre
POSIX	1	15634375788946986981	POSIX_SIZE_WRITE_0_100	0	/work/hdd/bdau/mbanisharifdehkordi/E2E/3d/results_decomp_mismatch/decomp_mismatch.nc4-4005036033-2888081.loc	/work	lustre
POSIX	1	15634375788946986981	POSIX_SIZE_WRITE_100_1K	0	/work/hdd/bdau/mbanisharifdehkordi/E2E/3d/results_decomp_mismatch/decomp_mismatch.nc4-4005036033-2888081.loc	/work	lustre
POSIX	1	15634375788946986981	POSIX_SIZE_WRITE_1K_10K	0	/work/hdd/bdau/mbanisharifdehkordi/E2E/3d/results_decomp_mismatch/decomp_mismatch.nc4-4005036033-2888081.loc	/work	lustre
POSIX	1	15634375788946986981	POSIX_SIZE_WRITE_10K_100K	0	/work/hdd/bdau/mbanisharifdehkordi/E2E/3d/results_decomp_mismatch/decomp_mismatch.nc4-4005036033-2888081.loc	/work	lustre
POSIX	1	15634375788946986981	POSIX_SIZE_WRITE_100K_1M	0	/work/hdd/bdau/mbanisharifdehkordi/E2E/3d/results_decomp_mismatch/decomp_mismatch.nc4-4005036033-2888081.loc	/work	lustre
POSIX	1	15634375788946986981	POSIX_SIZE_WRITE_1M_4M	0	/work/hdd/bdau/mbanisharifdehkordi/E2E/3d/results_decomp_mismatch/decomp_mismatch.nc4-4005036033-2888081.loc	/work	lustre
POSIX	1	15634375788946986981	POSIX_SIZE_WRITE_4M_10M	0	/work/hdd/bdau/mbanisharifdehkordi/E2E/3d/results_decomp_mismatch/decomp_mismatch.nc4-4005036033-2888081.loc	/work	lustre
POSIX	1	15634375788946986981	POSIX_SIZE_WRITE_10M_100M	0	/work/hdd/bdau/mbanisharifdehkordi/E2E/3d/results_decomp_mismatch/decomp_mismatch.nc4-4005036033-2888081.loc	/work	lustre
POSIX	1	15634375788946986981	POSIX_SIZE_WRITE_100M_1G	0	/work/hdd/bdau/mbanisharifdehkordi/E2E/3d/results_decomp_mismatch/decomp_mismatch.nc4-4005036033-2888081.loc	/work	lustre
POSIX	1	15634375788946986981	POSIX_SIZE_WRITE_1G_PLUS	0	/work/hdd/bdau/mbanisharifdehkordi/E2E/3d/results_decomp_mismatch/decomp_mismatch.nc4-4005036033-2888081.loc	/work	lustre
POSIX	2	2974262304650363988	POSIX_WRITES	0	/work/hdd/bdau/mbanisharifdehkordi/E2E/3d/results_decomp_mismatch/decomp_mismatch.nc4.locktest.2	/work	lustre
POSIX	2	2974262304650363988	POSIX_FILE_NOT_ALIGNED	0	/work/hdd/bdau/mbanisharifdehkordi/E2E/3d/results_decomp_mismatch/decomp_mismatch.nc4.locktest.2	/work	lustre
POSIX	2	2974262304650363988	POSIX_SIZE_WRITE_0_100	0	/work/hdd/bdau/mbanisharifdehkordi/E2E/3d/results_decomp_mismatch/decomp_mismatch.nc4.locktest.2	/work	lustre
POSIX	2	2974262304650363988	POSIX_SIZE_WRITE_100_1K	0	/work/hdd/bdau/mbanisharifdehkordi/E2E/3d/results_decomp_mismatch/decomp_mismatch.nc4.locktest.2	/work	lustre
POSIX	2	2974262304650363988	POSIX_SIZE_WRITE_1K_10K	0	/work/hdd/bdau/mbanisharifdehkordi/E2E/3d/results_decomp_mismatch/decomp_mismatch.nc4.locktest.2	/work	lustre
POSIX	2	2974262304650363988	POSIX_SIZE_WRITE_10K_100K	0	/work/hdd/bdau/mbanisharifdehkordi/E2E/3d/results_decomp_mismatch/decomp_mismatch.nc4.locktest.2	/work	lustre
POSIX	2	2974262304650363988	POSIX_SIZE_WRITE_100K_1M	0	/work/hdd/bdau/mbanisharifdehkordi/E2E/3d/results_decomp_mismatch/decomp_mismatch.nc4.locktest.2	/work	lustre
POSIX	2	2974262304650363988	POSIX_SIZE_WRITE_1M_4M	0	/work/hdd/bdau/mbanisharifdehkordi/E2E/3d/results_decomp_mismatch/decomp_mismatch.nc4.locktest.2	/work	lustre
POSIX	2	2974262304650363988	POSIX_SIZE_WRITE_4M_10M	0	/work/hdd/bdau/mbanisharifdehkordi/E2E/3d/results_decomp_mismatch/decomp_mismatch.nc4.locktest.2	/work	lustre
POSIX	2	2974262304650363988	POSIX_SIZE_WRITE_10M_100M	0	/work/hdd/bdau/mbanisharifdehkordi/E2E/3d/results_decomp_mismatch/decomp_mismatch.nc4.locktest.2	/work	lustre
POSIX	2	2974262304650363988	POSIX_SIZE_WRITE_100M_1G	0	/work/hdd/bdau/mbanisharifdehkordi/E2E/3d/results_decomp_mismatch/decomp_mismatch.nc4.locktest.2	/work	lustre
POSIX	2	2974262304650363988	POSIX_SIZE_WRITE_1G_PLUS	0	/work/hdd/bdau/mbanisharifdehkordi/E2E/3d/results_decomp_mismatch/decomp_mismatch.nc4.locktest.2	/work	lustre
POSIX	2	8796968004350111049	POSIX_WRITES	0	/work/hdd/bdau/mbanisharifdehkordi/E2E/3d/results_decomp_mismatch/decomp_mismatch.nc4	/work	lustre
POSIX	2	8796968004350111049	POSIX_FILE_NOT_ALIGNED	0	/work/hdd/bdau/mbanisharifdehkordi/E2E/3d/results_decomp_mismatch/decomp_mismatch.nc4	/work	lustre
POSIX	2	8796968004350111049	POSIX_SIZE_WRITE_0_100	0	/work/hdd/bdau/mbanisharifdehkordi/E2E/3d/results_decomp_mismatch/decomp_mismatch.nc4	/work	lustre
POSIX	2	8796968004350111049	POSIX_SIZE_WRITE_100_1K	0	/work/hdd/bdau/mbanisharifdehkordi/E2E/3d/results_decomp_mismatch/decomp_mismatch.nc4	/work	lustre
POSIX	2	8796968004350111049	POSIX_SIZE_WRITE_1K_10K	0	/work/hdd/bdau/mbanisharifdehkordi/E2E/3d/results_decomp_mismatch/decomp_mismatch.nc4	/work	lustre
POSIX	2	8796968004350111049	POSIX_SIZE_WRITE_10K_100K	0	/work/hdd/bdau/mbanisharifdehkordi/E2E/3d/results_decomp_mismatch/decomp_mismatch.nc4	/work	lustre
POSIX	2	8796968004350111049	POSIX_SIZE_WRITE_100K_1M	0	/work/hdd/bdau/mbanisharifdehkordi/E2E/3d/results_decomp_mismatch/decomp_mismatch.nc4	/work	lustre
POSIX	2	8796968004350111049	POSIX_SIZE_WRITE_1M_4M	0	/work/hdd/bdau/mbanisharifdehkordi/E2E/3d/results_decomp_mismatch/decomp_mismatch.nc4	/work	lustre
POSIX	2	8796968004350111049	POSIX_SIZE_WRITE_4M_10M	0	/work/hdd/bdau/mbanisharifdehkordi/E2E/3d/results_decomp_mismatch/decomp_mismatch.nc4	/work	lustre
POSIX	2	8796968004350111049	POSIX_SIZE_WRITE_10M_100M	0	/work/hdd/bdau/mbanisharifdehkordi/E2E/3d/results_decomp_mismatch/decomp_mismatch.nc4	/work	lustre
POSIX	2	8796968004350111049	POSIX_SIZE_WRITE_100M_1G	0	/work/hdd/bdau/mbanisharifdehkordi/E2E/3d/results_decomp_mismatch/decomp_mismatch.nc4	/work	lustre
POSIX	2	8796968004350111049	POSIX_SIZE_WRITE_1G_PLUS	0	/work/hdd/bdau/mbanisharifdehkordi/E2E/3d/results_decomp_mismatch/decomp_mismatch.nc4	/work	lustre
POSIX	2	6939792131935133011	POSIX_WRITES	0	/work/hdd/bdau/mbanisharifdehkordi/E2E/3d/results_decomp_mismatch/.	/work	lustre
POSIX	2	6939792131935133011	POSIX_FILE_NOT_ALIGNED	0	/work/hdd/bdau/mbanisharifdehkordi/E2E/3d/results_decomp_mismatch/.	/work	lustre
POSIX	2	6939792131935133011	POSIX_SIZE_WRITE_0_100	0	/work/hdd/bdau/mbanisharifdehkordi/E2E/3d/results_decomp_mismatch/.	/work	lustre
POSIX	2	6939792131935133011	POSIX_SIZE_WRITE_100_1K	0	/work/hdd/bdau/mbanisharifdehkordi/E2E/3d/results_decomp_mismatch/.	/work	lustre
POSIX	2	6939792131935133011	POSIX_SIZE_WRITE_1K_10K	0	/work/hdd/bdau/mbanisharifdehkordi/E2E/3d/results_decomp_mismatch/.	/work	lustre
POSIX	2	6939792131935133011	POSIX_SIZE_WRITE_10K_100K	0	/work/hdd/bdau/mbanisharifdehkordi/E2E/3d/results_decomp_mismatch/.	/work	lustre
POSIX	2	6939792131935133011	POSIX_SIZE_WRITE_100K_1M	0	/work/hdd/bdau/mbanisharifdehkordi/E2E/3d/results_decomp_mismatch/.	/work	lustre
POSIX	2	6939792131935133011	POSIX_SIZE_WRITE_1M_4M	0	/work/hdd/bdau/mbanisharifdehkordi/E2E/3d/results_decomp_mismatch/.	/work	lustre
POSIX	2	6939792131935133011	POSIX_SIZE_WRITE_4M_10M	0	/work/hdd/bdau/mbanisharifdehkordi/E2E/3d/results_decomp_mismatch/.	/work	lustre
POSIX	2	6939792131935133011	POSIX_SIZE_WRITE_10M_100M	0	/work/hdd/bdau/mbanisharifdehkordi/E2E/3d/results_decomp_mismatch/.	/work	lustre
POSIX	2	6939792131935133011	POSIX_SIZE_WRITE_100M_1G	0	/work/hdd/bdau/mbanisharifdehkordi/E2E/3d/results_decomp_mismatch/.	/work	lustre
POSIX	2	6939792131935133011	POSIX_SIZE_WRITE_1G_PLUS	0	/work/hdd/bdau/mbanisharifdehkordi/E2E/3d/results_decomp_mismatch/.	/work	lustre
POSIX	2	15634375788946986981	POSIX_WRITES	0	/work/hdd/bdau/mbanisharifdehkordi/E2E/3d/results_decomp_mismatch/decomp_mismatch.nc4-4005036033-2888081.loc	/work	lustre
POSIX	2	15634375788946986981	POSIX_FILE_NOT_ALIGNED	0	/work/hdd/bdau/mbanisharifdehkordi/E2E/3d/results_decomp_mismatch/decomp_mismatch.nc4-4005036033-2888081.loc	/work	lustre
POSIX	2	15634375788946986981	POSIX_SIZE_WRITE_0_100	0	/work/hdd/bdau/mbanisharifdehkordi/E2E/3d/results_decomp_mismatch/decomp_mismatch.nc4-4005036033-2888081.loc	/work	lustre
POSIX	2	15634375788946986981	POSIX_SIZE_WRITE_100_1K	0	/work/hdd/bdau/mbanisharifdehkordi/E2E/3d/results_decomp_mismatch/decomp_mismatch.nc4-4005036033-2888081.loc	/work	lustre
POSIX	2	15634375788946986981	POSIX_SIZE_WRITE_1K_10K	0	/work/hdd/bdau/mbanisharifdehkordi/E2E/3d/results_decomp_mismatch/decomp_mismatch.nc4-4005036033-2888081.loc	/work	lustre
POSIX	2	15634375788946986981	POSIX_SIZE_WRITE_10K_100K	0	/work/hdd/bdau/mbanisharifdehkordi/E2E/3d/results_decomp_mismatch/decomp_mismatch.nc4-4005036033-2888081.loc	/work	lustre
POSIX	2	15634375788946986981	POSIX_SIZE_WRITE_100K_1M	0	/work/hdd/bdau/mbanisharifdehkordi/E2E/3d/results_decomp_mismatch/decomp_mismatch.nc4-4005036033-2888081.loc	/work	lustre
POSIX	2	15634375788946986981	POSIX_SIZE_WRITE_1M_4M	0	/work/hdd/bdau/mbanisharifdehkordi/E2E/3d/results_decomp_mismatch/decomp_mismatch.nc4-4005036033-2888081.loc	/work	lustre
POSIX	2	15634375788946986981	POSIX_SIZE_WRITE_4M_10M	0	/work/hdd/bdau/mbanisharifdehkordi/E2E/3d/results_decomp_mismatch/decomp_mismatch.nc4-4005036033-2888081.loc	/work	lustre
POSIX	2	15634375788946986981	POSIX_SIZE_WRITE_10M_100M	0	/work/hdd/bdau/mbanisharifdehkordi/E2E/3d/results_decomp_mismatch/decomp_mismatch.nc4-4005036033-2888081.loc	/work	lustre
POSIX	2	15634375788946986981	POSIX_SIZE_WRITE_100M_1G	0	/work/hdd/bdau/mbanisharifdehkordi/E2E/3d/results_decomp_mismatch/decomp_mismatch.nc4-4005036033-2888081.loc	/work	lustre
POSIX	2	15634375788946986981	POSIX_SIZE_WRITE_1G_PLUS	0	/work/hdd/bdau/mbanisharifdehkordi/E2E/3d/results_decomp_mismatch/decomp_mismatch.nc4-4005036033-2888081.loc	/work	lustre
POSIX	3	15527469098711589319	POSIX_WRITES	0	/work/hdd/bdau/mbanisharifdehkordi/E2E/3d/results_decomp_mismatch/decomp_mismatch.nc4.locktest.3	/work	lustre
POSIX	3	15527469098711589319	POSIX_FILE_NOT_ALIGNED	0	/work/hdd/bdau/mbanisharifdehkordi/E2E/3d/results_decomp_mismatch/decomp_mismatch.nc4.locktest.3	/work	lustre
POSIX	3	15527469098711589319	POSIX_SIZE_WRITE_0_100	0	/work/hdd/bdau/mbanisharifdehkordi/E2E/3d/results_decomp_mismatch/decomp_mismatch.nc4.locktest.3	/work	lustre
POSIX	3	15527469098711589319	POSIX_SIZE_WRITE_100_1K	0	/work/hdd/bdau/mbanisharifdehkordi/E2E/3d/results_decomp_mismatch/decomp_mismatch.nc4.locktest.3	/work	lustre
POSIX	3	15527469098711589319	POSIX_SIZE_WRITE_1K_10K	0	/work/hdd/bdau/mbanisharifdehkordi/E2E/3d/results_decomp_mismatch/decomp_mismatch.nc4.locktest.3	/work	lustre
POSIX	3	15527469098711589319	POSIX_SIZE_WRITE_10K_100K	0	/work/hdd/bdau/mbanisharifdehkordi/E2E/3d/results_decomp_mismatch/decomp_mismatch.nc4.locktest.3	/work	lustre
POSIX	3	15527469098711589319	POSIX_SIZE_WRITE_100K_1M	0	/work/hdd/bdau/mbanisharifdehkordi/E2E/3d/results_decomp_mismatch/decomp_mismatch.nc4.locktest.3	/work	lustre
POSIX	3	15527469098711589319	POSIX_SIZE_WRITE_1M_4M	0	/work/hdd/bdau/mbanisharifdehkordi/E2E/3d/results_decomp_mismatch/decomp_mismatch.nc4.locktest.3	/work	lustre
POSIX	3	15527469098711589319	POSIX_SIZE_WRITE_4M_10M	0	/work/hdd/bdau/mbanisharifdehkordi/E2E/3d/results_decomp_mismatch/decomp_mismatch.nc4.locktest.3	/work	lustre
POSIX	3	15527469098711589319	POSIX_SIZE_WRITE_10M_100M	0	/work/hdd/bdau/mbanisharifdehkordi/E2E/3d/results_decomp_mismatch/decomp_mismatch.nc4.locktest.3	/work	lustre
POSIX	3	15527469098711589319	POSIX_SIZE_WRITE_100M_1G	0	/work/hdd/bdau/mbanisharifdehkordi/E2E/3d/results_decomp_mismatch/decomp_mismatch.nc4.locktest.3	/work	lustre
POSIX	3	15527469098711589319	POSIX_SIZE_WRITE_1G_PLUS	0	/work/hdd/bdau/mbanisharifdehkordi/E2E/3d/results_decomp_mismatch/decomp_mismatch.nc4.locktest.3	/work	lustre
POSIX	3	8796968004350111049	POSIX_WRITES	0	/work/hdd/bdau/mbanisharifdehkordi/E2E/3d/results_decomp_mismatch/decomp_mismatch.nc4	/work	lustre
POSIX	3	8796968004350111049	POSIX_FILE_NOT_ALIGNED	0	/work/hdd/bdau/mbanisharifdehkordi/E2E/3d/results_decomp_mismatch/decomp_mismatch.nc4	/work	lustre
POSIX	3	8796968004350111049	POSIX_SIZE_WRITE_0_100	0	/work/hdd/bdau/mbanisharifdehkordi/E2E/3d/results_decomp_mismatch/decomp_mismatch.nc4	/work	lustre
POSIX	3	8796968004350111049	POSIX_SIZE_WRITE_100_1K	0	/work/hdd/bdau/mbanisharifdehkordi/E2E/3d/results_decomp_mismatch/decomp_mismatch.nc4	/work	lustre
POSIX	3	8796968004350111049	POSIX_SIZE_WRITE_1K_10K	0	/work/hdd/bdau/mbanisharifdehkordi/E2E/3d/results_decomp_mismatch/decomp_mismatch.nc4	/work	lustre
POSIX	3	8796968004350111049	POSIX_SIZE_WRITE_10K_100K	0	/work/hdd/bdau/mbanisharifdehkordi/E2E/3d/results_decomp_mismatch/decomp_mismatch.nc4	/work	lustre
POSIX	3	8796968004350111049	POSIX_SIZE_WRITE_100K_1M	0	/work/hdd/bdau/mbanisharifdehkordi/E2E/3d/results_decomp_mismatch/decomp_mismatch.nc4	/work	lustre
POSIX	3	8796968004350111049	POSIX_SIZE_WRITE_1M_4M	0	/work/hdd/bdau/mbanisharifdehkordi/E2E/3d/results_decomp_mismatch/decomp_mismatch.nc4	/work	lustre
POSIX	3	8796968004350111049	POSIX_SIZE_WRITE_4M_10M	0	/work/hdd/bdau/mbanisharifdehkordi/E2E/3d/results_decomp_mismatch/decomp_mismatch.nc4	/work	lustre
POSIX	3	8796968004350111049	POSIX_SIZE_WRITE_10M_100M	0	/work/hdd/bdau/mbanisharifdehkordi/E2E/3d/results_decomp_mismatch/decomp_mismatch.nc4	/work	lustre
POSIX	3	8796968004350111049	POSIX_SIZE_WRITE_100M_1G	0	/work/hdd/bdau/mbanisharifdehkordi/E2E/3d/results_decomp_mismatch/decomp_mismatch.nc4	/work	lustre
POSIX	3	8796968004350111049	POSIX_SIZE_WRITE_1G_PLUS	0	/work/hdd/bdau/mbanisharifdehkordi/E2E/3d/results_decomp_mismatch/decomp_mismatch.nc4	/work	lustre
POSIX	3	6939792131935133011	POSIX_WRITES	0	/work/hdd/bdau/mbanisharifdehkordi/E2E/3d/results_decomp_mismatch/.	/work	lustre
POSIX	3	6939792131935133011	POSIX_FILE_NOT_ALIGNED	0	/work/hdd/bdau/mbanisharifdehkordi/E2E/3d/results_decomp_mismatch/.	/work	lustre
POSIX	3	6939792131935133011	POSIX_SIZE_WRITE_0_100	0	/work/hdd/bdau/mbanisharifdehkordi/E2E/3d/results_decomp_mismatch/.	/work	lustre
POSIX	3	6939792131935133011	POSIX_SIZE_WRITE_100_1K	0	/work/hdd/bdau/mbanisharifdehkordi/E2E/3d/results_decomp_mismatch/.	/work	lustre
POSIX	3	6939792131935133011	POSIX_SIZE_WRITE_1K_10K	0	/work/hdd/bdau/mbanisharifdehkordi/E2E/3d/results_decomp_mismatch/.	/work	lustre
POSIX	3	6939792131935133011	POSIX_SIZE_WRITE_10K_100K	0	/work/hdd/bdau/mbanisharifdehkordi/E2E/3d/results_decomp_mismatch/.	/work	lustre
POSIX	3	6939792131935133011	POSIX_SIZE_WRITE_100K_1M	0	/work/hdd/bdau/mbanisharifdehkordi/E2E/3d/results_decomp_mismatch/.	/work	lustre
POSIX	3	6939792131935133011	POSIX_SIZE_WRITE_1M_4M	0	/work/hdd/bdau/mbanisharifdehkordi/E2E/3d/results_decomp_mismatch/.	/work	lustre
POSIX	3	6939792131935133011	POSIX_SIZE_WRITE_4M_10M	0	/work/hdd/bdau/mbanisharifdehkordi/E2E/3d/results_decomp_mismatch/.	/work	lustre
POSIX	3	6939792131935133011	POSIX_SIZE_WRITE_10M_100M	0	/work/hdd/bdau/mbanisharifdehkordi/E2E/3d/results_decomp_mismatch/.	/work	lustre
POSIX	3	6939792131935133011	POSIX_SIZE_WRITE_100M_1G	0	/work/hdd/bdau/mbanisharifdehkordi/E2E/3d/results_decomp_mismatch/.	/work	lustre
POSIX	3	6939792131935133011	POSIX_SIZE_WRITE_1G_PLUS	0	/work/hdd/bdau/mbanisharifdehkordi/E2E/3d/results_decomp_mismatch/.	/work	lustre
POSIX	3	15634375788946986981	POSIX_WRITES	0	/work/hdd/bdau/mbanisharifdehkordi/E2E/3d/results_decomp_mismatch/decomp_mismatch.nc4-4005036033-2888081.loc	/work	lustre
POSIX	3	15634375788946986981	POSIX_FILE_NOT_ALIGNED	0	/work/hdd/bdau/mbanisharifdehkordi/E2E/3d/results_decomp_mismatch/decomp_mismatch.nc4-4005036033-2888081.loc	/work	lustre
POSIX	3	15634375788946986981	POSIX_SIZE_WRITE_0_100	0	/work/hdd/bdau/mbanisharifdehkordi/E2E/3d/results_decomp_mismatch/decomp_mismatch.nc4-4005036033-2888081.loc	/work	lustre
POSIX	3	15634375788946986981	POSIX_SIZE_WRITE_100_1K	0	/work/hdd/bdau/mbanisharifdehkordi/E2E/3d/results_decomp_mismatch/decomp_mismatch.nc4-4005036033-2888081.loc	/work	lustre
POSIX	3	15634375788946986981	POSIX_SIZE_WRITE_1K_10K	0	/work/hdd/bdau/mbanisharifdehkordi/E2E/3d/results_decomp_mismatch/decomp_mismatch.nc4-4005036033-2888081.loc	/work	lustre
POSIX	3	15634375788946986981	POSIX_SIZE_WRITE_10K_100K	0	/work/hdd/bdau/mbanisharifdehkordi/E2E/3d/results_decomp_mismatch/decomp_mismatch.nc4-4005036033-2888081.loc	/work	lustre
POSIX	3	15634375788946986981	POSIX_SIZE_WRITE_100K_1M	0	/work/hdd/bdau/mbanisharifdehkordi/E2E/3d/results_decomp_mismatch/decomp_mismatch.nc4-4005036033-2888081.loc	/work	lustre
POSIX	3	15634375788946986981	POSIX_SIZE_WRITE_1M_4M	0	/work/hdd/bdau/mbanisharifdehkordi/E2E/3d/results_decomp_mismatch/decomp_mismatch.nc4-4005036033-2888081.loc	/work	lustre
POSIX	3	15634375788946986981	POSIX_SIZE_WRITE_4M_10M	0	/work/hdd/bdau/mbanisharifdehkordi/E2E/3d/results_decomp_mismatch/decomp_mismatch.nc4-4005036033-2888081.loc	/work	lustre
POSIX	3	15634375788946986981	POSIX_SIZE_WRITE_10M_100M	0	/work/hdd/bdau/mbanisharifdehkordi/E2E/3d/results_decomp_mismatch/decomp_mismatch.nc4-4005036033-2888081.loc	/work	lustre
POSIX	3	15634375788946986981	POSIX_SIZE_WRITE_100M_1G	0	/work/hdd/bdau/mbanisharifdehkordi/E2E/3d/results_decomp_mismatch/decomp_mismatch.nc4-4005036033-2888081.loc	/work	lustre
POSIX	3	15634375788946986981	POSIX_SIZE_WRITE_1G_PLUS	0	/work/hdd/bdau/mbanisharifdehkordi/E2E/3d/results_decomp_mismatch/decomp_mismatch.nc4-4005036033-2888081.loc	/work	lustre
POSIX	4	2184538919924548688	POSIX_WRITES	0	/work/hdd/bdau/mbanisharifdehkordi/E2E/3d/results_decomp_mismatch/decomp_mismatch.nc4.locktest.4	/work	lustre
POSIX	4	2184538919924548688	POSIX_FILE_NOT_ALIGNED	0	/work/hdd/bdau/mbanisharifdehkordi/E2E/3d/results_decomp_mismatch/decomp_mismatch.nc4.locktest.4	/work	lustre
POSIX	4	2184538919924548688	POSIX_SIZE_WRITE_0_100	0	/work/hdd/bdau/mbanisharifdehkordi/E2E/3d/results_decomp_mismatch/decomp_mismatch.nc4.locktest.4	/work	lustre
POSIX	4	2184538919924548688	POSIX_SIZE_WRITE_100_1K	0	/work/hdd/bdau/mbanisharifdehkordi/E2E/3d/results_decomp_mismatch/decomp_mismatch.nc4.locktest.4	/work	lustre
POSIX	4	2184538919924548688	POSIX_SIZE_WRITE_1K_10K	0	/work/hdd/bdau/mbanisharifdehkordi/E2E/3d/results_decomp_mismatch/decomp_mismatch.nc4.locktest.4	/work	lustre
POSIX	4	2184538919924548688	POSIX_SIZE_WRITE_10K_100K	0	/work/hdd/bdau/mbanisharifdehkordi/E2E/3d/results_decomp_mismatch/decomp_mismatch.nc4.locktest.4	/work	lustre
POSIX	4	2184538919924548688	POSIX_SIZE_WRITE_100K_1M	0	/work/hdd/bdau/mbanisharifdehkordi/E2E/3d/results_decomp_mismatch/decomp_mismatch.nc4.locktest.4	/work	lustre
POSIX	4	2184538919924548688	POSIX_SIZE_WRITE_1M_4M	0	/work/hdd/bdau/mbanisharifdehkordi/E2E/3d/results_decomp_mismatch/decomp_mismatch.nc4.locktest.4	/work	lustre
POSIX	4	2184538919924548688	POSIX_SIZE_WRITE_4M_10M	0	/work/hdd/bdau/mbanisharifdehkordi/E2E/3d/results_decomp_mismatch/decomp_mismatch.nc4.locktest.4	/work	lustre
POSIX	4	2184538919924548688	POSIX_SIZE_WRITE_10M_100M	0	/work/hdd/bdau/mbanisharifdehkordi/E2E/3d/results_decomp_mismatch/decomp_mismatch.nc4.locktest.4	/work	lustre
POSIX	4	2184538919924548688	POSIX_SIZE_WRITE_100M_1G	0	/work/hdd/bdau/mbanisharifdehkordi/E2E/3d/results_decomp_mismatch/decomp_mismatch.nc4.locktest.4	/work	lustre
POSIX	4	2184538919924548688	POSIX_SIZE_WRITE_1G_PLUS	0	/work/hdd/bdau/mbanisharifdehkordi/E2E/3d/results_decomp_mismatch/decomp_mismatch.nc4.locktest.4	/work	lustre
POSIX	4	8796968004350111049	POSIX_WRITES	0	/work/hdd/bdau/mbanisharifdehkordi/E2E/3d/results_decomp_mismatch/decomp_mismatch.nc4	/work	lustre
POSIX	4	8796968004350111049	POSIX_FILE_NOT_ALIGNED	0	/work/hdd/bdau/mbanisharifdehkordi/E2E/3d/results_decomp_mismatch/decomp_mismatch.nc4	/work	lustre
POSIX	4	8796968004350111049	POSIX_SIZE_WRITE_0_100	0	/work/hdd/bdau/mbanisharifdehkordi/E2E/3d/results_decomp_mismatch/decomp_mismatch.nc4	/work	lustre
POSIX	4	8796968004350111049	POSIX_SIZE_WRITE_100_1K	0	/work/hdd/bdau/mbanisharifdehkordi/E2E/3d/results_decomp_mismatch/decomp_mismatch.nc4	/work	lustre
POSIX	4	8796968004350111049	POSIX_SIZE_WRITE_1K_10K	0	/work/hdd/bdau/mbanisharifdehkordi/E2E/3d/results_decomp_mismatch/decomp_mismatch.nc4	/work	lustre
POSIX	4	8796968004350111049	POSIX_SIZE_WRITE_10K_100K	0	/work/hdd/bdau/mbanisharifdehkordi/E2E/3d/results_decomp_mismatch/decomp_mismatch.nc4	/work	lustre
POSIX	4	8796968004350111049	POSIX_SIZE_WRITE_100K_1M	0	/work/hdd/bdau/mbanisharifdehkordi/E2E/3d/results_decomp_mismatch/decomp_mismatch.nc4	/work	lustre
POSIX	4	8796968004350111049	POSIX_SIZE_WRITE_1M_4M	0	/work/hdd/bdau/mbanisharifdehkordi/E2E/3d/results_decomp_mismatch/decomp_mismatch.nc4	/work	lustre
POSIX	4	8796968004350111049	POSIX_SIZE_WRITE_4M_10M	0	/work/hdd/bdau/mbanisharifdehkordi/E2E/3d/results_decomp_mismatch/decomp_mismatch.nc4	/work	lustre
POSIX	4	8796968004350111049	POSIX_SIZE_WRITE_10M_100M	0	/work/hdd/bdau/mbanisharifdehkordi/E2E/3d/results_decomp_mismatch/decomp_mismatch.nc4	/work	lustre
POSIX	4	8796968004350111049	POSIX_SIZE_WRITE_100M_1G	0	/work/hdd/bdau/mbanisharifdehkordi/E2E/3d/results_decomp_mismatch/decomp_mismatch.nc4	/work	lustre
POSIX	4	8796968004350111049	POSIX_SIZE_WRITE_1G_PLUS	0	/work/hdd/bdau/mbanisharifdehkordi/E2E/3d/results_decomp_mismatch/decomp_mismatch.nc4	/work	lustre
POSIX	4	6939792131935133011	POSIX_WRITES	0	/work/hdd/bdau/mbanisharifdehkordi/E2E/3d/results_decomp_mismatch/.	/work	lustre
POSIX	4	6939792131935133011	POSIX_FILE_NOT_ALIGNED	0	/work/hdd/bdau/mbanisharifdehkordi/E2E/3d/results_decomp_mismatch/.	/work	lustre
POSIX	4	6939792131935133011	POSIX_SIZE_WRITE_0_100	0	/work/hdd/bdau/mbanisharifdehkordi/E2E/3d/results_decomp_mismatch/.	/work	lustre
POSIX	4	6939792131935133011	POSIX_SIZE_WRITE_100_1K	0	/work/hdd/bdau/mbanisharifdehkordi/E2E/3d/results_decomp_mismatch/.	/work	lustre
POSIX	4	6939792131935133011	POSIX_SIZE_WRITE_1K_10K	0	/work/hdd/bdau/mbanisharifdehkordi/E2E/3d/results_decomp_mismatch/.	/work	lustre
POSIX	4	6939792131935133011	POSIX_SIZE_WRITE_10K_100K	0	/work/hdd/bdau/mbanisharifdehkordi/E2E/3d/results_decomp_mismatch/.	/work	lustre
POSIX	4	6939792131935133011	POSIX_SIZE_WRITE_100K_1M	0	/work/hdd/bdau/mbanisharifdehkordi/E2E/3d/results_decomp_mismatch/.	/work	lustre
POSIX	4	6939792131935133011	POSIX_SIZE_WRITE_1M_4M	0	/work/hdd/bdau/mbanisharifdehkordi/E2E/3d/results_decomp_mismatch/.	/work	lustre
POSIX	4	6939792131935133011	POSIX_SIZE_WRITE_4M_10M	0	/work/hdd/bdau/mbanisharifdehkordi/E2E/3d/results_decomp_mismatch/.	/work	lustre
POSIX	4	6939792131935133011	POSIX_SIZE_WRITE_10M_100M	0	/work/hdd/bdau/mbanisharifdehkordi/E2E/3d/results_decomp_mismatch/.	/work	lustre
POSIX	4	6939792131935133011	POSIX_SIZE_WRITE_100M_1G	0	/work/hdd/bdau/mbanisharifdehkordi/E2E/3d/results_decomp_mismatch/.	/work	lustre
POSIX	4	6939792131935133011	POSIX_SIZE_WRITE_1G_PLUS	0	/work/hdd/bdau/mbanisharifdehkordi/E2E/3d/results_decomp_mismatch/.	/work	lustre
POSIX	4	15634375788946986981	POSIX_WRITES	0	/work/hdd/bdau/mbanisharifdehkordi/E2E/3d/results_decomp_mismatch/decomp_mismatch.nc4-4005036033-2888081.loc	/work	lustre
POSIX	4	15634375788946986981	POSIX_FILE_NOT_ALIGNED	0	/work/hdd/bdau/mbanisharifdehkordi/E2E/3d/results_decomp_mismatch/decomp_mismatch.nc4-4005036033-2888081.loc	/work	lustre
POSIX	4	15634375788946986981	POSIX_SIZE_WRITE_0_100	0	/work/hdd/bdau/mbanisharifdehkordi/E2E/3d/results_decomp_mismatch/decomp_mismatch.nc4-4005036033-2888081.loc	/work	lustre
POSIX	4	15634375788946986981	POSIX_SIZE_WRITE_100_1K	0	/work/hdd/bdau/mbanisharifdehkordi/E2E/3d/results_decomp_mismatch/decomp_mismatch.nc4-4005036033-2888081.loc	/work	lustre
POSIX	4	15634375788946986981	POSIX_SIZE_WRITE_1K_10K	0	/work/hdd/bdau/mbanisharifdehkordi/E2E/3d/results_decomp_mismatch/decomp_mismatch.nc4-4005036033-2888081.loc	/work	lustre
POSIX	4	15634375788946986981	POSIX_SIZE_WRITE_10K_100K	0	/work/hdd/bdau/mbanisharifdehkordi/E2E/3d/results_decomp_mismatch/decomp_mismatch.nc4-4005036033-2888081.loc	/work	lustre
POSIX	4	15634375788946986981	POSIX_SIZE_WRITE_100K_1M	0	/work/hdd/bdau/mbanisharifdehkordi/E2E/3d/results_decomp_mismatch/decomp_mismatch.nc4-4005036033-2888081.loc	/work	lustre
POSIX	4	15634375788946986981	POSIX_SIZE_WRITE_1M_4M	0	/work/hdd/bdau/mbanisharifdehkordi/E2E/3d/results_decomp_mismatch/decomp_mismatch.nc4-4005036033-2888081.loc	/work	lustre
POSIX	4	15634375788946986981	POSIX_SIZE_WRITE_4M_10M	0	/work/hdd/bdau/mbanisharifdehkordi/E2E/3d/results_decomp_mismatch/decomp_mismatch.nc4-4005036033-2888081.loc	/work	lustre
POSIX	4	15634375788946986981	POSIX_SIZE_WRITE_10M_100M	0	/work/hdd/bdau/mbanisharifdehkordi/E2E/3d/results_decomp_mismatch/decomp_mismatch.nc4-4005036033-2888081.loc	/work	lustre
POSIX	4	15634375788946986981	POSIX_SIZE_WRITE_100M_1G	0	/work/hdd/bdau/mbanisharifdehkordi/E2E/3d/results_decomp_mismatch/decomp_mismatch.nc4-4005036033-2888081.loc	/work	lustre
POSIX	4	15634375788946986981	POSIX_SIZE_WRITE_1G_PLUS	0	/work/hdd/bdau/mbanisharifdehkordi/E2E/3d/results_decomp_mismatch/decomp_mismatch.nc4-4005036033-2888081.loc	/work	lustre
POSIX	5	3570427742271355517	POSIX_WRITES	0	/work/hdd/bdau/mbanisharifdehkordi/E2E/3d/results_decomp_mismatch/decomp_mismatch.nc4.locktest.5	/work	lustre
POSIX	5	3570427742271355517	POSIX_FILE_NOT_ALIGNED	0	/work/hdd/bdau/mbanisharifdehkordi/E2E/3d/results_decomp_mismatch/decomp_mismatch.nc4.locktest.5	/work	lustre
POSIX	5	3570427742271355517	POSIX_SIZE_WRITE_0_100	0	/work/hdd/bdau/mbanisharifdehkordi/E2E/3d/results_decomp_mismatch/decomp_mismatch.nc4.locktest.5	/work	lustre
POSIX	5	3570427742271355517	POSIX_SIZE_WRITE_100_1K	0	/work/hdd/bdau/mbanisharifdehkordi/E2E/3d/results_decomp_mismatch/decomp_mismatch.nc4.locktest.5	/work	lustre
POSIX	5	3570427742271355517	POSIX_SIZE_WRITE_1K_10K	0	/work/hdd/bdau/mbanisharifdehkordi/E2E/3d/results_decomp_mismatch/decomp_mismatch.nc4.locktest.5	/work	lustre
POSIX	5	3570427742271355517	POSIX_SIZE_WRITE_10K_100K	0	/work/hdd/bdau/mbanisharifdehkordi/E2E/3d/results_decomp_mismatch/decomp_mismatch.nc4.locktest.5	/work	lustre
POSIX	5	3570427742271355517	POSIX_SIZE_WRITE_100K_1M	0	/work/hdd/bdau/mbanisharifdehkordi/E2E/3d/results_decomp_mismatch/decomp_mismatch.nc4.locktest.5	/work	lustre
POSIX	5	3570427742271355517	POSIX_SIZE_WRITE_1M_4M	0	/work/hdd/bdau/mbanisharifdehkordi/E2E/3d/results_decomp_mismatch/decomp_mismatch.nc4.locktest.5	/work	lustre
POSIX	5	3570427742271355517	POSIX_SIZE_WRITE_4M_10M	0	/work/hdd/bdau/mbanisharifdehkordi/E2E/3d/results_decomp_mismatch/decomp_mismatch.nc4.locktest.5	/work	lustre
POSIX	5	3570427742271355517	POSIX_SIZE_WRITE_10M_100M	0	/work/hdd/bdau/mbanisharifdehkordi/E2E/3d/results_decomp_mismatch/decomp_mismatch.nc4.locktest.5	/work	lustre
POSIX	5	3570427742271355517	POSIX_SIZE_WRITE_100M_1G	0	/work/hdd/bdau/mbanisharifdehkordi/E2E/3d/results_decomp_mismatch/decomp_mismatch.nc4.locktest.5	/work	lustre
POSIX	5	3570427742271355517	POSIX_SIZE_WRITE_1G_PLUS	0	/work/hdd/bdau/mbanisharifdehkordi/E2E/3d/results_decomp_mismatch/decomp_mismatch.nc4.locktest.5	/work	lustre
POSIX	5	8796968004350111049	POSIX_WRITES	0	/work/hdd/bdau/mbanisharifdehkordi/E2E/3d/results_decomp_mismatch/decomp_mismatch.nc4	/work	lustre
POSIX	5	8796968004350111049	POSIX_FILE_NOT_ALIGNED	0	/work/hdd/bdau/mbanisharifdehkordi/E2E/3d/results_decomp_mismatch/decomp_mismatch.nc4	/work	lustre
POSIX	5	8796968004350111049	POSIX_SIZE_WRITE_0_100	0	/work/hdd/bdau/mbanisharifdehkordi/E2E/3d/results_decomp_mismatch/decomp_mismatch.nc4	/work	lustre
POSIX	5	8796968004350111049	POSIX_SIZE_WRITE_100_1K	0	/work/hdd/bdau/mbanisharifdehkordi/E2E/3d/results_decomp_mismatch/decomp_mismatch.nc4	/work	lustre
POSIX	5	8796968004350111049	POSIX_SIZE_WRITE_1K_10K	0	/work/hdd/bdau/mbanisharifdehkordi/E2E/3d/results_decomp_mismatch/decomp_mismatch.nc4	/work	lustre
POSIX	5	8796968004350111049	POSIX_SIZE_WRITE_10K_100K	0	/work/hdd/bdau/mbanisharifdehkordi/E2E/3d/results_decomp_mismatch/decomp_mismatch.nc4	/work	lustre
POSIX	5	8796968004350111049	POSIX_SIZE_WRITE_100K_1M	0	/work/hdd/bdau/mbanisharifdehkordi/E2E/3d/results_decomp_mismatch/decomp_mismatch.nc4	/work	lustre
POSIX	5	8796968004350111049	POSIX_SIZE_WRITE_1M_4M	0	/work/hdd/bdau/mbanisharifdehkordi/E2E/3d/results_decomp_mismatch/decomp_mismatch.nc4	/work	lustre
POSIX	5	8796968004350111049	POSIX_SIZE_WRITE_4M_10M	0	/work/hdd/bdau/mbanisharifdehkordi/E2E/3d/results_decomp_mismatch/decomp_mismatch.nc4	/work	lustre
POSIX	5	8796968004350111049	POSIX_SIZE_WRITE_10M_100M	0	/work/hdd/bdau/mbanisharifdehkordi/E2E/3d/results_decomp_mismatch/decomp_mismatch.nc4	/work	lustre
POSIX	5	8796968004350111049	POSIX_SIZE_WRITE_100M_1G	0	/work/hdd/bdau/mbanisharifdehkordi/E2E/3d/results_decomp_mismatch/decomp_mismatch.nc4	/work	lustre
POSIX	5	8796968004350111049	POSIX_SIZE_WRITE_1G_PLUS	0	/work/hdd/bdau/mbanisharifdehkordi/E2E/3d/results_decomp_mismatch/decomp_mismatch.nc4	/work	lustre
POSIX	5	6939792131935133011	POSIX_WRITES	0	/work/hdd/bdau/mbanisharifdehkordi/E2E/3d/results_decomp_mismatch/.	/work	lustre
POSIX	5	6939792131935133011	POSIX_FILE_NOT_ALIGNED	0	/work/hdd/bdau/mbanisharifdehkordi/E2E/3d/results_decomp_mismatch/.	/work	lustre
POSIX	5	6939792131935133011	POSIX_SIZE_WRITE_0_100	0	/work/hdd/bdau/mbanisharifdehkordi/E2E/3d/results_decomp_mismatch/.	/work	lustre
POSIX	5	6939792131935133011	POSIX_SIZE_WRITE_100_1K	0	/work/hdd/bdau/mbanisharifdehkordi/E2E/3d/results_decomp_mismatch/.	/work	lustre
POSIX	5	6939792131935133011	POSIX_SIZE_WRITE_1K_10K	0	/work/hdd/bdau/mbanisharifdehkordi/E2E/3d/results_decomp_mismatch/.	/work	lustre
POSIX	5	6939792131935133011	POSIX_SIZE_WRITE_10K_100K	0	/work/hdd/bdau/mbanisharifdehkordi/E2E/3d/results_decomp_mismatch/.	/work	lustre
POSIX	5	6939792131935133011	POSIX_SIZE_WRITE_100K_1M	0	/work/hdd/bdau/mbanisharifdehkordi/E2E/3d/results_decomp_mismatch/.	/work	lustre
POSIX	5	6939792131935133011	POSIX_SIZE_WRITE_1M_4M	0	/work/hdd/bdau/mbanisharifdehkordi/E2E/3d/results_decomp_mismatch/.	/work	lustre
POSIX	5	6939792131935133011	POSIX_SIZE_WRITE_4M_10M	0	/work/hdd/bdau/mbanisharifdehkordi/E2E/3d/results_decomp_mismatch/.	/work	lustre
POSIX	5	6939792131935133011	POSIX_SIZE_WRITE_10M_100M	0	/work/hdd/bdau/mbanisharifdehkordi/E2E/3d/results_decomp_mismatch/.	/work	lustre
POSIX	5	6939792131935133011	POSIX_SIZE_WRITE_100M_1G	0	/work/hdd/bdau/mbanisharifdehkordi/E2E/3d/results_decomp_mismatch/.	/work	lustre
POSIX	5	6939792131935133011	POSIX_SIZE_WRITE_1G_PLUS	0	/work/hdd/bdau/mbanisharifdehkordi/E2E/3d/results_decomp_mismatch/.	/work	lustre
POSIX	5	15634375788946986981	POSIX_WRITES	0	/work/hdd/bdau/mbanisharifdehkordi/E2E/3d/results_decomp_mismatch/decomp_mismatch.nc4-4005036033-2888081.loc	/work	lustre
POSIX	5	15634375788946986981	POSIX_FILE_NOT_ALIGNED	0	/work/hdd/bdau/mbanisharifdehkordi/E2E/3d/results_decomp_mismatch/decomp_mismatch.nc4-4005036033-2888081.loc	/work	lustre
POSIX	5	15634375788946986981	POSIX_SIZE_WRITE_0_100	0	/work/hdd/bdau/mbanisharifdehkordi/E2E/3d/results_decomp_mismatch/decomp_mismatch.nc4-4005036033-2888081.loc	/work	lustre
POSIX	5	15634375788946986981	POSIX_SIZE_WRITE_100_1K	0	/work/hdd/bdau/mbanisharifdehkordi/E2E/3d/results_decomp_mismatch/decomp_mismatch.nc4-4005036033-2888081.loc	/work	lustre
POSIX	5	15634375788946986981	POSIX_SIZE_WRITE_1K_10K	0	/work/hdd/bdau/mbanisharifdehkordi/E2E/3d/results_decomp_mismatch/decomp_mismatch.nc4-4005036033-2888081.loc	/work	lustre
POSIX	5	15634375788946986981	POSIX_SIZE_WRITE_10K_100K	0	/work/hdd/bdau/mbanisharifdehkordi/E2E/3d/results_decomp_mismatch/decomp_mismatch.nc4-4005036033-2888081.loc	/work	lustre
POSIX	5	15634375788946986981	POSIX_SIZE_WRITE_100K_1M	0	/work/hdd/bdau/mbanisharifdehkordi/E2E/3d/results_decomp_mismatch/decomp_mismatch.nc4-4005036033-2888081.loc	/work	lustre
POSIX	5	15634375788946986981	POSIX_SIZE_WRITE_1M_4M	0	/work/hdd/bdau/mbanisharifdehkordi/E2E/3d/results_decomp_mismatch/decomp_mismatch.nc4-4005036033-2888081.loc	/work	lustre
POSIX	5	15634375788946986981	POSIX_SIZE_WRITE_4M_10M	0	/work/hdd/bdau/mbanisharifdehkordi/E2E/3d/results_decomp_mismatch/decomp_mismatch.nc4-4005036033-2888081.loc	/work	lustre
POSIX	5	15634375788946986981	POSIX_SIZE_WRITE_10M_100M	0	/work/hdd/bdau/mbanisharifdehkordi/E2E/3d/results_decomp_mismatch/decomp_mismatch.nc4-4005036033-2888081.loc	/work	lustre
POSIX	5	15634375788946986981	POSIX_SIZE_WRITE_100M_1G	0	/work/hdd/bdau/mbanisharifdehkordi/E2E/3d/results_decomp_mismatch/decomp_mismatch.nc4-4005036033-2888081.loc	/work	lustre
POSIX	5	15634375788946986981	POSIX_SIZE_WRITE_1G_PLUS	0	/work/hdd/bdau/mbanisharifdehkordi/E2E/3d/results_decomp_mismatch/decomp_mismatch.nc4-4005036033-2888081.loc	/work	lustre
POSIX	6	14521870327225194243	POSIX_WRITES	0	/work/hdd/bdau/mbanisharifdehkordi/E2E/3d/results_decomp_mismatch/decomp_mismatch.nc4.locktest.6	/work	lustre
POSIX	6	14521870327225194243	POSIX_FILE_NOT_ALIGNED	0	/work/hdd/bdau/mbanisharifdehkordi/E2E/3d/results_decomp_mismatch/decomp_mismatch.nc4.locktest.6	/work	lustre
POSIX	6	14521870327225194243	POSIX_SIZE_WRITE_0_100	0	/work/hdd/bdau/mbanisharifdehkordi/E2E/3d/results_decomp_mismatch/decomp_mismatch.nc4.locktest.6	/work	lustre
POSIX	6	14521870327225194243	POSIX_SIZE_WRITE_100_1K	0	/work/hdd/bdau/mbanisharifdehkordi/E2E/3d/results_decomp_mismatch/decomp_mismatch.nc4.locktest.6	/work	lustre
POSIX	6	14521870327225194243	POSIX_SIZE_WRITE_1K_10K	0	/work/hdd/bdau/mbanisharifdehkordi/E2E/3d/results_decomp_mismatch/decomp_mismatch.nc4.locktest.6	/work	lustre
POSIX	6	14521870327225194243	POSIX_SIZE_WRITE_10K_100K	0	/work/hdd/bdau/mbanisharifdehkordi/E2E/3d/results_decomp_mismatch/decomp_mismatch.nc4.locktest.6	/work	lustre
POSIX	6	14521870327225194243	POSIX_SIZE_WRITE_100K_1M	0	/work/hdd/bdau/mbanisharifdehkordi/E2E/3d/results_decomp_mismatch/decomp_mismatch.nc4.locktest.6	/work	lustre
POSIX	6	14521870327225194243	POSIX_SIZE_WRITE_1M_4M	0	/work/hdd/bdau/mbanisharifdehkordi/E2E/3d/results_decomp_mismatch/decomp_mismatch.nc4.locktest.6	/work	lustre
POSIX	6	14521870327225194243	POSIX_SIZE_WRITE_4M_10M	0	/work/hdd/bdau/mbanisharifdehkordi/E2E/3d/results_decomp_mismatch/decomp_mismatch.nc4.locktest.6	/work	lustre
POSIX	6	14521870327225194243	POSIX_SIZE_WRITE_10M_100M	0	/work/hdd/bdau/mbanisharifdehkordi/E2E/3d/results_decomp_mismatch/decomp_mismatch.nc4.locktest.6	/work	lustre
POSIX	6	14521870327225194243	POSIX_SIZE_WRITE_100M_1G	0	/work/hdd/bdau/mbanisharifdehkordi/E2E/3d/results_decomp_mismatch/decomp_mismatch.nc4.locktest.6	/work	lustre
POSIX	6	14521870327225194243	POSIX_SIZE_WRITE_1G_PLUS	0	/work/hdd/bdau/mbanisharifdehkordi/E2E/3d/results_decomp_mismatch/decomp_mismatch.nc4.locktest.6	/work	lustre
POSIX	6	8796968004350111049	POSIX_WRITES	0	/work/hdd/bdau/mbanisharifdehkordi/E2E/3d/results_decomp_mismatch/decomp_mismatch.nc4	/work	lustre
POSIX	6	8796968004350111049	POSIX_FILE_NOT_ALIGNED	0	/work/hdd/bdau/mbanisharifdehkordi/E2E/3d/results_decomp_mismatch/decomp_mismatch.nc4	/work	lustre
POSIX	6	8796968004350111049	POSIX_SIZE_WRITE_0_100	0	/work/hdd/bdau/mbanisharifdehkordi/E2E/3d/results_decomp_mismatch/decomp_mismatch.nc4	/work	lustre
POSIX	6	8796968004350111049	POSIX_SIZE_WRITE_100_1K	0	/work/hdd/bdau/mbanisharifdehkordi/E2E/3d/results_decomp_mismatch/decomp_mismatch.nc4	/work	lustre
POSIX	6	8796968004350111049	POSIX_SIZE_WRITE_1K_10K	0	/work/hdd/bdau/mbanisharifdehkordi/E2E/3d/results_decomp_mismatch/decomp_mismatch.nc4	/work	lustre
POSIX	6	8796968004350111049	POSIX_SIZE_WRITE_10K_100K	0	/work/hdd/bdau/mbanisharifdehkordi/E2E/3d/results_decomp_mismatch/decomp_mismatch.nc4	/work	lustre
POSIX	6	8796968004350111049	POSIX_SIZE_WRITE_100K_1M	0	/work/hdd/bdau/mbanisharifdehkordi/E2E/3d/results_decomp_mismatch/decomp_mismatch.nc4	/work	lustre
POSIX	6	8796968004350111049	POSIX_SIZE_WRITE_1M_4M	0	/work/hdd/bdau/mbanisharifdehkordi/E2E/3d/results_decomp_mismatch/decomp_mismatch.nc4	/work	lustre
POSIX	6	8796968004350111049	POSIX_SIZE_WRITE_4M_10M	0	/work/hdd/bdau/mbanisharifdehkordi/E2E/3d/results_decomp_mismatch/decomp_mismatch.nc4	/work	lustre
POSIX	6	8796968004350111049	POSIX_SIZE_WRITE_10M_100M	0	/work/hdd/bdau/mbanisharifdehkordi/E2E/3d/results_decomp_mismatch/decomp_mismatch.nc4	/work	lustre
POSIX	6	8796968004350111049	POSIX_SIZE_WRITE_100M_1G	0	/work/hdd/bdau/mbanisharifdehkordi/E2E/3d/results_decomp_mismatch/decomp_mismatch.nc4	/work	lustre
POSIX	6	8796968004350111049	POSIX_SIZE_WRITE_1G_PLUS	0	/work/hdd/bdau/mbanisharifdehkordi/E2E/3d/results_decomp_mismatch/decomp_mismatch.nc4	/work	lustre
POSIX	6	6939792131935133011	POSIX_WRITES	0	/work/hdd/bdau/mbanisharifdehkordi/E2E/3d/results_decomp_mismatch/.	/work	lustre
POSIX	6	6939792131935133011	POSIX_FILE_NOT_ALIGNED	0	/work/hdd/bdau/mbanisharifdehkordi/E2E/3d/results_decomp_mismatch/.	/work	lustre
POSIX	6	6939792131935133011	POSIX_SIZE_WRITE_0_100	0	/work/hdd/bdau/mbanisharifdehkordi/E2E/3d/results_decomp_mismatch/.	/work	lustre
POSIX	6	6939792131935133011	POSIX_SIZE_WRITE_100_1K	0	/work/hdd/bdau/mbanisharifdehkordi/E2E/3d/results_decomp_mismatch/.	/work	lustre
POSIX	6	6939792131935133011	POSIX_SIZE_WRITE_1K_10K	0	/work/hdd/bdau/mbanisharifdehkordi/E2E/3d/results_decomp_mismatch/.	/work	lustre
POSIX	6	6939792131935133011	POSIX_SIZE_WRITE_10K_100K	0	/work/hdd/bdau/mbanisharifdehkordi/E2E/3d/results_decomp_mismatch/.	/work	lustre
POSIX	6	6939792131935133011	POSIX_SIZE_WRITE_100K_1M	0	/work/hdd/bdau/mbanisharifdehkordi/E2E/3d/results_decomp_mismatch/.	/work	lustre
POSIX	6	6939792131935133011	POSIX_SIZE_WRITE_1M_4M	0	/work/hdd/bdau/mbanisharifdehkordi/E2E/3d/results_decomp_mismatch/.	/work	lustre
POSIX	6	6939792131935133011	POSIX_SIZE_WRITE_4M_10M	0	/work/hdd/bdau/mbanisharifdehkordi/E2E/3d/results_decomp_mismatch/.	/work	lustre
POSIX	6	6939792131935133011	POSIX_SIZE_WRITE_10M_100M	0	/work/hdd/bdau/mbanisharifdehkordi/E2E/3d/results_decomp_mismatch/.	/work	lustre
POSIX	6	6939792131935133011	POSIX_SIZE_WRITE_100M_1G	0	/work/hdd/bdau/mbanisharifdehkordi/E2E/3d/results_decomp_mismatch/.	/work	lustre
POSIX	6	6939792131935133011	POSIX_SIZE_WRITE_1G_PLUS	0	/work/hdd/bdau/mbanisharifdehkordi/E2E/3d/results_decomp_mismatch/.	/work	lustre
POSIX	6	15634375788946986981	POSIX_WRITES	0	/work/hdd/bdau/mbanisharifdehkordi/E2E/3d/results_decomp_mismatch/decomp_mismatch.nc4-4005036033-2888081.loc	/work	lustre
POSIX	6	15634375788946986981	POSIX_FILE_NOT_ALIGNED	0	/work/hdd/bdau/mbanisharifdehkordi/E2E/3d/results_decomp_mismatch/decomp_mismatch.nc4-4005036033-2888081.loc	/work	lustre
POSIX	6	15634375788946986981	POSIX_SIZE_WRITE_0_100	0	/work/hdd/bdau/mbanisharifdehkordi/E2E/3d/results_decomp_mismatch/decomp_mismatch.nc4-4005036033-2888081.loc	/work	lustre
POSIX	6	15634375788946986981	POSIX_SIZE_WRITE_100_1K	0	/work/hdd/bdau/mbanisharifdehkordi/E2E/3d/results_decomp_mismatch/decomp_mismatch.nc4-4005036033-2888081.loc	/work	lustre
POSIX	6	15634375788946986981	POSIX_SIZE_WRITE_1K_10K	0	/work/hdd/bdau/mbanisharifdehkordi/E2E/3d/results_decomp_mismatch/decomp_mismatch.nc4-4005036033-2888081.loc	/work	lustre
POSIX	6	15634375788946986981	POSIX_SIZE_WRITE_10K_100K	0	/work/hdd/bdau/mbanisharifdehkordi/E2E/3d/results_decomp_mismatch/decomp_mismatch.nc4-4005036033-2888081.loc	/work	lustre
POSIX	6	15634375788946986981	POSIX_SIZE_WRITE_100K_1M	0	/work/hdd/bdau/mbanisharifdehkordi/E2E/3d/results_decomp_mismatch/decomp_mismatch.nc4-4005036033-2888081.loc	/work	lustre
POSIX	6	15634375788946986981	POSIX_SIZE_WRITE_1M_4M	0	/work/hdd/bdau/mbanisharifdehkordi/E2E/3d/results_decomp_mismatch/decomp_mismatch.nc4-4005036033-2888081.loc	/work	lustre
POSIX	6	15634375788946986981	POSIX_SIZE_WRITE_4M_10M	0	/work/hdd/bdau/mbanisharifdehkordi/E2E/3d/results_decomp_mismatch/decomp_mismatch.nc4-4005036033-2888081.loc	/work	lustre
POSIX	6	15634375788946986981	POSIX_SIZE_WRITE_10M_100M	0	/work/hdd/bdau/mbanisharifdehkordi/E2E/3d/results_decomp_mismatch/decomp_mismatch.nc4-4005036033-2888081.loc	/work	lustre
POSIX	6	15634375788946986981	POSIX_SIZE_WRITE_100M_1G	0	/work/hdd/bdau/mbanisharifdehkordi/E2E/3d/results_decomp_mismatch/decomp_mismatch.nc4-4005036033-2888081.loc	/work	lustre
POSIX	6	15634375788946986981	POSIX_SIZE_WRITE_1G_PLUS	0	/work/hdd/bdau/mbanisharifdehkordi/E2E/3d/results_decomp_mismatch/decomp_mismatch.nc4-4005036033-2888081.loc	/work	lustre
POSIX	7	4874939295064512267	POSIX_WRITES	0	/work/hdd/bdau/mbanisharifdehkordi/E2E/3d/results_decomp_mismatch/decomp_mismatch.nc4.locktest.7	/work	lustre
POSIX	7	4874939295064512267	POSIX_FILE_NOT_ALIGNED	0	/work/hdd/bdau/mbanisharifdehkordi/E2E/3d/results_decomp_mismatch/decomp_mismatch.nc4.locktest.7	/work	lustre
POSIX	7	4874939295064512267	POSIX_SIZE_WRITE_0_100	0	/work/hdd/bdau/mbanisharifdehkordi/E2E/3d/results_decomp_mismatch/decomp_mismatch.nc4.locktest.7	/work	lustre
POSIX	7	4874939295064512267	POSIX_SIZE_WRITE_100_1K	0	/work/hdd/bdau/mbanisharifdehkordi/E2E/3d/results_decomp_mismatch/decomp_mismatch.nc4.locktest.7	/work	lustre
POSIX	7	4874939295064512267	POSIX_SIZE_WRITE_1K_10K	0	/work/hdd/bdau/mbanisharifdehkordi/E2E/3d/results_decomp_mismatch/decomp_mismatch.nc4.locktest.7	/work	lustre
POSIX	7	4874939295064512267	POSIX_SIZE_WRITE_10K_100K	0	/work/hdd/bdau/mbanisharifdehkordi/E2E/3d/results_decomp_mismatch/decomp_mismatch.nc4.locktest.7	/work	lustre
POSIX	7	4874939295064512267	POSIX_SIZE_WRITE_100K_1M	0	/work/hdd/bdau/mbanisharifdehkordi/E2E/3d/results_decomp_mismatch/decomp_mismatch.nc4.locktest.7	/work	lustre
POSIX	7	4874939295064512267	POSIX_SIZE_WRITE_1M_4M	0	/work/hdd/bdau/mbanisharifdehkordi/E2E/3d/results_decomp_mismatch/decomp_mismatch.nc4.locktest.7	/work	lustre
POSIX	7	4874939295064512267	POSIX_SIZE_WRITE_4M_10M	0	/work/hdd/bdau/mbanisharifdehkordi/E2E/3d/results_decomp_mismatch/decomp_mismatch.nc4.locktest.7	/work	lustre
POSIX	7	4874939295064512267	POSIX_SIZE_WRITE_10M_100M	0	/work/hdd/bdau/mbanisharifdehkordi/E2E/3d/results_decomp_mismatch/decomp_mismatch.nc4.locktest.7	/work	lustre
POSIX	7	4874939295064512267	POSIX_SIZE_WRITE_100M_1G	0	/work/hdd/bdau/mbanisharifdehkordi/E2E/3d/results_decomp_mismatch/decomp_mismatch.nc4.locktest.7	/work	lustre
POSIX	7	4874939295064512267	POSIX_SIZE_WRITE_1G_PLUS	0	/work/hdd/bdau/mbanisharifdehkordi/E2E/3d/results_decomp_mismatch/decomp_mismatch.nc4.locktest.7	/work	lustre
POSIX	7	8796968004350111049	POSIX_WRITES	0	/work/hdd/bdau/mbanisharifdehkordi/E2E/3d/results_decomp_mismatch/decomp_mismatch.nc4	/work	lustre
POSIX	7	8796968004350111049	POSIX_FILE_NOT_ALIGNED	0	/work/hdd/bdau/mbanisharifdehkordi/E2E/3d/results_decomp_mismatch/decomp_mismatch.nc4	/work	lustre
POSIX	7	8796968004350111049	POSIX_SIZE_WRITE_0_100	0	/work/hdd/bdau/mbanisharifdehkordi/E2E/3d/results_decomp_mismatch/decomp_mismatch.nc4	/work	lustre
POSIX	7	8796968004350111049	POSIX_SIZE_WRITE_100_1K	0	/work/hdd/bdau/mbanisharifdehkordi/E2E/3d/results_decomp_mismatch/decomp_mismatch.nc4	/work	lustre
POSIX	7	8796968004350111049	POSIX_SIZE_WRITE_1K_10K	0	/work/hdd/bdau/mbanisharifdehkordi/E2E/3d/results_decomp_mismatch/decomp_mismatch.nc4	/work	lustre
POSIX	7	8796968004350111049	POSIX_SIZE_WRITE_10K_100K	0	/work/hdd/bdau/mbanisharifdehkordi/E2E/3d/results_decomp_mismatch/decomp_mismatch.nc4	/work	lustre
POSIX	7	8796968004350111049	POSIX_SIZE_WRITE_100K_1M	0	/work/hdd/bdau/mbanisharifdehkordi/E2E/3d/results_decomp_mismatch/decomp_mismatch.nc4	/work	lustre
POSIX	7	8796968004350111049	POSIX_SIZE_WRITE_1M_4M	0	/work/hdd/bdau/mbanisharifdehkordi/E2E/3d/results_decomp_mismatch/decomp_mismatch.nc4	/work	lustre
POSIX	7	8796968004350111049	POSIX_SIZE_WRITE_4M_10M	0	/work/hdd/bdau/mbanisharifdehkordi/E2E/3d/results_decomp_mismatch/decomp_mismatch.nc4	/work	lustre
POSIX	7	8796968004350111049	POSIX_SIZE_WRITE_10M_100M	0	/work/hdd/bdau/mbanisharifdehkordi/E2E/3d/results_decomp_mismatch/decomp_mismatch.nc4	/work	lustre
POSIX	7	8796968004350111049	POSIX_SIZE_WRITE_100M_1G	0	/work/hdd/bdau/mbanisharifdehkordi/E2E/3d/results_decomp_mismatch/decomp_mismatch.nc4	/work	lustre
POSIX	7	8796968004350111049	POSIX_SIZE_WRITE_1G_PLUS	0	/work/hdd/bdau/mbanisharifdehkordi/E2E/3d/results_decomp_mismatch/decomp_mismatch.nc4	/work	lustre
POSIX	7	6939792131935133011	POSIX_WRITES	0	/work/hdd/bdau/mbanisharifdehkordi/E2E/3d/results_decomp_mismatch/.	/work	lustre
POSIX	7	6939792131935133011	POSIX_FILE_NOT_ALIGNED	0	/work/hdd/bdau/mbanisharifdehkordi/E2E/3d/results_decomp_mismatch/.	/work	lustre
POSIX	7	6939792131935133011	POSIX_SIZE_WRITE_0_100	0	/work/hdd/bdau/mbanisharifdehkordi/E2E/3d/results_decomp_mismatch/.	/work	lustre
POSIX	7	6939792131935133011	POSIX_SIZE_WRITE_100_1K	0	/work/hdd/bdau/mbanisharifdehkordi/E2E/3d/results_decomp_mismatch/.	/work	lustre
POSIX	7	6939792131935133011	POSIX_SIZE_WRITE_1K_10K	0	/work/hdd/bdau/mbanisharifdehkordi/E2E/3d/results_decomp_mismatch/.	/work	lustre
POSIX	7	6939792131935133011	POSIX_SIZE_WRITE_10K_100K	0	/work/hdd/bdau/mbanisharifdehkordi/E2E/3d/results_decomp_mismatch/.	/work	lustre
POSIX	7	6939792131935133011	POSIX_SIZE_WRITE_100K_1M	0	/work/hdd/bdau/mbanisharifdehkordi/E2E/3d/results_decomp_mismatch/.	/work	lustre
POSIX	7	6939792131935133011	POSIX_SIZE_WRITE_1M_4M	0	/work/hdd/bdau/mbanisharifdehkordi/E2E/3d/results_decomp_mismatch/.	/work	lustre
POSIX	7	6939792131935133011	POSIX_SIZE_WRITE_4M_10M	0	/work/hdd/bdau/mbanisharifdehkordi/E2E/3d/results_decomp_mismatch/.	/work	lustre
POSIX	7	6939792131935133011	POSIX_SIZE_WRITE_10M_100M	0	/work/hdd/bdau/mbanisharifdehkordi/E2E/3d/results_decomp_mismatch/.	/work	lustre
POSIX	7	6939792131935133011	POSIX_SIZE_WRITE_100M_1G	0	/work/hdd/bdau/mbanisharifdehkordi/E2E/3d/results_decomp_mismatch/.	/work	lustre
POSIX	7	6939792131935133011	POSIX_SIZE_WRITE_1G_PLUS	0	/work/hdd/bdau/mbanisharifdehkordi/E2E/3d/results_decomp_mismatch/.	/work	lustre
POSIX	7	15634375788946986981	POSIX_WRITES	0	/work/hdd/bdau/mbanisharifdehkordi/E2E/3d/results_decomp_mismatch/decomp_mismatch.nc4-4005036033-2888081.loc	/work	lustre
POSIX	7	15634375788946986981	POSIX_FILE_NOT_ALIGNED	0	/work/hdd/bdau/mbanisharifdehkordi/E2E/3d/results_decomp_mismatch/decomp_mismatch.nc4-4005036033-2888081.loc	/work	lustre
POSIX	7	15634375788946986981	POSIX_SIZE_WRITE_0_100	0	/work/hdd/bdau/mbanisharifdehkordi/E2E/3d/results_decomp_mismatch/decomp_mismatch.nc4-4005036033-2888081.loc	/work	lustre
POSIX	7	15634375788946986981	POSIX_SIZE_WRITE_100_1K	0	/work/hdd/bdau/mbanisharifdehkordi/E2E/3d/results_decomp_mismatch/decomp_mismatch.nc4-4005036033-2888081.loc	/work	lustre
POSIX	7	15634375788946986981	POSIX_SIZE_WRITE_1K_10K	0	/work/hdd/bdau/mbanisharifdehkordi/E2E/3d/results_decomp_mismatch/decomp_mismatch.nc4-4005036033-2888081.loc	/work	lustre
POSIX	7	15634375788946986981	POSIX_SIZE_WRITE_10K_100K	0	/work/hdd/bdau/mbanisharifdehkordi/E2E/3d/results_decomp_mismatch/decomp_mismatch.nc4-4005036033-2888081.loc	/work	lustre
POSIX	7	15634375788946986981	POSIX_SIZE_WRITE_100K_1M	0	/work/hdd/bdau/mbanisharifdehkordi/E2E/3d/results_decomp_mismatch/decomp_mismatch.nc4-4005036033-2888081.loc	/work	lustre
POSIX	7	15634375788946986981	POSIX_SIZE_WRITE_1M_4M	0	/work/hdd/bdau/mbanisharifdehkordi/E2E/3d/results_decomp_mismatch/decomp_mismatch.nc4-4005036033-2888081.loc	/work	lustre
POSIX	7	15634375788946986981	POSIX_SIZE_WRITE_4M_10M	0	/work/hdd/bdau/mbanisharifdehkordi/E2E/3d/results_decomp_mismatch/decomp_mismatch.nc4-4005036033-2888081.loc	/work	lustre
POSIX	7	15634375788946986981	POSIX_SIZE_WRITE_10M_100M	0	/work/hdd/bdau/mbanisharifdehkordi/E2E/3d/results_decomp_mismatch/decomp_mismatch.nc4-4005036033-2888081.loc	/work	lustre
POSIX	7	15634375788946986981	POSIX_SIZE_WRITE_100M_1G	0	/work/hdd/bdau/mbanisharifdehkordi/E2E/3d/results_decomp_mismatch/decomp_mismatch.nc4-4005036033-2888081.loc	/work	lustre
POSIX	7	15634375788946986981	POSIX_SIZE_WRITE_1G_PLUS	0	/work/hdd/bdau/mbanisharifdehkordi/E2E/3d/results_decomp_mismatch/decomp_mismatch.nc4-4005036033-2888081.loc	/work	lustre
POSIX	8	10220354127760899354	POSIX_WRITES	0	/work/hdd/bdau/mbanisharifdehkordi/E2E/3d/results_decomp_mismatch/decomp_mismatch.nc4.locktest.8	/work	lustre
POSIX	8	10220354127760899354	POSIX_FILE_NOT_ALIGNED	0	/work/hdd/bdau/mbanisharifdehkordi/E2E/3d/results_decomp_mismatch/decomp_mismatch.nc4.locktest.8	/work	lustre
POSIX	8	10220354127760899354	POSIX_SIZE_WRITE_0_100	0	/work/hdd/bdau/mbanisharifdehkordi/E2E/3d/results_decomp_mismatch/decomp_mismatch.nc4.locktest.8	/work	lustre
POSIX	8	10220354127760899354	POSIX_SIZE_WRITE_100_1K	0	/work/hdd/bdau/mbanisharifdehkordi/E2E/3d/results_decomp_mismatch/decomp_mismatch.nc4.locktest.8	/work	lustre
POSIX	8	10220354127760899354	POSIX_SIZE_WRITE_1K_10K	0	/work/hdd/bdau/mbanisharifdehkordi/E2E/3d/results_decomp_mismatch/decomp_mismatch.nc4.locktest.8	/work	lustre
POSIX	8	10220354127760899354	POSIX_SIZE_WRITE_10K_100K	0	/work/hdd/bdau/mbanisharifdehkordi/E2E/3d/results_decomp_mismatch/decomp_mismatch.nc4.locktest.8	/work	lustre
POSIX	8	10220354127760899354	POSIX_SIZE_WRITE_100K_1M	0	/work/hdd/bdau/mbanisharifdehkordi/E2E/3d/results_decomp_mismatch/decomp_mismatch.nc4.locktest.8	/work	lustre
POSIX	8	10220354127760899354	POSIX_SIZE_WRITE_1M_4M	0	/work/hdd/bdau/mbanisharifdehkordi/E2E/3d/results_decomp_mismatch/decomp_mismatch.nc4.locktest.8	/work	lustre
POSIX	8	10220354127760899354	POSIX_SIZE_WRITE_4M_10M	0	/work/hdd/bdau/mbanisharifdehkordi/E2E/3d/results_decomp_mismatch/decomp_mismatch.nc4.locktest.8	/work	lustre
POSIX	8	10220354127760899354	POSIX_SIZE_WRITE_10M_100M	0	/work/hdd/bdau/mbanisharifdehkordi/E2E/3d/results_decomp_mismatch/decomp_mismatch.nc4.locktest.8	/work	lustre
POSIX	8	10220354127760899354	POSIX_SIZE_WRITE_100M_1G	0	/work/hdd/bdau/mbanisharifdehkordi/E2E/3d/results_decomp_mismatch/decomp_mismatch.nc4.locktest.8	/work	lustre
POSIX	8	10220354127760899354	POSIX_SIZE_WRITE_1G_PLUS	0	/work/hdd/bdau/mbanisharifdehkordi/E2E/3d/results_decomp_mismatch/decomp_mismatch.nc4.locktest.8	/work	lustre
POSIX	8	8796968004350111049	POSIX_WRITES	0	/work/hdd/bdau/mbanisharifdehkordi/E2E/3d/results_decomp_mismatch/decomp_mismatch.nc4	/work	lustre
POSIX	8	8796968004350111049	POSIX_FILE_NOT_ALIGNED	0	/work/hdd/bdau/mbanisharifdehkordi/E2E/3d/results_decomp_mismatch/decomp_mismatch.nc4	/work	lustre
POSIX	8	8796968004350111049	POSIX_SIZE_WRITE_0_100	0	/work/hdd/bdau/mbanisharifdehkordi/E2E/3d/results_decomp_mismatch/decomp_mismatch.nc4	/work	lustre
POSIX	8	8796968004350111049	POSIX_SIZE_WRITE_100_1K	0	/work/hdd/bdau/mbanisharifdehkordi/E2E/3d/results_decomp_mismatch/decomp_mismatch.nc4	/work	lustre
POSIX	8	8796968004350111049	POSIX_SIZE_WRITE_1K_10K	0	/work/hdd/bdau/mbanisharifdehkordi/E2E/3d/results_decomp_mismatch/decomp_mismatch.nc4	/work	lustre
POSIX	8	8796968004350111049	POSIX_SIZE_WRITE_10K_100K	0	/work/hdd/bdau/mbanisharifdehkordi/E2E/3d/results_decomp_mismatch/decomp_mismatch.nc4	/work	lustre
POSIX	8	8796968004350111049	POSIX_SIZE_WRITE_100K_1M	0	/work/hdd/bdau/mbanisharifdehkordi/E2E/3d/results_decomp_mismatch/decomp_mismatch.nc4	/work	lustre
POSIX	8	8796968004350111049	POSIX_SIZE_WRITE_1M_4M	0	/work/hdd/bdau/mbanisharifdehkordi/E2E/3d/results_decomp_mismatch/decomp_mismatch.nc4	/work	lustre
POSIX	8	8796968004350111049	POSIX_SIZE_WRITE_4M_10M	0	/work/hdd/bdau/mbanisharifdehkordi/E2E/3d/results_decomp_mismatch/decomp_mismatch.nc4	/work	lustre
POSIX	8	8796968004350111049	POSIX_SIZE_WRITE_10M_100M	0	/work/hdd/bdau/mbanisharifdehkordi/E2E/3d/results_decomp_mismatch/decomp_mismatch.nc4	/work	lustre
POSIX	8	8796968004350111049	POSIX_SIZE_WRITE_100M_1G	0	/work/hdd/bdau/mbanisharifdehkordi/E2E/3d/results_decomp_mismatch/decomp_mismatch.nc4	/work	lustre
POSIX	8	8796968004350111049	POSIX_SIZE_WRITE_1G_PLUS	0	/work/hdd/bdau/mbanisharifdehkordi/E2E/3d/results_decomp_mismatch/decomp_mismatch.nc4	/work	lustre
POSIX	8	6939792131935133011	POSIX_WRITES	0	/work/hdd/bdau/mbanisharifdehkordi/E2E/3d/results_decomp_mismatch/.	/work	lustre
POSIX	8	6939792131935133011	POSIX_FILE_NOT_ALIGNED	0	/work/hdd/bdau/mbanisharifdehkordi/E2E/3d/results_decomp_mismatch/.	/work	lustre
POSIX	8	6939792131935133011	POSIX_SIZE_WRITE_0_100	0	/work/hdd/bdau/mbanisharifdehkordi/E2E/3d/results_decomp_mismatch/.	/work	lustre
POSIX	8	6939792131935133011	POSIX_SIZE_WRITE_100_1K	0	/work/hdd/bdau/mbanisharifdehkordi/E2E/3d/results_decomp_mismatch/.	/work	lustre
POSIX	8	6939792131935133011	POSIX_SIZE_WRITE_1K_10K	0	/work/hdd/bdau/mbanisharifdehkordi/E2E/3d/results_decomp_mismatch/.	/work	lustre
POSIX	8	6939792131935133011	POSIX_SIZE_WRITE_10K_100K	0	/work/hdd/bdau/mbanisharifdehkordi/E2E/3d/results_decomp_mismatch/.	/work	lustre
POSIX	8	6939792131935133011	POSIX_SIZE_WRITE_100K_1M	0	/work/hdd/bdau/mbanisharifdehkordi/E2E/3d/results_decomp_mismatch/.	/work	lustre
POSIX	8	6939792131935133011	POSIX_SIZE_WRITE_1M_4M	0	/work/hdd/bdau/mbanisharifdehkordi/E2E/3d/results_decomp_mismatch/.	/work	lustre
POSIX	8	6939792131935133011	POSIX_SIZE_WRITE_4M_10M	0	/work/hdd/bdau/mbanisharifdehkordi/E2E/3d/results_decomp_mismatch/.	/work	lustre
POSIX	8	6939792131935133011	POSIX_SIZE_WRITE_10M_100M	0	/work/hdd/bdau/mbanisharifdehkordi/E2E/3d/results_decomp_mismatch/.	/work	lustre
POSIX	8	6939792131935133011	POSIX_SIZE_WRITE_100M_1G	0	/work/hdd/bdau/mbanisharifdehkordi/E2E/3d/results_decomp_mismatch/.	/work	lustre
POSIX	8	6939792131935133011	POSIX_SIZE_WRITE_1G_PLUS	0	/work/hdd/bdau/mbanisharifdehkordi/E2E/3d/results_decomp_mismatch/.	/work	lustre
POSIX	8	15634375788946986981	POSIX_WRITES	0	/work/hdd/bdau/mbanisharifdehkordi/E2E/3d/results_decomp_mismatch/decomp_mismatch.nc4-4005036033-2888081.loc	/work	lustre
POSIX	8	15634375788946986981	POSIX_FILE_NOT_ALIGNED	0	/work/hdd/bdau/mbanisharifdehkordi/E2E/3d/results_decomp_mismatch/decomp_mismatch.nc4-4005036033-2888081.loc	/work	lustre
POSIX	8	15634375788946986981	POSIX_SIZE_WRITE_0_100	0	/work/hdd/bdau/mbanisharifdehkordi/E2E/3d/results_decomp_mismatch/decomp_mismatch.nc4-4005036033-2888081.loc	/work	lustre
POSIX	8	15634375788946986981	POSIX_SIZE_WRITE_100_1K	0	/work/hdd/bdau/mbanisharifdehkordi/E2E/3d/results_decomp_mismatch/decomp_mismatch.nc4-4005036033-2888081.loc	/work	lustre
POSIX	8	15634375788946986981	POSIX_SIZE_WRITE_1K_10K	0	/work/hdd/bdau/mbanisharifdehkordi/E2E/3d/results_decomp_mismatch/decomp_mismatch.nc4-4005036033-2888081.loc	/work	lustre
POSIX	8	15634375788946986981	POSIX_SIZE_WRITE_10K_100K	0	/work/hdd/bdau/mbanisharifdehkordi/E2E/3d/results_decomp_mismatch/decomp_mismatch.nc4-4005036033-2888081.loc	/work	lustre
POSIX	8	15634375788946986981	POSIX_SIZE_WRITE_100K_1M	0	/work/hdd/bdau/mbanisharifdehkordi/E2E/3d/results_decomp_mismatch/decomp_mismatch.nc4-4005036033-2888081.loc	/work	lustre
POSIX	8	15634375788946986981	POSIX_SIZE_WRITE_1M_4M	0	/work/hdd/bdau/mbanisharifdehkordi/E2E/3d/results_decomp_mismatch/decomp_mismatch.nc4-4005036033-2888081.loc	/work	lustre
POSIX	8	15634375788946986981	POSIX_SIZE_WRITE_4M_10M	0	/work/hdd/bdau/mbanisharifdehkordi/E2E/3d/results_decomp_mismatch/decomp_mismatch.nc4-4005036033-2888081.loc	/work	lustre
POSIX	8	15634375788946986981	POSIX_SIZE_WRITE_10M_100M	0	/work/hdd/bdau/mbanisharifdehkordi/E2E/3d/results_decomp_mismatch/decomp_mismatch.nc4-4005036033-2888081.loc	/work	lustre
POSIX	8	15634375788946986981	POSIX_SIZE_WRITE_100M_1G	0	/work/hdd/bdau/mbanisharifdehkordi/E2E/3d/results_decomp_mismatch/decomp_mismatch.nc4-4005036033-2888081.loc	/work	lustre
POSIX	8	15634375788946986981	POSIX_SIZE_WRITE_1G_PLUS	0	/work/hdd/bdau/mbanisharifdehkordi/E2E/3d/results_decomp_mismatch/decomp_mismatch.nc4-4005036033-2888081.loc	/work	lustre
POSIX	9	9617813956893546584	POSIX_WRITES	0	/work/hdd/bdau/mbanisharifdehkordi/E2E/3d/results_decomp_mismatch/decomp_mismatch.nc4.locktest.9	/work	lustre
POSIX	9	9617813956893546584	POSIX_FILE_NOT_ALIGNED	0	/work/hdd/bdau/mbanisharifdehkordi/E2E/3d/results_decomp_mismatch/decomp_mismatch.nc4.locktest.9	/work	lustre
POSIX	9	9617813956893546584	POSIX_SIZE_WRITE_0_100	0	/work/hdd/bdau/mbanisharifdehkordi/E2E/3d/results_decomp_mismatch/decomp_mismatch.nc4.locktest.9	/work	lustre
POSIX	9	9617813956893546584	POSIX_SIZE_WRITE_100_1K	0	/work/hdd/bdau/mbanisharifdehkordi/E2E/3d/results_decomp_mismatch/decomp_mismatch.nc4.locktest.9	/work	lustre
POSIX	9	9617813956893546584	POSIX_SIZE_WRITE_1K_10K	0	/work/hdd/bdau/mbanisharifdehkordi/E2E/3d/results_decomp_mismatch/decomp_mismatch.nc4.locktest.9	/work	lustre
POSIX	9	9617813956893546584	POSIX_SIZE_WRITE_10K_100K	0	/work/hdd/bdau/mbanisharifdehkordi/E2E/3d/results_decomp_mismatch/decomp_mismatch.nc4.locktest.9	/work	lustre
POSIX	9	9617813956893546584	POSIX_SIZE_WRITE_100K_1M	0	/work/hdd/bdau/mbanisharifdehkordi/E2E/3d/results_decomp_mismatch/decomp_mismatch.nc4.locktest.9	/work	lustre
POSIX	9	9617813956893546584	POSIX_SIZE_WRITE_1M_4M	0	/work/hdd/bdau/mbanisharifdehkordi/E2E/3d/results_decomp_mismatch/decomp_mismatch.nc4.locktest.9	/work	lustre
POSIX	9	9617813956893546584	POSIX_SIZE_WRITE_4M_10M	0	/work/hdd/bdau/mbanisharifdehkordi/E2E/3d/results_decomp_mismatch/decomp_mismatch.nc4.locktest.9	/work	lustre
POSIX	9	9617813956893546584	POSIX_SIZE_WRITE_10M_100M	0	/work/hdd/bdau/mbanisharifdehkordi/E2E/3d/results_decomp_mismatch/decomp_mismatch.nc4.locktest.9	/work	lustre
POSIX	9	9617813956893546584	POSIX_SIZE_WRITE_100M_1G	0	/work/hdd/bdau/mbanisharifdehkordi/E2E/3d/results_decomp_mismatch/decomp_mismatch.nc4.locktest.9	/work	lustre
POSIX	9	9617813956893546584	POSIX_SIZE_WRITE_1G_PLUS	0	/work/hdd/bdau/mbanisharifdehkordi/E2E/3d/results_decomp_mismatch/decomp_mismatch.nc4.locktest.9	/work	lustre
POSIX	9	8796968004350111049	POSIX_WRITES	0	/work/hdd/bdau/mbanisharifdehkordi/E2E/3d/results_decomp_mismatch/decomp_mismatch.nc4	/work	lustre
POSIX	9	8796968004350111049	POSIX_FILE_NOT_ALIGNED	0	/work/hdd/bdau/mbanisharifdehkordi/E2E/3d/results_decomp_mismatch/decomp_mismatch.nc4	/work	lustre
POSIX	9	8796968004350111049	POSIX_SIZE_WRITE_0_100	0	/work/hdd/bdau/mbanisharifdehkordi/E2E/3d/results_decomp_mismatch/decomp_mismatch.nc4	/work	lustre
POSIX	9	8796968004350111049	POSIX_SIZE_WRITE_100_1K	0	/work/hdd/bdau/mbanisharifdehkordi/E2E/3d/results_decomp_mismatch/decomp_mismatch.nc4	/work	lustre
POSIX	9	8796968004350111049	POSIX_SIZE_WRITE_1K_10K	0	/work/hdd/bdau/mbanisharifdehkordi/E2E/3d/results_decomp_mismatch/decomp_mismatch.nc4	/work	lustre
POSIX	9	8796968004350111049	POSIX_SIZE_WRITE_10K_100K	0	/work/hdd/bdau/mbanisharifdehkordi/E2E/3d/results_decomp_mismatch/decomp_mismatch.nc4	/work	lustre
POSIX	9	8796968004350111049	POSIX_SIZE_WRITE_100K_1M	0	/work/hdd/bdau/mbanisharifdehkordi/E2E/3d/results_decomp_mismatch/decomp_mismatch.nc4	/work	lustre
POSIX	9	8796968004350111049	POSIX_SIZE_WRITE_1M_4M	0	/work/hdd/bdau/mbanisharifdehkordi/E2E/3d/results_decomp_mismatch/decomp_mismatch.nc4	/work	lustre
POSIX	9	8796968004350111049	POSIX_SIZE_WRITE_4M_10M	0	/work/hdd/bdau/mbanisharifdehkordi/E2E/3d/results_decomp_mismatch/decomp_mismatch.nc4	/work	lustre
POSIX	9	8796968004350111049	POSIX_SIZE_WRITE_10M_100M	0	/work/hdd/bdau/mbanisharifdehkordi/E2E/3d/results_decomp_mismatch/decomp_mismatch.nc4	/work	lustre
POSIX	9	8796968004350111049	POSIX_SIZE_WRITE_100M_1G	0	/work/hdd/bdau/mbanisharifdehkordi/E2E/3d/results_decomp_mismatch/decomp_mismatch.nc4	/work	lustre
POSIX	9	8796968004350111049	POSIX_SIZE_WRITE_1G_PLUS	0	/work/hdd/bdau/mbanisharifdehkordi/E2E/3d/results_decomp_mismatch/decomp_mismatch.nc4	/work	lustre
POSIX	9	6939792131935133011	POSIX_WRITES	0	/work/hdd/bdau/mbanisharifdehkordi/E2E/3d/results_decomp_mismatch/.	/work	lustre
POSIX	9	6939792131935133011	POSIX_FILE_NOT_ALIGNED	0	/work/hdd/bdau/mbanisharifdehkordi/E2E/3d/results_decomp_mismatch/.	/work	lustre
POSIX	9	6939792131935133011	POSIX_SIZE_WRITE_0_100	0	/work/hdd/bdau/mbanisharifdehkordi/E2E/3d/results_decomp_mismatch/.	/work	lustre
POSIX	9	6939792131935133011	POSIX_SIZE_WRITE_100_1K	0	/work/hdd/bdau/mbanisharifdehkordi/E2E/3d/results_decomp_mismatch/.	/work	lustre
POSIX	9	6939792131935133011	POSIX_SIZE_WRITE_1K_10K	0	/work/hdd/bdau/mbanisharifdehkordi/E2E/3d/results_decomp_mismatch/.	/work	lustre
POSIX	9	6939792131935133011	POSIX_SIZE_WRITE_10K_100K	0	/work/hdd/bdau/mbanisharifdehkordi/E2E/3d/results_decomp_mismatch/.	/work	lustre
POSIX	9	6939792131935133011	POSIX_SIZE_WRITE_100K_1M	0	/work/hdd/bdau/mbanisharifdehkordi/E2E/3d/results_decomp_mismatch/.	/work	lustre
POSIX	9	6939792131935133011	POSIX_SIZE_WRITE_1M_4M	0	/work/hdd/bdau/mbanisharifdehkordi/E2E/3d/results_decomp_mismatch/.	/work	lustre
POSIX	9	6939792131935133011	POSIX_SIZE_WRITE_4M_10M	0	/work/hdd/bdau/mbanisharifdehkordi/E2E/3d/results_decomp_mismatch/.	/work	lustre
POSIX	9	6939792131935133011	POSIX_SIZE_WRITE_10M_100M	0	/work/hdd/bdau/mbanisharifdehkordi/E2E/3d/results_decomp_mismatch/.	/work	lustre
POSIX	9	6939792131935133011	POSIX_SIZE_WRITE_100M_1G	0	/work/hdd/bdau/mbanisharifdehkordi/E2E/3d/results_decomp_mismatch/.	/work	lustre
POSIX	9	6939792131935133011	POSIX_SIZE_WRITE_1G_PLUS	0	/work/hdd/bdau/mbanisharifdehkordi/E2E/3d/results_decomp_mismatch/.	/work	lustre
POSIX	9	15634375788946986981	POSIX_WRITES	0	/work/hdd/bdau/mbanisharifdehkordi/E2E/3d/results_decomp_mismatch/decomp_mismatch.nc4-4005036033-2888081.loc	/work	lustre
POSIX	9	15634375788946986981	POSIX_FILE_NOT_ALIGNED	0	/work/hdd/bdau/mbanisharifdehkordi/E2E/3d/results_decomp_mismatch/decomp_mismatch.nc4-4005036033-2888081.loc	/work	lustre
POSIX	9	15634375788946986981	POSIX_SIZE_WRITE_0_100	0	/work/hdd/bdau/mbanisharifdehkordi/E2E/3d/results_decomp_mismatch/decomp_mismatch.nc4-4005036033-2888081.loc	/work	lustre
POSIX	9	15634375788946986981	POSIX_SIZE_WRITE_100_1K	0	/work/hdd/bdau/mbanisharifdehkordi/E2E/3d/results_decomp_mismatch/decomp_mismatch.nc4-4005036033-2888081.loc	/work	lustre
POSIX	9	15634375788946986981	POSIX_SIZE_WRITE_1K_10K	0	/work/hdd/bdau/mbanisharifdehkordi/E2E/3d/results_decomp_mismatch/decomp_mismatch.nc4-4005036033-2888081.loc	/work	lustre
POSIX	9	15634375788946986981	POSIX_SIZE_WRITE_10K_100K	0	/work/hdd/bdau/mbanisharifdehkordi/E2E/3d/results_decomp_mismatch/decomp_mismatch.nc4-4005036033-2888081.loc	/work	lustre
POSIX	9	15634375788946986981	POSIX_SIZE_WRITE_100K_1M	0	/work/hdd/bdau/mbanisharifdehkordi/E2E/3d/results_decomp_mismatch/decomp_mismatch.nc4-4005036033-2888081.loc	/work	lustre
POSIX	9	15634375788946986981	POSIX_SIZE_WRITE_1M_4M	0	/work/hdd/bdau/mbanisharifdehkordi/E2E/3d/results_decomp_mismatch/decomp_mismatch.nc4-4005036033-2888081.loc	/work	lustre
POSIX	9	15634375788946986981	POSIX_SIZE_WRITE_4M_10M	0	/work/hdd/bdau/mbanisharifdehkordi/E2E/3d/results_decomp_mismatch/decomp_mismatch.nc4-4005036033-2888081.loc	/work	lustre
POSIX	9	15634375788946986981	POSIX_SIZE_WRITE_10M_100M	0	/work/hdd/bdau/mbanisharifdehkordi/E2E/3d/results_decomp_mismatch/decomp_mismatch.nc4-4005036033-2888081.loc	/work	lustre
POSIX	9	15634375788946986981	POSIX_SIZE_WRITE_100M_1G	0	/work/hdd/bdau/mbanisharifdehkordi/E2E/3d/results_decomp_mismatch/decomp_mismatch.nc4-4005036033-2888081.loc	/work	lustre
POSIX	9	15634375788946986981	POSIX_SIZE_WRITE_1G_PLUS	0	/work/hdd/bdau/mbanisharifdehkordi/E2E/3d/results_decomp_mismatch/decomp_mismatch.nc4-4005036033-2888081.loc	/work	lustre
POSIX	10	12119762002995704970	POSIX_WRITES	0	/work/hdd/bdau/mbanisharifdehkordi/E2E/3d/results_decomp_mismatch/decomp_mismatch.nc4.locktest.10	/work	lustre
POSIX	10	12119762002995704970	POSIX_FILE_NOT_ALIGNED	0	/work/hdd/bdau/mbanisharifdehkordi/E2E/3d/results_decomp_mismatch/decomp_mismatch.nc4.locktest.10	/work	lustre
POSIX	10	12119762002995704970	POSIX_SIZE_WRITE_0_100	0	/work/hdd/bdau/mbanisharifdehkordi/E2E/3d/results_decomp_mismatch/decomp_mismatch.nc4.locktest.10	/work	lustre
POSIX	10	12119762002995704970	POSIX_SIZE_WRITE_100_1K	0	/work/hdd/bdau/mbanisharifdehkordi/E2E/3d/results_decomp_mismatch/decomp_mismatch.nc4.locktest.10	/work	lustre
POSIX	10	12119762002995704970	POSIX_SIZE_WRITE_1K_10K	0	/work/hdd/bdau/mbanisharifdehkordi/E2E/3d/results_decomp_mismatch/decomp_mismatch.nc4.locktest.10	/work	lustre
POSIX	10	12119762002995704970	POSIX_SIZE_WRITE_10K_100K	0	/work/hdd/bdau/mbanisharifdehkordi/E2E/3d/results_decomp_mismatch/decomp_mismatch.nc4.locktest.10	/work	lustre
POSIX	10	12119762002995704970	POSIX_SIZE_WRITE_100K_1M	0	/work/hdd/bdau/mbanisharifdehkordi/E2E/3d/results_decomp_mismatch/decomp_mismatch.nc4.locktest.10	/work	lustre
POSIX	10	12119762002995704970	POSIX_SIZE_WRITE_1M_4M	0	/work/hdd/bdau/mbanisharifdehkordi/E2E/3d/results_decomp_mismatch/decomp_mismatch.nc4.locktest.10	/work	lustre
POSIX	10	12119762002995704970	POSIX_SIZE_WRITE_4M_10M	0	/work/hdd/bdau/mbanisharifdehkordi/E2E/3d/results_decomp_mismatch/decomp_mismatch.nc4.locktest.10	/work	lustre
POSIX	10	12119762002995704970	POSIX_SIZE_WRITE_10M_100M	0	/work/hdd/bdau/mbanisharifdehkordi/E2E/3d/results_decomp_mismatch/decomp_mismatch.nc4.locktest.10	/work	lustre
POSIX	10	12119762002995704970	POSIX_SIZE_WRITE_100M_1G	0	/work/hdd/bdau/mbanisharifdehkordi/E2E/3d/results_decomp_mismatch/decomp_mismatch.nc4.locktest.10	/work	lustre
POSIX	10	12119762002995704970	POSIX_SIZE_WRITE_1G_PLUS	0	/work/hdd/bdau/mbanisharifdehkordi/E2E/3d/results_decomp_mismatch/decomp_mismatch.nc4.locktest.10	/work	lustre
POSIX	10	8796968004350111049	POSIX_WRITES	0	/work/hdd/bdau/mbanisharifdehkordi/E2E/3d/results_decomp_mismatch/decomp_mismatch.nc4	/work	lustre
POSIX	10	8796968004350111049	POSIX_FILE_NOT_ALIGNED	0	/work/hdd/bdau/mbanisharifdehkordi/E2E/3d/results_decomp_mismatch/decomp_mismatch.nc4	/work	lustre
POSIX	10	8796968004350111049	POSIX_SIZE_WRITE_0_100	0	/work/hdd/bdau/mbanisharifdehkordi/E2E/3d/results_decomp_mismatch/decomp_mismatch.nc4	/work	lustre
POSIX	10	8796968004350111049	POSIX_SIZE_WRITE_100_1K	0	/work/hdd/bdau/mbanisharifdehkordi/E2E/3d/results_decomp_mismatch/decomp_mismatch.nc4	/work	lustre
POSIX	10	8796968004350111049	POSIX_SIZE_WRITE_1K_10K	0	/work/hdd/bdau/mbanisharifdehkordi/E2E/3d/results_decomp_mismatch/decomp_mismatch.nc4	/work	lustre
POSIX	10	8796968004350111049	POSIX_SIZE_WRITE_10K_100K	0	/work/hdd/bdau/mbanisharifdehkordi/E2E/3d/results_decomp_mismatch/decomp_mismatch.nc4	/work	lustre
POSIX	10	8796968004350111049	POSIX_SIZE_WRITE_100K_1M	0	/work/hdd/bdau/mbanisharifdehkordi/E2E/3d/results_decomp_mismatch/decomp_mismatch.nc4	/work	lustre
POSIX	10	8796968004350111049	POSIX_SIZE_WRITE_1M_4M	0	/work/hdd/bdau/mbanisharifdehkordi/E2E/3d/results_decomp_mismatch/decomp_mismatch.nc4	/work	lustre
POSIX	10	8796968004350111049	POSIX_SIZE_WRITE_4M_10M	0	/work/hdd/bdau/mbanisharifdehkordi/E2E/3d/results_decomp_mismatch/decomp_mismatch.nc4	/work	lustre
POSIX	10	8796968004350111049	POSIX_SIZE_WRITE_10M_100M	0	/work/hdd/bdau/mbanisharifdehkordi/E2E/3d/results_decomp_mismatch/decomp_mismatch.nc4	/work	lustre
POSIX	10	8796968004350111049	POSIX_SIZE_WRITE_100M_1G	0	/work/hdd/bdau/mbanisharifdehkordi/E2E/3d/results_decomp_mismatch/decomp_mismatch.nc4	/work	lustre
POSIX	10	8796968004350111049	POSIX_SIZE_WRITE_1G_PLUS	0	/work/hdd/bdau/mbanisharifdehkordi/E2E/3d/results_decomp_mismatch/decomp_mismatch.nc4	/work	lustre
POSIX	10	6939792131935133011	POSIX_WRITES	0	/work/hdd/bdau/mbanisharifdehkordi/E2E/3d/results_decomp_mismatch/.	/work	lustre
POSIX	10	6939792131935133011	POSIX_FILE_NOT_ALIGNED	0	/work/hdd/bdau/mbanisharifdehkordi/E2E/3d/results_decomp_mismatch/.	/work	lustre
POSIX	10	6939792131935133011	POSIX_SIZE_WRITE_0_100	0	/work/hdd/bdau/mbanisharifdehkordi/E2E/3d/results_decomp_mismatch/.	/work	lustre
POSIX	10	6939792131935133011	POSIX_SIZE_WRITE_100_1K	0	/work/hdd/bdau/mbanisharifdehkordi/E2E/3d/results_decomp_mismatch/.	/work	lustre
POSIX	10	6939792131935133011	POSIX_SIZE_WRITE_1K_10K	0	/work/hdd/bdau/mbanisharifdehkordi/E2E/3d/results_decomp_mismatch/.	/work	lustre
POSIX	10	6939792131935133011	POSIX_SIZE_WRITE_10K_100K	0	/work/hdd/bdau/mbanisharifdehkordi/E2E/3d/results_decomp_mismatch/.	/work	lustre
POSIX	10	6939792131935133011	POSIX_SIZE_WRITE_100K_1M	0	/work/hdd/bdau/mbanisharifdehkordi/E2E/3d/results_decomp_mismatch/.	/work	lustre
POSIX	10	6939792131935133011	POSIX_SIZE_WRITE_1M_4M	0	/work/hdd/bdau/mbanisharifdehkordi/E2E/3d/results_decomp_mismatch/.	/work	lustre
POSIX	10	6939792131935133011	POSIX_SIZE_WRITE_4M_10M	0	/work/hdd/bdau/mbanisharifdehkordi/E2E/3d/results_decomp_mismatch/.	/work	lustre
POSIX	10	6939792131935133011	POSIX_SIZE_WRITE_10M_100M	0	/work/hdd/bdau/mbanisharifdehkordi/E2E/3d/results_decomp_mismatch/.	/work	lustre
POSIX	10	6939792131935133011	POSIX_SIZE_WRITE_100M_1G	0	/work/hdd/bdau/mbanisharifdehkordi/E2E/3d/results_decomp_mismatch/.	/work	lustre
POSIX	10	6939792131935133011	POSIX_SIZE_WRITE_1G_PLUS	0	/work/hdd/bdau/mbanisharifdehkordi/E2E/3d/results_decomp_mismatch/.	/work	lustre
POSIX	10	15634375788946986981	POSIX_WRITES	0	/work/hdd/bdau/mbanisharifdehkordi/E2E/3d/results_decomp_mismatch/decomp_mismatch.nc4-4005036033-2888081.loc	/work	lustre
POSIX	10	15634375788946986981	POSIX_FILE_NOT_ALIGNED	0	/work/hdd/bdau/mbanisharifdehkordi/E2E/3d/results_decomp_mismatch/decomp_mismatch.nc4-4005036033-2888081.loc	/work	lustre
POSIX	10	15634375788946986981	POSIX_SIZE_WRITE_0_100	0	/work/hdd/bdau/mbanisharifdehkordi/E2E/3d/results_decomp_mismatch/decomp_mismatch.nc4-4005036033-2888081.loc	/work	lustre
POSIX	10	15634375788946986981	POSIX_SIZE_WRITE_100_1K	0	/work/hdd/bdau/mbanisharifdehkordi/E2E/3d/results_decomp_mismatch/decomp_mismatch.nc4-4005036033-2888081.loc	/work	lustre
POSIX	10	15634375788946986981	POSIX_SIZE_WRITE_1K_10K	0	/work/hdd/bdau/mbanisharifdehkordi/E2E/3d/results_decomp_mismatch/decomp_mismatch.nc4-4005036033-2888081.loc	/work	lustre
POSIX	10	15634375788946986981	POSIX_SIZE_WRITE_10K_100K	0	/work/hdd/bdau/mbanisharifdehkordi/E2E/3d/results_decomp_mismatch/decomp_mismatch.nc4-4005036033-2888081.loc	/work	lustre
POSIX	10	15634375788946986981	POSIX_SIZE_WRITE_100K_1M	0	/work/hdd/bdau/mbanisharifdehkordi/E2E/3d/results_decomp_mismatch/decomp_mismatch.nc4-4005036033-2888081.loc	/work	lustre
POSIX	10	15634375788946986981	POSIX_SIZE_WRITE_1M_4M	0	/work/hdd/bdau/mbanisharifdehkordi/E2E/3d/results_decomp_mismatch/decomp_mismatch.nc4-4005036033-2888081.loc	/work	lustre
POSIX	10	15634375788946986981	POSIX_SIZE_WRITE_4M_10M	0	/work/hdd/bdau/mbanisharifdehkordi/E2E/3d/results_decomp_mismatch/decomp_mismatch.nc4-4005036033-2888081.loc	/work	lustre
POSIX	10	15634375788946986981	POSIX_SIZE_WRITE_10M_100M	0	/work/hdd/bdau/mbanisharifdehkordi/E2E/3d/results_decomp_mismatch/decomp_mismatch.nc4-4005036033-2888081.loc	/work	lustre
POSIX	10	15634375788946986981	POSIX_SIZE_WRITE_100M_1G	0	/work/hdd/bdau/mbanisharifdehkordi/E2E/3d/results_decomp_mismatch/decomp_mismatch.nc4-4005036033-2888081.loc	/work	lustre
POSIX	10	15634375788946986981	POSIX_SIZE_WRITE_1G_PLUS	0	/work/hdd/bdau/mbanisharifdehkordi/E2E/3d/results_decomp_mismatch/decomp_mismatch.nc4-4005036033-2888081.loc	/work	lustre
POSIX	11	4340903308082561501	POSIX_WRITES	0	/work/hdd/bdau/mbanisharifdehkordi/E2E/3d/results_decomp_mismatch/decomp_mismatch.nc4.locktest.11	/work	lustre
POSIX	11	4340903308082561501	POSIX_FILE_NOT_ALIGNED	0	/work/hdd/bdau/mbanisharifdehkordi/E2E/3d/results_decomp_mismatch/decomp_mismatch.nc4.locktest.11	/work	lustre
POSIX	11	4340903308082561501	POSIX_SIZE_WRITE_0_100	0	/work/hdd/bdau/mbanisharifdehkordi/E2E/3d/results_decomp_mismatch/decomp_mismatch.nc4.locktest.11	/work	lustre
POSIX	11	4340903308082561501	POSIX_SIZE_WRITE_100_1K	0	/work/hdd/bdau/mbanisharifdehkordi/E2E/3d/results_decomp_mismatch/decomp_mismatch.nc4.locktest.11	/work	lustre
POSIX	11	4340903308082561501	POSIX_SIZE_WRITE_1K_10K	0	/work/hdd/bdau/mbanisharifdehkordi/E2E/3d/results_decomp_mismatch/decomp_mismatch.nc4.locktest.11	/work	lustre
POSIX	11	4340903308082561501	POSIX_SIZE_WRITE_10K_100K	0	/work/hdd/bdau/mbanisharifdehkordi/E2E/3d/results_decomp_mismatch/decomp_mismatch.nc4.locktest.11	/work	lustre
POSIX	11	4340903308082561501	POSIX_SIZE_WRITE_100K_1M	0	/work/hdd/bdau/mbanisharifdehkordi/E2E/3d/results_decomp_mismatch/decomp_mismatch.nc4.locktest.11	/work	lustre
POSIX	11	4340903308082561501	POSIX_SIZE_WRITE_1M_4M	0	/work/hdd/bdau/mbanisharifdehkordi/E2E/3d/results_decomp_mismatch/decomp_mismatch.nc4.locktest.11	/work	lustre
POSIX	11	4340903308082561501	POSIX_SIZE_WRITE_4M_10M	0	/work/hdd/bdau/mbanisharifdehkordi/E2E/3d/results_decomp_mismatch/decomp_mismatch.nc4.locktest.11	/work	lustre
POSIX	11	4340903308082561501	POSIX_SIZE_WRITE_10M_100M	0	/work/hdd/bdau/mbanisharifdehkordi/E2E/3d/results_decomp_mismatch/decomp_mismatch.nc4.locktest.11	/work	lustre
POSIX	11	4340903308082561501	POSIX_SIZE_WRITE_100M_1G	0	/work/hdd/bdau/mbanisharifdehkordi/E2E/3d/results_decomp_mismatch/decomp_mismatch.nc4.locktest.11	/work	lustre
POSIX	11	4340903308082561501	POSIX_SIZE_WRITE_1G_PLUS	0	/work/hdd/bdau/mbanisharifdehkordi/E2E/3d/results_decomp_mismatch/decomp_mismatch.nc4.locktest.11	/work	lustre
POSIX	11	8796968004350111049	POSIX_WRITES	0	/work/hdd/bdau/mbanisharifdehkordi/E2E/3d/results_decomp_mismatch/decomp_mismatch.nc4	/work	lustre
POSIX	11	8796968004350111049	POSIX_FILE_NOT_ALIGNED	0	/work/hdd/bdau/mbanisharifdehkordi/E2E/3d/results_decomp_mismatch/decomp_mismatch.nc4	/work	lustre
POSIX	11	8796968004350111049	POSIX_SIZE_WRITE_0_100	0	/work/hdd/bdau/mbanisharifdehkordi/E2E/3d/results_decomp_mismatch/decomp_mismatch.nc4	/work	lustre
POSIX	11	8796968004350111049	POSIX_SIZE_WRITE_100_1K	0	/work/hdd/bdau/mbanisharifdehkordi/E2E/3d/results_decomp_mismatch/decomp_mismatch.nc4	/work	lustre
POSIX	11	8796968004350111049	POSIX_SIZE_WRITE_1K_10K	0	/work/hdd/bdau/mbanisharifdehkordi/E2E/3d/results_decomp_mismatch/decomp_mismatch.nc4	/work	lustre
POSIX	11	8796968004350111049	POSIX_SIZE_WRITE_10K_100K	0	/work/hdd/bdau/mbanisharifdehkordi/E2E/3d/results_decomp_mismatch/decomp_mismatch.nc4	/work	lustre
POSIX	11	8796968004350111049	POSIX_SIZE_WRITE_100K_1M	0	/work/hdd/bdau/mbanisharifdehkordi/E2E/3d/results_decomp_mismatch/decomp_mismatch.nc4	/work	lustre
POSIX	11	8796968004350111049	POSIX_SIZE_WRITE_1M_4M	0	/work/hdd/bdau/mbanisharifdehkordi/E2E/3d/results_decomp_mismatch/decomp_mismatch.nc4	/work	lustre
POSIX	11	8796968004350111049	POSIX_SIZE_WRITE_4M_10M	0	/work/hdd/bdau/mbanisharifdehkordi/E2E/3d/results_decomp_mismatch/decomp_mismatch.nc4	/work	lustre
POSIX	11	8796968004350111049	POSIX_SIZE_WRITE_10M_100M	0	/work/hdd/bdau/mbanisharifdehkordi/E2E/3d/results_decomp_mismatch/decomp_mismatch.nc4	/work	lustre
POSIX	11	8796968004350111049	POSIX_SIZE_WRITE_100M_1G	0	/work/hdd/bdau/mbanisharifdehkordi/E2E/3d/results_decomp_mismatch/decomp_mismatch.nc4	/work	lustre
POSIX	11	8796968004350111049	POSIX_SIZE_WRITE_1G_PLUS	0	/work/hdd/bdau/mbanisharifdehkordi/E2E/3d/results_decomp_mismatch/decomp_mismatch.nc4	/work	lustre
POSIX	11	6939792131935133011	POSIX_WRITES	0	/work/hdd/bdau/mbanisharifdehkordi/E2E/3d/results_decomp_mismatch/.	/work	lustre
POSIX	11	6939792131935133011	POSIX_FILE_NOT_ALIGNED	0	/work/hdd/bdau/mbanisharifdehkordi/E2E/3d/results_decomp_mismatch/.	/work	lustre
POSIX	11	6939792131935133011	POSIX_SIZE_WRITE_0_100	0	/work/hdd/bdau/mbanisharifdehkordi/E2E/3d/results_decomp_mismatch/.	/work	lustre
POSIX	11	6939792131935133011	POSIX_SIZE_WRITE_100_1K	0	/work/hdd/bdau/mbanisharifdehkordi/E2E/3d/results_decomp_mismatch/.	/work	lustre
POSIX	11	6939792131935133011	POSIX_SIZE_WRITE_1K_10K	0	/work/hdd/bdau/mbanisharifdehkordi/E2E/3d/results_decomp_mismatch/.	/work	lustre
POSIX	11	6939792131935133011	POSIX_SIZE_WRITE_10K_100K	0	/work/hdd/bdau/mbanisharifdehkordi/E2E/3d/results_decomp_mismatch/.	/work	lustre
POSIX	11	6939792131935133011	POSIX_SIZE_WRITE_100K_1M	0	/work/hdd/bdau/mbanisharifdehkordi/E2E/3d/results_decomp_mismatch/.	/work	lustre
POSIX	11	6939792131935133011	POSIX_SIZE_WRITE_1M_4M	0	/work/hdd/bdau/mbanisharifdehkordi/E2E/3d/results_decomp_mismatch/.	/work	lustre
POSIX	11	6939792131935133011	POSIX_SIZE_WRITE_4M_10M	0	/work/hdd/bdau/mbanisharifdehkordi/E2E/3d/results_decomp_mismatch/.	/work	lustre
POSIX	11	6939792131935133011	POSIX_SIZE_WRITE_10M_100M	0	/work/hdd/bdau/mbanisharifdehkordi/E2E/3d/results_decomp_mismatch/.	/work	lustre
POSIX	11	6939792131935133011	POSIX_SIZE_WRITE_100M_1G	0	/work/hdd/bdau/mbanisharifdehkordi/E2E/3d/results_decomp_mismatch/.	/work	lustre
POSIX	11	6939792131935133011	POSIX_SIZE_WRITE_1G_PLUS	0	/work/hdd/bdau/mbanisharifdehkordi/E2E/3d/results_decomp_mismatch/.	/work	lustre
POSIX	11	15634375788946986981	POSIX_WRITES	0	/work/hdd/bdau/mbanisharifdehkordi/E2E/3d/results_decomp_mismatch/decomp_mismatch.nc4-4005036033-2888081.loc	/work	lustre
POSIX	11	15634375788946986981	POSIX_FILE_NOT_ALIGNED	0	/work/hdd/bdau/mbanisharifdehkordi/E2E/3d/results_decomp_mismatch/decomp_mismatch.nc4-4005036033-2888081.loc	/work	lustre
POSIX	11	15634375788946986981	POSIX_SIZE_WRITE_0_100	0	/work/hdd/bdau/mbanisharifdehkordi/E2E/3d/results_decomp_mismatch/decomp_mismatch.nc4-4005036033-2888081.loc	/work	lustre
POSIX	11	15634375788946986981	POSIX_SIZE_WRITE_100_1K	0	/work/hdd/bdau/mbanisharifdehkordi/E2E/3d/results_decomp_mismatch/decomp_mismatch.nc4-4005036033-2888081.loc	/work	lustre
POSIX	11	15634375788946986981	POSIX_SIZE_WRITE_1K_10K	0	/work/hdd/bdau/mbanisharifdehkordi/E2E/3d/results_decomp_mismatch/decomp_mismatch.nc4-4005036033-2888081.loc	/work	lustre
POSIX	11	15634375788946986981	POSIX_SIZE_WRITE_10K_100K	0	/work/hdd/bdau/mbanisharifdehkordi/E2E/3d/results_decomp_mismatch/decomp_mismatch.nc4-4005036033-2888081.loc	/work	lustre
POSIX	11	15634375788946986981	POSIX_SIZE_WRITE_100K_1M	0	/work/hdd/bdau/mbanisharifdehkordi/E2E/3d/results_decomp_mismatch/decomp_mismatch.nc4-4005036033-2888081.loc	/work	lustre
POSIX	11	15634375788946986981	POSIX_SIZE_WRITE_1M_4M	0	/work/hdd/bdau/mbanisharifdehkordi/E2E/3d/results_decomp_mismatch/decomp_mismatch.nc4-4005036033-2888081.loc	/work	lustre
POSIX	11	15634375788946986981	POSIX_SIZE_WRITE_4M_10M	0	/work/hdd/bdau/mbanisharifdehkordi/E2E/3d/results_decomp_mismatch/decomp_mismatch.nc4-4005036033-2888081.loc	/work	lustre
POSIX	11	15634375788946986981	POSIX_SIZE_WRITE_10M_100M	0	/work/hdd/bdau/mbanisharifdehkordi/E2E/3d/results_decomp_mismatch/decomp_mismatch.nc4-4005036033-2888081.loc	/work	lustre
POSIX	11	15634375788946986981	POSIX_SIZE_WRITE_100M_1G	0	/work/hdd/bdau/mbanisharifdehkordi/E2E/3d/results_decomp_mismatch/decomp_mismatch.nc4-4005036033-2888081.loc	/work	lustre
POSIX	11	15634375788946986981	POSIX_SIZE_WRITE_1G_PLUS	0	/work/hdd/bdau/mbanisharifdehkordi/E2E/3d/results_decomp_mismatch/decomp_mismatch.nc4-4005036033-2888081.loc	/work	lustre
POSIX	12	1354750490001003802	POSIX_WRITES	0	/work/hdd/bdau/mbanisharifdehkordi/E2E/3d/results_decomp_mismatch/decomp_mismatch.nc4.locktest.12	/work	lustre
POSIX	12	1354750490001003802	POSIX_FILE_NOT_ALIGNED	0	/work/hdd/bdau/mbanisharifdehkordi/E2E/3d/results_decomp_mismatch/decomp_mismatch.nc4.locktest.12	/work	lustre
POSIX	12	1354750490001003802	POSIX_SIZE_WRITE_0_100	0	/work/hdd/bdau/mbanisharifdehkordi/E2E/3d/results_decomp_mismatch/decomp_mismatch.nc4.locktest.12	/work	lustre
POSIX	12	1354750490001003802	POSIX_SIZE_WRITE_100_1K	0	/work/hdd/bdau/mbanisharifdehkordi/E2E/3d/results_decomp_mismatch/decomp_mismatch.nc4.locktest.12	/work	lustre
POSIX	12	1354750490001003802	POSIX_SIZE_WRITE_1K_10K	0	/work/hdd/bdau/mbanisharifdehkordi/E2E/3d/results_decomp_mismatch/decomp_mismatch.nc4.locktest.12	/work	lustre
POSIX	12	1354750490001003802	POSIX_SIZE_WRITE_10K_100K	0	/work/hdd/bdau/mbanisharifdehkordi/E2E/3d/results_decomp_mismatch/decomp_mismatch.nc4.locktest.12	/work	lustre
POSIX	12	1354750490001003802	POSIX_SIZE_WRITE_100K_1M	0	/work/hdd/bdau/mbanisharifdehkordi/E2E/3d/results_decomp_mismatch/decomp_mismatch.nc4.locktest.12	/work	lustre
POSIX	12	1354750490001003802	POSIX_SIZE_WRITE_1M_4M	0	/work/hdd/bdau/mbanisharifdehkordi/E2E/3d/results_decomp_mismatch/decomp_mismatch.nc4.locktest.12	/work	lustre
POSIX	12	1354750490001003802	POSIX_SIZE_WRITE_4M_10M	0	/work/hdd/bdau/mbanisharifdehkordi/E2E/3d/results_decomp_mismatch/decomp_mismatch.nc4.locktest.12	/work	lustre
POSIX	12	1354750490001003802	POSIX_SIZE_WRITE_10M_100M	0	/work/hdd/bdau/mbanisharifdehkordi/E2E/3d/results_decomp_mismatch/decomp_mismatch.nc4.locktest.12	/work	lustre
POSIX	12	1354750490001003802	POSIX_SIZE_WRITE_100M_1G	0	/work/hdd/bdau/mbanisharifdehkordi/E2E/3d/results_decomp_mismatch/decomp_mismatch.nc4.locktest.12	/work	lustre
POSIX	12	1354750490001003802	POSIX_SIZE_WRITE_1G_PLUS	0	/work/hdd/bdau/mbanisharifdehkordi/E2E/3d/results_decomp_mismatch/decomp_mismatch.nc4.locktest.12	/work	lustre
POSIX	12	8796968004350111049	POSIX_WRITES	0	/work/hdd/bdau/mbanisharifdehkordi/E2E/3d/results_decomp_mismatch/decomp_mismatch.nc4	/work	lustre
POSIX	12	8796968004350111049	POSIX_FILE_NOT_ALIGNED	0	/work/hdd/bdau/mbanisharifdehkordi/E2E/3d/results_decomp_mismatch/decomp_mismatch.nc4	/work	lustre
POSIX	12	8796968004350111049	POSIX_SIZE_WRITE_0_100	0	/work/hdd/bdau/mbanisharifdehkordi/E2E/3d/results_decomp_mismatch/decomp_mismatch.nc4	/work	lustre
POSIX	12	8796968004350111049	POSIX_SIZE_WRITE_100_1K	0	/work/hdd/bdau/mbanisharifdehkordi/E2E/3d/results_decomp_mismatch/decomp_mismatch.nc4	/work	lustre
POSIX	12	8796968004350111049	POSIX_SIZE_WRITE_1K_10K	0	/work/hdd/bdau/mbanisharifdehkordi/E2E/3d/results_decomp_mismatch/decomp_mismatch.nc4	/work	lustre
POSIX	12	8796968004350111049	POSIX_SIZE_WRITE_10K_100K	0	/work/hdd/bdau/mbanisharifdehkordi/E2E/3d/results_decomp_mismatch/decomp_mismatch.nc4	/work	lustre
POSIX	12	8796968004350111049	POSIX_SIZE_WRITE_100K_1M	0	/work/hdd/bdau/mbanisharifdehkordi/E2E/3d/results_decomp_mismatch/decomp_mismatch.nc4	/work	lustre
POSIX	12	8796968004350111049	POSIX_SIZE_WRITE_1M_4M	0	/work/hdd/bdau/mbanisharifdehkordi/E2E/3d/results_decomp_mismatch/decomp_mismatch.nc4	/work	lustre
POSIX	12	8796968004350111049	POSIX_SIZE_WRITE_4M_10M	0	/work/hdd/bdau/mbanisharifdehkordi/E2E/3d/results_decomp_mismatch/decomp_mismatch.nc4	/work	lustre
POSIX	12	8796968004350111049	POSIX_SIZE_WRITE_10M_100M	0	/work/hdd/bdau/mbanisharifdehkordi/E2E/3d/results_decomp_mismatch/decomp_mismatch.nc4	/work	lustre
POSIX	12	8796968004350111049	POSIX_SIZE_WRITE_100M_1G	0	/work/hdd/bdau/mbanisharifdehkordi/E2E/3d/results_decomp_mismatch/decomp_mismatch.nc4	/work	lustre
POSIX	12	8796968004350111049	POSIX_SIZE_WRITE_1G_PLUS	0	/work/hdd/bdau/mbanisharifdehkordi/E2E/3d/results_decomp_mismatch/decomp_mismatch.nc4	/work	lustre
POSIX	12	6939792131935133011	POSIX_WRITES	0	/work/hdd/bdau/mbanisharifdehkordi/E2E/3d/results_decomp_mismatch/.	/work	lustre
POSIX	12	6939792131935133011	POSIX_FILE_NOT_ALIGNED	0	/work/hdd/bdau/mbanisharifdehkordi/E2E/3d/results_decomp_mismatch/.	/work	lustre
POSIX	12	6939792131935133011	POSIX_SIZE_WRITE_0_100	0	/work/hdd/bdau/mbanisharifdehkordi/E2E/3d/results_decomp_mismatch/.	/work	lustre
POSIX	12	6939792131935133011	POSIX_SIZE_WRITE_100_1K	0	/work/hdd/bdau/mbanisharifdehkordi/E2E/3d/results_decomp_mismatch/.	/work	lustre
POSIX	12	6939792131935133011	POSIX_SIZE_WRITE_1K_10K	0	/work/hdd/bdau/mbanisharifdehkordi/E2E/3d/results_decomp_mismatch/.	/work	lustre
POSIX	12	6939792131935133011	POSIX_SIZE_WRITE_10K_100K	0	/work/hdd/bdau/mbanisharifdehkordi/E2E/3d/results_decomp_mismatch/.	/work	lustre
POSIX	12	6939792131935133011	POSIX_SIZE_WRITE_100K_1M	0	/work/hdd/bdau/mbanisharifdehkordi/E2E/3d/results_decomp_mismatch/.	/work	lustre
POSIX	12	6939792131935133011	POSIX_SIZE_WRITE_1M_4M	0	/work/hdd/bdau/mbanisharifdehkordi/E2E/3d/results_decomp_mismatch/.	/work	lustre
POSIX	12	6939792131935133011	POSIX_SIZE_WRITE_4M_10M	0	/work/hdd/bdau/mbanisharifdehkordi/E2E/3d/results_decomp_mismatch/.	/work	lustre
POSIX	12	6939792131935133011	POSIX_SIZE_WRITE_10M_100M	0	/work/hdd/bdau/mbanisharifdehkordi/E2E/3d/results_decomp_mismatch/.	/work	lustre
POSIX	12	6939792131935133011	POSIX_SIZE_WRITE_100M_1G	0	/work/hdd/bdau/mbanisharifdehkordi/E2E/3d/results_decomp_mismatch/.	/work	lustre
POSIX	12	6939792131935133011	POSIX_SIZE_WRITE_1G_PLUS	0	/work/hdd/bdau/mbanisharifdehkordi/E2E/3d/results_decomp_mismatch/.	/work	lustre
POSIX	12	15634375788946986981	POSIX_WRITES	0	/work/hdd/bdau/mbanisharifdehkordi/E2E/3d/results_decomp_mismatch/decomp_mismatch.nc4-4005036033-2888081.loc	/work	lustre
POSIX	12	15634375788946986981	POSIX_FILE_NOT_ALIGNED	0	/work/hdd/bdau/mbanisharifdehkordi/E2E/3d/results_decomp_mismatch/decomp_mismatch.nc4-4005036033-2888081.loc	/work	lustre
POSIX	12	15634375788946986981	POSIX_SIZE_WRITE_0_100	0	/work/hdd/bdau/mbanisharifdehkordi/E2E/3d/results_decomp_mismatch/decomp_mismatch.nc4-4005036033-2888081.loc	/work	lustre
POSIX	12	15634375788946986981	POSIX_SIZE_WRITE_100_1K	0	/work/hdd/bdau/mbanisharifdehkordi/E2E/3d/results_decomp_mismatch/decomp_mismatch.nc4-4005036033-2888081.loc	/work	lustre
POSIX	12	15634375788946986981	POSIX_SIZE_WRITE_1K_10K	0	/work/hdd/bdau/mbanisharifdehkordi/E2E/3d/results_decomp_mismatch/decomp_mismatch.nc4-4005036033-2888081.loc	/work	lustre
POSIX	12	15634375788946986981	POSIX_SIZE_WRITE_10K_100K	0	/work/hdd/bdau/mbanisharifdehkordi/E2E/3d/results_decomp_mismatch/decomp_mismatch.nc4-4005036033-2888081.loc	/work	lustre
POSIX	12	15634375788946986981	POSIX_SIZE_WRITE_100K_1M	0	/work/hdd/bdau/mbanisharifdehkordi/E2E/3d/results_decomp_mismatch/decomp_mismatch.nc4-4005036033-2888081.loc	/work	lustre
POSIX	12	15634375788946986981	POSIX_SIZE_WRITE_1M_4M	0	/work/hdd/bdau/mbanisharifdehkordi/E2E/3d/results_decomp_mismatch/decomp_mismatch.nc4-4005036033-2888081.loc	/work	lustre
POSIX	12	15634375788946986981	POSIX_SIZE_WRITE_4M_10M	0	/work/hdd/bdau/mbanisharifdehkordi/E2E/3d/results_decomp_mismatch/decomp_mismatch.nc4-4005036033-2888081.loc	/work	lustre
POSIX	12	15634375788946986981	POSIX_SIZE_WRITE_10M_100M	0	/work/hdd/bdau/mbanisharifdehkordi/E2E/3d/results_decomp_mismatch/decomp_mismatch.nc4-4005036033-2888081.loc	/work	lustre
POSIX	12	15634375788946986981	POSIX_SIZE_WRITE_100M_1G	0	/work/hdd/bdau/mbanisharifdehkordi/E2E/3d/results_decomp_mismatch/decomp_mismatch.nc4-4005036033-2888081.loc	/work	lustre
POSIX	12	15634375788946986981	POSIX_SIZE_WRITE_1G_PLUS	0	/work/hdd/bdau/mbanisharifdehkordi/E2E/3d/results_decomp_mismatch/decomp_mismatch.nc4-4005036033-2888081.loc	/work	lustre
POSIX	13	327056602991395268	POSIX_WRITES	0	/work/hdd/bdau/mbanisharifdehkordi/E2E/3d/results_decomp_mismatch/decomp_mismatch.nc4.locktest.13	/work	lustre
POSIX	13	327056602991395268	POSIX_FILE_NOT_ALIGNED	0	/work/hdd/bdau/mbanisharifdehkordi/E2E/3d/results_decomp_mismatch/decomp_mismatch.nc4.locktest.13	/work	lustre
POSIX	13	327056602991395268	POSIX_SIZE_WRITE_0_100	0	/work/hdd/bdau/mbanisharifdehkordi/E2E/3d/results_decomp_mismatch/decomp_mismatch.nc4.locktest.13	/work	lustre
POSIX	13	327056602991395268	POSIX_SIZE_WRITE_100_1K	0	/work/hdd/bdau/mbanisharifdehkordi/E2E/3d/results_decomp_mismatch/decomp_mismatch.nc4.locktest.13	/work	lustre
POSIX	13	327056602991395268	POSIX_SIZE_WRITE_1K_10K	0	/work/hdd/bdau/mbanisharifdehkordi/E2E/3d/results_decomp_mismatch/decomp_mismatch.nc4.locktest.13	/work	lustre
POSIX	13	327056602991395268	POSIX_SIZE_WRITE_10K_100K	0	/work/hdd/bdau/mbanisharifdehkordi/E2E/3d/results_decomp_mismatch/decomp_mismatch.nc4.locktest.13	/work	lustre
POSIX	13	327056602991395268	POSIX_SIZE_WRITE_100K_1M	0	/work/hdd/bdau/mbanisharifdehkordi/E2E/3d/results_decomp_mismatch/decomp_mismatch.nc4.locktest.13	/work	lustre
POSIX	13	327056602991395268	POSIX_SIZE_WRITE_1M_4M	0	/work/hdd/bdau/mbanisharifdehkordi/E2E/3d/results_decomp_mismatch/decomp_mismatch.nc4.locktest.13	/work	lustre
POSIX	13	327056602991395268	POSIX_SIZE_WRITE_4M_10M	0	/work/hdd/bdau/mbanisharifdehkordi/E2E/3d/results_decomp_mismatch/decomp_mismatch.nc4.locktest.13	/work	lustre
POSIX	13	327056602991395268	POSIX_SIZE_WRITE_10M_100M	0	/work/hdd/bdau/mbanisharifdehkordi/E2E/3d/results_decomp_mismatch/decomp_mismatch.nc4.locktest.13	/work	lustre
POSIX	13	327056602991395268	POSIX_SIZE_WRITE_100M_1G	0	/work/hdd/bdau/mbanisharifdehkordi/E2E/3d/results_decomp_mismatch/decomp_mismatch.nc4.locktest.13	/work	lustre
POSIX	13	327056602991395268	POSIX_SIZE_WRITE_1G_PLUS	0	/work/hdd/bdau/mbanisharifdehkordi/E2E/3d/results_decomp_mismatch/decomp_mismatch.nc4.locktest.13	/work	lustre
POSIX	13	8796968004350111049	POSIX_WRITES	0	/work/hdd/bdau/mbanisharifdehkordi/E2E/3d/results_decomp_mismatch/decomp_mismatch.nc4	/work	lustre
POSIX	13	8796968004350111049	POSIX_FILE_NOT_ALIGNED	0	/work/hdd/bdau/mbanisharifdehkordi/E2E/3d/results_decomp_mismatch/decomp_mismatch.nc4	/work	lustre
POSIX	13	8796968004350111049	POSIX_SIZE_WRITE_0_100	0	/work/hdd/bdau/mbanisharifdehkordi/E2E/3d/results_decomp_mismatch/decomp_mismatch.nc4	/work	lustre
POSIX	13	8796968004350111049	POSIX_SIZE_WRITE_100_1K	0	/work/hdd/bdau/mbanisharifdehkordi/E2E/3d/results_decomp_mismatch/decomp_mismatch.nc4	/work	lustre
POSIX	13	8796968004350111049	POSIX_SIZE_WRITE_1K_10K	0	/work/hdd/bdau/mbanisharifdehkordi/E2E/3d/results_decomp_mismatch/decomp_mismatch.nc4	/work	lustre
POSIX	13	8796968004350111049	POSIX_SIZE_WRITE_10K_100K	0	/work/hdd/bdau/mbanisharifdehkordi/E2E/3d/results_decomp_mismatch/decomp_mismatch.nc4	/work	lustre
POSIX	13	8796968004350111049	POSIX_SIZE_WRITE_100K_1M	0	/work/hdd/bdau/mbanisharifdehkordi/E2E/3d/results_decomp_mismatch/decomp_mismatch.nc4	/work	lustre
POSIX	13	8796968004350111049	POSIX_SIZE_WRITE_1M_4M	0	/work/hdd/bdau/mbanisharifdehkordi/E2E/3d/results_decomp_mismatch/decomp_mismatch.nc4	/work	lustre
POSIX	13	8796968004350111049	POSIX_SIZE_WRITE_4M_10M	0	/work/hdd/bdau/mbanisharifdehkordi/E2E/3d/results_decomp_mismatch/decomp_mismatch.nc4	/work	lustre
POSIX	13	8796968004350111049	POSIX_SIZE_WRITE_10M_100M	0	/work/hdd/bdau/mbanisharifdehkordi/E2E/3d/results_decomp_mismatch/decomp_mismatch.nc4	/work	lustre
POSIX	13	8796968004350111049	POSIX_SIZE_WRITE_100M_1G	0	/work/hdd/bdau/mbanisharifdehkordi/E2E/3d/results_decomp_mismatch/decomp_mismatch.nc4	/work	lustre
POSIX	13	8796968004350111049	POSIX_SIZE_WRITE_1G_PLUS	0	/work/hdd/bdau/mbanisharifdehkordi/E2E/3d/results_decomp_mismatch/decomp_mismatch.nc4	/work	lustre
POSIX	13	6939792131935133011	POSIX_WRITES	0	/work/hdd/bdau/mbanisharifdehkordi/E2E/3d/results_decomp_mismatch/.	/work	lustre
POSIX	13	6939792131935133011	POSIX_FILE_NOT_ALIGNED	0	/work/hdd/bdau/mbanisharifdehkordi/E2E/3d/results_decomp_mismatch/.	/work	lustre
POSIX	13	6939792131935133011	POSIX_SIZE_WRITE_0_100	0	/work/hdd/bdau/mbanisharifdehkordi/E2E/3d/results_decomp_mismatch/.	/work	lustre
POSIX	13	6939792131935133011	POSIX_SIZE_WRITE_100_1K	0	/work/hdd/bdau/mbanisharifdehkordi/E2E/3d/results_decomp_mismatch/.	/work	lustre
POSIX	13	6939792131935133011	POSIX_SIZE_WRITE_1K_10K	0	/work/hdd/bdau/mbanisharifdehkordi/E2E/3d/results_decomp_mismatch/.	/work	lustre
POSIX	13	6939792131935133011	POSIX_SIZE_WRITE_10K_100K	0	/work/hdd/bdau/mbanisharifdehkordi/E2E/3d/results_decomp_mismatch/.	/work	lustre
POSIX	13	6939792131935133011	POSIX_SIZE_WRITE_100K_1M	0	/work/hdd/bdau/mbanisharifdehkordi/E2E/3d/results_decomp_mismatch/.	/work	lustre
POSIX	13	6939792131935133011	POSIX_SIZE_WRITE_1M_4M	0	/work/hdd/bdau/mbanisharifdehkordi/E2E/3d/results_decomp_mismatch/.	/work	lustre
POSIX	13	6939792131935133011	POSIX_SIZE_WRITE_4M_10M	0	/work/hdd/bdau/mbanisharifdehkordi/E2E/3d/results_decomp_mismatch/.	/work	lustre
POSIX	13	6939792131935133011	POSIX_SIZE_WRITE_10M_100M	0	/work/hdd/bdau/mbanisharifdehkordi/E2E/3d/results_decomp_mismatch/.	/work	lustre
POSIX	13	6939792131935133011	POSIX_SIZE_WRITE_100M_1G	0	/work/hdd/bdau/mbanisharifdehkordi/E2E/3d/results_decomp_mismatch/.	/work	lustre
POSIX	13	6939792131935133011	POSIX_SIZE_WRITE_1G_PLUS	0	/work/hdd/bdau/mbanisharifdehkordi/E2E/3d/results_decomp_mismatch/.	/work	lustre
POSIX	13	15634375788946986981	POSIX_WRITES	0	/work/hdd/bdau/mbanisharifdehkordi/E2E/3d/results_decomp_mismatch/decomp_mismatch.nc4-4005036033-2888081.loc	/work	lustre
POSIX	13	15634375788946986981	POSIX_FILE_NOT_ALIGNED	0	/work/hdd/bdau/mbanisharifdehkordi/E2E/3d/results_decomp_mismatch/decomp_mismatch.nc4-4005036033-2888081.loc	/work	lustre
POSIX	13	15634375788946986981	POSIX_SIZE_WRITE_0_100	0	/work/hdd/bdau/mbanisharifdehkordi/E2E/3d/results_decomp_mismatch/decomp_mismatch.nc4-4005036033-2888081.loc	/work	lustre
POSIX	13	15634375788946986981	POSIX_SIZE_WRITE_100_1K	0	/work/hdd/bdau/mbanisharifdehkordi/E2E/3d/results_decomp_mismatch/decomp_mismatch.nc4-4005036033-2888081.loc	/work	lustre
POSIX	13	15634375788946986981	POSIX_SIZE_WRITE_1K_10K	0	/work/hdd/bdau/mbanisharifdehkordi/E2E/3d/results_decomp_mismatch/decomp_mismatch.nc4-4005036033-2888081.loc	/work	lustre
POSIX	13	15634375788946986981	POSIX_SIZE_WRITE_10K_100K	0	/work/hdd/bdau/mbanisharifdehkordi/E2E/3d/results_decomp_mismatch/decomp_mismatch.nc4-4005036033-2888081.loc	/work	lustre
POSIX	13	15634375788946986981	POSIX_SIZE_WRITE_100K_1M	0	/work/hdd/bdau/mbanisharifdehkordi/E2E/3d/results_decomp_mismatch/decomp_mismatch.nc4-4005036033-2888081.loc	/work	lustre
POSIX	13	15634375788946986981	POSIX_SIZE_WRITE_1M_4M	0	/work/hdd/bdau/mbanisharifdehkordi/E2E/3d/results_decomp_mismatch/decomp_mismatch.nc4-4005036033-2888081.loc	/work	lustre
POSIX	13	15634375788946986981	POSIX_SIZE_WRITE_4M_10M	0	/work/hdd/bdau/mbanisharifdehkordi/E2E/3d/results_decomp_mismatch/decomp_mismatch.nc4-4005036033-2888081.loc	/work	lustre
POSIX	13	15634375788946986981	POSIX_SIZE_WRITE_10M_100M	0	/work/hdd/bdau/mbanisharifdehkordi/E2E/3d/results_decomp_mismatch/decomp_mismatch.nc4-4005036033-2888081.loc	/work	lustre
POSIX	13	15634375788946986981	POSIX_SIZE_WRITE_100M_1G	0	/work/hdd/bdau/mbanisharifdehkordi/E2E/3d/results_decomp_mismatch/decomp_mismatch.nc4-4005036033-2888081.loc	/work	lustre
POSIX	13	15634375788946986981	POSIX_SIZE_WRITE_1G_PLUS	0	/work/hdd/bdau/mbanisharifdehkordi/E2E/3d/results_decomp_mismatch/decomp_mismatch.nc4-4005036033-2888081.loc	/work	lustre
POSIX	14	17941303455579210182	POSIX_WRITES	0	/work/hdd/bdau/mbanisharifdehkordi/E2E/3d/results_decomp_mismatch/decomp_mismatch.nc4.locktest.14	/work	lustre
POSIX	14	17941303455579210182	POSIX_FILE_NOT_ALIGNED	0	/work/hdd/bdau/mbanisharifdehkordi/E2E/3d/results_decomp_mismatch/decomp_mismatch.nc4.locktest.14	/work	lustre
POSIX	14	17941303455579210182	POSIX_SIZE_WRITE_0_100	0	/work/hdd/bdau/mbanisharifdehkordi/E2E/3d/results_decomp_mismatch/decomp_mismatch.nc4.locktest.14	/work	lustre
POSIX	14	17941303455579210182	POSIX_SIZE_WRITE_100_1K	0	/work/hdd/bdau/mbanisharifdehkordi/E2E/3d/results_decomp_mismatch/decomp_mismatch.nc4.locktest.14	/work	lustre
POSIX	14	17941303455579210182	POSIX_SIZE_WRITE_1K_10K	0	/work/hdd/bdau/mbanisharifdehkordi/E2E/3d/results_decomp_mismatch/decomp_mismatch.nc4.locktest.14	/work	lustre
POSIX	14	17941303455579210182	POSIX_SIZE_WRITE_10K_100K	0	/work/hdd/bdau/mbanisharifdehkordi/E2E/3d/results_decomp_mismatch/decomp_mismatch.nc4.locktest.14	/work	lustre
POSIX	14	17941303455579210182	POSIX_SIZE_WRITE_100K_1M	0	/work/hdd/bdau/mbanisharifdehkordi/E2E/3d/results_decomp_mismatch/decomp_mismatch.nc4.locktest.14	/work	lustre
POSIX	14	17941303455579210182	POSIX_SIZE_WRITE_1M_4M	0	/work/hdd/bdau/mbanisharifdehkordi/E2E/3d/results_decomp_mismatch/decomp_mismatch.nc4.locktest.14	/work	lustre
POSIX	14	17941303455579210182	POSIX_SIZE_WRITE_4M_10M	0	/work/hdd/bdau/mbanisharifdehkordi/E2E/3d/results_decomp_mismatch/decomp_mismatch.nc4.locktest.14	/work	lustre
POSIX	14	17941303455579210182	POSIX_SIZE_WRITE_10M_100M	0	/work/hdd/bdau/mbanisharifdehkordi/E2E/3d/results_decomp_mismatch/decomp_mismatch.nc4.locktest.14	/work	lustre
POSIX	14	17941303455579210182	POSIX_SIZE_WRITE_100M_1G	0	/work/hdd/bdau/mbanisharifdehkordi/E2E/3d/results_decomp_mismatch/decomp_mismatch.nc4.locktest.14	/work	lustre
POSIX	14	17941303455579210182	POSIX_SIZE_WRITE_1G_PLUS	0	/work/hdd/bdau/mbanisharifdehkordi/E2E/3d/results_decomp_mismatch/decomp_mismatch.nc4.locktest.14	/work	lustre
POSIX	14	8796968004350111049	POSIX_WRITES	0	/work/hdd/bdau/mbanisharifdehkordi/E2E/3d/results_decomp_mismatch/decomp_mismatch.nc4	/work	lustre
POSIX	14	8796968004350111049	POSIX_FILE_NOT_ALIGNED	0	/work/hdd/bdau/mbanisharifdehkordi/E2E/3d/results_decomp_mismatch/decomp_mismatch.nc4	/work	lustre
POSIX	14	8796968004350111049	POSIX_SIZE_WRITE_0_100	0	/work/hdd/bdau/mbanisharifdehkordi/E2E/3d/results_decomp_mismatch/decomp_mismatch.nc4	/work	lustre
POSIX	14	8796968004350111049	POSIX_SIZE_WRITE_100_1K	0	/work/hdd/bdau/mbanisharifdehkordi/E2E/3d/results_decomp_mismatch/decomp_mismatch.nc4	/work	lustre
POSIX	14	8796968004350111049	POSIX_SIZE_WRITE_1K_10K	0	/work/hdd/bdau/mbanisharifdehkordi/E2E/3d/results_decomp_mismatch/decomp_mismatch.nc4	/work	lustre
POSIX	14	8796968004350111049	POSIX_SIZE_WRITE_10K_100K	0	/work/hdd/bdau/mbanisharifdehkordi/E2E/3d/results_decomp_mismatch/decomp_mismatch.nc4	/work	lustre
POSIX	14	8796968004350111049	POSIX_SIZE_WRITE_100K_1M	0	/work/hdd/bdau/mbanisharifdehkordi/E2E/3d/results_decomp_mismatch/decomp_mismatch.nc4	/work	lustre
POSIX	14	8796968004350111049	POSIX_SIZE_WRITE_1M_4M	0	/work/hdd/bdau/mbanisharifdehkordi/E2E/3d/results_decomp_mismatch/decomp_mismatch.nc4	/work	lustre
POSIX	14	8796968004350111049	POSIX_SIZE_WRITE_4M_10M	0	/work/hdd/bdau/mbanisharifdehkordi/E2E/3d/results_decomp_mismatch/decomp_mismatch.nc4	/work	lustre
POSIX	14	8796968004350111049	POSIX_SIZE_WRITE_10M_100M	0	/work/hdd/bdau/mbanisharifdehkordi/E2E/3d/results_decomp_mismatch/decomp_mismatch.nc4	/work	lustre
POSIX	14	8796968004350111049	POSIX_SIZE_WRITE_100M_1G	0	/work/hdd/bdau/mbanisharifdehkordi/E2E/3d/results_decomp_mismatch/decomp_mismatch.nc4	/work	lustre
POSIX	14	8796968004350111049	POSIX_SIZE_WRITE_1G_PLUS	0	/work/hdd/bdau/mbanisharifdehkordi/E2E/3d/results_decomp_mismatch/decomp_mismatch.nc4	/work	lustre
POSIX	14	6939792131935133011	POSIX_WRITES	0	/work/hdd/bdau/mbanisharifdehkordi/E2E/3d/results_decomp_mismatch/.	/work	lustre
POSIX	14	6939792131935133011	POSIX_FILE_NOT_ALIGNED	0	/work/hdd/bdau/mbanisharifdehkordi/E2E/3d/results_decomp_mismatch/.	/work	lustre
POSIX	14	6939792131935133011	POSIX_SIZE_WRITE_0_100	0	/work/hdd/bdau/mbanisharifdehkordi/E2E/3d/results_decomp_mismatch/.	/work	lustre
POSIX	14	6939792131935133011	POSIX_SIZE_WRITE_100_1K	0	/work/hdd/bdau/mbanisharifdehkordi/E2E/3d/results_decomp_mismatch/.	/work	lustre
POSIX	14	6939792131935133011	POSIX_SIZE_WRITE_1K_10K	0	/work/hdd/bdau/mbanisharifdehkordi/E2E/3d/results_decomp_mismatch/.	/work	lustre
POSIX	14	6939792131935133011	POSIX_SIZE_WRITE_10K_100K	0	/work/hdd/bdau/mbanisharifdehkordi/E2E/3d/results_decomp_mismatch/.	/work	lustre
POSIX	14	6939792131935133011	POSIX_SIZE_WRITE_100K_1M	0	/work/hdd/bdau/mbanisharifdehkordi/E2E/3d/results_decomp_mismatch/.	/work	lustre
POSIX	14	6939792131935133011	POSIX_SIZE_WRITE_1M_4M	0	/work/hdd/bdau/mbanisharifdehkordi/E2E/3d/results_decomp_mismatch/.	/work	lustre
POSIX	14	6939792131935133011	POSIX_SIZE_WRITE_4M_10M	0	/work/hdd/bdau/mbanisharifdehkordi/E2E/3d/results_decomp_mismatch/.	/work	lustre
POSIX	14	6939792131935133011	POSIX_SIZE_WRITE_10M_100M	0	/work/hdd/bdau/mbanisharifdehkordi/E2E/3d/results_decomp_mismatch/.	/work	lustre
POSIX	14	6939792131935133011	POSIX_SIZE_WRITE_100M_1G	0	/work/hdd/bdau/mbanisharifdehkordi/E2E/3d/results_decomp_mismatch/.	/work	lustre
POSIX	14	6939792131935133011	POSIX_SIZE_WRITE_1G_PLUS	0	/work/hdd/bdau/mbanisharifdehkordi/E2E/3d/results_decomp_mismatch/.	/work	lustre
POSIX	14	15634375788946986981	POSIX_WRITES	0	/work/hdd/bdau/mbanisharifdehkordi/E2E/3d/results_decomp_mismatch/decomp_mismatch.nc4-4005036033-2888081.loc	/work	lustre
POSIX	14	15634375788946986981	POSIX_FILE_NOT_ALIGNED	0	/work/hdd/bdau/mbanisharifdehkordi/E2E/3d/results_decomp_mismatch/decomp_mismatch.nc4-4005036033-2888081.loc	/work	lustre
POSIX	14	15634375788946986981	POSIX_SIZE_WRITE_0_100	0	/work/hdd/bdau/mbanisharifdehkordi/E2E/3d/results_decomp_mismatch/decomp_mismatch.nc4-4005036033-2888081.loc	/work	lustre
POSIX	14	15634375788946986981	POSIX_SIZE_WRITE_100_1K	0	/work/hdd/bdau/mbanisharifdehkordi/E2E/3d/results_decomp_mismatch/decomp_mismatch.nc4-4005036033-2888081.loc	/work	lustre
POSIX	14	15634375788946986981	POSIX_SIZE_WRITE_1K_10K	0	/work/hdd/bdau/mbanisharifdehkordi/E2E/3d/results_decomp_mismatch/decomp_mismatch.nc4-4005036033-2888081.loc	/work	lustre
POSIX	14	15634375788946986981	POSIX_SIZE_WRITE_10K_100K	0	/work/hdd/bdau/mbanisharifdehkordi/E2E/3d/results_decomp_mismatch/decomp_mismatch.nc4-4005036033-2888081.loc	/work	lustre
POSIX	14	15634375788946986981	POSIX_SIZE_WRITE_100K_1M	0	/work/hdd/bdau/mbanisharifdehkordi/E2E/3d/results_decomp_mismatch/decomp_mismatch.nc4-4005036033-2888081.loc	/work	lustre
POSIX	14	15634375788946986981	POSIX_SIZE_WRITE_1M_4M	0	/work/hdd/bdau/mbanisharifdehkordi/E2E/3d/results_decomp_mismatch/decomp_mismatch.nc4-4005036033-2888081.loc	/work	lustre
POSIX	14	15634375788946986981	POSIX_SIZE_WRITE_4M_10M	0	/work/hdd/bdau/mbanisharifdehkordi/E2E/3d/results_decomp_mismatch/decomp_mismatch.nc4-4005036033-2888081.loc	/work	lustre
POSIX	14	15634375788946986981	POSIX_SIZE_WRITE_10M_100M	0	/work/hdd/bdau/mbanisharifdehkordi/E2E/3d/results_decomp_mismatch/decomp_mismatch.nc4-4005036033-2888081.loc	/work	lustre
POSIX	14	15634375788946986981	POSIX_SIZE_WRITE_100M_1G	0	/work/hdd/bdau/mbanisharifdehkordi/E2E/3d/results_decomp_mismatch/decomp_mismatch.nc4-4005036033-2888081.loc	/work	lustre
POSIX	14	15634375788946986981	POSIX_SIZE_WRITE_1G_PLUS	0	/work/hdd/bdau/mbanisharifdehkordi/E2E/3d/results_decomp_mismatch/decomp_mismatch.nc4-4005036033-2888081.loc	/work	lustre
POSIX	15	8561695637737126906	POSIX_WRITES	0	/work/hdd/bdau/mbanisharifdehkordi/E2E/3d/results_decomp_mismatch/decomp_mismatch.nc4.locktest.15	/work	lustre
POSIX	15	8561695637737126906	POSIX_FILE_NOT_ALIGNED	0	/work/hdd/bdau/mbanisharifdehkordi/E2E/3d/results_decomp_mismatch/decomp_mismatch.nc4.locktest.15	/work	lustre
POSIX	15	8561695637737126906	POSIX_SIZE_WRITE_0_100	0	/work/hdd/bdau/mbanisharifdehkordi/E2E/3d/results_decomp_mismatch/decomp_mismatch.nc4.locktest.15	/work	lustre
POSIX	15	8561695637737126906	POSIX_SIZE_WRITE_100_1K	0	/work/hdd/bdau/mbanisharifdehkordi/E2E/3d/results_decomp_mismatch/decomp_mismatch.nc4.locktest.15	/work	lustre
POSIX	15	8561695637737126906	POSIX_SIZE_WRITE_1K_10K	0	/work/hdd/bdau/mbanisharifdehkordi/E2E/3d/results_decomp_mismatch/decomp_mismatch.nc4.locktest.15	/work	lustre
POSIX	15	8561695637737126906	POSIX_SIZE_WRITE_10K_100K	0	/work/hdd/bdau/mbanisharifdehkordi/E2E/3d/results_decomp_mismatch/decomp_mismatch.nc4.locktest.15	/work	lustre
POSIX	15	8561695637737126906	POSIX_SIZE_WRITE_100K_1M	0	/work/hdd/bdau/mbanisharifdehkordi/E2E/3d/results_decomp_mismatch/decomp_mismatch.nc4.locktest.15	/work	lustre
POSIX	15	8561695637737126906	POSIX_SIZE_WRITE_1M_4M	0	/work/hdd/bdau/mbanisharifdehkordi/E2E/3d/results_decomp_mismatch/decomp_mismatch.nc4.locktest.15	/work	lustre
POSIX	15	8561695637737126906	POSIX_SIZE_WRITE_4M_10M	0	/work/hdd/bdau/mbanisharifdehkordi/E2E/3d/results_decomp_mismatch/decomp_mismatch.nc4.locktest.15	/work	lustre
POSIX	15	8561695637737126906	POSIX_SIZE_WRITE_10M_100M	0	/work/hdd/bdau/mbanisharifdehkordi/E2E/3d/results_decomp_mismatch/decomp_mismatch.nc4.locktest.15	/work	lustre
POSIX	15	8561695637737126906	POSIX_SIZE_WRITE_100M_1G	0	/work/hdd/bdau/mbanisharifdehkordi/E2E/3d/results_decomp_mismatch/decomp_mismatch.nc4.locktest.15	/work	lustre
POSIX	15	8561695637737126906	POSIX_SIZE_WRITE_1G_PLUS	0	/work/hdd/bdau/mbanisharifdehkordi/E2E/3d/results_decomp_mismatch/decomp_mismatch.nc4.locktest.15	/work	lustre
POSIX	15	8796968004350111049	POSIX_WRITES	0	/work/hdd/bdau/mbanisharifdehkordi/E2E/3d/results_decomp_mismatch/decomp_mismatch.nc4	/work	lustre
POSIX	15	8796968004350111049	POSIX_FILE_NOT_ALIGNED	0	/work/hdd/bdau/mbanisharifdehkordi/E2E/3d/results_decomp_mismatch/decomp_mismatch.nc4	/work	lustre
POSIX	15	8796968004350111049	POSIX_SIZE_WRITE_0_100	0	/work/hdd/bdau/mbanisharifdehkordi/E2E/3d/results_decomp_mismatch/decomp_mismatch.nc4	/work	lustre
POSIX	15	8796968004350111049	POSIX_SIZE_WRITE_100_1K	0	/work/hdd/bdau/mbanisharifdehkordi/E2E/3d/results_decomp_mismatch/decomp_mismatch.nc4	/work	lustre
POSIX	15	8796968004350111049	POSIX_SIZE_WRITE_1K_10K	0	/work/hdd/bdau/mbanisharifdehkordi/E2E/3d/results_decomp_mismatch/decomp_mismatch.nc4	/work	lustre
POSIX	15	8796968004350111049	POSIX_SIZE_WRITE_10K_100K	0	/work/hdd/bdau/mbanisharifdehkordi/E2E/3d/results_decomp_mismatch/decomp_mismatch.nc4	/work	lustre
POSIX	15	8796968004350111049	POSIX_SIZE_WRITE_100K_1M	0	/work/hdd/bdau/mbanisharifdehkordi/E2E/3d/results_decomp_mismatch/decomp_mismatch.nc4	/work	lustre
POSIX	15	8796968004350111049	POSIX_SIZE_WRITE_1M_4M	0	/work/hdd/bdau/mbanisharifdehkordi/E2E/3d/results_decomp_mismatch/decomp_mismatch.nc4	/work	lustre
POSIX	15	8796968004350111049	POSIX_SIZE_WRITE_4M_10M	0	/work/hdd/bdau/mbanisharifdehkordi/E2E/3d/results_decomp_mismatch/decomp_mismatch.nc4	/work	lustre
POSIX	15	8796968004350111049	POSIX_SIZE_WRITE_10M_100M	0	/work/hdd/bdau/mbanisharifdehkordi/E2E/3d/results_decomp_mismatch/decomp_mismatch.nc4	/work	lustre
POSIX	15	8796968004350111049	POSIX_SIZE_WRITE_100M_1G	0	/work/hdd/bdau/mbanisharifdehkordi/E2E/3d/results_decomp_mismatch/decomp_mismatch.nc4	/work	lustre
POSIX	15	8796968004350111049	POSIX_SIZE_WRITE_1G_PLUS	0	/work/hdd/bdau/mbanisharifdehkordi/E2E/3d/results_decomp_mismatch/decomp_mismatch.nc4	/work	lustre
POSIX	15	6939792131935133011	POSIX_WRITES	0	/work/hdd/bdau/mbanisharifdehkordi/E2E/3d/results_decomp_mismatch/.	/work	lustre
POSIX	15	6939792131935133011	POSIX_FILE_NOT_ALIGNED	0	/work/hdd/bdau/mbanisharifdehkordi/E2E/3d/results_decomp_mismatch/.	/work	lustre
POSIX	15	6939792131935133011	POSIX_SIZE_WRITE_0_100	0	/work/hdd/bdau/mbanisharifdehkordi/E2E/3d/results_decomp_mismatch/.	/work	lustre
POSIX	15	6939792131935133011	POSIX_SIZE_WRITE_100_1K	0	/work/hdd/bdau/mbanisharifdehkordi/E2E/3d/results_decomp_mismatch/.	/work	lustre
POSIX	15	6939792131935133011	POSIX_SIZE_WRITE_1K_10K	0	/work/hdd/bdau/mbanisharifdehkordi/E2E/3d/results_decomp_mismatch/.	/work	lustre
POSIX	15	6939792131935133011	POSIX_SIZE_WRITE_10K_100K	0	/work/hdd/bdau/mbanisharifdehkordi/E2E/3d/results_decomp_mismatch/.	/work	lustre
POSIX	15	6939792131935133011	POSIX_SIZE_WRITE_100K_1M	0	/work/hdd/bdau/mbanisharifdehkordi/E2E/3d/results_decomp_mismatch/.	/work	lustre
POSIX	15	6939792131935133011	POSIX_SIZE_WRITE_1M_4M	0	/work/hdd/bdau/mbanisharifdehkordi/E2E/3d/results_decomp_mismatch/.	/work	lustre
POSIX	15	6939792131935133011	POSIX_SIZE_WRITE_4M_10M	0	/work/hdd/bdau/mbanisharifdehkordi/E2E/3d/results_decomp_mismatch/.	/work	lustre
POSIX	15	6939792131935133011	POSIX_SIZE_WRITE_10M_100M	0	/work/hdd/bdau/mbanisharifdehkordi/E2E/3d/results_decomp_mismatch/.	/work	lustre
POSIX	15	6939792131935133011	POSIX_SIZE_WRITE_100M_1G	0	/work/hdd/bdau/mbanisharifdehkordi/E2E/3d/results_decomp_mismatch/.	/work	lustre
POSIX	15	6939792131935133011	POSIX_SIZE_WRITE_1G_PLUS	0	/work/hdd/bdau/mbanisharifdehkordi/E2E/3d/results_decomp_mismatch/.	/work	lustre
POSIX	15	15634375788946986981	POSIX_WRITES	0	/work/hdd/bdau/mbanisharifdehkordi/E2E/3d/results_decomp_mismatch/decomp_mismatch.nc4-4005036033-2888081.loc	/work	lustre
POSIX	15	15634375788946986981	POSIX_FILE_NOT_ALIGNED	0	/work/hdd/bdau/mbanisharifdehkordi/E2E/3d/results_decomp_mismatch/decomp_mismatch.nc4-4005036033-2888081.loc	/work	lustre
POSIX	15	15634375788946986981	POSIX_SIZE_WRITE_0_100	0	/work/hdd/bdau/mbanisharifdehkordi/E2E/3d/results_decomp_mismatch/decomp_mismatch.nc4-4005036033-2888081.loc	/work	lustre
POSIX	15	15634375788946986981	POSIX_SIZE_WRITE_100_1K	0	/work/hdd/bdau/mbanisharifdehkordi/E2E/3d/results_decomp_mismatch/decomp_mismatch.nc4-4005036033-2888081.loc	/work	lustre
POSIX	15	15634375788946986981	POSIX_SIZE_WRITE_1K_10K	0	/work/hdd/bdau/mbanisharifdehkordi/E2E/3d/results_decomp_mismatch/decomp_mismatch.nc4-4005036033-2888081.loc	/work	lustre
POSIX	15	15634375788946986981	POSIX_SIZE_WRITE_10K_100K	0	/work/hdd/bdau/mbanisharifdehkordi/E2E/3d/results_decomp_mismatch/decomp_mismatch.nc4-4005036033-2888081.loc	/work	lustre
POSIX	15	15634375788946986981	POSIX_SIZE_WRITE_100K_1M	0	/work/hdd/bdau/mbanisharifdehkordi/E2E/3d/results_decomp_mismatch/decomp_mismatch.nc4-4005036033-2888081.loc	/work	lustre
POSIX	15	15634375788946986981	POSIX_SIZE_WRITE_1M_4M	0	/work/hdd/bdau/mbanisharifdehkordi/E2E/3d/results_decomp_mismatch/decomp_mismatch.nc4-4005036033-2888081.loc	/work	lustre
POSIX	15	15634375788946986981	POSIX_SIZE_WRITE_4M_10M	0	/work/hdd/bdau/mbanisharifdehkordi/E2E/3d/results_decomp_mismatch/decomp_mismatch.nc4-4005036033-2888081.loc	/work	lustre
POSIX	15	15634375788946986981	POSIX_SIZE_WRITE_10M_100M	0	/work/hdd/bdau/mbanisharifdehkordi/E2E/3d/results_decomp_mismatch/decomp_mismatch.nc4-4005036033-2888081.loc	/work	lustre
POSIX	15	15634375788946986981	POSIX_SIZE_WRITE_100M_1G	0	/work/hdd/bdau/mbanisharifdehkordi/E2E/3d/results_decomp_mismatch/decomp_mismatch.nc4-4005036033-2888081.loc	/work	lustre
POSIX	15	15634375788946986981	POSIX_SIZE_WRITE_1G_PLUS	0	/work/hdd/bdau/mbanisharifdehkordi/E2E/3d/results_decomp_mismatch/decomp_mismatch.nc4-4005036033-2888081.loc	/work	lustre
POSIX	16	3001419771125906380	POSIX_WRITES	0	/work/hdd/bdau/mbanisharifdehkordi/E2E/3d/results_decomp_mismatch/decomp_mismatch.nc4.locktest.16	/work	lustre
POSIX	16	3001419771125906380	POSIX_FILE_NOT_ALIGNED	0	/work/hdd/bdau/mbanisharifdehkordi/E2E/3d/results_decomp_mismatch/decomp_mismatch.nc4.locktest.16	/work	lustre
POSIX	16	3001419771125906380	POSIX_SIZE_WRITE_0_100	0	/work/hdd/bdau/mbanisharifdehkordi/E2E/3d/results_decomp_mismatch/decomp_mismatch.nc4.locktest.16	/work	lustre
POSIX	16	3001419771125906380	POSIX_SIZE_WRITE_100_1K	0	/work/hdd/bdau/mbanisharifdehkordi/E2E/3d/results_decomp_mismatch/decomp_mismatch.nc4.locktest.16	/work	lustre
POSIX	16	3001419771125906380	POSIX_SIZE_WRITE_1K_10K	0	/work/hdd/bdau/mbanisharifdehkordi/E2E/3d/results_decomp_mismatch/decomp_mismatch.nc4.locktest.16	/work	lustre
POSIX	16	3001419771125906380	POSIX_SIZE_WRITE_10K_100K	0	/work/hdd/bdau/mbanisharifdehkordi/E2E/3d/results_decomp_mismatch/decomp_mismatch.nc4.locktest.16	/work	lustre
POSIX	16	3001419771125906380	POSIX_SIZE_WRITE_100K_1M	0	/work/hdd/bdau/mbanisharifdehkordi/E2E/3d/results_decomp_mismatch/decomp_mismatch.nc4.locktest.16	/work	lustre
POSIX	16	3001419771125906380	POSIX_SIZE_WRITE_1M_4M	0	/work/hdd/bdau/mbanisharifdehkordi/E2E/3d/results_decomp_mismatch/decomp_mismatch.nc4.locktest.16	/work	lustre
POSIX	16	3001419771125906380	POSIX_SIZE_WRITE_4M_10M	0	/work/hdd/bdau/mbanisharifdehkordi/E2E/3d/results_decomp_mismatch/decomp_mismatch.nc4.locktest.16	/work	lustre
POSIX	16	3001419771125906380	POSIX_SIZE_WRITE_10M_100M	0	/work/hdd/bdau/mbanisharifdehkordi/E2E/3d/results_decomp_mismatch/decomp_mismatch.nc4.locktest.16	/work	lustre
POSIX	16	3001419771125906380	POSIX_SIZE_WRITE_100M_1G	0	/work/hdd/bdau/mbanisharifdehkordi/E2E/3d/results_decomp_mismatch/decomp_mismatch.nc4.locktest.16	/work	lustre
POSIX	16	3001419771125906380	POSIX_SIZE_WRITE_1G_PLUS	0	/work/hdd/bdau/mbanisharifdehkordi/E2E/3d/results_decomp_mismatch/decomp_mismatch.nc4.locktest.16	/work	lustre
POSIX	16	8796968004350111049	POSIX_WRITES	0	/work/hdd/bdau/mbanisharifdehkordi/E2E/3d/results_decomp_mismatch/decomp_mismatch.nc4	/work	lustre
POSIX	16	8796968004350111049	POSIX_FILE_NOT_ALIGNED	0	/work/hdd/bdau/mbanisharifdehkordi/E2E/3d/results_decomp_mismatch/decomp_mismatch.nc4	/work	lustre
POSIX	16	8796968004350111049	POSIX_SIZE_WRITE_0_100	0	/work/hdd/bdau/mbanisharifdehkordi/E2E/3d/results_decomp_mismatch/decomp_mismatch.nc4	/work	lustre
POSIX	16	8796968004350111049	POSIX_SIZE_WRITE_100_1K	0	/work/hdd/bdau/mbanisharifdehkordi/E2E/3d/results_decomp_mismatch/decomp_mismatch.nc4	/work	lustre
POSIX	16	8796968004350111049	POSIX_SIZE_WRITE_1K_10K	0	/work/hdd/bdau/mbanisharifdehkordi/E2E/3d/results_decomp_mismatch/decomp_mismatch.nc4	/work	lustre
POSIX	16	8796968004350111049	POSIX_SIZE_WRITE_10K_100K	0	/work/hdd/bdau/mbanisharifdehkordi/E2E/3d/results_decomp_mismatch/decomp_mismatch.nc4	/work	lustre
POSIX	16	8796968004350111049	POSIX_SIZE_WRITE_100K_1M	0	/work/hdd/bdau/mbanisharifdehkordi/E2E/3d/results_decomp_mismatch/decomp_mismatch.nc4	/work	lustre
POSIX	16	8796968004350111049	POSIX_SIZE_WRITE_1M_4M	0	/work/hdd/bdau/mbanisharifdehkordi/E2E/3d/results_decomp_mismatch/decomp_mismatch.nc4	/work	lustre
POSIX	16	8796968004350111049	POSIX_SIZE_WRITE_4M_10M	0	/work/hdd/bdau/mbanisharifdehkordi/E2E/3d/results_decomp_mismatch/decomp_mismatch.nc4	/work	lustre
POSIX	16	8796968004350111049	POSIX_SIZE_WRITE_10M_100M	0	/work/hdd/bdau/mbanisharifdehkordi/E2E/3d/results_decomp_mismatch/decomp_mismatch.nc4	/work	lustre
POSIX	16	8796968004350111049	POSIX_SIZE_WRITE_100M_1G	0	/work/hdd/bdau/mbanisharifdehkordi/E2E/3d/results_decomp_mismatch/decomp_mismatch.nc4	/work	lustre
POSIX	16	8796968004350111049	POSIX_SIZE_WRITE_1G_PLUS	0	/work/hdd/bdau/mbanisharifdehkordi/E2E/3d/results_decomp_mismatch/decomp_mismatch.nc4	/work	lustre
POSIX	16	6939792131935133011	POSIX_WRITES	0	/work/hdd/bdau/mbanisharifdehkordi/E2E/3d/results_decomp_mismatch/.	/work	lustre
POSIX	16	6939792131935133011	POSIX_FILE_NOT_ALIGNED	0	/work/hdd/bdau/mbanisharifdehkordi/E2E/3d/results_decomp_mismatch/.	/work	lustre
POSIX	16	6939792131935133011	POSIX_SIZE_WRITE_0_100	0	/work/hdd/bdau/mbanisharifdehkordi/E2E/3d/results_decomp_mismatch/.	/work	lustre
POSIX	16	6939792131935133011	POSIX_SIZE_WRITE_100_1K	0	/work/hdd/bdau/mbanisharifdehkordi/E2E/3d/results_decomp_mismatch/.	/work	lustre
POSIX	16	6939792131935133011	POSIX_SIZE_WRITE_1K_10K	0	/work/hdd/bdau/mbanisharifdehkordi/E2E/3d/results_decomp_mismatch/.	/work	lustre
POSIX	16	6939792131935133011	POSIX_SIZE_WRITE_10K_100K	0	/work/hdd/bdau/mbanisharifdehkordi/E2E/3d/results_decomp_mismatch/.	/work	lustre
POSIX	16	6939792131935133011	POSIX_SIZE_WRITE_100K_1M	0	/work/hdd/bdau/mbanisharifdehkordi/E2E/3d/results_decomp_mismatch/.	/work	lustre
POSIX	16	6939792131935133011	POSIX_SIZE_WRITE_1M_4M	0	/work/hdd/bdau/mbanisharifdehkordi/E2E/3d/results_decomp_mismatch/.	/work	lustre
POSIX	16	6939792131935133011	POSIX_SIZE_WRITE_4M_10M	0	/work/hdd/bdau/mbanisharifdehkordi/E2E/3d/results_decomp_mismatch/.	/work	lustre
POSIX	16	6939792131935133011	POSIX_SIZE_WRITE_10M_100M	0	/work/hdd/bdau/mbanisharifdehkordi/E2E/3d/results_decomp_mismatch/.	/work	lustre
POSIX	16	6939792131935133011	POSIX_SIZE_WRITE_100M_1G	0	/work/hdd/bdau/mbanisharifdehkordi/E2E/3d/results_decomp_mismatch/.	/work	lustre
POSIX	16	6939792131935133011	POSIX_SIZE_WRITE_1G_PLUS	0	/work/hdd/bdau/mbanisharifdehkordi/E2E/3d/results_decomp_mismatch/.	/work	lustre
POSIX	16	15634375788946986981	POSIX_WRITES	0	/work/hdd/bdau/mbanisharifdehkordi/E2E/3d/results_decomp_mismatch/decomp_mismatch.nc4-4005036033-2888081.loc	/work	lustre
POSIX	16	15634375788946986981	POSIX_FILE_NOT_ALIGNED	0	/work/hdd/bdau/mbanisharifdehkordi/E2E/3d/results_decomp_mismatch/decomp_mismatch.nc4-4005036033-2888081.loc	/work	lustre
POSIX	16	15634375788946986981	POSIX_SIZE_WRITE_0_100	0	/work/hdd/bdau/mbanisharifdehkordi/E2E/3d/results_decomp_mismatch/decomp_mismatch.nc4-4005036033-2888081.loc	/work	lustre
POSIX	16	15634375788946986981	POSIX_SIZE_WRITE_100_1K	0	/work/hdd/bdau/mbanisharifdehkordi/E2E/3d/results_decomp_mismatch/decomp_mismatch.nc4-4005036033-2888081.loc	/work	lustre
POSIX	16	15634375788946986981	POSIX_SIZE_WRITE_1K_10K	0	/work/hdd/bdau/mbanisharifdehkordi/E2E/3d/results_decomp_mismatch/decomp_mismatch.nc4-4005036033-2888081.loc	/work	lustre
POSIX	16	15634375788946986981	POSIX_SIZE_WRITE_10K_100K	0	/work/hdd/bdau/mbanisharifdehkordi/E2E/3d/results_decomp_mismatch/decomp_mismatch.nc4-4005036033-2888081.loc	/work	lustre
POSIX	16	15634375788946986981	POSIX_SIZE_WRITE_100K_1M	0	/work/hdd/bdau/mbanisharifdehkordi/E2E/3d/results_decomp_mismatch/decomp_mismatch.nc4-4005036033-2888081.loc	/work	lustre
POSIX	16	15634375788946986981	POSIX_SIZE_WRITE_1M_4M	0	/work/hdd/bdau/mbanisharifdehkordi/E2E/3d/results_decomp_mismatch/decomp_mismatch.nc4-4005036033-2888081.loc	/work	lustre
POSIX	16	15634375788946986981	POSIX_SIZE_WRITE_4M_10M	0	/work/hdd/bdau/mbanisharifdehkordi/E2E/3d/results_decomp_mismatch/decomp_mismatch.nc4-4005036033-2888081.loc	/work	lustre
POSIX	16	15634375788946986981	POSIX_SIZE_WRITE_10M_100M	0	/work/hdd/bdau/mbanisharifdehkordi/E2E/3d/results_decomp_mismatch/decomp_mismatch.nc4-4005036033-2888081.loc	/work	lustre
POSIX	16	15634375788946986981	POSIX_SIZE_WRITE_100M_1G	0	/work/hdd/bdau/mbanisharifdehkordi/E2E/3d/results_decomp_mismatch/decomp_mismatch.nc4-4005036033-2888081.loc	/work	lustre
POSIX	16	15634375788946986981	POSIX_SIZE_WRITE_1G_PLUS	0	/work/hdd/bdau/mbanisharifdehkordi/E2E/3d/results_decomp_mismatch/decomp_mismatch.nc4-4005036033-2888081.loc	/work	lustre
POSIX	17	13300053734972901284	POSIX_WRITES	0	/work/hdd/bdau/mbanisharifdehkordi/E2E/3d/results_decomp_mismatch/decomp_mismatch.nc4.locktest.17	/work	lustre
POSIX	17	13300053734972901284	POSIX_FILE_NOT_ALIGNED	0	/work/hdd/bdau/mbanisharifdehkordi/E2E/3d/results_decomp_mismatch/decomp_mismatch.nc4.locktest.17	/work	lustre
POSIX	17	13300053734972901284	POSIX_SIZE_WRITE_0_100	0	/work/hdd/bdau/mbanisharifdehkordi/E2E/3d/results_decomp_mismatch/decomp_mismatch.nc4.locktest.17	/work	lustre
POSIX	17	13300053734972901284	POSIX_SIZE_WRITE_100_1K	0	/work/hdd/bdau/mbanisharifdehkordi/E2E/3d/results_decomp_mismatch/decomp_mismatch.nc4.locktest.17	/work	lustre
POSIX	17	13300053734972901284	POSIX_SIZE_WRITE_1K_10K	0	/work/hdd/bdau/mbanisharifdehkordi/E2E/3d/results_decomp_mismatch/decomp_mismatch.nc4.locktest.17	/work	lustre
POSIX	17	13300053734972901284	POSIX_SIZE_WRITE_10K_100K	0	/work/hdd/bdau/mbanisharifdehkordi/E2E/3d/results_decomp_mismatch/decomp_mismatch.nc4.locktest.17	/work	lustre
POSIX	17	13300053734972901284	POSIX_SIZE_WRITE_100K_1M	0	/work/hdd/bdau/mbanisharifdehkordi/E2E/3d/results_decomp_mismatch/decomp_mismatch.nc4.locktest.17	/work	lustre
POSIX	17	13300053734972901284	POSIX_SIZE_WRITE_1M_4M	0	/work/hdd/bdau/mbanisharifdehkordi/E2E/3d/results_decomp_mismatch/decomp_mismatch.nc4.locktest.17	/work	lustre
POSIX	17	13300053734972901284	POSIX_SIZE_WRITE_4M_10M	0	/work/hdd/bdau/mbanisharifdehkordi/E2E/3d/results_decomp_mismatch/decomp_mismatch.nc4.locktest.17	/work	lustre
POSIX	17	13300053734972901284	POSIX_SIZE_WRITE_10M_100M	0	/work/hdd/bdau/mbanisharifdehkordi/E2E/3d/results_decomp_mismatch/decomp_mismatch.nc4.locktest.17	/work	lustre
POSIX	17	13300053734972901284	POSIX_SIZE_WRITE_100M_1G	0	/work/hdd/bdau/mbanisharifdehkordi/E2E/3d/results_decomp_mismatch/decomp_mismatch.nc4.locktest.17	/work	lustre
POSIX	17	13300053734972901284	POSIX_SIZE_WRITE_1G_PLUS	0	/work/hdd/bdau/mbanisharifdehkordi/E2E/3d/results_decomp_mismatch/decomp_mismatch.nc4.locktest.17	/work	lustre
POSIX	17	8796968004350111049	POSIX_WRITES	0	/work/hdd/bdau/mbanisharifdehkordi/E2E/3d/results_decomp_mismatch/decomp_mismatch.nc4	/work	lustre
POSIX	17	8796968004350111049	POSIX_FILE_NOT_ALIGNED	0	/work/hdd/bdau/mbanisharifdehkordi/E2E/3d/results_decomp_mismatch/decomp_mismatch.nc4	/work	lustre
POSIX	17	8796968004350111049	POSIX_SIZE_WRITE_0_100	0	/work/hdd/bdau/mbanisharifdehkordi/E2E/3d/results_decomp_mismatch/decomp_mismatch.nc4	/work	lustre
POSIX	17	8796968004350111049	POSIX_SIZE_WRITE_100_1K	0	/work/hdd/bdau/mbanisharifdehkordi/E2E/3d/results_decomp_mismatch/decomp_mismatch.nc4	/work	lustre
POSIX	17	8796968004350111049	POSIX_SIZE_WRITE_1K_10K	0	/work/hdd/bdau/mbanisharifdehkordi/E2E/3d/results_decomp_mismatch/decomp_mismatch.nc4	/work	lustre
POSIX	17	8796968004350111049	POSIX_SIZE_WRITE_10K_100K	0	/work/hdd/bdau/mbanisharifdehkordi/E2E/3d/results_decomp_mismatch/decomp_mismatch.nc4	/work	lustre
POSIX	17	8796968004350111049	POSIX_SIZE_WRITE_100K_1M	0	/work/hdd/bdau/mbanisharifdehkordi/E2E/3d/results_decomp_mismatch/decomp_mismatch.nc4	/work	lustre
POSIX	17	8796968004350111049	POSIX_SIZE_WRITE_1M_4M	0	/work/hdd/bdau/mbanisharifdehkordi/E2E/3d/results_decomp_mismatch/decomp_mismatch.nc4	/work	lustre
POSIX	17	8796968004350111049	POSIX_SIZE_WRITE_4M_10M	0	/work/hdd/bdau/mbanisharifdehkordi/E2E/3d/results_decomp_mismatch/decomp_mismatch.nc4	/work	lustre
POSIX	17	8796968004350111049	POSIX_SIZE_WRITE_10M_100M	0	/work/hdd/bdau/mbanisharifdehkordi/E2E/3d/results_decomp_mismatch/decomp_mismatch.nc4	/work	lustre
POSIX	17	8796968004350111049	POSIX_SIZE_WRITE_100M_1G	0	/work/hdd/bdau/mbanisharifdehkordi/E2E/3d/results_decomp_mismatch/decomp_mismatch.nc4	/work	lustre
POSIX	17	8796968004350111049	POSIX_SIZE_WRITE_1G_PLUS	0	/work/hdd/bdau/mbanisharifdehkordi/E2E/3d/results_decomp_mismatch/decomp_mismatch.nc4	/work	lustre
POSIX	17	6939792131935133011	POSIX_WRITES	0	/work/hdd/bdau/mbanisharifdehkordi/E2E/3d/results_decomp_mismatch/.	/work	lustre
POSIX	17	6939792131935133011	POSIX_FILE_NOT_ALIGNED	0	/work/hdd/bdau/mbanisharifdehkordi/E2E/3d/results_decomp_mismatch/.	/work	lustre
POSIX	17	6939792131935133011	POSIX_SIZE_WRITE_0_100	0	/work/hdd/bdau/mbanisharifdehkordi/E2E/3d/results_decomp_mismatch/.	/work	lustre
POSIX	17	6939792131935133011	POSIX_SIZE_WRITE_100_1K	0	/work/hdd/bdau/mbanisharifdehkordi/E2E/3d/results_decomp_mismatch/.	/work	lustre
POSIX	17	6939792131935133011	POSIX_SIZE_WRITE_1K_10K	0	/work/hdd/bdau/mbanisharifdehkordi/E2E/3d/results_decomp_mismatch/.	/work	lustre
POSIX	17	6939792131935133011	POSIX_SIZE_WRITE_10K_100K	0	/work/hdd/bdau/mbanisharifdehkordi/E2E/3d/results_decomp_mismatch/.	/work	lustre
POSIX	17	6939792131935133011	POSIX_SIZE_WRITE_100K_1M	0	/work/hdd/bdau/mbanisharifdehkordi/E2E/3d/results_decomp_mismatch/.	/work	lustre
POSIX	17	6939792131935133011	POSIX_SIZE_WRITE_1M_4M	0	/work/hdd/bdau/mbanisharifdehkordi/E2E/3d/results_decomp_mismatch/.	/work	lustre
POSIX	17	6939792131935133011	POSIX_SIZE_WRITE_4M_10M	0	/work/hdd/bdau/mbanisharifdehkordi/E2E/3d/results_decomp_mismatch/.	/work	lustre
POSIX	17	6939792131935133011	POSIX_SIZE_WRITE_10M_100M	0	/work/hdd/bdau/mbanisharifdehkordi/E2E/3d/results_decomp_mismatch/.	/work	lustre
POSIX	17	6939792131935133011	POSIX_SIZE_WRITE_100M_1G	0	/work/hdd/bdau/mbanisharifdehkordi/E2E/3d/results_decomp_mismatch/.	/work	lustre
POSIX	17	6939792131935133011	POSIX_SIZE_WRITE_1G_PLUS	0	/work/hdd/bdau/mbanisharifdehkordi/E2E/3d/results_decomp_mismatch/.	/work	lustre
POSIX	17	15634375788946986981	POSIX_WRITES	0	/work/hdd/bdau/mbanisharifdehkordi/E2E/3d/results_decomp_mismatch/decomp_mismatch.nc4-4005036033-2888081.loc	/work	lustre
POSIX	17	15634375788946986981	POSIX_FILE_NOT_ALIGNED	0	/work/hdd/bdau/mbanisharifdehkordi/E2E/3d/results_decomp_mismatch/decomp_mismatch.nc4-4005036033-2888081.loc	/work	lustre
POSIX	17	15634375788946986981	POSIX_SIZE_WRITE_0_100	0	/work/hdd/bdau/mbanisharifdehkordi/E2E/3d/results_decomp_mismatch/decomp_mismatch.nc4-4005036033-2888081.loc	/work	lustre
POSIX	17	15634375788946986981	POSIX_SIZE_WRITE_100_1K	0	/work/hdd/bdau/mbanisharifdehkordi/E2E/3d/results_decomp_mismatch/decomp_mismatch.nc4-4005036033-2888081.loc	/work	lustre
POSIX	17	15634375788946986981	POSIX_SIZE_WRITE_1K_10K	0	/work/hdd/bdau/mbanisharifdehkordi/E2E/3d/results_decomp_mismatch/decomp_mismatch.nc4-4005036033-2888081.loc	/work	lustre
POSIX	17	15634375788946986981	POSIX_SIZE_WRITE_10K_100K	0	/work/hdd/bdau/mbanisharifdehkordi/E2E/3d/results_decomp_mismatch/decomp_mismatch.nc4-4005036033-2888081.loc	/work	lustre
POSIX	17	15634375788946986981	POSIX_SIZE_WRITE_100K_1M	0	/work/hdd/bdau/mbanisharifdehkordi/E2E/3d/results_decomp_mismatch/decomp_mismatch.nc4-4005036033-2888081.loc	/work	lustre
POSIX	17	15634375788946986981	POSIX_SIZE_WRITE_1M_4M	0	/work/hdd/bdau/mbanisharifdehkordi/E2E/3d/results_decomp_mismatch/decomp_mismatch.nc4-4005036033-2888081.loc	/work	lustre
POSIX	17	15634375788946986981	POSIX_SIZE_WRITE_4M_10M	0	/work/hdd/bdau/mbanisharifdehkordi/E2E/3d/results_decomp_mismatch/decomp_mismatch.nc4-4005036033-2888081.loc	/work	lustre
POSIX	17	15634375788946986981	POSIX_SIZE_WRITE_10M_100M	0	/work/hdd/bdau/mbanisharifdehkordi/E2E/3d/results_decomp_mismatch/decomp_mismatch.nc4-4005036033-2888081.loc	/work	lustre
POSIX	17	15634375788946986981	POSIX_SIZE_WRITE_100M_1G	0	/work/hdd/bdau/mbanisharifdehkordi/E2E/3d/results_decomp_mismatch/decomp_mismatch.nc4-4005036033-2888081.loc	/work	lustre
POSIX	17	15634375788946986981	POSIX_SIZE_WRITE_1G_PLUS	0	/work/hdd/bdau/mbanisharifdehkordi/E2E/3d/results_decomp_mismatch/decomp_mismatch.nc4-4005036033-2888081.loc	/work	lustre
POSIX	18	7472465782732550905	POSIX_WRITES	0	/work/hdd/bdau/mbanisharifdehkordi/E2E/3d/results_decomp_mismatch/decomp_mismatch.nc4.locktest.18	/work	lustre
POSIX	18	7472465782732550905	POSIX_FILE_NOT_ALIGNED	0	/work/hdd/bdau/mbanisharifdehkordi/E2E/3d/results_decomp_mismatch/decomp_mismatch.nc4.locktest.18	/work	lustre
POSIX	18	7472465782732550905	POSIX_SIZE_WRITE_0_100	0	/work/hdd/bdau/mbanisharifdehkordi/E2E/3d/results_decomp_mismatch/decomp_mismatch.nc4.locktest.18	/work	lustre
POSIX	18	7472465782732550905	POSIX_SIZE_WRITE_100_1K	0	/work/hdd/bdau/mbanisharifdehkordi/E2E/3d/results_decomp_mismatch/decomp_mismatch.nc4.locktest.18	/work	lustre
POSIX	18	7472465782732550905	POSIX_SIZE_WRITE_1K_10K	0	/work/hdd/bdau/mbanisharifdehkordi/E2E/3d/results_decomp_mismatch/decomp_mismatch.nc4.locktest.18	/work	lustre
POSIX	18	7472465782732550905	POSIX_SIZE_WRITE_10K_100K	0	/work/hdd/bdau/mbanisharifdehkordi/E2E/3d/results_decomp_mismatch/decomp_mismatch.nc4.locktest.18	/work	lustre
POSIX	18	7472465782732550905	POSIX_SIZE_WRITE_100K_1M	0	/work/hdd/bdau/mbanisharifdehkordi/E2E/3d/results_decomp_mismatch/decomp_mismatch.nc4.locktest.18	/work	lustre
POSIX	18	7472465782732550905	POSIX_SIZE_WRITE_1M_4M	0	/work/hdd/bdau/mbanisharifdehkordi/E2E/3d/results_decomp_mismatch/decomp_mismatch.nc4.locktest.18	/work	lustre
POSIX	18	7472465782732550905	POSIX_SIZE_WRITE_4M_10M	0	/work/hdd/bdau/mbanisharifdehkordi/E2E/3d/results_decomp_mismatch/decomp_mismatch.nc4.locktest.18	/work	lustre
POSIX	18	7472465782732550905	POSIX_SIZE_WRITE_10M_100M	0	/work/hdd/bdau/mbanisharifdehkordi/E2E/3d/results_decomp_mismatch/decomp_mismatch.nc4.locktest.18	/work	lustre
POSIX	18	7472465782732550905	POSIX_SIZE_WRITE_100M_1G	0	/work/hdd/bdau/mbanisharifdehkordi/E2E/3d/results_decomp_mismatch/decomp_mismatch.nc4.locktest.18	/work	lustre
POSIX	18	7472465782732550905	POSIX_SIZE_WRITE_1G_PLUS	0	/work/hdd/bdau/mbanisharifdehkordi/E2E/3d/results_decomp_mismatch/decomp_mismatch.nc4.locktest.18	/work	lustre
POSIX	18	8796968004350111049	POSIX_WRITES	0	/work/hdd/bdau/mbanisharifdehkordi/E2E/3d/results_decomp_mismatch/decomp_mismatch.nc4	/work	lustre
POSIX	18	8796968004350111049	POSIX_FILE_NOT_ALIGNED	0	/work/hdd/bdau/mbanisharifdehkordi/E2E/3d/results_decomp_mismatch/decomp_mismatch.nc4	/work	lustre
POSIX	18	8796968004350111049	POSIX_SIZE_WRITE_0_100	0	/work/hdd/bdau/mbanisharifdehkordi/E2E/3d/results_decomp_mismatch/decomp_mismatch.nc4	/work	lustre
POSIX	18	8796968004350111049	POSIX_SIZE_WRITE_100_1K	0	/work/hdd/bdau/mbanisharifdehkordi/E2E/3d/results_decomp_mismatch/decomp_mismatch.nc4	/work	lustre
POSIX	18	8796968004350111049	POSIX_SIZE_WRITE_1K_10K	0	/work/hdd/bdau/mbanisharifdehkordi/E2E/3d/results_decomp_mismatch/decomp_mismatch.nc4	/work	lustre
POSIX	18	8796968004350111049	POSIX_SIZE_WRITE_10K_100K	0	/work/hdd/bdau/mbanisharifdehkordi/E2E/3d/results_decomp_mismatch/decomp_mismatch.nc4	/work	lustre
POSIX	18	8796968004350111049	POSIX_SIZE_WRITE_100K_1M	0	/work/hdd/bdau/mbanisharifdehkordi/E2E/3d/results_decomp_mismatch/decomp_mismatch.nc4	/work	lustre
POSIX	18	8796968004350111049	POSIX_SIZE_WRITE_1M_4M	0	/work/hdd/bdau/mbanisharifdehkordi/E2E/3d/results_decomp_mismatch/decomp_mismatch.nc4	/work	lustre
POSIX	18	8796968004350111049	POSIX_SIZE_WRITE_4M_10M	0	/work/hdd/bdau/mbanisharifdehkordi/E2E/3d/results_decomp_mismatch/decomp_mismatch.nc4	/work	lustre
POSIX	18	8796968004350111049	POSIX_SIZE_WRITE_10M_100M	0	/work/hdd/bdau/mbanisharifdehkordi/E2E/3d/results_decomp_mismatch/decomp_mismatch.nc4	/work	lustre
POSIX	18	8796968004350111049	POSIX_SIZE_WRITE_100M_1G	0	/work/hdd/bdau/mbanisharifdehkordi/E2E/3d/results_decomp_mismatch/decomp_mismatch.nc4	/work	lustre
POSIX	18	8796968004350111049	POSIX_SIZE_WRITE_1G_PLUS	0	/work/hdd/bdau/mbanisharifdehkordi/E2E/3d/results_decomp_mismatch/decomp_mismatch.nc4	/work	lustre
POSIX	18	6939792131935133011	POSIX_WRITES	0	/work/hdd/bdau/mbanisharifdehkordi/E2E/3d/results_decomp_mismatch/.	/work	lustre
POSIX	18	6939792131935133011	POSIX_FILE_NOT_ALIGNED	0	/work/hdd/bdau/mbanisharifdehkordi/E2E/3d/results_decomp_mismatch/.	/work	lustre
POSIX	18	6939792131935133011	POSIX_SIZE_WRITE_0_100	0	/work/hdd/bdau/mbanisharifdehkordi/E2E/3d/results_decomp_mismatch/.	/work	lustre
POSIX	18	6939792131935133011	POSIX_SIZE_WRITE_100_1K	0	/work/hdd/bdau/mbanisharifdehkordi/E2E/3d/results_decomp_mismatch/.	/work	lustre
POSIX	18	6939792131935133011	POSIX_SIZE_WRITE_1K_10K	0	/work/hdd/bdau/mbanisharifdehkordi/E2E/3d/results_decomp_mismatch/.	/work	lustre
POSIX	18	6939792131935133011	POSIX_SIZE_WRITE_10K_100K	0	/work/hdd/bdau/mbanisharifdehkordi/E2E/3d/results_decomp_mismatch/.	/work	lustre
POSIX	18	6939792131935133011	POSIX_SIZE_WRITE_100K_1M	0	/work/hdd/bdau/mbanisharifdehkordi/E2E/3d/results_decomp_mismatch/.	/work	lustre
POSIX	18	6939792131935133011	POSIX_SIZE_WRITE_1M_4M	0	/work/hdd/bdau/mbanisharifdehkordi/E2E/3d/results_decomp_mismatch/.	/work	lustre
POSIX	18	6939792131935133011	POSIX_SIZE_WRITE_4M_10M	0	/work/hdd/bdau/mbanisharifdehkordi/E2E/3d/results_decomp_mismatch/.	/work	lustre
POSIX	18	6939792131935133011	POSIX_SIZE_WRITE_10M_100M	0	/work/hdd/bdau/mbanisharifdehkordi/E2E/3d/results_decomp_mismatch/.	/work	lustre
POSIX	18	6939792131935133011	POSIX_SIZE_WRITE_100M_1G	0	/work/hdd/bdau/mbanisharifdehkordi/E2E/3d/results_decomp_mismatch/.	/work	lustre
POSIX	18	6939792131935133011	POSIX_SIZE_WRITE_1G_PLUS	0	/work/hdd/bdau/mbanisharifdehkordi/E2E/3d/results_decomp_mismatch/.	/work	lustre
POSIX	18	15634375788946986981	POSIX_WRITES	0	/work/hdd/bdau/mbanisharifdehkordi/E2E/3d/results_decomp_mismatch/decomp_mismatch.nc4-4005036033-2888081.loc	/work	lustre
POSIX	18	15634375788946986981	POSIX_FILE_NOT_ALIGNED	0	/work/hdd/bdau/mbanisharifdehkordi/E2E/3d/results_decomp_mismatch/decomp_mismatch.nc4-4005036033-2888081.loc	/work	lustre
POSIX	18	15634375788946986981	POSIX_SIZE_WRITE_0_100	0	/work/hdd/bdau/mbanisharifdehkordi/E2E/3d/results_decomp_mismatch/decomp_mismatch.nc4-4005036033-2888081.loc	/work	lustre
POSIX	18	15634375788946986981	POSIX_SIZE_WRITE_100_1K	0	/work/hdd/bdau/mbanisharifdehkordi/E2E/3d/results_decomp_mismatch/decomp_mismatch.nc4-4005036033-2888081.loc	/work	lustre
POSIX	18	15634375788946986981	POSIX_SIZE_WRITE_1K_10K	0	/work/hdd/bdau/mbanisharifdehkordi/E2E/3d/results_decomp_mismatch/decomp_mismatch.nc4-4005036033-2888081.loc	/work	lustre
POSIX	18	15634375788946986981	POSIX_SIZE_WRITE_10K_100K	0	/work/hdd/bdau/mbanisharifdehkordi/E2E/3d/results_decomp_mismatch/decomp_mismatch.nc4-4005036033-2888081.loc	/work	lustre
POSIX	18	15634375788946986981	POSIX_SIZE_WRITE_100K_1M	0	/work/hdd/bdau/mbanisharifdehkordi/E2E/3d/results_decomp_mismatch/decomp_mismatch.nc4-4005036033-2888081.loc	/work	lustre
POSIX	18	15634375788946986981	POSIX_SIZE_WRITE_1M_4M	0	/work/hdd/bdau/mbanisharifdehkordi/E2E/3d/results_decomp_mismatch/decomp_mismatch.nc4-4005036033-2888081.loc	/work	lustre
POSIX	18	15634375788946986981	POSIX_SIZE_WRITE_4M_10M	0	/work/hdd/bdau/mbanisharifdehkordi/E2E/3d/results_decomp_mismatch/decomp_mismatch.nc4-4005036033-2888081.loc	/work	lustre
POSIX	18	15634375788946986981	POSIX_SIZE_WRITE_10M_100M	0	/work/hdd/bdau/mbanisharifdehkordi/E2E/3d/results_decomp_mismatch/decomp_mismatch.nc4-4005036033-2888081.loc	/work	lustre
POSIX	18	15634375788946986981	POSIX_SIZE_WRITE_100M_1G	0	/work/hdd/bdau/mbanisharifdehkordi/E2E/3d/results_decomp_mismatch/decomp_mismatch.nc4-4005036033-2888081.loc	/work	lustre
POSIX	18	15634375788946986981	POSIX_SIZE_WRITE_1G_PLUS	0	/work/hdd/bdau/mbanisharifdehkordi/E2E/3d/results_decomp_mismatch/decomp_mismatch.nc4-4005036033-2888081.loc	/work	lustre
POSIX	19	13208779282945438135	POSIX_WRITES	0	/work/hdd/bdau/mbanisharifdehkordi/E2E/3d/results_decomp_mismatch/decomp_mismatch.nc4.locktest.19	/work	lustre
POSIX	19	13208779282945438135	POSIX_FILE_NOT_ALIGNED	0	/work/hdd/bdau/mbanisharifdehkordi/E2E/3d/results_decomp_mismatch/decomp_mismatch.nc4.locktest.19	/work	lustre
POSIX	19	13208779282945438135	POSIX_SIZE_WRITE_0_100	0	/work/hdd/bdau/mbanisharifdehkordi/E2E/3d/results_decomp_mismatch/decomp_mismatch.nc4.locktest.19	/work	lustre
POSIX	19	13208779282945438135	POSIX_SIZE_WRITE_100_1K	0	/work/hdd/bdau/mbanisharifdehkordi/E2E/3d/results_decomp_mismatch/decomp_mismatch.nc4.locktest.19	/work	lustre
POSIX	19	13208779282945438135	POSIX_SIZE_WRITE_1K_10K	0	/work/hdd/bdau/mbanisharifdehkordi/E2E/3d/results_decomp_mismatch/decomp_mismatch.nc4.locktest.19	/work	lustre
POSIX	19	13208779282945438135	POSIX_SIZE_WRITE_10K_100K	0	/work/hdd/bdau/mbanisharifdehkordi/E2E/3d/results_decomp_mismatch/decomp_mismatch.nc4.locktest.19	/work	lustre
POSIX	19	13208779282945438135	POSIX_SIZE_WRITE_100K_1M	0	/work/hdd/bdau/mbanisharifdehkordi/E2E/3d/results_decomp_mismatch/decomp_mismatch.nc4.locktest.19	/work	lustre
POSIX	19	13208779282945438135	POSIX_SIZE_WRITE_1M_4M	0	/work/hdd/bdau/mbanisharifdehkordi/E2E/3d/results_decomp_mismatch/decomp_mismatch.nc4.locktest.19	/work	lustre
POSIX	19	13208779282945438135	POSIX_SIZE_WRITE_4M_10M	0	/work/hdd/bdau/mbanisharifdehkordi/E2E/3d/results_decomp_mismatch/decomp_mismatch.nc4.locktest.19	/work	lustre
POSIX	19	13208779282945438135	POSIX_SIZE_WRITE_10M_100M	0	/work/hdd/bdau/mbanisharifdehkordi/E2E/3d/results_decomp_mismatch/decomp_mismatch.nc4.locktest.19	/work	lustre
POSIX	19	13208779282945438135	POSIX_SIZE_WRITE_100M_1G	0	/work/hdd/bdau/mbanisharifdehkordi/E2E/3d/results_decomp_mismatch/decomp_mismatch.nc4.locktest.19	/work	lustre
POSIX	19	13208779282945438135	POSIX_SIZE_WRITE_1G_PLUS	0	/work/hdd/bdau/mbanisharifdehkordi/E2E/3d/results_decomp_mismatch/decomp_mismatch.nc4.locktest.19	/work	lustre
POSIX	19	8796968004350111049	POSIX_WRITES	0	/work/hdd/bdau/mbanisharifdehkordi/E2E/3d/results_decomp_mismatch/decomp_mismatch.nc4	/work	lustre
POSIX	19	8796968004350111049	POSIX_FILE_NOT_ALIGNED	0	/work/hdd/bdau/mbanisharifdehkordi/E2E/3d/results_decomp_mismatch/decomp_mismatch.nc4	/work	lustre
POSIX	19	8796968004350111049	POSIX_SIZE_WRITE_0_100	0	/work/hdd/bdau/mbanisharifdehkordi/E2E/3d/results_decomp_mismatch/decomp_mismatch.nc4	/work	lustre
POSIX	19	8796968004350111049	POSIX_SIZE_WRITE_100_1K	0	/work/hdd/bdau/mbanisharifdehkordi/E2E/3d/results_decomp_mismatch/decomp_mismatch.nc4	/work	lustre
POSIX	19	8796968004350111049	POSIX_SIZE_WRITE_1K_10K	0	/work/hdd/bdau/mbanisharifdehkordi/E2E/3d/results_decomp_mismatch/decomp_mismatch.nc4	/work	lustre
POSIX	19	8796968004350111049	POSIX_SIZE_WRITE_10K_100K	0	/work/hdd/bdau/mbanisharifdehkordi/E2E/3d/results_decomp_mismatch/decomp_mismatch.nc4	/work	lustre
POSIX	19	8796968004350111049	POSIX_SIZE_WRITE_100K_1M	0	/work/hdd/bdau/mbanisharifdehkordi/E2E/3d/results_decomp_mismatch/decomp_mismatch.nc4	/work	lustre
POSIX	19	8796968004350111049	POSIX_SIZE_WRITE_1M_4M	0	/work/hdd/bdau/mbanisharifdehkordi/E2E/3d/results_decomp_mismatch/decomp_mismatch.nc4	/work	lustre
POSIX	19	8796968004350111049	POSIX_SIZE_WRITE_4M_10M	0	/work/hdd/bdau/mbanisharifdehkordi/E2E/3d/results_decomp_mismatch/decomp_mismatch.nc4	/work	lustre
POSIX	19	8796968004350111049	POSIX_SIZE_WRITE_10M_100M	0	/work/hdd/bdau/mbanisharifdehkordi/E2E/3d/results_decomp_mismatch/decomp_mismatch.nc4	/work	lustre
POSIX	19	8796968004350111049	POSIX_SIZE_WRITE_100M_1G	0	/work/hdd/bdau/mbanisharifdehkordi/E2E/3d/results_decomp_mismatch/decomp_mismatch.nc4	/work	lustre
POSIX	19	8796968004350111049	POSIX_SIZE_WRITE_1G_PLUS	0	/work/hdd/bdau/mbanisharifdehkordi/E2E/3d/results_decomp_mismatch/decomp_mismatch.nc4	/work	lustre
POSIX	19	6939792131935133011	POSIX_WRITES	0	/work/hdd/bdau/mbanisharifdehkordi/E2E/3d/results_decomp_mismatch/.	/work	lustre
POSIX	19	6939792131935133011	POSIX_FILE_NOT_ALIGNED	0	/work/hdd/bdau/mbanisharifdehkordi/E2E/3d/results_decomp_mismatch/.	/work	lustre
POSIX	19	6939792131935133011	POSIX_SIZE_WRITE_0_100	0	/work/hdd/bdau/mbanisharifdehkordi/E2E/3d/results_decomp_mismatch/.	/work	lustre
POSIX	19	6939792131935133011	POSIX_SIZE_WRITE_100_1K	0	/work/hdd/bdau/mbanisharifdehkordi/E2E/3d/results_decomp_mismatch/.	/work	lustre
POSIX	19	6939792131935133011	POSIX_SIZE_WRITE_1K_10K	0	/work/hdd/bdau/mbanisharifdehkordi/E2E/3d/results_decomp_mismatch/.	/work	lustre
POSIX	19	6939792131935133011	POSIX_SIZE_WRITE_10K_100K	0	/work/hdd/bdau/mbanisharifdehkordi/E2E/3d/results_decomp_mismatch/.	/work	lustre
POSIX	19	6939792131935133011	POSIX_SIZE_WRITE_100K_1M	0	/work/hdd/bdau/mbanisharifdehkordi/E2E/3d/results_decomp_mismatch/.	/work	lustre
POSIX	19	6939792131935133011	POSIX_SIZE_WRITE_1M_4M	0	/work/hdd/bdau/mbanisharifdehkordi/E2E/3d/results_decomp_mismatch/.	/work	lustre
POSIX	19	6939792131935133011	POSIX_SIZE_WRITE_4M_10M	0	/work/hdd/bdau/mbanisharifdehkordi/E2E/3d/results_decomp_mismatch/.	/work	lustre
POSIX	19	6939792131935133011	POSIX_SIZE_WRITE_10M_100M	0	/work/hdd/bdau/mbanisharifdehkordi/E2E/3d/results_decomp_mismatch/.	/work	lustre
POSIX	19	6939792131935133011	POSIX_SIZE_WRITE_100M_1G	0	/work/hdd/bdau/mbanisharifdehkordi/E2E/3d/results_decomp_mismatch/.	/work	lustre
POSIX	19	6939792131935133011	POSIX_SIZE_WRITE_1G_PLUS	0	/work/hdd/bdau/mbanisharifdehkordi/E2E/3d/results_decomp_mismatch/.	/work	lustre
POSIX	19	15634375788946986981	POSIX_WRITES	0	/work/hdd/bdau/mbanisharifdehkordi/E2E/3d/results_decomp_mismatch/decomp_mismatch.nc4-4005036033-2888081.loc	/work	lustre
POSIX	19	15634375788946986981	POSIX_FILE_NOT_ALIGNED	0	/work/hdd/bdau/mbanisharifdehkordi/E2E/3d/results_decomp_mismatch/decomp_mismatch.nc4-4005036033-2888081.loc	/work	lustre
POSIX	19	15634375788946986981	POSIX_SIZE_WRITE_0_100	0	/work/hdd/bdau/mbanisharifdehkordi/E2E/3d/results_decomp_mismatch/decomp_mismatch.nc4-4005036033-2888081.loc	/work	lustre
POSIX	19	15634375788946986981	POSIX_SIZE_WRITE_100_1K	0	/work/hdd/bdau/mbanisharifdehkordi/E2E/3d/results_decomp_mismatch/decomp_mismatch.nc4-4005036033-2888081.loc	/work	lustre
POSIX	19	15634375788946986981	POSIX_SIZE_WRITE_1K_10K	0	/work/hdd/bdau/mbanisharifdehkordi/E2E/3d/results_decomp_mismatch/decomp_mismatch.nc4-4005036033-2888081.loc	/work	lustre
POSIX	19	15634375788946986981	POSIX_SIZE_WRITE_10K_100K	0	/work/hdd/bdau/mbanisharifdehkordi/E2E/3d/results_decomp_mismatch/decomp_mismatch.nc4-4005036033-2888081.loc	/work	lustre
POSIX	19	15634375788946986981	POSIX_SIZE_WRITE_100K_1M	0	/work/hdd/bdau/mbanisharifdehkordi/E2E/3d/results_decomp_mismatch/decomp_mismatch.nc4-4005036033-2888081.loc	/work	lustre
POSIX	19	15634375788946986981	POSIX_SIZE_WRITE_1M_4M	0	/work/hdd/bdau/mbanisharifdehkordi/E2E/3d/results_decomp_mismatch/decomp_mismatch.nc4-4005036033-2888081.loc	/work	lustre
POSIX	19	15634375788946986981	POSIX_SIZE_WRITE_4M_10M	0	/work/hdd/bdau/mbanisharifdehkordi/E2E/3d/results_decomp_mismatch/decomp_mismatch.nc4-4005036033-2888081.loc	/work	lustre
POSIX	19	15634375788946986981	POSIX_SIZE_WRITE_10M_100M	0	/work/hdd/bdau/mbanisharifdehkordi/E2E/3d/results_decomp_mismatch/decomp_mismatch.nc4-4005036033-2888081.loc	/work	lustre
POSIX	19	15634375788946986981	POSIX_SIZE_WRITE_100M_1G	0	/work/hdd/bdau/mbanisharifdehkordi/E2E/3d/results_decomp_mismatch/decomp_mismatch.nc4-4005036033-2888081.loc	/work	lustre
POSIX	19	15634375788946986981	POSIX_SIZE_WRITE_1G_PLUS	0	/work/hdd/bdau/mbanisharifdehkordi/E2E/3d/results_decomp_mismatch/decomp_mismatch.nc4-4005036033-2888081.loc	/work	lustre
POSIX	20	14150298069129327166	POSIX_WRITES	0	/work/hdd/bdau/mbanisharifdehkordi/E2E/3d/results_decomp_mismatch/decomp_mismatch.nc4.locktest.20	/work	lustre
POSIX	20	14150298069129327166	POSIX_FILE_NOT_ALIGNED	0	/work/hdd/bdau/mbanisharifdehkordi/E2E/3d/results_decomp_mismatch/decomp_mismatch.nc4.locktest.20	/work	lustre
POSIX	20	14150298069129327166	POSIX_SIZE_WRITE_0_100	0	/work/hdd/bdau/mbanisharifdehkordi/E2E/3d/results_decomp_mismatch/decomp_mismatch.nc4.locktest.20	/work	lustre
POSIX	20	14150298069129327166	POSIX_SIZE_WRITE_100_1K	0	/work/hdd/bdau/mbanisharifdehkordi/E2E/3d/results_decomp_mismatch/decomp_mismatch.nc4.locktest.20	/work	lustre
POSIX	20	14150298069129327166	POSIX_SIZE_WRITE_1K_10K	0	/work/hdd/bdau/mbanisharifdehkordi/E2E/3d/results_decomp_mismatch/decomp_mismatch.nc4.locktest.20	/work	lustre
POSIX	20	14150298069129327166	POSIX_SIZE_WRITE_10K_100K	0	/work/hdd/bdau/mbanisharifdehkordi/E2E/3d/results_decomp_mismatch/decomp_mismatch.nc4.locktest.20	/work	lustre
POSIX	20	14150298069129327166	POSIX_SIZE_WRITE_100K_1M	0	/work/hdd/bdau/mbanisharifdehkordi/E2E/3d/results_decomp_mismatch/decomp_mismatch.nc4.locktest.20	/work	lustre
POSIX	20	14150298069129327166	POSIX_SIZE_WRITE_1M_4M	0	/work/hdd/bdau/mbanisharifdehkordi/E2E/3d/results_decomp_mismatch/decomp_mismatch.nc4.locktest.20	/work	lustre
POSIX	20	14150298069129327166	POSIX_SIZE_WRITE_4M_10M	0	/work/hdd/bdau/mbanisharifdehkordi/E2E/3d/results_decomp_mismatch/decomp_mismatch.nc4.locktest.20	/work	lustre
POSIX	20	14150298069129327166	POSIX_SIZE_WRITE_10M_100M	0	/work/hdd/bdau/mbanisharifdehkordi/E2E/3d/results_decomp_mismatch/decomp_mismatch.nc4.locktest.20	/work	lustre
POSIX	20	14150298069129327166	POSIX_SIZE_WRITE_100M_1G	0	/work/hdd/bdau/mbanisharifdehkordi/E2E/3d/results_decomp_mismatch/decomp_mismatch.nc4.locktest.20	/work	lustre
POSIX	20	14150298069129327166	POSIX_SIZE_WRITE_1G_PLUS	0	/work/hdd/bdau/mbanisharifdehkordi/E2E/3d/results_decomp_mismatch/decomp_mismatch.nc4.locktest.20	/work	lustre
POSIX	20	8796968004350111049	POSIX_WRITES	0	/work/hdd/bdau/mbanisharifdehkordi/E2E/3d/results_decomp_mismatch/decomp_mismatch.nc4	/work	lustre
POSIX	20	8796968004350111049	POSIX_FILE_NOT_ALIGNED	0	/work/hdd/bdau/mbanisharifdehkordi/E2E/3d/results_decomp_mismatch/decomp_mismatch.nc4	/work	lustre
POSIX	20	8796968004350111049	POSIX_SIZE_WRITE_0_100	0	/work/hdd/bdau/mbanisharifdehkordi/E2E/3d/results_decomp_mismatch/decomp_mismatch.nc4	/work	lustre
POSIX	20	8796968004350111049	POSIX_SIZE_WRITE_100_1K	0	/work/hdd/bdau/mbanisharifdehkordi/E2E/3d/results_decomp_mismatch/decomp_mismatch.nc4	/work	lustre
POSIX	20	8796968004350111049	POSIX_SIZE_WRITE_1K_10K	0	/work/hdd/bdau/mbanisharifdehkordi/E2E/3d/results_decomp_mismatch/decomp_mismatch.nc4	/work	lustre
POSIX	20	8796968004350111049	POSIX_SIZE_WRITE_10K_100K	0	/work/hdd/bdau/mbanisharifdehkordi/E2E/3d/results_decomp_mismatch/decomp_mismatch.nc4	/work	lustre
POSIX	20	8796968004350111049	POSIX_SIZE_WRITE_100K_1M	0	/work/hdd/bdau/mbanisharifdehkordi/E2E/3d/results_decomp_mismatch/decomp_mismatch.nc4	/work	lustre
POSIX	20	8796968004350111049	POSIX_SIZE_WRITE_1M_4M	0	/work/hdd/bdau/mbanisharifdehkordi/E2E/3d/results_decomp_mismatch/decomp_mismatch.nc4	/work	lustre
POSIX	20	8796968004350111049	POSIX_SIZE_WRITE_4M_10M	0	/work/hdd/bdau/mbanisharifdehkordi/E2E/3d/results_decomp_mismatch/decomp_mismatch.nc4	/work	lustre
POSIX	20	8796968004350111049	POSIX_SIZE_WRITE_10M_100M	0	/work/hdd/bdau/mbanisharifdehkordi/E2E/3d/results_decomp_mismatch/decomp_mismatch.nc4	/work	lustre
POSIX	20	8796968004350111049	POSIX_SIZE_WRITE_100M_1G	0	/work/hdd/bdau/mbanisharifdehkordi/E2E/3d/results_decomp_mismatch/decomp_mismatch.nc4	/work	lustre
POSIX	20	8796968004350111049	POSIX_SIZE_WRITE_1G_PLUS	0	/work/hdd/bdau/mbanisharifdehkordi/E2E/3d/results_decomp_mismatch/decomp_mismatch.nc4	/work	lustre
POSIX	20	6939792131935133011	POSIX_WRITES	0	/work/hdd/bdau/mbanisharifdehkordi/E2E/3d/results_decomp_mismatch/.	/work	lustre
POSIX	20	6939792131935133011	POSIX_FILE_NOT_ALIGNED	0	/work/hdd/bdau/mbanisharifdehkordi/E2E/3d/results_decomp_mismatch/.	/work	lustre
POSIX	20	6939792131935133011	POSIX_SIZE_WRITE_0_100	0	/work/hdd/bdau/mbanisharifdehkordi/E2E/3d/results_decomp_mismatch/.	/work	lustre
POSIX	20	6939792131935133011	POSIX_SIZE_WRITE_100_1K	0	/work/hdd/bdau/mbanisharifdehkordi/E2E/3d/results_decomp_mismatch/.	/work	lustre
POSIX	20	6939792131935133011	POSIX_SIZE_WRITE_1K_10K	0	/work/hdd/bdau/mbanisharifdehkordi/E2E/3d/results_decomp_mismatch/.	/work	lustre
POSIX	20	6939792131935133011	POSIX_SIZE_WRITE_10K_100K	0	/work/hdd/bdau/mbanisharifdehkordi/E2E/3d/results_decomp_mismatch/.	/work	lustre
POSIX	20	6939792131935133011	POSIX_SIZE_WRITE_100K_1M	0	/work/hdd/bdau/mbanisharifdehkordi/E2E/3d/results_decomp_mismatch/.	/work	lustre
POSIX	20	6939792131935133011	POSIX_SIZE_WRITE_1M_4M	0	/work/hdd/bdau/mbanisharifdehkordi/E2E/3d/results_decomp_mismatch/.	/work	lustre
POSIX	20	6939792131935133011	POSIX_SIZE_WRITE_4M_10M	0	/work/hdd/bdau/mbanisharifdehkordi/E2E/3d/results_decomp_mismatch/.	/work	lustre
POSIX	20	6939792131935133011	POSIX_SIZE_WRITE_10M_100M	0	/work/hdd/bdau/mbanisharifdehkordi/E2E/3d/results_decomp_mismatch/.	/work	lustre
POSIX	20	6939792131935133011	POSIX_SIZE_WRITE_100M_1G	0	/work/hdd/bdau/mbanisharifdehkordi/E2E/3d/results_decomp_mismatch/.	/work	lustre
POSIX	20	6939792131935133011	POSIX_SIZE_WRITE_1G_PLUS	0	/work/hdd/bdau/mbanisharifdehkordi/E2E/3d/results_decomp_mismatch/.	/work	lustre
POSIX	20	15634375788946986981	POSIX_WRITES	0	/work/hdd/bdau/mbanisharifdehkordi/E2E/3d/results_decomp_mismatch/decomp_mismatch.nc4-4005036033-2888081.loc	/work	lustre
POSIX	20	15634375788946986981	POSIX_FILE_NOT_ALIGNED	0	/work/hdd/bdau/mbanisharifdehkordi/E2E/3d/results_decomp_mismatch/decomp_mismatch.nc4-4005036033-2888081.loc	/work	lustre
POSIX	20	15634375788946986981	POSIX_SIZE_WRITE_0_100	0	/work/hdd/bdau/mbanisharifdehkordi/E2E/3d/results_decomp_mismatch/decomp_mismatch.nc4-4005036033-2888081.loc	/work	lustre
POSIX	20	15634375788946986981	POSIX_SIZE_WRITE_100_1K	0	/work/hdd/bdau/mbanisharifdehkordi/E2E/3d/results_decomp_mismatch/decomp_mismatch.nc4-4005036033-2888081.loc	/work	lustre
POSIX	20	15634375788946986981	POSIX_SIZE_WRITE_1K_10K	0	/work/hdd/bdau/mbanisharifdehkordi/E2E/3d/results_decomp_mismatch/decomp_mismatch.nc4-4005036033-2888081.loc	/work	lustre
POSIX	20	15634375788946986981	POSIX_SIZE_WRITE_10K_100K	0	/work/hdd/bdau/mbanisharifdehkordi/E2E/3d/results_decomp_mismatch/decomp_mismatch.nc4-4005036033-2888081.loc	/work	lustre
POSIX	20	15634375788946986981	POSIX_SIZE_WRITE_100K_1M	0	/work/hdd/bdau/mbanisharifdehkordi/E2E/3d/results_decomp_mismatch/decomp_mismatch.nc4-4005036033-2888081.loc	/work	lustre
POSIX	20	15634375788946986981	POSIX_SIZE_WRITE_1M_4M	0	/work/hdd/bdau/mbanisharifdehkordi/E2E/3d/results_decomp_mismatch/decomp_mismatch.nc4-4005036033-2888081.loc	/work	lustre
POSIX	20	15634375788946986981	POSIX_SIZE_WRITE_4M_10M	0	/work/hdd/bdau/mbanisharifdehkordi/E2E/3d/results_decomp_mismatch/decomp_mismatch.nc4-4005036033-2888081.loc	/work	lustre
POSIX	20	15634375788946986981	POSIX_SIZE_WRITE_10M_100M	0	/work/hdd/bdau/mbanisharifdehkordi/E2E/3d/results_decomp_mismatch/decomp_mismatch.nc4-4005036033-2888081.loc	/work	lustre
POSIX	20	15634375788946986981	POSIX_SIZE_WRITE_100M_1G	0	/work/hdd/bdau/mbanisharifdehkordi/E2E/3d/results_decomp_mismatch/decomp_mismatch.nc4-4005036033-2888081.loc	/work	lustre
POSIX	20	15634375788946986981	POSIX_SIZE_WRITE_1G_PLUS	0	/work/hdd/bdau/mbanisharifdehkordi/E2E/3d/results_decomp_mismatch/decomp_mismatch.nc4-4005036033-2888081.loc	/work	lustre
POSIX	21	983443343584139118	POSIX_WRITES	0	/work/hdd/bdau/mbanisharifdehkordi/E2E/3d/results_decomp_mismatch/decomp_mismatch.nc4.locktest.21	/work	lustre
POSIX	21	983443343584139118	POSIX_FILE_NOT_ALIGNED	0	/work/hdd/bdau/mbanisharifdehkordi/E2E/3d/results_decomp_mismatch/decomp_mismatch.nc4.locktest.21	/work	lustre
POSIX	21	983443343584139118	POSIX_SIZE_WRITE_0_100	0	/work/hdd/bdau/mbanisharifdehkordi/E2E/3d/results_decomp_mismatch/decomp_mismatch.nc4.locktest.21	/work	lustre
POSIX	21	983443343584139118	POSIX_SIZE_WRITE_100_1K	0	/work/hdd/bdau/mbanisharifdehkordi/E2E/3d/results_decomp_mismatch/decomp_mismatch.nc4.locktest.21	/work	lustre
POSIX	21	983443343584139118	POSIX_SIZE_WRITE_1K_10K	0	/work/hdd/bdau/mbanisharifdehkordi/E2E/3d/results_decomp_mismatch/decomp_mismatch.nc4.locktest.21	/work	lustre
POSIX	21	983443343584139118	POSIX_SIZE_WRITE_10K_100K	0	/work/hdd/bdau/mbanisharifdehkordi/E2E/3d/results_decomp_mismatch/decomp_mismatch.nc4.locktest.21	/work	lustre
POSIX	21	983443343584139118	POSIX_SIZE_WRITE_100K_1M	0	/work/hdd/bdau/mbanisharifdehkordi/E2E/3d/results_decomp_mismatch/decomp_mismatch.nc4.locktest.21	/work	lustre
POSIX	21	983443343584139118	POSIX_SIZE_WRITE_1M_4M	0	/work/hdd/bdau/mbanisharifdehkordi/E2E/3d/results_decomp_mismatch/decomp_mismatch.nc4.locktest.21	/work	lustre
POSIX	21	983443343584139118	POSIX_SIZE_WRITE_4M_10M	0	/work/hdd/bdau/mbanisharifdehkordi/E2E/3d/results_decomp_mismatch/decomp_mismatch.nc4.locktest.21	/work	lustre
POSIX	21	983443343584139118	POSIX_SIZE_WRITE_10M_100M	0	/work/hdd/bdau/mbanisharifdehkordi/E2E/3d/results_decomp_mismatch/decomp_mismatch.nc4.locktest.21	/work	lustre
POSIX	21	983443343584139118	POSIX_SIZE_WRITE_100M_1G	0	/work/hdd/bdau/mbanisharifdehkordi/E2E/3d/results_decomp_mismatch/decomp_mismatch.nc4.locktest.21	/work	lustre
POSIX	21	983443343584139118	POSIX_SIZE_WRITE_1G_PLUS	0	/work/hdd/bdau/mbanisharifdehkordi/E2E/3d/results_decomp_mismatch/decomp_mismatch.nc4.locktest.21	/work	lustre
POSIX	21	8796968004350111049	POSIX_WRITES	0	/work/hdd/bdau/mbanisharifdehkordi/E2E/3d/results_decomp_mismatch/decomp_mismatch.nc4	/work	lustre
POSIX	21	8796968004350111049	POSIX_FILE_NOT_ALIGNED	0	/work/hdd/bdau/mbanisharifdehkordi/E2E/3d/results_decomp_mismatch/decomp_mismatch.nc4	/work	lustre
POSIX	21	8796968004350111049	POSIX_SIZE_WRITE_0_100	0	/work/hdd/bdau/mbanisharifdehkordi/E2E/3d/results_decomp_mismatch/decomp_mismatch.nc4	/work	lustre
POSIX	21	8796968004350111049	POSIX_SIZE_WRITE_100_1K	0	/work/hdd/bdau/mbanisharifdehkordi/E2E/3d/results_decomp_mismatch/decomp_mismatch.nc4	/work	lustre
POSIX	21	8796968004350111049	POSIX_SIZE_WRITE_1K_10K	0	/work/hdd/bdau/mbanisharifdehkordi/E2E/3d/results_decomp_mismatch/decomp_mismatch.nc4	/work	lustre
POSIX	21	8796968004350111049	POSIX_SIZE_WRITE_10K_100K	0	/work/hdd/bdau/mbanisharifdehkordi/E2E/3d/results_decomp_mismatch/decomp_mismatch.nc4	/work	lustre
POSIX	21	8796968004350111049	POSIX_SIZE_WRITE_100K_1M	0	/work/hdd/bdau/mbanisharifdehkordi/E2E/3d/results_decomp_mismatch/decomp_mismatch.nc4	/work	lustre
POSIX	21	8796968004350111049	POSIX_SIZE_WRITE_1M_4M	0	/work/hdd/bdau/mbanisharifdehkordi/E2E/3d/results_decomp_mismatch/decomp_mismatch.nc4	/work	lustre
POSIX	21	8796968004350111049	POSIX_SIZE_WRITE_4M_10M	0	/work/hdd/bdau/mbanisharifdehkordi/E2E/3d/results_decomp_mismatch/decomp_mismatch.nc4	/work	lustre
POSIX	21	8796968004350111049	POSIX_SIZE_WRITE_10M_100M	0	/work/hdd/bdau/mbanisharifdehkordi/E2E/3d/results_decomp_mismatch/decomp_mismatch.nc4	/work	lustre
POSIX	21	8796968004350111049	POSIX_SIZE_WRITE_100M_1G	0	/work/hdd/bdau/mbanisharifdehkordi/E2E/3d/results_decomp_mismatch/decomp_mismatch.nc4	/work	lustre
POSIX	21	8796968004350111049	POSIX_SIZE_WRITE_1G_PLUS	0	/work/hdd/bdau/mbanisharifdehkordi/E2E/3d/results_decomp_mismatch/decomp_mismatch.nc4	/work	lustre
POSIX	21	6939792131935133011	POSIX_WRITES	0	/work/hdd/bdau/mbanisharifdehkordi/E2E/3d/results_decomp_mismatch/.	/work	lustre
POSIX	21	6939792131935133011	POSIX_FILE_NOT_ALIGNED	0	/work/hdd/bdau/mbanisharifdehkordi/E2E/3d/results_decomp_mismatch/.	/work	lustre
POSIX	21	6939792131935133011	POSIX_SIZE_WRITE_0_100	0	/work/hdd/bdau/mbanisharifdehkordi/E2E/3d/results_decomp_mismatch/.	/work	lustre
POSIX	21	6939792131935133011	POSIX_SIZE_WRITE_100_1K	0	/work/hdd/bdau/mbanisharifdehkordi/E2E/3d/results_decomp_mismatch/.	/work	lustre
POSIX	21	6939792131935133011	POSIX_SIZE_WRITE_1K_10K	0	/work/hdd/bdau/mbanisharifdehkordi/E2E/3d/results_decomp_mismatch/.	/work	lustre
POSIX	21	6939792131935133011	POSIX_SIZE_WRITE_10K_100K	0	/work/hdd/bdau/mbanisharifdehkordi/E2E/3d/results_decomp_mismatch/.	/work	lustre
POSIX	21	6939792131935133011	POSIX_SIZE_WRITE_100K_1M	0	/work/hdd/bdau/mbanisharifdehkordi/E2E/3d/results_decomp_mismatch/.	/work	lustre
POSIX	21	6939792131935133011	POSIX_SIZE_WRITE_1M_4M	0	/work/hdd/bdau/mbanisharifdehkordi/E2E/3d/results_decomp_mismatch/.	/work	lustre
POSIX	21	6939792131935133011	POSIX_SIZE_WRITE_4M_10M	0	/work/hdd/bdau/mbanisharifdehkordi/E2E/3d/results_decomp_mismatch/.	/work	lustre
POSIX	21	6939792131935133011	POSIX_SIZE_WRITE_10M_100M	0	/work/hdd/bdau/mbanisharifdehkordi/E2E/3d/results_decomp_mismatch/.	/work	lustre
POSIX	21	6939792131935133011	POSIX_SIZE_WRITE_100M_1G	0	/work/hdd/bdau/mbanisharifdehkordi/E2E/3d/results_decomp_mismatch/.	/work	lustre
POSIX	21	6939792131935133011	POSIX_SIZE_WRITE_1G_PLUS	0	/work/hdd/bdau/mbanisharifdehkordi/E2E/3d/results_decomp_mismatch/.	/work	lustre
POSIX	21	15634375788946986981	POSIX_WRITES	0	/work/hdd/bdau/mbanisharifdehkordi/E2E/3d/results_decomp_mismatch/decomp_mismatch.nc4-4005036033-2888081.loc	/work	lustre
POSIX	21	15634375788946986981	POSIX_FILE_NOT_ALIGNED	0	/work/hdd/bdau/mbanisharifdehkordi/E2E/3d/results_decomp_mismatch/decomp_mismatch.nc4-4005036033-2888081.loc	/work	lustre
POSIX	21	15634375788946986981	POSIX_SIZE_WRITE_0_100	0	/work/hdd/bdau/mbanisharifdehkordi/E2E/3d/results_decomp_mismatch/decomp_mismatch.nc4-4005036033-2888081.loc	/work	lustre
POSIX	21	15634375788946986981	POSIX_SIZE_WRITE_100_1K	0	/work/hdd/bdau/mbanisharifdehkordi/E2E/3d/results_decomp_mismatch/decomp_mismatch.nc4-4005036033-2888081.loc	/work	lustre
POSIX	21	15634375788946986981	POSIX_SIZE_WRITE_1K_10K	0	/work/hdd/bdau/mbanisharifdehkordi/E2E/3d/results_decomp_mismatch/decomp_mismatch.nc4-4005036033-2888081.loc	/work	lustre
POSIX	21	15634375788946986981	POSIX_SIZE_WRITE_10K_100K	0	/work/hdd/bdau/mbanisharifdehkordi/E2E/3d/results_decomp_mismatch/decomp_mismatch.nc4-4005036033-2888081.loc	/work	lustre
POSIX	21	15634375788946986981	POSIX_SIZE_WRITE_100K_1M	0	/work/hdd/bdau/mbanisharifdehkordi/E2E/3d/results_decomp_mismatch/decomp_mismatch.nc4-4005036033-2888081.loc	/work	lustre
POSIX	21	15634375788946986981	POSIX_SIZE_WRITE_1M_4M	0	/work/hdd/bdau/mbanisharifdehkordi/E2E/3d/results_decomp_mismatch/decomp_mismatch.nc4-4005036033-2888081.loc	/work	lustre
POSIX	21	15634375788946986981	POSIX_SIZE_WRITE_4M_10M	0	/work/hdd/bdau/mbanisharifdehkordi/E2E/3d/results_decomp_mismatch/decomp_mismatch.nc4-4005036033-2888081.loc	/work	lustre
POSIX	21	15634375788946986981	POSIX_SIZE_WRITE_10M_100M	0	/work/hdd/bdau/mbanisharifdehkordi/E2E/3d/results_decomp_mismatch/decomp_mismatch.nc4-4005036033-2888081.loc	/work	lustre
POSIX	21	15634375788946986981	POSIX_SIZE_WRITE_100M_1G	0	/work/hdd/bdau/mbanisharifdehkordi/E2E/3d/results_decomp_mismatch/decomp_mismatch.nc4-4005036033-2888081.loc	/work	lustre
POSIX	21	15634375788946986981	POSIX_SIZE_WRITE_1G_PLUS	0	/work/hdd/bdau/mbanisharifdehkordi/E2E/3d/results_decomp_mismatch/decomp_mismatch.nc4-4005036033-2888081.loc	/work	lustre
POSIX	22	4342035783667019272	POSIX_WRITES	0	/work/hdd/bdau/mbanisharifdehkordi/E2E/3d/results_decomp_mismatch/decomp_mismatch.nc4.locktest.22	/work	lustre
POSIX	22	4342035783667019272	POSIX_FILE_NOT_ALIGNED	0	/work/hdd/bdau/mbanisharifdehkordi/E2E/3d/results_decomp_mismatch/decomp_mismatch.nc4.locktest.22	/work	lustre
POSIX	22	4342035783667019272	POSIX_SIZE_WRITE_0_100	0	/work/hdd/bdau/mbanisharifdehkordi/E2E/3d/results_decomp_mismatch/decomp_mismatch.nc4.locktest.22	/work	lustre
POSIX	22	4342035783667019272	POSIX_SIZE_WRITE_100_1K	0	/work/hdd/bdau/mbanisharifdehkordi/E2E/3d/results_decomp_mismatch/decomp_mismatch.nc4.locktest.22	/work	lustre
POSIX	22	4342035783667019272	POSIX_SIZE_WRITE_1K_10K	0	/work/hdd/bdau/mbanisharifdehkordi/E2E/3d/results_decomp_mismatch/decomp_mismatch.nc4.locktest.22	/work	lustre
POSIX	22	4342035783667019272	POSIX_SIZE_WRITE_10K_100K	0	/work/hdd/bdau/mbanisharifdehkordi/E2E/3d/results_decomp_mismatch/decomp_mismatch.nc4.locktest.22	/work	lustre
POSIX	22	4342035783667019272	POSIX_SIZE_WRITE_100K_1M	0	/work/hdd/bdau/mbanisharifdehkordi/E2E/3d/results_decomp_mismatch/decomp_mismatch.nc4.locktest.22	/work	lustre
POSIX	22	4342035783667019272	POSIX_SIZE_WRITE_1M_4M	0	/work/hdd/bdau/mbanisharifdehkordi/E2E/3d/results_decomp_mismatch/decomp_mismatch.nc4.locktest.22	/work	lustre
POSIX	22	4342035783667019272	POSIX_SIZE_WRITE_4M_10M	0	/work/hdd/bdau/mbanisharifdehkordi/E2E/3d/results_decomp_mismatch/decomp_mismatch.nc4.locktest.22	/work	lustre
POSIX	22	4342035783667019272	POSIX_SIZE_WRITE_10M_100M	0	/work/hdd/bdau/mbanisharifdehkordi/E2E/3d/results_decomp_mismatch/decomp_mismatch.nc4.locktest.22	/work	lustre
POSIX	22	4342035783667019272	POSIX_SIZE_WRITE_100M_1G	0	/work/hdd/bdau/mbanisharifdehkordi/E2E/3d/results_decomp_mismatch/decomp_mismatch.nc4.locktest.22	/work	lustre
POSIX	22	4342035783667019272	POSIX_SIZE_WRITE_1G_PLUS	0	/work/hdd/bdau/mbanisharifdehkordi/E2E/3d/results_decomp_mismatch/decomp_mismatch.nc4.locktest.22	/work	lustre
POSIX	22	8796968004350111049	POSIX_WRITES	0	/work/hdd/bdau/mbanisharifdehkordi/E2E/3d/results_decomp_mismatch/decomp_mismatch.nc4	/work	lustre
POSIX	22	8796968004350111049	POSIX_FILE_NOT_ALIGNED	0	/work/hdd/bdau/mbanisharifdehkordi/E2E/3d/results_decomp_mismatch/decomp_mismatch.nc4	/work	lustre
POSIX	22	8796968004350111049	POSIX_SIZE_WRITE_0_100	0	/work/hdd/bdau/mbanisharifdehkordi/E2E/3d/results_decomp_mismatch/decomp_mismatch.nc4	/work	lustre
POSIX	22	8796968004350111049	POSIX_SIZE_WRITE_100_1K	0	/work/hdd/bdau/mbanisharifdehkordi/E2E/3d/results_decomp_mismatch/decomp_mismatch.nc4	/work	lustre
POSIX	22	8796968004350111049	POSIX_SIZE_WRITE_1K_10K	0	/work/hdd/bdau/mbanisharifdehkordi/E2E/3d/results_decomp_mismatch/decomp_mismatch.nc4	/work	lustre
POSIX	22	8796968004350111049	POSIX_SIZE_WRITE_10K_100K	0	/work/hdd/bdau/mbanisharifdehkordi/E2E/3d/results_decomp_mismatch/decomp_mismatch.nc4	/work	lustre
POSIX	22	8796968004350111049	POSIX_SIZE_WRITE_100K_1M	0	/work/hdd/bdau/mbanisharifdehkordi/E2E/3d/results_decomp_mismatch/decomp_mismatch.nc4	/work	lustre
POSIX	22	8796968004350111049	POSIX_SIZE_WRITE_1M_4M	0	/work/hdd/bdau/mbanisharifdehkordi/E2E/3d/results_decomp_mismatch/decomp_mismatch.nc4	/work	lustre
POSIX	22	8796968004350111049	POSIX_SIZE_WRITE_4M_10M	0	/work/hdd/bdau/mbanisharifdehkordi/E2E/3d/results_decomp_mismatch/decomp_mismatch.nc4	/work	lustre
POSIX	22	8796968004350111049	POSIX_SIZE_WRITE_10M_100M	0	/work/hdd/bdau/mbanisharifdehkordi/E2E/3d/results_decomp_mismatch/decomp_mismatch.nc4	/work	lustre
POSIX	22	8796968004350111049	POSIX_SIZE_WRITE_100M_1G	0	/work/hdd/bdau/mbanisharifdehkordi/E2E/3d/results_decomp_mismatch/decomp_mismatch.nc4	/work	lustre
POSIX	22	8796968004350111049	POSIX_SIZE_WRITE_1G_PLUS	0	/work/hdd/bdau/mbanisharifdehkordi/E2E/3d/results_decomp_mismatch/decomp_mismatch.nc4	/work	lustre
POSIX	22	6939792131935133011	POSIX_WRITES	0	/work/hdd/bdau/mbanisharifdehkordi/E2E/3d/results_decomp_mismatch/.	/work	lustre
POSIX	22	6939792131935133011	POSIX_FILE_NOT_ALIGNED	0	/work/hdd/bdau/mbanisharifdehkordi/E2E/3d/results_decomp_mismatch/.	/work	lustre
POSIX	22	6939792131935133011	POSIX_SIZE_WRITE_0_100	0	/work/hdd/bdau/mbanisharifdehkordi/E2E/3d/results_decomp_mismatch/.	/work	lustre
POSIX	22	6939792131935133011	POSIX_SIZE_WRITE_100_1K	0	/work/hdd/bdau/mbanisharifdehkordi/E2E/3d/results_decomp_mismatch/.	/work	lustre
POSIX	22	6939792131935133011	POSIX_SIZE_WRITE_1K_10K	0	/work/hdd/bdau/mbanisharifdehkordi/E2E/3d/results_decomp_mismatch/.	/work	lustre
POSIX	22	6939792131935133011	POSIX_SIZE_WRITE_10K_100K	0	/work/hdd/bdau/mbanisharifdehkordi/E2E/3d/results_decomp_mismatch/.	/work	lustre
POSIX	22	6939792131935133011	POSIX_SIZE_WRITE_100K_1M	0	/work/hdd/bdau/mbanisharifdehkordi/E2E/3d/results_decomp_mismatch/.	/work	lustre
POSIX	22	6939792131935133011	POSIX_SIZE_WRITE_1M_4M	0	/work/hdd/bdau/mbanisharifdehkordi/E2E/3d/results_decomp_mismatch/.	/work	lustre
POSIX	22	6939792131935133011	POSIX_SIZE_WRITE_4M_10M	0	/work/hdd/bdau/mbanisharifdehkordi/E2E/3d/results_decomp_mismatch/.	/work	lustre
POSIX	22	6939792131935133011	POSIX_SIZE_WRITE_10M_100M	0	/work/hdd/bdau/mbanisharifdehkordi/E2E/3d/results_decomp_mismatch/.	/work	lustre
POSIX	22	6939792131935133011	POSIX_SIZE_WRITE_100M_1G	0	/work/hdd/bdau/mbanisharifdehkordi/E2E/3d/results_decomp_mismatch/.	/work	lustre
POSIX	22	6939792131935133011	POSIX_SIZE_WRITE_1G_PLUS	0	/work/hdd/bdau/mbanisharifdehkordi/E2E/3d/results_decomp_mismatch/.	/work	lustre
POSIX	22	15634375788946986981	POSIX_WRITES	0	/work/hdd/bdau/mbanisharifdehkordi/E2E/3d/results_decomp_mismatch/decomp_mismatch.nc4-4005036033-2888081.loc	/work	lustre
POSIX	22	15634375788946986981	POSIX_FILE_NOT_ALIGNED	0	/work/hdd/bdau/mbanisharifdehkordi/E2E/3d/results_decomp_mismatch/decomp_mismatch.nc4-4005036033-2888081.loc	/work	lustre
POSIX	22	15634375788946986981	POSIX_SIZE_WRITE_0_100	0	/work/hdd/bdau/mbanisharifdehkordi/E2E/3d/results_decomp_mismatch/decomp_mismatch.nc4-4005036033-2888081.loc	/work	lustre
POSIX	22	15634375788946986981	POSIX_SIZE_WRITE_100_1K	0	/work/hdd/bdau/mbanisharifdehkordi/E2E/3d/results_decomp_mismatch/decomp_mismatch.nc4-4005036033-2888081.loc	/work	lustre
POSIX	22	15634375788946986981	POSIX_SIZE_WRITE_1K_10K	0	/work/hdd/bdau/mbanisharifdehkordi/E2E/3d/results_decomp_mismatch/decomp_mismatch.nc4-4005036033-2888081.loc	/work	lustre
POSIX	22	15634375788946986981	POSIX_SIZE_WRITE_10K_100K	0	/work/hdd/bdau/mbanisharifdehkordi/E2E/3d/results_decomp_mismatch/decomp_mismatch.nc4-4005036033-2888081.loc	/work	lustre
POSIX	22	15634375788946986981	POSIX_SIZE_WRITE_100K_1M	0	/work/hdd/bdau/mbanisharifdehkordi/E2E/3d/results_decomp_mismatch/decomp_mismatch.nc4-4005036033-2888081.loc	/work	lustre
POSIX	22	15634375788946986981	POSIX_SIZE_WRITE_1M_4M	0	/work/hdd/bdau/mbanisharifdehkordi/E2E/3d/results_decomp_mismatch/decomp_mismatch.nc4-4005036033-2888081.loc	/work	lustre
POSIX	22	15634375788946986981	POSIX_SIZE_WRITE_4M_10M	0	/work/hdd/bdau/mbanisharifdehkordi/E2E/3d/results_decomp_mismatch/decomp_mismatch.nc4-4005036033-2888081.loc	/work	lustre
POSIX	22	15634375788946986981	POSIX_SIZE_WRITE_10M_100M	0	/work/hdd/bdau/mbanisharifdehkordi/E2E/3d/results_decomp_mismatch/decomp_mismatch.nc4-4005036033-2888081.loc	/work	lustre
POSIX	22	15634375788946986981	POSIX_SIZE_WRITE_100M_1G	0	/work/hdd/bdau/mbanisharifdehkordi/E2E/3d/results_decomp_mismatch/decomp_mismatch.nc4-4005036033-2888081.loc	/work	lustre
POSIX	22	15634375788946986981	POSIX_SIZE_WRITE_1G_PLUS	0	/work/hdd/bdau/mbanisharifdehkordi/E2E/3d/results_decomp_mismatch/decomp_mismatch.nc4-4005036033-2888081.loc	/work	lustre
POSIX	23	8240583923996451250	POSIX_WRITES	0	/work/hdd/bdau/mbanisharifdehkordi/E2E/3d/results_decomp_mismatch/decomp_mismatch.nc4.locktest.23	/work	lustre
POSIX	23	8240583923996451250	POSIX_FILE_NOT_ALIGNED	0	/work/hdd/bdau/mbanisharifdehkordi/E2E/3d/results_decomp_mismatch/decomp_mismatch.nc4.locktest.23	/work	lustre
POSIX	23	8240583923996451250	POSIX_SIZE_WRITE_0_100	0	/work/hdd/bdau/mbanisharifdehkordi/E2E/3d/results_decomp_mismatch/decomp_mismatch.nc4.locktest.23	/work	lustre
POSIX	23	8240583923996451250	POSIX_SIZE_WRITE_100_1K	0	/work/hdd/bdau/mbanisharifdehkordi/E2E/3d/results_decomp_mismatch/decomp_mismatch.nc4.locktest.23	/work	lustre
POSIX	23	8240583923996451250	POSIX_SIZE_WRITE_1K_10K	0	/work/hdd/bdau/mbanisharifdehkordi/E2E/3d/results_decomp_mismatch/decomp_mismatch.nc4.locktest.23	/work	lustre
POSIX	23	8240583923996451250	POSIX_SIZE_WRITE_10K_100K	0	/work/hdd/bdau/mbanisharifdehkordi/E2E/3d/results_decomp_mismatch/decomp_mismatch.nc4.locktest.23	/work	lustre
POSIX	23	8240583923996451250	POSIX_SIZE_WRITE_100K_1M	0	/work/hdd/bdau/mbanisharifdehkordi/E2E/3d/results_decomp_mismatch/decomp_mismatch.nc4.locktest.23	/work	lustre
POSIX	23	8240583923996451250	POSIX_SIZE_WRITE_1M_4M	0	/work/hdd/bdau/mbanisharifdehkordi/E2E/3d/results_decomp_mismatch/decomp_mismatch.nc4.locktest.23	/work	lustre
POSIX	23	8240583923996451250	POSIX_SIZE_WRITE_4M_10M	0	/work/hdd/bdau/mbanisharifdehkordi/E2E/3d/results_decomp_mismatch/decomp_mismatch.nc4.locktest.23	/work	lustre
POSIX	23	8240583923996451250	POSIX_SIZE_WRITE_10M_100M	0	/work/hdd/bdau/mbanisharifdehkordi/E2E/3d/results_decomp_mismatch/decomp_mismatch.nc4.locktest.23	/work	lustre
POSIX	23	8240583923996451250	POSIX_SIZE_WRITE_100M_1G	0	/work/hdd/bdau/mbanisharifdehkordi/E2E/3d/results_decomp_mismatch/decomp_mismatch.nc4.locktest.23	/work	lustre
POSIX	23	8240583923996451250	POSIX_SIZE_WRITE_1G_PLUS	0	/work/hdd/bdau/mbanisharifdehkordi/E2E/3d/results_decomp_mismatch/decomp_mismatch.nc4.locktest.23	/work	lustre
POSIX	23	8796968004350111049	POSIX_WRITES	0	/work/hdd/bdau/mbanisharifdehkordi/E2E/3d/results_decomp_mismatch/decomp_mismatch.nc4	/work	lustre
POSIX	23	8796968004350111049	POSIX_FILE_NOT_ALIGNED	0	/work/hdd/bdau/mbanisharifdehkordi/E2E/3d/results_decomp_mismatch/decomp_mismatch.nc4	/work	lustre
POSIX	23	8796968004350111049	POSIX_SIZE_WRITE_0_100	0	/work/hdd/bdau/mbanisharifdehkordi/E2E/3d/results_decomp_mismatch/decomp_mismatch.nc4	/work	lustre
POSIX	23	8796968004350111049	POSIX_SIZE_WRITE_100_1K	0	/work/hdd/bdau/mbanisharifdehkordi/E2E/3d/results_decomp_mismatch/decomp_mismatch.nc4	/work	lustre
POSIX	23	8796968004350111049	POSIX_SIZE_WRITE_1K_10K	0	/work/hdd/bdau/mbanisharifdehkordi/E2E/3d/results_decomp_mismatch/decomp_mismatch.nc4	/work	lustre
POSIX	23	8796968004350111049	POSIX_SIZE_WRITE_10K_100K	0	/work/hdd/bdau/mbanisharifdehkordi/E2E/3d/results_decomp_mismatch/decomp_mismatch.nc4	/work	lustre
POSIX	23	8796968004350111049	POSIX_SIZE_WRITE_100K_1M	0	/work/hdd/bdau/mbanisharifdehkordi/E2E/3d/results_decomp_mismatch/decomp_mismatch.nc4	/work	lustre
POSIX	23	8796968004350111049	POSIX_SIZE_WRITE_1M_4M	0	/work/hdd/bdau/mbanisharifdehkordi/E2E/3d/results_decomp_mismatch/decomp_mismatch.nc4	/work	lustre
POSIX	23	8796968004350111049	POSIX_SIZE_WRITE_4M_10M	0	/work/hdd/bdau/mbanisharifdehkordi/E2E/3d/results_decomp_mismatch/decomp_mismatch.nc4	/work	lustre
POSIX	23	8796968004350111049	POSIX_SIZE_WRITE_10M_100M	0	/work/hdd/bdau/mbanisharifdehkordi/E2E/3d/results_decomp_mismatch/decomp_mismatch.nc4	/work	lustre
POSIX	23	8796968004350111049	POSIX_SIZE_WRITE_100M_1G	0	/work/hdd/bdau/mbanisharifdehkordi/E2E/3d/results_decomp_mismatch/decomp_mismatch.nc4	/work	lustre
POSIX	23	8796968004350111049	POSIX_SIZE_WRITE_1G_PLUS	0	/work/hdd/bdau/mbanisharifdehkordi/E2E/3d/results_decomp_mismatch/decomp_mismatch.nc4	/work	lustre
POSIX	23	6939792131935133011	POSIX_WRITES	0	/work/hdd/bdau/mbanisharifdehkordi/E2E/3d/results_decomp_mismatch/.	/work	lustre
POSIX	23	6939792131935133011	POSIX_FILE_NOT_ALIGNED	0	/work/hdd/bdau/mbanisharifdehkordi/E2E/3d/results_decomp_mismatch/.	/work	lustre
POSIX	23	6939792131935133011	POSIX_SIZE_WRITE_0_100	0	/work/hdd/bdau/mbanisharifdehkordi/E2E/3d/results_decomp_mismatch/.	/work	lustre
POSIX	23	6939792131935133011	POSIX_SIZE_WRITE_100_1K	0	/work/hdd/bdau/mbanisharifdehkordi/E2E/3d/results_decomp_mismatch/.	/work	lustre
POSIX	23	6939792131935133011	POSIX_SIZE_WRITE_1K_10K	0	/work/hdd/bdau/mbanisharifdehkordi/E2E/3d/results_decomp_mismatch/.	/work	lustre
POSIX	23	6939792131935133011	POSIX_SIZE_WRITE_10K_100K	0	/work/hdd/bdau/mbanisharifdehkordi/E2E/3d/results_decomp_mismatch/.	/work	lustre
POSIX	23	6939792131935133011	POSIX_SIZE_WRITE_100K_1M	0	/work/hdd/bdau/mbanisharifdehkordi/E2E/3d/results_decomp_mismatch/.	/work	lustre
POSIX	23	6939792131935133011	POSIX_SIZE_WRITE_1M_4M	0	/work/hdd/bdau/mbanisharifdehkordi/E2E/3d/results_decomp_mismatch/.	/work	lustre
POSIX	23	6939792131935133011	POSIX_SIZE_WRITE_4M_10M	0	/work/hdd/bdau/mbanisharifdehkordi/E2E/3d/results_decomp_mismatch/.	/work	lustre
POSIX	23	6939792131935133011	POSIX_SIZE_WRITE_10M_100M	0	/work/hdd/bdau/mbanisharifdehkordi/E2E/3d/results_decomp_mismatch/.	/work	lustre
POSIX	23	6939792131935133011	POSIX_SIZE_WRITE_100M_1G	0	/work/hdd/bdau/mbanisharifdehkordi/E2E/3d/results_decomp_mismatch/.	/work	lustre
POSIX	23	6939792131935133011	POSIX_SIZE_WRITE_1G_PLUS	0	/work/hdd/bdau/mbanisharifdehkordi/E2E/3d/results_decomp_mismatch/.	/work	lustre
POSIX	23	15634375788946986981	POSIX_WRITES	0	/work/hdd/bdau/mbanisharifdehkordi/E2E/3d/results_decomp_mismatch/decomp_mismatch.nc4-4005036033-2888081.loc	/work	lustre
POSIX	23	15634375788946986981	POSIX_FILE_NOT_ALIGNED	0	/work/hdd/bdau/mbanisharifdehkordi/E2E/3d/results_decomp_mismatch/decomp_mismatch.nc4-4005036033-2888081.loc	/work	lustre
POSIX	23	15634375788946986981	POSIX_SIZE_WRITE_0_100	0	/work/hdd/bdau/mbanisharifdehkordi/E2E/3d/results_decomp_mismatch/decomp_mismatch.nc4-4005036033-2888081.loc	/work	lustre
POSIX	23	15634375788946986981	POSIX_SIZE_WRITE_100_1K	0	/work/hdd/bdau/mbanisharifdehkordi/E2E/3d/results_decomp_mismatch/decomp_mismatch.nc4-4005036033-2888081.loc	/work	lustre
POSIX	23	15634375788946986981	POSIX_SIZE_WRITE_1K_10K	0	/work/hdd/bdau/mbanisharifdehkordi/E2E/3d/results_decomp_mismatch/decomp_mismatch.nc4-4005036033-2888081.loc	/work	lustre
POSIX	23	15634375788946986981	POSIX_SIZE_WRITE_10K_100K	0	/work/hdd/bdau/mbanisharifdehkordi/E2E/3d/results_decomp_mismatch/decomp_mismatch.nc4-4005036033-2888081.loc	/work	lustre
POSIX	23	15634375788946986981	POSIX_SIZE_WRITE_100K_1M	0	/work/hdd/bdau/mbanisharifdehkordi/E2E/3d/results_decomp_mismatch/decomp_mismatch.nc4-4005036033-2888081.loc	/work	lustre
POSIX	23	15634375788946986981	POSIX_SIZE_WRITE_1M_4M	0	/work/hdd/bdau/mbanisharifdehkordi/E2E/3d/results_decomp_mismatch/decomp_mismatch.nc4-4005036033-2888081.loc	/work	lustre
POSIX	23	15634375788946986981	POSIX_SIZE_WRITE_4M_10M	0	/work/hdd/bdau/mbanisharifdehkordi/E2E/3d/results_decomp_mismatch/decomp_mismatch.nc4-4005036033-2888081.loc	/work	lustre
POSIX	23	15634375788946986981	POSIX_SIZE_WRITE_10M_100M	0	/work/hdd/bdau/mbanisharifdehkordi/E2E/3d/results_decomp_mismatch/decomp_mismatch.nc4-4005036033-2888081.loc	/work	lustre
POSIX	23	15634375788946986981	POSIX_SIZE_WRITE_100M_1G	0	/work/hdd/bdau/mbanisharifdehkordi/E2E/3d/results_decomp_mismatch/decomp_mismatch.nc4-4005036033-2888081.loc	/work	lustre
POSIX	23	15634375788946986981	POSIX_SIZE_WRITE_1G_PLUS	0	/work/hdd/bdau/mbanisharifdehkordi/E2E/3d/results_decomp_mismatch/decomp_mismatch.nc4-4005036033-2888081.loc	/work	lustre
POSIX	24	12657046914760711261	POSIX_WRITES	0	/work/hdd/bdau/mbanisharifdehkordi/E2E/3d/results_decomp_mismatch/decomp_mismatch.nc4.locktest.24	/work	lustre
POSIX	24	12657046914760711261	POSIX_FILE_NOT_ALIGNED	0	/work/hdd/bdau/mbanisharifdehkordi/E2E/3d/results_decomp_mismatch/decomp_mismatch.nc4.locktest.24	/work	lustre
POSIX	24	12657046914760711261	POSIX_SIZE_WRITE_0_100	0	/work/hdd/bdau/mbanisharifdehkordi/E2E/3d/results_decomp_mismatch/decomp_mismatch.nc4.locktest.24	/work	lustre
POSIX	24	12657046914760711261	POSIX_SIZE_WRITE_100_1K	0	/work/hdd/bdau/mbanisharifdehkordi/E2E/3d/results_decomp_mismatch/decomp_mismatch.nc4.locktest.24	/work	lustre
POSIX	24	12657046914760711261	POSIX_SIZE_WRITE_1K_10K	0	/work/hdd/bdau/mbanisharifdehkordi/E2E/3d/results_decomp_mismatch/decomp_mismatch.nc4.locktest.24	/work	lustre
POSIX	24	12657046914760711261	POSIX_SIZE_WRITE_10K_100K	0	/work/hdd/bdau/mbanisharifdehkordi/E2E/3d/results_decomp_mismatch/decomp_mismatch.nc4.locktest.24	/work	lustre
POSIX	24	12657046914760711261	POSIX_SIZE_WRITE_100K_1M	0	/work/hdd/bdau/mbanisharifdehkordi/E2E/3d/results_decomp_mismatch/decomp_mismatch.nc4.locktest.24	/work	lustre
POSIX	24	12657046914760711261	POSIX_SIZE_WRITE_1M_4M	0	/work/hdd/bdau/mbanisharifdehkordi/E2E/3d/results_decomp_mismatch/decomp_mismatch.nc4.locktest.24	/work	lustre
POSIX	24	12657046914760711261	POSIX_SIZE_WRITE_4M_10M	0	/work/hdd/bdau/mbanisharifdehkordi/E2E/3d/results_decomp_mismatch/decomp_mismatch.nc4.locktest.24	/work	lustre
POSIX	24	12657046914760711261	POSIX_SIZE_WRITE_10M_100M	0	/work/hdd/bdau/mbanisharifdehkordi/E2E/3d/results_decomp_mismatch/decomp_mismatch.nc4.locktest.24	/work	lustre
POSIX	24	12657046914760711261	POSIX_SIZE_WRITE_100M_1G	0	/work/hdd/bdau/mbanisharifdehkordi/E2E/3d/results_decomp_mismatch/decomp_mismatch.nc4.locktest.24	/work	lustre
POSIX	24	12657046914760711261	POSIX_SIZE_WRITE_1G_PLUS	0	/work/hdd/bdau/mbanisharifdehkordi/E2E/3d/results_decomp_mismatch/decomp_mismatch.nc4.locktest.24	/work	lustre
POSIX	24	8796968004350111049	POSIX_WRITES	0	/work/hdd/bdau/mbanisharifdehkordi/E2E/3d/results_decomp_mismatch/decomp_mismatch.nc4	/work	lustre
POSIX	24	8796968004350111049	POSIX_FILE_NOT_ALIGNED	0	/work/hdd/bdau/mbanisharifdehkordi/E2E/3d/results_decomp_mismatch/decomp_mismatch.nc4	/work	lustre
POSIX	24	8796968004350111049	POSIX_SIZE_WRITE_0_100	0	/work/hdd/bdau/mbanisharifdehkordi/E2E/3d/results_decomp_mismatch/decomp_mismatch.nc4	/work	lustre
POSIX	24	8796968004350111049	POSIX_SIZE_WRITE_100_1K	0	/work/hdd/bdau/mbanisharifdehkordi/E2E/3d/results_decomp_mismatch/decomp_mismatch.nc4	/work	lustre
POSIX	24	8796968004350111049	POSIX_SIZE_WRITE_1K_10K	0	/work/hdd/bdau/mbanisharifdehkordi/E2E/3d/results_decomp_mismatch/decomp_mismatch.nc4	/work	lustre
POSIX	24	8796968004350111049	POSIX_SIZE_WRITE_10K_100K	0	/work/hdd/bdau/mbanisharifdehkordi/E2E/3d/results_decomp_mismatch/decomp_mismatch.nc4	/work	lustre
POSIX	24	8796968004350111049	POSIX_SIZE_WRITE_100K_1M	0	/work/hdd/bdau/mbanisharifdehkordi/E2E/3d/results_decomp_mismatch/decomp_mismatch.nc4	/work	lustre
POSIX	24	8796968004350111049	POSIX_SIZE_WRITE_1M_4M	0	/work/hdd/bdau/mbanisharifdehkordi/E2E/3d/results_decomp_mismatch/decomp_mismatch.nc4	/work	lustre
POSIX	24	8796968004350111049	POSIX_SIZE_WRITE_4M_10M	0	/work/hdd/bdau/mbanisharifdehkordi/E2E/3d/results_decomp_mismatch/decomp_mismatch.nc4	/work	lustre
POSIX	24	8796968004350111049	POSIX_SIZE_WRITE_10M_100M	0	/work/hdd/bdau/mbanisharifdehkordi/E2E/3d/results_decomp_mismatch/decomp_mismatch.nc4	/work	lustre
POSIX	24	8796968004350111049	POSIX_SIZE_WRITE_100M_1G	0	/work/hdd/bdau/mbanisharifdehkordi/E2E/3d/results_decomp_mismatch/decomp_mismatch.nc4	/work	lustre
POSIX	24	8796968004350111049	POSIX_SIZE_WRITE_1G_PLUS	0	/work/hdd/bdau/mbanisharifdehkordi/E2E/3d/results_decomp_mismatch/decomp_mismatch.nc4	/work	lustre
POSIX	24	6939792131935133011	POSIX_WRITES	0	/work/hdd/bdau/mbanisharifdehkordi/E2E/3d/results_decomp_mismatch/.	/work	lustre
POSIX	24	6939792131935133011	POSIX_FILE_NOT_ALIGNED	0	/work/hdd/bdau/mbanisharifdehkordi/E2E/3d/results_decomp_mismatch/.	/work	lustre
POSIX	24	6939792131935133011	POSIX_SIZE_WRITE_0_100	0	/work/hdd/bdau/mbanisharifdehkordi/E2E/3d/results_decomp_mismatch/.	/work	lustre
POSIX	24	6939792131935133011	POSIX_SIZE_WRITE_100_1K	0	/work/hdd/bdau/mbanisharifdehkordi/E2E/3d/results_decomp_mismatch/.	/work	lustre
POSIX	24	6939792131935133011	POSIX_SIZE_WRITE_1K_10K	0	/work/hdd/bdau/mbanisharifdehkordi/E2E/3d/results_decomp_mismatch/.	/work	lustre
POSIX	24	6939792131935133011	POSIX_SIZE_WRITE_10K_100K	0	/work/hdd/bdau/mbanisharifdehkordi/E2E/3d/results_decomp_mismatch/.	/work	lustre
POSIX	24	6939792131935133011	POSIX_SIZE_WRITE_100K_1M	0	/work/hdd/bdau/mbanisharifdehkordi/E2E/3d/results_decomp_mismatch/.	/work	lustre
POSIX	24	6939792131935133011	POSIX_SIZE_WRITE_1M_4M	0	/work/hdd/bdau/mbanisharifdehkordi/E2E/3d/results_decomp_mismatch/.	/work	lustre
POSIX	24	6939792131935133011	POSIX_SIZE_WRITE_4M_10M	0	/work/hdd/bdau/mbanisharifdehkordi/E2E/3d/results_decomp_mismatch/.	/work	lustre
POSIX	24	6939792131935133011	POSIX_SIZE_WRITE_10M_100M	0	/work/hdd/bdau/mbanisharifdehkordi/E2E/3d/results_decomp_mismatch/.	/work	lustre
POSIX	24	6939792131935133011	POSIX_SIZE_WRITE_100M_1G	0	/work/hdd/bdau/mbanisharifdehkordi/E2E/3d/results_decomp_mismatch/.	/work	lustre
POSIX	24	6939792131935133011	POSIX_SIZE_WRITE_1G_PLUS	0	/work/hdd/bdau/mbanisharifdehkordi/E2E/3d/results_decomp_mismatch/.	/work	lustre
POSIX	24	15634375788946986981	POSIX_WRITES	0	/work/hdd/bdau/mbanisharifdehkordi/E2E/3d/results_decomp_mismatch/decomp_mismatch.nc4-4005036033-2888081.loc	/work	lustre
POSIX	24	15634375788946986981	POSIX_FILE_NOT_ALIGNED	0	/work/hdd/bdau/mbanisharifdehkordi/E2E/3d/results_decomp_mismatch/decomp_mismatch.nc4-4005036033-2888081.loc	/work	lustre
POSIX	24	15634375788946986981	POSIX_SIZE_WRITE_0_100	0	/work/hdd/bdau/mbanisharifdehkordi/E2E/3d/results_decomp_mismatch/decomp_mismatch.nc4-4005036033-2888081.loc	/work	lustre
POSIX	24	15634375788946986981	POSIX_SIZE_WRITE_100_1K	0	/work/hdd/bdau/mbanisharifdehkordi/E2E/3d/results_decomp_mismatch/decomp_mismatch.nc4-4005036033-2888081.loc	/work	lustre
POSIX	24	15634375788946986981	POSIX_SIZE_WRITE_1K_10K	0	/work/hdd/bdau/mbanisharifdehkordi/E2E/3d/results_decomp_mismatch/decomp_mismatch.nc4-4005036033-2888081.loc	/work	lustre
POSIX	24	15634375788946986981	POSIX_SIZE_WRITE_10K_100K	0	/work/hdd/bdau/mbanisharifdehkordi/E2E/3d/results_decomp_mismatch/decomp_mismatch.nc4-4005036033-2888081.loc	/work	lustre
POSIX	24	15634375788946986981	POSIX_SIZE_WRITE_100K_1M	0	/work/hdd/bdau/mbanisharifdehkordi/E2E/3d/results_decomp_mismatch/decomp_mismatch.nc4-4005036033-2888081.loc	/work	lustre
POSIX	24	15634375788946986981	POSIX_SIZE_WRITE_1M_4M	0	/work/hdd/bdau/mbanisharifdehkordi/E2E/3d/results_decomp_mismatch/decomp_mismatch.nc4-4005036033-2888081.loc	/work	lustre
POSIX	24	15634375788946986981	POSIX_SIZE_WRITE_4M_10M	0	/work/hdd/bdau/mbanisharifdehkordi/E2E/3d/results_decomp_mismatch/decomp_mismatch.nc4-4005036033-2888081.loc	/work	lustre
POSIX	24	15634375788946986981	POSIX_SIZE_WRITE_10M_100M	0	/work/hdd/bdau/mbanisharifdehkordi/E2E/3d/results_decomp_mismatch/decomp_mismatch.nc4-4005036033-2888081.loc	/work	lustre
POSIX	24	15634375788946986981	POSIX_SIZE_WRITE_100M_1G	0	/work/hdd/bdau/mbanisharifdehkordi/E2E/3d/results_decomp_mismatch/decomp_mismatch.nc4-4005036033-2888081.loc	/work	lustre
POSIX	24	15634375788946986981	POSIX_SIZE_WRITE_1G_PLUS	0	/work/hdd/bdau/mbanisharifdehkordi/E2E/3d/results_decomp_mismatch/decomp_mismatch.nc4-4005036033-2888081.loc	/work	lustre
POSIX	25	3512696433611454811	POSIX_WRITES	0	/work/hdd/bdau/mbanisharifdehkordi/E2E/3d/results_decomp_mismatch/decomp_mismatch.nc4.locktest.25	/work	lustre
POSIX	25	3512696433611454811	POSIX_FILE_NOT_ALIGNED	0	/work/hdd/bdau/mbanisharifdehkordi/E2E/3d/results_decomp_mismatch/decomp_mismatch.nc4.locktest.25	/work	lustre
POSIX	25	3512696433611454811	POSIX_SIZE_WRITE_0_100	0	/work/hdd/bdau/mbanisharifdehkordi/E2E/3d/results_decomp_mismatch/decomp_mismatch.nc4.locktest.25	/work	lustre
POSIX	25	3512696433611454811	POSIX_SIZE_WRITE_100_1K	0	/work/hdd/bdau/mbanisharifdehkordi/E2E/3d/results_decomp_mismatch/decomp_mismatch.nc4.locktest.25	/work	lustre
POSIX	25	3512696433611454811	POSIX_SIZE_WRITE_1K_10K	0	/work/hdd/bdau/mbanisharifdehkordi/E2E/3d/results_decomp_mismatch/decomp_mismatch.nc4.locktest.25	/work	lustre
POSIX	25	3512696433611454811	POSIX_SIZE_WRITE_10K_100K	0	/work/hdd/bdau/mbanisharifdehkordi/E2E/3d/results_decomp_mismatch/decomp_mismatch.nc4.locktest.25	/work	lustre
POSIX	25	3512696433611454811	POSIX_SIZE_WRITE_100K_1M	0	/work/hdd/bdau/mbanisharifdehkordi/E2E/3d/results_decomp_mismatch/decomp_mismatch.nc4.locktest.25	/work	lustre
POSIX	25	3512696433611454811	POSIX_SIZE_WRITE_1M_4M	0	/work/hdd/bdau/mbanisharifdehkordi/E2E/3d/results_decomp_mismatch/decomp_mismatch.nc4.locktest.25	/work	lustre
POSIX	25	3512696433611454811	POSIX_SIZE_WRITE_4M_10M	0	/work/hdd/bdau/mbanisharifdehkordi/E2E/3d/results_decomp_mismatch/decomp_mismatch.nc4.locktest.25	/work	lustre
POSIX	25	3512696433611454811	POSIX_SIZE_WRITE_10M_100M	0	/work/hdd/bdau/mbanisharifdehkordi/E2E/3d/results_decomp_mismatch/decomp_mismatch.nc4.locktest.25	/work	lustre
POSIX	25	3512696433611454811	POSIX_SIZE_WRITE_100M_1G	0	/work/hdd/bdau/mbanisharifdehkordi/E2E/3d/results_decomp_mismatch/decomp_mismatch.nc4.locktest.25	/work	lustre
POSIX	25	3512696433611454811	POSIX_SIZE_WRITE_1G_PLUS	0	/work/hdd/bdau/mbanisharifdehkordi/E2E/3d/results_decomp_mismatch/decomp_mismatch.nc4.locktest.25	/work	lustre
POSIX	25	8796968004350111049	POSIX_WRITES	0	/work/hdd/bdau/mbanisharifdehkordi/E2E/3d/results_decomp_mismatch/decomp_mismatch.nc4	/work	lustre
POSIX	25	8796968004350111049	POSIX_FILE_NOT_ALIGNED	0	/work/hdd/bdau/mbanisharifdehkordi/E2E/3d/results_decomp_mismatch/decomp_mismatch.nc4	/work	lustre
POSIX	25	8796968004350111049	POSIX_SIZE_WRITE_0_100	0	/work/hdd/bdau/mbanisharifdehkordi/E2E/3d/results_decomp_mismatch/decomp_mismatch.nc4	/work	lustre
POSIX	25	8796968004350111049	POSIX_SIZE_WRITE_100_1K	0	/work/hdd/bdau/mbanisharifdehkordi/E2E/3d/results_decomp_mismatch/decomp_mismatch.nc4	/work	lustre
POSIX	25	8796968004350111049	POSIX_SIZE_WRITE_1K_10K	0	/work/hdd/bdau/mbanisharifdehkordi/E2E/3d/results_decomp_mismatch/decomp_mismatch.nc4	/work	lustre
POSIX	25	8796968004350111049	POSIX_SIZE_WRITE_10K_100K	0	/work/hdd/bdau/mbanisharifdehkordi/E2E/3d/results_decomp_mismatch/decomp_mismatch.nc4	/work	lustre
POSIX	25	8796968004350111049	POSIX_SIZE_WRITE_100K_1M	0	/work/hdd/bdau/mbanisharifdehkordi/E2E/3d/results_decomp_mismatch/decomp_mismatch.nc4	/work	lustre
POSIX	25	8796968004350111049	POSIX_SIZE_WRITE_1M_4M	0	/work/hdd/bdau/mbanisharifdehkordi/E2E/3d/results_decomp_mismatch/decomp_mismatch.nc4	/work	lustre
POSIX	25	8796968004350111049	POSIX_SIZE_WRITE_4M_10M	0	/work/hdd/bdau/mbanisharifdehkordi/E2E/3d/results_decomp_mismatch/decomp_mismatch.nc4	/work	lustre
POSIX	25	8796968004350111049	POSIX_SIZE_WRITE_10M_100M	0	/work/hdd/bdau/mbanisharifdehkordi/E2E/3d/results_decomp_mismatch/decomp_mismatch.nc4	/work	lustre
POSIX	25	8796968004350111049	POSIX_SIZE_WRITE_100M_1G	0	/work/hdd/bdau/mbanisharifdehkordi/E2E/3d/results_decomp_mismatch/decomp_mismatch.nc4	/work	lustre
POSIX	25	8796968004350111049	POSIX_SIZE_WRITE_1G_PLUS	0	/work/hdd/bdau/mbanisharifdehkordi/E2E/3d/results_decomp_mismatch/decomp_mismatch.nc4	/work	lustre
POSIX	25	6939792131935133011	POSIX_WRITES	0	/work/hdd/bdau/mbanisharifdehkordi/E2E/3d/results_decomp_mismatch/.	/work	lustre
POSIX	25	6939792131935133011	POSIX_FILE_NOT_ALIGNED	0	/work/hdd/bdau/mbanisharifdehkordi/E2E/3d/results_decomp_mismatch/.	/work	lustre
POSIX	25	6939792131935133011	POSIX_SIZE_WRITE_0_100	0	/work/hdd/bdau/mbanisharifdehkordi/E2E/3d/results_decomp_mismatch/.	/work	lustre
POSIX	25	6939792131935133011	POSIX_SIZE_WRITE_100_1K	0	/work/hdd/bdau/mbanisharifdehkordi/E2E/3d/results_decomp_mismatch/.	/work	lustre
POSIX	25	6939792131935133011	POSIX_SIZE_WRITE_1K_10K	0	/work/hdd/bdau/mbanisharifdehkordi/E2E/3d/results_decomp_mismatch/.	/work	lustre
POSIX	25	6939792131935133011	POSIX_SIZE_WRITE_10K_100K	0	/work/hdd/bdau/mbanisharifdehkordi/E2E/3d/results_decomp_mismatch/.	/work	lustre
POSIX	25	6939792131935133011	POSIX_SIZE_WRITE_100K_1M	0	/work/hdd/bdau/mbanisharifdehkordi/E2E/3d/results_decomp_mismatch/.	/work	lustre
POSIX	25	6939792131935133011	POSIX_SIZE_WRITE_1M_4M	0	/work/hdd/bdau/mbanisharifdehkordi/E2E/3d/results_decomp_mismatch/.	/work	lustre
POSIX	25	6939792131935133011	POSIX_SIZE_WRITE_4M_10M	0	/work/hdd/bdau/mbanisharifdehkordi/E2E/3d/results_decomp_mismatch/.	/work	lustre
POSIX	25	6939792131935133011	POSIX_SIZE_WRITE_10M_100M	0	/work/hdd/bdau/mbanisharifdehkordi/E2E/3d/results_decomp_mismatch/.	/work	lustre
POSIX	25	6939792131935133011	POSIX_SIZE_WRITE_100M_1G	0	/work/hdd/bdau/mbanisharifdehkordi/E2E/3d/results_decomp_mismatch/.	/work	lustre
POSIX	25	6939792131935133011	POSIX_SIZE_WRITE_1G_PLUS	0	/work/hdd/bdau/mbanisharifdehkordi/E2E/3d/results_decomp_mismatch/.	/work	lustre
POSIX	25	15634375788946986981	POSIX_WRITES	0	/work/hdd/bdau/mbanisharifdehkordi/E2E/3d/results_decomp_mismatch/decomp_mismatch.nc4-4005036033-2888081.loc	/work	lustre
POSIX	25	15634375788946986981	POSIX_FILE_NOT_ALIGNED	0	/work/hdd/bdau/mbanisharifdehkordi/E2E/3d/results_decomp_mismatch/decomp_mismatch.nc4-4005036033-2888081.loc	/work	lustre
POSIX	25	15634375788946986981	POSIX_SIZE_WRITE_0_100	0	/work/hdd/bdau/mbanisharifdehkordi/E2E/3d/results_decomp_mismatch/decomp_mismatch.nc4-4005036033-2888081.loc	/work	lustre
POSIX	25	15634375788946986981	POSIX_SIZE_WRITE_100_1K	0	/work/hdd/bdau/mbanisharifdehkordi/E2E/3d/results_decomp_mismatch/decomp_mismatch.nc4-4005036033-2888081.loc	/work	lustre
POSIX	25	15634375788946986981	POSIX_SIZE_WRITE_1K_10K	0	/work/hdd/bdau/mbanisharifdehkordi/E2E/3d/results_decomp_mismatch/decomp_mismatch.nc4-4005036033-2888081.loc	/work	lustre
POSIX	25	15634375788946986981	POSIX_SIZE_WRITE_10K_100K	0	/work/hdd/bdau/mbanisharifdehkordi/E2E/3d/results_decomp_mismatch/decomp_mismatch.nc4-4005036033-2888081.loc	/work	lustre
POSIX	25	15634375788946986981	POSIX_SIZE_WRITE_100K_1M	0	/work/hdd/bdau/mbanisharifdehkordi/E2E/3d/results_decomp_mismatch/decomp_mismatch.nc4-4005036033-2888081.loc	/work	lustre
POSIX	25	15634375788946986981	POSIX_SIZE_WRITE_1M_4M	0	/work/hdd/bdau/mbanisharifdehkordi/E2E/3d/results_decomp_mismatch/decomp_mismatch.nc4-4005036033-2888081.loc	/work	lustre
POSIX	25	15634375788946986981	POSIX_SIZE_WRITE_4M_10M	0	/work/hdd/bdau/mbanisharifdehkordi/E2E/3d/results_decomp_mismatch/decomp_mismatch.nc4-4005036033-2888081.loc	/work	lustre
POSIX	25	15634375788946986981	POSIX_SIZE_WRITE_10M_100M	0	/work/hdd/bdau/mbanisharifdehkordi/E2E/3d/results_decomp_mismatch/decomp_mismatch.nc4-4005036033-2888081.loc	/work	lustre
POSIX	25	15634375788946986981	POSIX_SIZE_WRITE_100M_1G	0	/work/hdd/bdau/mbanisharifdehkordi/E2E/3d/results_decomp_mismatch/decomp_mismatch.nc4-4005036033-2888081.loc	/work	lustre
POSIX	25	15634375788946986981	POSIX_SIZE_WRITE_1G_PLUS	0	/work/hdd/bdau/mbanisharifdehkordi/E2E/3d/results_decomp_mismatch/decomp_mismatch.nc4-4005036033-2888081.loc	/work	lustre
POSIX	26	2979303049616532971	POSIX_WRITES	0	/work/hdd/bdau/mbanisharifdehkordi/E2E/3d/results_decomp_mismatch/decomp_mismatch.nc4.locktest.26	/work	lustre
POSIX	26	2979303049616532971	POSIX_FILE_NOT_ALIGNED	0	/work/hdd/bdau/mbanisharifdehkordi/E2E/3d/results_decomp_mismatch/decomp_mismatch.nc4.locktest.26	/work	lustre
POSIX	26	2979303049616532971	POSIX_SIZE_WRITE_0_100	0	/work/hdd/bdau/mbanisharifdehkordi/E2E/3d/results_decomp_mismatch/decomp_mismatch.nc4.locktest.26	/work	lustre
POSIX	26	2979303049616532971	POSIX_SIZE_WRITE_100_1K	0	/work/hdd/bdau/mbanisharifdehkordi/E2E/3d/results_decomp_mismatch/decomp_mismatch.nc4.locktest.26	/work	lustre
POSIX	26	2979303049616532971	POSIX_SIZE_WRITE_1K_10K	0	/work/hdd/bdau/mbanisharifdehkordi/E2E/3d/results_decomp_mismatch/decomp_mismatch.nc4.locktest.26	/work	lustre
POSIX	26	2979303049616532971	POSIX_SIZE_WRITE_10K_100K	0	/work/hdd/bdau/mbanisharifdehkordi/E2E/3d/results_decomp_mismatch/decomp_mismatch.nc4.locktest.26	/work	lustre
POSIX	26	2979303049616532971	POSIX_SIZE_WRITE_100K_1M	0	/work/hdd/bdau/mbanisharifdehkordi/E2E/3d/results_decomp_mismatch/decomp_mismatch.nc4.locktest.26	/work	lustre
POSIX	26	2979303049616532971	POSIX_SIZE_WRITE_1M_4M	0	/work/hdd/bdau/mbanisharifdehkordi/E2E/3d/results_decomp_mismatch/decomp_mismatch.nc4.locktest.26	/work	lustre
POSIX	26	2979303049616532971	POSIX_SIZE_WRITE_4M_10M	0	/work/hdd/bdau/mbanisharifdehkordi/E2E/3d/results_decomp_mismatch/decomp_mismatch.nc4.locktest.26	/work	lustre
POSIX	26	2979303049616532971	POSIX_SIZE_WRITE_10M_100M	0	/work/hdd/bdau/mbanisharifdehkordi/E2E/3d/results_decomp_mismatch/decomp_mismatch.nc4.locktest.26	/work	lustre
POSIX	26	2979303049616532971	POSIX_SIZE_WRITE_100M_1G	0	/work/hdd/bdau/mbanisharifdehkordi/E2E/3d/results_decomp_mismatch/decomp_mismatch.nc4.locktest.26	/work	lustre
POSIX	26	2979303049616532971	POSIX_SIZE_WRITE_1G_PLUS	0	/work/hdd/bdau/mbanisharifdehkordi/E2E/3d/results_decomp_mismatch/decomp_mismatch.nc4.locktest.26	/work	lustre
POSIX	26	8796968004350111049	POSIX_WRITES	0	/work/hdd/bdau/mbanisharifdehkordi/E2E/3d/results_decomp_mismatch/decomp_mismatch.nc4	/work	lustre
POSIX	26	8796968004350111049	POSIX_FILE_NOT_ALIGNED	0	/work/hdd/bdau/mbanisharifdehkordi/E2E/3d/results_decomp_mismatch/decomp_mismatch.nc4	/work	lustre
POSIX	26	8796968004350111049	POSIX_SIZE_WRITE_0_100	0	/work/hdd/bdau/mbanisharifdehkordi/E2E/3d/results_decomp_mismatch/decomp_mismatch.nc4	/work	lustre
POSIX	26	8796968004350111049	POSIX_SIZE_WRITE_100_1K	0	/work/hdd/bdau/mbanisharifdehkordi/E2E/3d/results_decomp_mismatch/decomp_mismatch.nc4	/work	lustre
POSIX	26	8796968004350111049	POSIX_SIZE_WRITE_1K_10K	0	/work/hdd/bdau/mbanisharifdehkordi/E2E/3d/results_decomp_mismatch/decomp_mismatch.nc4	/work	lustre
POSIX	26	8796968004350111049	POSIX_SIZE_WRITE_10K_100K	0	/work/hdd/bdau/mbanisharifdehkordi/E2E/3d/results_decomp_mismatch/decomp_mismatch.nc4	/work	lustre
POSIX	26	8796968004350111049	POSIX_SIZE_WRITE_100K_1M	0	/work/hdd/bdau/mbanisharifdehkordi/E2E/3d/results_decomp_mismatch/decomp_mismatch.nc4	/work	lustre
POSIX	26	8796968004350111049	POSIX_SIZE_WRITE_1M_4M	0	/work/hdd/bdau/mbanisharifdehkordi/E2E/3d/results_decomp_mismatch/decomp_mismatch.nc4	/work	lustre
POSIX	26	8796968004350111049	POSIX_SIZE_WRITE_4M_10M	0	/work/hdd/bdau/mbanisharifdehkordi/E2E/3d/results_decomp_mismatch/decomp_mismatch.nc4	/work	lustre
POSIX	26	8796968004350111049	POSIX_SIZE_WRITE_10M_100M	0	/work/hdd/bdau/mbanisharifdehkordi/E2E/3d/results_decomp_mismatch/decomp_mismatch.nc4	/work	lustre
POSIX	26	8796968004350111049	POSIX_SIZE_WRITE_100M_1G	0	/work/hdd/bdau/mbanisharifdehkordi/E2E/3d/results_decomp_mismatch/decomp_mismatch.nc4	/work	lustre
POSIX	26	8796968004350111049	POSIX_SIZE_WRITE_1G_PLUS	0	/work/hdd/bdau/mbanisharifdehkordi/E2E/3d/results_decomp_mismatch/decomp_mismatch.nc4	/work	lustre
POSIX	26	6939792131935133011	POSIX_WRITES	0	/work/hdd/bdau/mbanisharifdehkordi/E2E/3d/results_decomp_mismatch/.	/work	lustre
POSIX	26	6939792131935133011	POSIX_FILE_NOT_ALIGNED	0	/work/hdd/bdau/mbanisharifdehkordi/E2E/3d/results_decomp_mismatch/.	/work	lustre
POSIX	26	6939792131935133011	POSIX_SIZE_WRITE_0_100	0	/work/hdd/bdau/mbanisharifdehkordi/E2E/3d/results_decomp_mismatch/.	/work	lustre
POSIX	26	6939792131935133011	POSIX_SIZE_WRITE_100_1K	0	/work/hdd/bdau/mbanisharifdehkordi/E2E/3d/results_decomp_mismatch/.	/work	lustre
POSIX	26	6939792131935133011	POSIX_SIZE_WRITE_1K_10K	0	/work/hdd/bdau/mbanisharifdehkordi/E2E/3d/results_decomp_mismatch/.	/work	lustre
POSIX	26	6939792131935133011	POSIX_SIZE_WRITE_10K_100K	0	/work/hdd/bdau/mbanisharifdehkordi/E2E/3d/results_decomp_mismatch/.	/work	lustre
POSIX	26	6939792131935133011	POSIX_SIZE_WRITE_100K_1M	0	/work/hdd/bdau/mbanisharifdehkordi/E2E/3d/results_decomp_mismatch/.	/work	lustre
POSIX	26	6939792131935133011	POSIX_SIZE_WRITE_1M_4M	0	/work/hdd/bdau/mbanisharifdehkordi/E2E/3d/results_decomp_mismatch/.	/work	lustre
POSIX	26	6939792131935133011	POSIX_SIZE_WRITE_4M_10M	0	/work/hdd/bdau/mbanisharifdehkordi/E2E/3d/results_decomp_mismatch/.	/work	lustre
POSIX	26	6939792131935133011	POSIX_SIZE_WRITE_10M_100M	0	/work/hdd/bdau/mbanisharifdehkordi/E2E/3d/results_decomp_mismatch/.	/work	lustre
POSIX	26	6939792131935133011	POSIX_SIZE_WRITE_100M_1G	0	/work/hdd/bdau/mbanisharifdehkordi/E2E/3d/results_decomp_mismatch/.	/work	lustre
POSIX	26	6939792131935133011	POSIX_SIZE_WRITE_1G_PLUS	0	/work/hdd/bdau/mbanisharifdehkordi/E2E/3d/results_decomp_mismatch/.	/work	lustre
POSIX	26	15634375788946986981	POSIX_WRITES	0	/work/hdd/bdau/mbanisharifdehkordi/E2E/3d/results_decomp_mismatch/decomp_mismatch.nc4-4005036033-2888081.loc	/work	lustre
POSIX	26	15634375788946986981	POSIX_FILE_NOT_ALIGNED	0	/work/hdd/bdau/mbanisharifdehkordi/E2E/3d/results_decomp_mismatch/decomp_mismatch.nc4-4005036033-2888081.loc	/work	lustre
POSIX	26	15634375788946986981	POSIX_SIZE_WRITE_0_100	0	/work/hdd/bdau/mbanisharifdehkordi/E2E/3d/results_decomp_mismatch/decomp_mismatch.nc4-4005036033-2888081.loc	/work	lustre
POSIX	26	15634375788946986981	POSIX_SIZE_WRITE_100_1K	0	/work/hdd/bdau/mbanisharifdehkordi/E2E/3d/results_decomp_mismatch/decomp_mismatch.nc4-4005036033-2888081.loc	/work	lustre
POSIX	26	15634375788946986981	POSIX_SIZE_WRITE_1K_10K	0	/work/hdd/bdau/mbanisharifdehkordi/E2E/3d/results_decomp_mismatch/decomp_mismatch.nc4-4005036033-2888081.loc	/work	lustre
POSIX	26	15634375788946986981	POSIX_SIZE_WRITE_10K_100K	0	/work/hdd/bdau/mbanisharifdehkordi/E2E/3d/results_decomp_mismatch/decomp_mismatch.nc4-4005036033-2888081.loc	/work	lustre
POSIX	26	15634375788946986981	POSIX_SIZE_WRITE_100K_1M	0	/work/hdd/bdau/mbanisharifdehkordi/E2E/3d/results_decomp_mismatch/decomp_mismatch.nc4-4005036033-2888081.loc	/work	lustre
POSIX	26	15634375788946986981	POSIX_SIZE_WRITE_1M_4M	0	/work/hdd/bdau/mbanisharifdehkordi/E2E/3d/results_decomp_mismatch/decomp_mismatch.nc4-4005036033-2888081.loc	/work	lustre
POSIX	26	15634375788946986981	POSIX_SIZE_WRITE_4M_10M	0	/work/hdd/bdau/mbanisharifdehkordi/E2E/3d/results_decomp_mismatch/decomp_mismatch.nc4-4005036033-2888081.loc	/work	lustre
POSIX	26	15634375788946986981	POSIX_SIZE_WRITE_10M_100M	0	/work/hdd/bdau/mbanisharifdehkordi/E2E/3d/results_decomp_mismatch/decomp_mismatch.nc4-4005036033-2888081.loc	/work	lustre
POSIX	26	15634375788946986981	POSIX_SIZE_WRITE_100M_1G	0	/work/hdd/bdau/mbanisharifdehkordi/E2E/3d/results_decomp_mismatch/decomp_mismatch.nc4-4005036033-2888081.loc	/work	lustre
POSIX	26	15634375788946986981	POSIX_SIZE_WRITE_1G_PLUS	0	/work/hdd/bdau/mbanisharifdehkordi/E2E/3d/results_decomp_mismatch/decomp_mismatch.nc4-4005036033-2888081.loc	/work	lustre
POSIX	27	901520714268421733	POSIX_WRITES	0	/work/hdd/bdau/mbanisharifdehkordi/E2E/3d/results_decomp_mismatch/decomp_mismatch.nc4.locktest.27	/work	lustre
POSIX	27	901520714268421733	POSIX_FILE_NOT_ALIGNED	0	/work/hdd/bdau/mbanisharifdehkordi/E2E/3d/results_decomp_mismatch/decomp_mismatch.nc4.locktest.27	/work	lustre
POSIX	27	901520714268421733	POSIX_SIZE_WRITE_0_100	0	/work/hdd/bdau/mbanisharifdehkordi/E2E/3d/results_decomp_mismatch/decomp_mismatch.nc4.locktest.27	/work	lustre
POSIX	27	901520714268421733	POSIX_SIZE_WRITE_100_1K	0	/work/hdd/bdau/mbanisharifdehkordi/E2E/3d/results_decomp_mismatch/decomp_mismatch.nc4.locktest.27	/work	lustre
POSIX	27	901520714268421733	POSIX_SIZE_WRITE_1K_10K	0	/work/hdd/bdau/mbanisharifdehkordi/E2E/3d/results_decomp_mismatch/decomp_mismatch.nc4.locktest.27	/work	lustre
POSIX	27	901520714268421733	POSIX_SIZE_WRITE_10K_100K	0	/work/hdd/bdau/mbanisharifdehkordi/E2E/3d/results_decomp_mismatch/decomp_mismatch.nc4.locktest.27	/work	lustre
POSIX	27	901520714268421733	POSIX_SIZE_WRITE_100K_1M	0	/work/hdd/bdau/mbanisharifdehkordi/E2E/3d/results_decomp_mismatch/decomp_mismatch.nc4.locktest.27	/work	lustre
POSIX	27	901520714268421733	POSIX_SIZE_WRITE_1M_4M	0	/work/hdd/bdau/mbanisharifdehkordi/E2E/3d/results_decomp_mismatch/decomp_mismatch.nc4.locktest.27	/work	lustre
POSIX	27	901520714268421733	POSIX_SIZE_WRITE_4M_10M	0	/work/hdd/bdau/mbanisharifdehkordi/E2E/3d/results_decomp_mismatch/decomp_mismatch.nc4.locktest.27	/work	lustre
POSIX	27	901520714268421733	POSIX_SIZE_WRITE_10M_100M	0	/work/hdd/bdau/mbanisharifdehkordi/E2E/3d/results_decomp_mismatch/decomp_mismatch.nc4.locktest.27	/work	lustre
POSIX	27	901520714268421733	POSIX_SIZE_WRITE_100M_1G	0	/work/hdd/bdau/mbanisharifdehkordi/E2E/3d/results_decomp_mismatch/decomp_mismatch.nc4.locktest.27	/work	lustre
POSIX	27	901520714268421733	POSIX_SIZE_WRITE_1G_PLUS	0	/work/hdd/bdau/mbanisharifdehkordi/E2E/3d/results_decomp_mismatch/decomp_mismatch.nc4.locktest.27	/work	lustre
POSIX	27	8796968004350111049	POSIX_WRITES	0	/work/hdd/bdau/mbanisharifdehkordi/E2E/3d/results_decomp_mismatch/decomp_mismatch.nc4	/work	lustre
POSIX	27	8796968004350111049	POSIX_FILE_NOT_ALIGNED	0	/work/hdd/bdau/mbanisharifdehkordi/E2E/3d/results_decomp_mismatch/decomp_mismatch.nc4	/work	lustre
POSIX	27	8796968004350111049	POSIX_SIZE_WRITE_0_100	0	/work/hdd/bdau/mbanisharifdehkordi/E2E/3d/results_decomp_mismatch/decomp_mismatch.nc4	/work	lustre
POSIX	27	8796968004350111049	POSIX_SIZE_WRITE_100_1K	0	/work/hdd/bdau/mbanisharifdehkordi/E2E/3d/results_decomp_mismatch/decomp_mismatch.nc4	/work	lustre
POSIX	27	8796968004350111049	POSIX_SIZE_WRITE_1K_10K	0	/work/hdd/bdau/mbanisharifdehkordi/E2E/3d/results_decomp_mismatch/decomp_mismatch.nc4	/work	lustre
POSIX	27	8796968004350111049	POSIX_SIZE_WRITE_10K_100K	0	/work/hdd/bdau/mbanisharifdehkordi/E2E/3d/results_decomp_mismatch/decomp_mismatch.nc4	/work	lustre
POSIX	27	8796968004350111049	POSIX_SIZE_WRITE_100K_1M	0	/work/hdd/bdau/mbanisharifdehkordi/E2E/3d/results_decomp_mismatch/decomp_mismatch.nc4	/work	lustre
POSIX	27	8796968004350111049	POSIX_SIZE_WRITE_1M_4M	0	/work/hdd/bdau/mbanisharifdehkordi/E2E/3d/results_decomp_mismatch/decomp_mismatch.nc4	/work	lustre
POSIX	27	8796968004350111049	POSIX_SIZE_WRITE_4M_10M	0	/work/hdd/bdau/mbanisharifdehkordi/E2E/3d/results_decomp_mismatch/decomp_mismatch.nc4	/work	lustre
POSIX	27	8796968004350111049	POSIX_SIZE_WRITE_10M_100M	0	/work/hdd/bdau/mbanisharifdehkordi/E2E/3d/results_decomp_mismatch/decomp_mismatch.nc4	/work	lustre
POSIX	27	8796968004350111049	POSIX_SIZE_WRITE_100M_1G	0	/work/hdd/bdau/mbanisharifdehkordi/E2E/3d/results_decomp_mismatch/decomp_mismatch.nc4	/work	lustre
POSIX	27	8796968004350111049	POSIX_SIZE_WRITE_1G_PLUS	0	/work/hdd/bdau/mbanisharifdehkordi/E2E/3d/results_decomp_mismatch/decomp_mismatch.nc4	/work	lustre
POSIX	27	6939792131935133011	POSIX_WRITES	0	/work/hdd/bdau/mbanisharifdehkordi/E2E/3d/results_decomp_mismatch/.	/work	lustre
POSIX	27	6939792131935133011	POSIX_FILE_NOT_ALIGNED	0	/work/hdd/bdau/mbanisharifdehkordi/E2E/3d/results_decomp_mismatch/.	/work	lustre
POSIX	27	6939792131935133011	POSIX_SIZE_WRITE_0_100	0	/work/hdd/bdau/mbanisharifdehkordi/E2E/3d/results_decomp_mismatch/.	/work	lustre
POSIX	27	6939792131935133011	POSIX_SIZE_WRITE_100_1K	0	/work/hdd/bdau/mbanisharifdehkordi/E2E/3d/results_decomp_mismatch/.	/work	lustre
POSIX	27	6939792131935133011	POSIX_SIZE_WRITE_1K_10K	0	/work/hdd/bdau/mbanisharifdehkordi/E2E/3d/results_decomp_mismatch/.	/work	lustre
POSIX	27	6939792131935133011	POSIX_SIZE_WRITE_10K_100K	0	/work/hdd/bdau/mbanisharifdehkordi/E2E/3d/results_decomp_mismatch/.	/work	lustre
POSIX	27	6939792131935133011	POSIX_SIZE_WRITE_100K_1M	0	/work/hdd/bdau/mbanisharifdehkordi/E2E/3d/results_decomp_mismatch/.	/work	lustre
POSIX	27	6939792131935133011	POSIX_SIZE_WRITE_1M_4M	0	/work/hdd/bdau/mbanisharifdehkordi/E2E/3d/results_decomp_mismatch/.	/work	lustre
POSIX	27	6939792131935133011	POSIX_SIZE_WRITE_4M_10M	0	/work/hdd/bdau/mbanisharifdehkordi/E2E/3d/results_decomp_mismatch/.	/work	lustre
POSIX	27	6939792131935133011	POSIX_SIZE_WRITE_10M_100M	0	/work/hdd/bdau/mbanisharifdehkordi/E2E/3d/results_decomp_mismatch/.	/work	lustre
POSIX	27	6939792131935133011	POSIX_SIZE_WRITE_100M_1G	0	/work/hdd/bdau/mbanisharifdehkordi/E2E/3d/results_decomp_mismatch/.	/work	lustre
POSIX	27	6939792131935133011	POSIX_SIZE_WRITE_1G_PLUS	0	/work/hdd/bdau/mbanisharifdehkordi/E2E/3d/results_decomp_mismatch/.	/work	lustre
POSIX	27	15634375788946986981	POSIX_WRITES	0	/work/hdd/bdau/mbanisharifdehkordi/E2E/3d/results_decomp_mismatch/decomp_mismatch.nc4-4005036033-2888081.loc	/work	lustre
POSIX	27	15634375788946986981	POSIX_FILE_NOT_ALIGNED	0	/work/hdd/bdau/mbanisharifdehkordi/E2E/3d/results_decomp_mismatch/decomp_mismatch.nc4-4005036033-2888081.loc	/work	lustre
POSIX	27	15634375788946986981	POSIX_SIZE_WRITE_0_100	0	/work/hdd/bdau/mbanisharifdehkordi/E2E/3d/results_decomp_mismatch/decomp_mismatch.nc4-4005036033-2888081.loc	/work	lustre
POSIX	27	15634375788946986981	POSIX_SIZE_WRITE_100_1K	0	/work/hdd/bdau/mbanisharifdehkordi/E2E/3d/results_decomp_mismatch/decomp_mismatch.nc4-4005036033-2888081.loc	/work	lustre
POSIX	27	15634375788946986981	POSIX_SIZE_WRITE_1K_10K	0	/work/hdd/bdau/mbanisharifdehkordi/E2E/3d/results_decomp_mismatch/decomp_mismatch.nc4-4005036033-2888081.loc	/work	lustre
POSIX	27	15634375788946986981	POSIX_SIZE_WRITE_10K_100K	0	/work/hdd/bdau/mbanisharifdehkordi/E2E/3d/results_decomp_mismatch/decomp_mismatch.nc4-4005036033-2888081.loc	/work	lustre
POSIX	27	15634375788946986981	POSIX_SIZE_WRITE_100K_1M	0	/work/hdd/bdau/mbanisharifdehkordi/E2E/3d/results_decomp_mismatch/decomp_mismatch.nc4-4005036033-2888081.loc	/work	lustre
POSIX	27	15634375788946986981	POSIX_SIZE_WRITE_1M_4M	0	/work/hdd/bdau/mbanisharifdehkordi/E2E/3d/results_decomp_mismatch/decomp_mismatch.nc4-4005036033-2888081.loc	/work	lustre
POSIX	27	15634375788946986981	POSIX_SIZE_WRITE_4M_10M	0	/work/hdd/bdau/mbanisharifdehkordi/E2E/3d/results_decomp_mismatch/decomp_mismatch.nc4-4005036033-2888081.loc	/work	lustre
POSIX	27	15634375788946986981	POSIX_SIZE_WRITE_10M_100M	0	/work/hdd/bdau/mbanisharifdehkordi/E2E/3d/results_decomp_mismatch/decomp_mismatch.nc4-4005036033-2888081.loc	/work	lustre
POSIX	27	15634375788946986981	POSIX_SIZE_WRITE_100M_1G	0	/work/hdd/bdau/mbanisharifdehkordi/E2E/3d/results_decomp_mismatch/decomp_mismatch.nc4-4005036033-2888081.loc	/work	lustre
POSIX	27	15634375788946986981	POSIX_SIZE_WRITE_1G_PLUS	0	/work/hdd/bdau/mbanisharifdehkordi/E2E/3d/results_decomp_mismatch/decomp_mismatch.nc4-4005036033-2888081.loc	/work	lustre
POSIX	28	5772666712314880333	POSIX_WRITES	0	/work/hdd/bdau/mbanisharifdehkordi/E2E/3d/results_decomp_mismatch/decomp_mismatch.nc4.locktest.28	/work	lustre
POSIX	28	5772666712314880333	POSIX_FILE_NOT_ALIGNED	0	/work/hdd/bdau/mbanisharifdehkordi/E2E/3d/results_decomp_mismatch/decomp_mismatch.nc4.locktest.28	/work	lustre
POSIX	28	5772666712314880333	POSIX_SIZE_WRITE_0_100	0	/work/hdd/bdau/mbanisharifdehkordi/E2E/3d/results_decomp_mismatch/decomp_mismatch.nc4.locktest.28	/work	lustre
POSIX	28	5772666712314880333	POSIX_SIZE_WRITE_100_1K	0	/work/hdd/bdau/mbanisharifdehkordi/E2E/3d/results_decomp_mismatch/decomp_mismatch.nc4.locktest.28	/work	lustre
POSIX	28	5772666712314880333	POSIX_SIZE_WRITE_1K_10K	0	/work/hdd/bdau/mbanisharifdehkordi/E2E/3d/results_decomp_mismatch/decomp_mismatch.nc4.locktest.28	/work	lustre
POSIX	28	5772666712314880333	POSIX_SIZE_WRITE_10K_100K	0	/work/hdd/bdau/mbanisharifdehkordi/E2E/3d/results_decomp_mismatch/decomp_mismatch.nc4.locktest.28	/work	lustre
POSIX	28	5772666712314880333	POSIX_SIZE_WRITE_100K_1M	0	/work/hdd/bdau/mbanisharifdehkordi/E2E/3d/results_decomp_mismatch/decomp_mismatch.nc4.locktest.28	/work	lustre
POSIX	28	5772666712314880333	POSIX_SIZE_WRITE_1M_4M	0	/work/hdd/bdau/mbanisharifdehkordi/E2E/3d/results_decomp_mismatch/decomp_mismatch.nc4.locktest.28	/work	lustre
POSIX	28	5772666712314880333	POSIX_SIZE_WRITE_4M_10M	0	/work/hdd/bdau/mbanisharifdehkordi/E2E/3d/results_decomp_mismatch/decomp_mismatch.nc4.locktest.28	/work	lustre
POSIX	28	5772666712314880333	POSIX_SIZE_WRITE_10M_100M	0	/work/hdd/bdau/mbanisharifdehkordi/E2E/3d/results_decomp_mismatch/decomp_mismatch.nc4.locktest.28	/work	lustre
POSIX	28	5772666712314880333	POSIX_SIZE_WRITE_100M_1G	0	/work/hdd/bdau/mbanisharifdehkordi/E2E/3d/results_decomp_mismatch/decomp_mismatch.nc4.locktest.28	/work	lustre
POSIX	28	5772666712314880333	POSIX_SIZE_WRITE_1G_PLUS	0	/work/hdd/bdau/mbanisharifdehkordi/E2E/3d/results_decomp_mismatch/decomp_mismatch.nc4.locktest.28	/work	lustre
POSIX	28	8796968004350111049	POSIX_WRITES	0	/work/hdd/bdau/mbanisharifdehkordi/E2E/3d/results_decomp_mismatch/decomp_mismatch.nc4	/work	lustre
POSIX	28	8796968004350111049	POSIX_FILE_NOT_ALIGNED	0	/work/hdd/bdau/mbanisharifdehkordi/E2E/3d/results_decomp_mismatch/decomp_mismatch.nc4	/work	lustre
POSIX	28	8796968004350111049	POSIX_SIZE_WRITE_0_100	0	/work/hdd/bdau/mbanisharifdehkordi/E2E/3d/results_decomp_mismatch/decomp_mismatch.nc4	/work	lustre
POSIX	28	8796968004350111049	POSIX_SIZE_WRITE_100_1K	0	/work/hdd/bdau/mbanisharifdehkordi/E2E/3d/results_decomp_mismatch/decomp_mismatch.nc4	/work	lustre
POSIX	28	8796968004350111049	POSIX_SIZE_WRITE_1K_10K	0	/work/hdd/bdau/mbanisharifdehkordi/E2E/3d/results_decomp_mismatch/decomp_mismatch.nc4	/work	lustre
POSIX	28	8796968004350111049	POSIX_SIZE_WRITE_10K_100K	0	/work/hdd/bdau/mbanisharifdehkordi/E2E/3d/results_decomp_mismatch/decomp_mismatch.nc4	/work	lustre
POSIX	28	8796968004350111049	POSIX_SIZE_WRITE_100K_1M	0	/work/hdd/bdau/mbanisharifdehkordi/E2E/3d/results_decomp_mismatch/decomp_mismatch.nc4	/work	lustre
POSIX	28	8796968004350111049	POSIX_SIZE_WRITE_1M_4M	0	/work/hdd/bdau/mbanisharifdehkordi/E2E/3d/results_decomp_mismatch/decomp_mismatch.nc4	/work	lustre
POSIX	28	8796968004350111049	POSIX_SIZE_WRITE_4M_10M	0	/work/hdd/bdau/mbanisharifdehkordi/E2E/3d/results_decomp_mismatch/decomp_mismatch.nc4	/work	lustre
POSIX	28	8796968004350111049	POSIX_SIZE_WRITE_10M_100M	0	/work/hdd/bdau/mbanisharifdehkordi/E2E/3d/results_decomp_mismatch/decomp_mismatch.nc4	/work	lustre
POSIX	28	8796968004350111049	POSIX_SIZE_WRITE_100M_1G	0	/work/hdd/bdau/mbanisharifdehkordi/E2E/3d/results_decomp_mismatch/decomp_mismatch.nc4	/work	lustre
POSIX	28	8796968004350111049	POSIX_SIZE_WRITE_1G_PLUS	0	/work/hdd/bdau/mbanisharifdehkordi/E2E/3d/results_decomp_mismatch/decomp_mismatch.nc4	/work	lustre
POSIX	28	6939792131935133011	POSIX_WRITES	0	/work/hdd/bdau/mbanisharifdehkordi/E2E/3d/results_decomp_mismatch/.	/work	lustre
POSIX	28	6939792131935133011	POSIX_FILE_NOT_ALIGNED	0	/work/hdd/bdau/mbanisharifdehkordi/E2E/3d/results_decomp_mismatch/.	/work	lustre
POSIX	28	6939792131935133011	POSIX_SIZE_WRITE_0_100	0	/work/hdd/bdau/mbanisharifdehkordi/E2E/3d/results_decomp_mismatch/.	/work	lustre
POSIX	28	6939792131935133011	POSIX_SIZE_WRITE_100_1K	0	/work/hdd/bdau/mbanisharifdehkordi/E2E/3d/results_decomp_mismatch/.	/work	lustre
POSIX	28	6939792131935133011	POSIX_SIZE_WRITE_1K_10K	0	/work/hdd/bdau/mbanisharifdehkordi/E2E/3d/results_decomp_mismatch/.	/work	lustre
POSIX	28	6939792131935133011	POSIX_SIZE_WRITE_10K_100K	0	/work/hdd/bdau/mbanisharifdehkordi/E2E/3d/results_decomp_mismatch/.	/work	lustre
POSIX	28	6939792131935133011	POSIX_SIZE_WRITE_100K_1M	0	/work/hdd/bdau/mbanisharifdehkordi/E2E/3d/results_decomp_mismatch/.	/work	lustre
POSIX	28	6939792131935133011	POSIX_SIZE_WRITE_1M_4M	0	/work/hdd/bdau/mbanisharifdehkordi/E2E/3d/results_decomp_mismatch/.	/work	lustre
POSIX	28	6939792131935133011	POSIX_SIZE_WRITE_4M_10M	0	/work/hdd/bdau/mbanisharifdehkordi/E2E/3d/results_decomp_mismatch/.	/work	lustre
POSIX	28	6939792131935133011	POSIX_SIZE_WRITE_10M_100M	0	/work/hdd/bdau/mbanisharifdehkordi/E2E/3d/results_decomp_mismatch/.	/work	lustre
POSIX	28	6939792131935133011	POSIX_SIZE_WRITE_100M_1G	0	/work/hdd/bdau/mbanisharifdehkordi/E2E/3d/results_decomp_mismatch/.	/work	lustre
POSIX	28	6939792131935133011	POSIX_SIZE_WRITE_1G_PLUS	0	/work/hdd/bdau/mbanisharifdehkordi/E2E/3d/results_decomp_mismatch/.	/work	lustre
POSIX	28	15634375788946986981	POSIX_WRITES	0	/work/hdd/bdau/mbanisharifdehkordi/E2E/3d/results_decomp_mismatch/decomp_mismatch.nc4-4005036033-2888081.loc	/work	lustre
POSIX	28	15634375788946986981	POSIX_FILE_NOT_ALIGNED	0	/work/hdd/bdau/mbanisharifdehkordi/E2E/3d/results_decomp_mismatch/decomp_mismatch.nc4-4005036033-2888081.loc	/work	lustre
POSIX	28	15634375788946986981	POSIX_SIZE_WRITE_0_100	0	/work/hdd/bdau/mbanisharifdehkordi/E2E/3d/results_decomp_mismatch/decomp_mismatch.nc4-4005036033-2888081.loc	/work	lustre
POSIX	28	15634375788946986981	POSIX_SIZE_WRITE_100_1K	0	/work/hdd/bdau/mbanisharifdehkordi/E2E/3d/results_decomp_mismatch/decomp_mismatch.nc4-4005036033-2888081.loc	/work	lustre
POSIX	28	15634375788946986981	POSIX_SIZE_WRITE_1K_10K	0	/work/hdd/bdau/mbanisharifdehkordi/E2E/3d/results_decomp_mismatch/decomp_mismatch.nc4-4005036033-2888081.loc	/work	lustre
POSIX	28	15634375788946986981	POSIX_SIZE_WRITE_10K_100K	0	/work/hdd/bdau/mbanisharifdehkordi/E2E/3d/results_decomp_mismatch/decomp_mismatch.nc4-4005036033-2888081.loc	/work	lustre
POSIX	28	15634375788946986981	POSIX_SIZE_WRITE_100K_1M	0	/work/hdd/bdau/mbanisharifdehkordi/E2E/3d/results_decomp_mismatch/decomp_mismatch.nc4-4005036033-2888081.loc	/work	lustre
POSIX	28	15634375788946986981	POSIX_SIZE_WRITE_1M_4M	0	/work/hdd/bdau/mbanisharifdehkordi/E2E/3d/results_decomp_mismatch/decomp_mismatch.nc4-4005036033-2888081.loc	/work	lustre
POSIX	28	15634375788946986981	POSIX_SIZE_WRITE_4M_10M	0	/work/hdd/bdau/mbanisharifdehkordi/E2E/3d/results_decomp_mismatch/decomp_mismatch.nc4-4005036033-2888081.loc	/work	lustre
POSIX	28	15634375788946986981	POSIX_SIZE_WRITE_10M_100M	0	/work/hdd/bdau/mbanisharifdehkordi/E2E/3d/results_decomp_mismatch/decomp_mismatch.nc4-4005036033-2888081.loc	/work	lustre
POSIX	28	15634375788946986981	POSIX_SIZE_WRITE_100M_1G	0	/work/hdd/bdau/mbanisharifdehkordi/E2E/3d/results_decomp_mismatch/decomp_mismatch.nc4-4005036033-2888081.loc	/work	lustre
POSIX	28	15634375788946986981	POSIX_SIZE_WRITE_1G_PLUS	0	/work/hdd/bdau/mbanisharifdehkordi/E2E/3d/results_decomp_mismatch/decomp_mismatch.nc4-4005036033-2888081.loc	/work	lustre
POSIX	29	348576529948525532	POSIX_WRITES	0	/work/hdd/bdau/mbanisharifdehkordi/E2E/3d/results_decomp_mismatch/decomp_mismatch.nc4.locktest.29	/work	lustre
POSIX	29	348576529948525532	POSIX_FILE_NOT_ALIGNED	0	/work/hdd/bdau/mbanisharifdehkordi/E2E/3d/results_decomp_mismatch/decomp_mismatch.nc4.locktest.29	/work	lustre
POSIX	29	348576529948525532	POSIX_SIZE_WRITE_0_100	0	/work/hdd/bdau/mbanisharifdehkordi/E2E/3d/results_decomp_mismatch/decomp_mismatch.nc4.locktest.29	/work	lustre
POSIX	29	348576529948525532	POSIX_SIZE_WRITE_100_1K	0	/work/hdd/bdau/mbanisharifdehkordi/E2E/3d/results_decomp_mismatch/decomp_mismatch.nc4.locktest.29	/work	lustre
POSIX	29	348576529948525532	POSIX_SIZE_WRITE_1K_10K	0	/work/hdd/bdau/mbanisharifdehkordi/E2E/3d/results_decomp_mismatch/decomp_mismatch.nc4.locktest.29	/work	lustre
POSIX	29	348576529948525532	POSIX_SIZE_WRITE_10K_100K	0	/work/hdd/bdau/mbanisharifdehkordi/E2E/3d/results_decomp_mismatch/decomp_mismatch.nc4.locktest.29	/work	lustre
POSIX	29	348576529948525532	POSIX_SIZE_WRITE_100K_1M	0	/work/hdd/bdau/mbanisharifdehkordi/E2E/3d/results_decomp_mismatch/decomp_mismatch.nc4.locktest.29	/work	lustre
POSIX	29	348576529948525532	POSIX_SIZE_WRITE_1M_4M	0	/work/hdd/bdau/mbanisharifdehkordi/E2E/3d/results_decomp_mismatch/decomp_mismatch.nc4.locktest.29	/work	lustre
POSIX	29	348576529948525532	POSIX_SIZE_WRITE_4M_10M	0	/work/hdd/bdau/mbanisharifdehkordi/E2E/3d/results_decomp_mismatch/decomp_mismatch.nc4.locktest.29	/work	lustre
POSIX	29	348576529948525532	POSIX_SIZE_WRITE_10M_100M	0	/work/hdd/bdau/mbanisharifdehkordi/E2E/3d/results_decomp_mismatch/decomp_mismatch.nc4.locktest.29	/work	lustre
POSIX	29	348576529948525532	POSIX_SIZE_WRITE_100M_1G	0	/work/hdd/bdau/mbanisharifdehkordi/E2E/3d/results_decomp_mismatch/decomp_mismatch.nc4.locktest.29	/work	lustre
POSIX	29	348576529948525532	POSIX_SIZE_WRITE_1G_PLUS	0	/work/hdd/bdau/mbanisharifdehkordi/E2E/3d/results_decomp_mismatch/decomp_mismatch.nc4.locktest.29	/work	lustre
POSIX	29	8796968004350111049	POSIX_WRITES	0	/work/hdd/bdau/mbanisharifdehkordi/E2E/3d/results_decomp_mismatch/decomp_mismatch.nc4	/work	lustre
POSIX	29	8796968004350111049	POSIX_FILE_NOT_ALIGNED	0	/work/hdd/bdau/mbanisharifdehkordi/E2E/3d/results_decomp_mismatch/decomp_mismatch.nc4	/work	lustre
POSIX	29	8796968004350111049	POSIX_SIZE_WRITE_0_100	0	/work/hdd/bdau/mbanisharifdehkordi/E2E/3d/results_decomp_mismatch/decomp_mismatch.nc4	/work	lustre
POSIX	29	8796968004350111049	POSIX_SIZE_WRITE_100_1K	0	/work/hdd/bdau/mbanisharifdehkordi/E2E/3d/results_decomp_mismatch/decomp_mismatch.nc4	/work	lustre
POSIX	29	8796968004350111049	POSIX_SIZE_WRITE_1K_10K	0	/work/hdd/bdau/mbanisharifdehkordi/E2E/3d/results_decomp_mismatch/decomp_mismatch.nc4	/work	lustre
POSIX	29	8796968004350111049	POSIX_SIZE_WRITE_10K_100K	0	/work/hdd/bdau/mbanisharifdehkordi/E2E/3d/results_decomp_mismatch/decomp_mismatch.nc4	/work	lustre
POSIX	29	8796968004350111049	POSIX_SIZE_WRITE_100K_1M	0	/work/hdd/bdau/mbanisharifdehkordi/E2E/3d/results_decomp_mismatch/decomp_mismatch.nc4	/work	lustre
POSIX	29	8796968004350111049	POSIX_SIZE_WRITE_1M_4M	0	/work/hdd/bdau/mbanisharifdehkordi/E2E/3d/results_decomp_mismatch/decomp_mismatch.nc4	/work	lustre
POSIX	29	8796968004350111049	POSIX_SIZE_WRITE_4M_10M	0	/work/hdd/bdau/mbanisharifdehkordi/E2E/3d/results_decomp_mismatch/decomp_mismatch.nc4	/work	lustre
POSIX	29	8796968004350111049	POSIX_SIZE_WRITE_10M_100M	0	/work/hdd/bdau/mbanisharifdehkordi/E2E/3d/results_decomp_mismatch/decomp_mismatch.nc4	/work	lustre
POSIX	29	8796968004350111049	POSIX_SIZE_WRITE_100M_1G	0	/work/hdd/bdau/mbanisharifdehkordi/E2E/3d/results_decomp_mismatch/decomp_mismatch.nc4	/work	lustre
POSIX	29	8796968004350111049	POSIX_SIZE_WRITE_1G_PLUS	0	/work/hdd/bdau/mbanisharifdehkordi/E2E/3d/results_decomp_mismatch/decomp_mismatch.nc4	/work	lustre
POSIX	29	6939792131935133011	POSIX_WRITES	0	/work/hdd/bdau/mbanisharifdehkordi/E2E/3d/results_decomp_mismatch/.	/work	lustre
POSIX	29	6939792131935133011	POSIX_FILE_NOT_ALIGNED	0	/work/hdd/bdau/mbanisharifdehkordi/E2E/3d/results_decomp_mismatch/.	/work	lustre
POSIX	29	6939792131935133011	POSIX_SIZE_WRITE_0_100	0	/work/hdd/bdau/mbanisharifdehkordi/E2E/3d/results_decomp_mismatch/.	/work	lustre
POSIX	29	6939792131935133011	POSIX_SIZE_WRITE_100_1K	0	/work/hdd/bdau/mbanisharifdehkordi/E2E/3d/results_decomp_mismatch/.	/work	lustre
POSIX	29	6939792131935133011	POSIX_SIZE_WRITE_1K_10K	0	/work/hdd/bdau/mbanisharifdehkordi/E2E/3d/results_decomp_mismatch/.	/work	lustre
POSIX	29	6939792131935133011	POSIX_SIZE_WRITE_10K_100K	0	/work/hdd/bdau/mbanisharifdehkordi/E2E/3d/results_decomp_mismatch/.	/work	lustre
POSIX	29	6939792131935133011	POSIX_SIZE_WRITE_100K_1M	0	/work/hdd/bdau/mbanisharifdehkordi/E2E/3d/results_decomp_mismatch/.	/work	lustre
POSIX	29	6939792131935133011	POSIX_SIZE_WRITE_1M_4M	0	/work/hdd/bdau/mbanisharifdehkordi/E2E/3d/results_decomp_mismatch/.	/work	lustre
POSIX	29	6939792131935133011	POSIX_SIZE_WRITE_4M_10M	0	/work/hdd/bdau/mbanisharifdehkordi/E2E/3d/results_decomp_mismatch/.	/work	lustre
POSIX	29	6939792131935133011	POSIX_SIZE_WRITE_10M_100M	0	/work/hdd/bdau/mbanisharifdehkordi/E2E/3d/results_decomp_mismatch/.	/work	lustre
POSIX	29	6939792131935133011	POSIX_SIZE_WRITE_100M_1G	0	/work/hdd/bdau/mbanisharifdehkordi/E2E/3d/results_decomp_mismatch/.	/work	lustre
POSIX	29	6939792131935133011	POSIX_SIZE_WRITE_1G_PLUS	0	/work/hdd/bdau/mbanisharifdehkordi/E2E/3d/results_decomp_mismatch/.	/work	lustre
POSIX	29	15634375788946986981	POSIX_WRITES	0	/work/hdd/bdau/mbanisharifdehkordi/E2E/3d/results_decomp_mismatch/decomp_mismatch.nc4-4005036033-2888081.loc	/work	lustre
POSIX	29	15634375788946986981	POSIX_FILE_NOT_ALIGNED	0	/work/hdd/bdau/mbanisharifdehkordi/E2E/3d/results_decomp_mismatch/decomp_mismatch.nc4-4005036033-2888081.loc	/work	lustre
POSIX	29	15634375788946986981	POSIX_SIZE_WRITE_0_100	0	/work/hdd/bdau/mbanisharifdehkordi/E2E/3d/results_decomp_mismatch/decomp_mismatch.nc4-4005036033-2888081.loc	/work	lustre
POSIX	29	15634375788946986981	POSIX_SIZE_WRITE_100_1K	0	/work/hdd/bdau/mbanisharifdehkordi/E2E/3d/results_decomp_mismatch/decomp_mismatch.nc4-4005036033-2888081.loc	/work	lustre
POSIX	29	15634375788946986981	POSIX_SIZE_WRITE_1K_10K	0	/work/hdd/bdau/mbanisharifdehkordi/E2E/3d/results_decomp_mismatch/decomp_mismatch.nc4-4005036033-2888081.loc	/work	lustre
POSIX	29	15634375788946986981	POSIX_SIZE_WRITE_10K_100K	0	/work/hdd/bdau/mbanisharifdehkordi/E2E/3d/results_decomp_mismatch/decomp_mismatch.nc4-4005036033-2888081.loc	/work	lustre
POSIX	29	15634375788946986981	POSIX_SIZE_WRITE_100K_1M	0	/work/hdd/bdau/mbanisharifdehkordi/E2E/3d/results_decomp_mismatch/decomp_mismatch.nc4-4005036033-2888081.loc	/work	lustre
POSIX	29	15634375788946986981	POSIX_SIZE_WRITE_1M_4M	0	/work/hdd/bdau/mbanisharifdehkordi/E2E/3d/results_decomp_mismatch/decomp_mismatch.nc4-4005036033-2888081.loc	/work	lustre
POSIX	29	15634375788946986981	POSIX_SIZE_WRITE_4M_10M	0	/work/hdd/bdau/mbanisharifdehkordi/E2E/3d/results_decomp_mismatch/decomp_mismatch.nc4-4005036033-2888081.loc	/work	lustre
POSIX	29	15634375788946986981	POSIX_SIZE_WRITE_10M_100M	0	/work/hdd/bdau/mbanisharifdehkordi/E2E/3d/results_decomp_mismatch/decomp_mismatch.nc4-4005036033-2888081.loc	/work	lustre
POSIX	29	15634375788946986981	POSIX_SIZE_WRITE_100M_1G	0	/work/hdd/bdau/mbanisharifdehkordi/E2E/3d/results_decomp_mismatch/decomp_mismatch.nc4-4005036033-2888081.loc	/work	lustre
POSIX	29	15634375788946986981	POSIX_SIZE_WRITE_1G_PLUS	0	/work/hdd/bdau/mbanisharifdehkordi/E2E/3d/results_decomp_mismatch/decomp_mismatch.nc4-4005036033-2888081.loc	/work	lustre
POSIX	30	9547323431052217470	POSIX_WRITES	0	/work/hdd/bdau/mbanisharifdehkordi/E2E/3d/results_decomp_mismatch/decomp_mismatch.nc4.locktest.30	/work	lustre
POSIX	30	9547323431052217470	POSIX_FILE_NOT_ALIGNED	0	/work/hdd/bdau/mbanisharifdehkordi/E2E/3d/results_decomp_mismatch/decomp_mismatch.nc4.locktest.30	/work	lustre
POSIX	30	9547323431052217470	POSIX_SIZE_WRITE_0_100	0	/work/hdd/bdau/mbanisharifdehkordi/E2E/3d/results_decomp_mismatch/decomp_mismatch.nc4.locktest.30	/work	lustre
POSIX	30	9547323431052217470	POSIX_SIZE_WRITE_100_1K	0	/work/hdd/bdau/mbanisharifdehkordi/E2E/3d/results_decomp_mismatch/decomp_mismatch.nc4.locktest.30	/work	lustre
POSIX	30	9547323431052217470	POSIX_SIZE_WRITE_1K_10K	0	/work/hdd/bdau/mbanisharifdehkordi/E2E/3d/results_decomp_mismatch/decomp_mismatch.nc4.locktest.30	/work	lustre
POSIX	30	9547323431052217470	POSIX_SIZE_WRITE_10K_100K	0	/work/hdd/bdau/mbanisharifdehkordi/E2E/3d/results_decomp_mismatch/decomp_mismatch.nc4.locktest.30	/work	lustre
POSIX	30	9547323431052217470	POSIX_SIZE_WRITE_100K_1M	0	/work/hdd/bdau/mbanisharifdehkordi/E2E/3d/results_decomp_mismatch/decomp_mismatch.nc4.locktest.30	/work	lustre
POSIX	30	9547323431052217470	POSIX_SIZE_WRITE_1M_4M	0	/work/hdd/bdau/mbanisharifdehkordi/E2E/3d/results_decomp_mismatch/decomp_mismatch.nc4.locktest.30	/work	lustre
POSIX	30	9547323431052217470	POSIX_SIZE_WRITE_4M_10M	0	/work/hdd/bdau/mbanisharifdehkordi/E2E/3d/results_decomp_mismatch/decomp_mismatch.nc4.locktest.30	/work	lustre
POSIX	30	9547323431052217470	POSIX_SIZE_WRITE_10M_100M	0	/work/hdd/bdau/mbanisharifdehkordi/E2E/3d/results_decomp_mismatch/decomp_mismatch.nc4.locktest.30	/work	lustre
POSIX	30	9547323431052217470	POSIX_SIZE_WRITE_100M_1G	0	/work/hdd/bdau/mbanisharifdehkordi/E2E/3d/results_decomp_mismatch/decomp_mismatch.nc4.locktest.30	/work	lustre
POSIX	30	9547323431052217470	POSIX_SIZE_WRITE_1G_PLUS	0	/work/hdd/bdau/mbanisharifdehkordi/E2E/3d/results_decomp_mismatch/decomp_mismatch.nc4.locktest.30	/work	lustre
POSIX	30	8796968004350111049	POSIX_WRITES	0	/work/hdd/bdau/mbanisharifdehkordi/E2E/3d/results_decomp_mismatch/decomp_mismatch.nc4	/work	lustre
POSIX	30	8796968004350111049	POSIX_FILE_NOT_ALIGNED	0	/work/hdd/bdau/mbanisharifdehkordi/E2E/3d/results_decomp_mismatch/decomp_mismatch.nc4	/work	lustre
POSIX	30	8796968004350111049	POSIX_SIZE_WRITE_0_100	0	/work/hdd/bdau/mbanisharifdehkordi/E2E/3d/results_decomp_mismatch/decomp_mismatch.nc4	/work	lustre
POSIX	30	8796968004350111049	POSIX_SIZE_WRITE_100_1K	0	/work/hdd/bdau/mbanisharifdehkordi/E2E/3d/results_decomp_mismatch/decomp_mismatch.nc4	/work	lustre
POSIX	30	8796968004350111049	POSIX_SIZE_WRITE_1K_10K	0	/work/hdd/bdau/mbanisharifdehkordi/E2E/3d/results_decomp_mismatch/decomp_mismatch.nc4	/work	lustre
POSIX	30	8796968004350111049	POSIX_SIZE_WRITE_10K_100K	0	/work/hdd/bdau/mbanisharifdehkordi/E2E/3d/results_decomp_mismatch/decomp_mismatch.nc4	/work	lustre
POSIX	30	8796968004350111049	POSIX_SIZE_WRITE_100K_1M	0	/work/hdd/bdau/mbanisharifdehkordi/E2E/3d/results_decomp_mismatch/decomp_mismatch.nc4	/work	lustre
POSIX	30	8796968004350111049	POSIX_SIZE_WRITE_1M_4M	0	/work/hdd/bdau/mbanisharifdehkordi/E2E/3d/results_decomp_mismatch/decomp_mismatch.nc4	/work	lustre
POSIX	30	8796968004350111049	POSIX_SIZE_WRITE_4M_10M	0	/work/hdd/bdau/mbanisharifdehkordi/E2E/3d/results_decomp_mismatch/decomp_mismatch.nc4	/work	lustre
POSIX	30	8796968004350111049	POSIX_SIZE_WRITE_10M_100M	0	/work/hdd/bdau/mbanisharifdehkordi/E2E/3d/results_decomp_mismatch/decomp_mismatch.nc4	/work	lustre
POSIX	30	8796968004350111049	POSIX_SIZE_WRITE_100M_1G	0	/work/hdd/bdau/mbanisharifdehkordi/E2E/3d/results_decomp_mismatch/decomp_mismatch.nc4	/work	lustre
POSIX	30	8796968004350111049	POSIX_SIZE_WRITE_1G_PLUS	0	/work/hdd/bdau/mbanisharifdehkordi/E2E/3d/results_decomp_mismatch/decomp_mismatch.nc4	/work	lustre
POSIX	30	6939792131935133011	POSIX_WRITES	0	/work/hdd/bdau/mbanisharifdehkordi/E2E/3d/results_decomp_mismatch/.	/work	lustre
POSIX	30	6939792131935133011	POSIX_FILE_NOT_ALIGNED	0	/work/hdd/bdau/mbanisharifdehkordi/E2E/3d/results_decomp_mismatch/.	/work	lustre
POSIX	30	6939792131935133011	POSIX_SIZE_WRITE_0_100	0	/work/hdd/bdau/mbanisharifdehkordi/E2E/3d/results_decomp_mismatch/.	/work	lustre
POSIX	30	6939792131935133011	POSIX_SIZE_WRITE_100_1K	0	/work/hdd/bdau/mbanisharifdehkordi/E2E/3d/results_decomp_mismatch/.	/work	lustre
POSIX	30	6939792131935133011	POSIX_SIZE_WRITE_1K_10K	0	/work/hdd/bdau/mbanisharifdehkordi/E2E/3d/results_decomp_mismatch/.	/work	lustre
POSIX	30	6939792131935133011	POSIX_SIZE_WRITE_10K_100K	0	/work/hdd/bdau/mbanisharifdehkordi/E2E/3d/results_decomp_mismatch/.	/work	lustre
POSIX	30	6939792131935133011	POSIX_SIZE_WRITE_100K_1M	0	/work/hdd/bdau/mbanisharifdehkordi/E2E/3d/results_decomp_mismatch/.	/work	lustre
POSIX	30	6939792131935133011	POSIX_SIZE_WRITE_1M_4M	0	/work/hdd/bdau/mbanisharifdehkordi/E2E/3d/results_decomp_mismatch/.	/work	lustre
POSIX	30	6939792131935133011	POSIX_SIZE_WRITE_4M_10M	0	/work/hdd/bdau/mbanisharifdehkordi/E2E/3d/results_decomp_mismatch/.	/work	lustre
POSIX	30	6939792131935133011	POSIX_SIZE_WRITE_10M_100M	0	/work/hdd/bdau/mbanisharifdehkordi/E2E/3d/results_decomp_mismatch/.	/work	lustre
POSIX	30	6939792131935133011	POSIX_SIZE_WRITE_100M_1G	0	/work/hdd/bdau/mbanisharifdehkordi/E2E/3d/results_decomp_mismatch/.	/work	lustre
POSIX	30	6939792131935133011	POSIX_SIZE_WRITE_1G_PLUS	0	/work/hdd/bdau/mbanisharifdehkordi/E2E/3d/results_decomp_mismatch/.	/work	lustre
POSIX	30	15634375788946986981	POSIX_WRITES	0	/work/hdd/bdau/mbanisharifdehkordi/E2E/3d/results_decomp_mismatch/decomp_mismatch.nc4-4005036033-2888081.loc	/work	lustre
POSIX	30	15634375788946986981	POSIX_FILE_NOT_ALIGNED	0	/work/hdd/bdau/mbanisharifdehkordi/E2E/3d/results_decomp_mismatch/decomp_mismatch.nc4-4005036033-2888081.loc	/work	lustre
POSIX	30	15634375788946986981	POSIX_SIZE_WRITE_0_100	0	/work/hdd/bdau/mbanisharifdehkordi/E2E/3d/results_decomp_mismatch/decomp_mismatch.nc4-4005036033-2888081.loc	/work	lustre
POSIX	30	15634375788946986981	POSIX_SIZE_WRITE_100_1K	0	/work/hdd/bdau/mbanisharifdehkordi/E2E/3d/results_decomp_mismatch/decomp_mismatch.nc4-4005036033-2888081.loc	/work	lustre
POSIX	30	15634375788946986981	POSIX_SIZE_WRITE_1K_10K	0	/work/hdd/bdau/mbanisharifdehkordi/E2E/3d/results_decomp_mismatch/decomp_mismatch.nc4-4005036033-2888081.loc	/work	lustre
POSIX	30	15634375788946986981	POSIX_SIZE_WRITE_10K_100K	0	/work/hdd/bdau/mbanisharifdehkordi/E2E/3d/results_decomp_mismatch/decomp_mismatch.nc4-4005036033-2888081.loc	/work	lustre
POSIX	30	15634375788946986981	POSIX_SIZE_WRITE_100K_1M	0	/work/hdd/bdau/mbanisharifdehkordi/E2E/3d/results_decomp_mismatch/decomp_mismatch.nc4-4005036033-2888081.loc	/work	lustre
POSIX	30	15634375788946986981	POSIX_SIZE_WRITE_1M_4M	0	/work/hdd/bdau/mbanisharifdehkordi/E2E/3d/results_decomp_mismatch/decomp_mismatch.nc4-4005036033-2888081.loc	/work	lustre
POSIX	30	15634375788946986981	POSIX_SIZE_WRITE_4M_10M	0	/work/hdd/bdau/mbanisharifdehkordi/E2E/3d/results_decomp_mismatch/decomp_mismatch.nc4-4005036033-2888081.loc	/work	lustre
POSIX	30	15634375788946986981	POSIX_SIZE_WRITE_10M_100M	0	/work/hdd/bdau/mbanisharifdehkordi/E2E/3d/results_decomp_mismatch/decomp_mismatch.nc4-4005036033-2888081.loc	/work	lustre
POSIX	30	15634375788946986981	POSIX_SIZE_WRITE_100M_1G	0	/work/hdd/bdau/mbanisharifdehkordi/E2E/3d/results_decomp_mismatch/decomp_mismatch.nc4-4005036033-2888081.loc	/work	lustre
POSIX	30	15634375788946986981	POSIX_SIZE_WRITE_1G_PLUS	0	/work/hdd/bdau/mbanisharifdehkordi/E2E/3d/results_decomp_mismatch/decomp_mismatch.nc4-4005036033-2888081.loc	/work	lustre
POSIX	31	9678105037129444846	POSIX_WRITES	0	/work/hdd/bdau/mbanisharifdehkordi/E2E/3d/results_decomp_mismatch/decomp_mismatch.nc4.locktest.31	/work	lustre
POSIX	31	9678105037129444846	POSIX_FILE_NOT_ALIGNED	0	/work/hdd/bdau/mbanisharifdehkordi/E2E/3d/results_decomp_mismatch/decomp_mismatch.nc4.locktest.31	/work	lustre
POSIX	31	9678105037129444846	POSIX_SIZE_WRITE_0_100	0	/work/hdd/bdau/mbanisharifdehkordi/E2E/3d/results_decomp_mismatch/decomp_mismatch.nc4.locktest.31	/work	lustre
POSIX	31	9678105037129444846	POSIX_SIZE_WRITE_100_1K	0	/work/hdd/bdau/mbanisharifdehkordi/E2E/3d/results_decomp_mismatch/decomp_mismatch.nc4.locktest.31	/work	lustre
POSIX	31	9678105037129444846	POSIX_SIZE_WRITE_1K_10K	0	/work/hdd/bdau/mbanisharifdehkordi/E2E/3d/results_decomp_mismatch/decomp_mismatch.nc4.locktest.31	/work	lustre
POSIX	31	9678105037129444846	POSIX_SIZE_WRITE_10K_100K	0	/work/hdd/bdau/mbanisharifdehkordi/E2E/3d/results_decomp_mismatch/decomp_mismatch.nc4.locktest.31	/work	lustre
POSIX	31	9678105037129444846	POSIX_SIZE_WRITE_100K_1M	0	/work/hdd/bdau/mbanisharifdehkordi/E2E/3d/results_decomp_mismatch/decomp_mismatch.nc4.locktest.31	/work	lustre
POSIX	31	9678105037129444846	POSIX_SIZE_WRITE_1M_4M	0	/work/hdd/bdau/mbanisharifdehkordi/E2E/3d/results_decomp_mismatch/decomp_mismatch.nc4.locktest.31	/work	lustre
POSIX	31	9678105037129444846	POSIX_SIZE_WRITE_4M_10M	0	/work/hdd/bdau/mbanisharifdehkordi/E2E/3d/results_decomp_mismatch/decomp_mismatch.nc4.locktest.31	/work	lustre
POSIX	31	9678105037129444846	POSIX_SIZE_WRITE_10M_100M	0	/work/hdd/bdau/mbanisharifdehkordi/E2E/3d/results_decomp_mismatch/decomp_mismatch.nc4.locktest.31	/work	lustre
POSIX	31	9678105037129444846	POSIX_SIZE_WRITE_100M_1G	0	/work/hdd/bdau/mbanisharifdehkordi/E2E/3d/results_decomp_mismatch/decomp_mismatch.nc4.locktest.31	/work	lustre
POSIX	31	9678105037129444846	POSIX_SIZE_WRITE_1G_PLUS	0	/work/hdd/bdau/mbanisharifdehkordi/E2E/3d/results_decomp_mismatch/decomp_mismatch.nc4.locktest.31	/work	lustre
POSIX	31	8796968004350111049	POSIX_WRITES	0	/work/hdd/bdau/mbanisharifdehkordi/E2E/3d/results_decomp_mismatch/decomp_mismatch.nc4	/work	lustre
POSIX	31	8796968004350111049	POSIX_FILE_NOT_ALIGNED	0	/work/hdd/bdau/mbanisharifdehkordi/E2E/3d/results_decomp_mismatch/decomp_mismatch.nc4	/work	lustre
POSIX	31	8796968004350111049	POSIX_SIZE_WRITE_0_100	0	/work/hdd/bdau/mbanisharifdehkordi/E2E/3d/results_decomp_mismatch/decomp_mismatch.nc4	/work	lustre
POSIX	31	8796968004350111049	POSIX_SIZE_WRITE_100_1K	0	/work/hdd/bdau/mbanisharifdehkordi/E2E/3d/results_decomp_mismatch/decomp_mismatch.nc4	/work	lustre
POSIX	31	8796968004350111049	POSIX_SIZE_WRITE_1K_10K	0	/work/hdd/bdau/mbanisharifdehkordi/E2E/3d/results_decomp_mismatch/decomp_mismatch.nc4	/work	lustre
POSIX	31	8796968004350111049	POSIX_SIZE_WRITE_10K_100K	0	/work/hdd/bdau/mbanisharifdehkordi/E2E/3d/results_decomp_mismatch/decomp_mismatch.nc4	/work	lustre
POSIX	31	8796968004350111049	POSIX_SIZE_WRITE_100K_1M	0	/work/hdd/bdau/mbanisharifdehkordi/E2E/3d/results_decomp_mismatch/decomp_mismatch.nc4	/work	lustre
POSIX	31	8796968004350111049	POSIX_SIZE_WRITE_1M_4M	0	/work/hdd/bdau/mbanisharifdehkordi/E2E/3d/results_decomp_mismatch/decomp_mismatch.nc4	/work	lustre
POSIX	31	8796968004350111049	POSIX_SIZE_WRITE_4M_10M	0	/work/hdd/bdau/mbanisharifdehkordi/E2E/3d/results_decomp_mismatch/decomp_mismatch.nc4	/work	lustre
POSIX	31	8796968004350111049	POSIX_SIZE_WRITE_10M_100M	0	/work/hdd/bdau/mbanisharifdehkordi/E2E/3d/results_decomp_mismatch/decomp_mismatch.nc4	/work	lustre
POSIX	31	8796968004350111049	POSIX_SIZE_WRITE_100M_1G	0	/work/hdd/bdau/mbanisharifdehkordi/E2E/3d/results_decomp_mismatch/decomp_mismatch.nc4	/work	lustre
POSIX	31	8796968004350111049	POSIX_SIZE_WRITE_1G_PLUS	0	/work/hdd/bdau/mbanisharifdehkordi/E2E/3d/results_decomp_mismatch/decomp_mismatch.nc4	/work	lustre
POSIX	31	6939792131935133011	POSIX_WRITES	0	/work/hdd/bdau/mbanisharifdehkordi/E2E/3d/results_decomp_mismatch/.	/work	lustre
POSIX	31	6939792131935133011	POSIX_FILE_NOT_ALIGNED	0	/work/hdd/bdau/mbanisharifdehkordi/E2E/3d/results_decomp_mismatch/.	/work	lustre
POSIX	31	6939792131935133011	POSIX_SIZE_WRITE_0_100	0	/work/hdd/bdau/mbanisharifdehkordi/E2E/3d/results_decomp_mismatch/.	/work	lustre
POSIX	31	6939792131935133011	POSIX_SIZE_WRITE_100_1K	0	/work/hdd/bdau/mbanisharifdehkordi/E2E/3d/results_decomp_mismatch/.	/work	lustre
POSIX	31	6939792131935133011	POSIX_SIZE_WRITE_1K_10K	0	/work/hdd/bdau/mbanisharifdehkordi/E2E/3d/results_decomp_mismatch/.	/work	lustre
POSIX	31	6939792131935133011	POSIX_SIZE_WRITE_10K_100K	0	/work/hdd/bdau/mbanisharifdehkordi/E2E/3d/results_decomp_mismatch/.	/work	lustre
POSIX	31	6939792131935133011	POSIX_SIZE_WRITE_100K_1M	0	/work/hdd/bdau/mbanisharifdehkordi/E2E/3d/results_decomp_mismatch/.	/work	lustre
POSIX	31	6939792131935133011	POSIX_SIZE_WRITE_1M_4M	0	/work/hdd/bdau/mbanisharifdehkordi/E2E/3d/results_decomp_mismatch/.	/work	lustre
POSIX	31	6939792131935133011	POSIX_SIZE_WRITE_4M_10M	0	/work/hdd/bdau/mbanisharifdehkordi/E2E/3d/results_decomp_mismatch/.	/work	lustre
POSIX	31	6939792131935133011	POSIX_SIZE_WRITE_10M_100M	0	/work/hdd/bdau/mbanisharifdehkordi/E2E/3d/results_decomp_mismatch/.	/work	lustre
POSIX	31	6939792131935133011	POSIX_SIZE_WRITE_100M_1G	0	/work/hdd/bdau/mbanisharifdehkordi/E2E/3d/results_decomp_mismatch/.	/work	lustre
POSIX	31	6939792131935133011	POSIX_SIZE_WRITE_1G_PLUS	0	/work/hdd/bdau/mbanisharifdehkordi/E2E/3d/results_decomp_mismatch/.	/work	lustre
POSIX	31	15634375788946986981	POSIX_WRITES	0	/work/hdd/bdau/mbanisharifdehkordi/E2E/3d/results_decomp_mismatch/decomp_mismatch.nc4-4005036033-2888081.loc	/work	lustre
POSIX	31	15634375788946986981	POSIX_FILE_NOT_ALIGNED	0	/work/hdd/bdau/mbanisharifdehkordi/E2E/3d/results_decomp_mismatch/decomp_mismatch.nc4-4005036033-2888081.loc	/work	lustre
POSIX	31	15634375788946986981	POSIX_SIZE_WRITE_0_100	0	/work/hdd/bdau/mbanisharifdehkordi/E2E/3d/results_decomp_mismatch/decomp_mismatch.nc4-4005036033-2888081.loc	/work	lustre
POSIX	31	15634375788946986981	POSIX_SIZE_WRITE_100_1K	0	/work/hdd/bdau/mbanisharifdehkordi/E2E/3d/results_decomp_mismatch/decomp_mismatch.nc4-4005036033-2888081.loc	/work	lustre
POSIX	31	15634375788946986981	POSIX_SIZE_WRITE_1K_10K	0	/work/hdd/bdau/mbanisharifdehkordi/E2E/3d/results_decomp_mismatch/decomp_mismatch.nc4-4005036033-2888081.loc	/work	lustre
POSIX	31	15634375788946986981	POSIX_SIZE_WRITE_10K_100K	0	/work/hdd/bdau/mbanisharifdehkordi/E2E/3d/results_decomp_mismatch/decomp_mismatch.nc4-4005036033-2888081.loc	/work	lustre
POSIX	31	15634375788946986981	POSIX_SIZE_WRITE_100K_1M	0	/work/hdd/bdau/mbanisharifdehkordi/E2E/3d/results_decomp_mismatch/decomp_mismatch.nc4-4005036033-2888081.loc	/work	lustre
POSIX	31	15634375788946986981	POSIX_SIZE_WRITE_1M_4M	0	/work/hdd/bdau/mbanisharifdehkordi/E2E/3d/results_decomp_mismatch/decomp_mismatch.nc4-4005036033-2888081.loc	/work	lustre
POSIX	31	15634375788946986981	POSIX_SIZE_WRITE_4M_10M	0	/work/hdd/bdau/mbanisharifdehkordi/E2E/3d/results_decomp_mismatch/decomp_mismatch.nc4-4005036033-2888081.loc	/work	lustre
POSIX	31	15634375788946986981	POSIX_SIZE_WRITE_10M_100M	0	/work/hdd/bdau/mbanisharifdehkordi/E2E/3d/results_decomp_mismatch/decomp_mismatch.nc4-4005036033-2888081.loc	/work	lustre
POSIX	31	15634375788946986981	POSIX_SIZE_WRITE_100M_1G	0	/work/hdd/bdau/mbanisharifdehkordi/E2E/3d/results_decomp_mismatch/decomp_mismatch.nc4-4005036033-2888081.loc	/work	lustre
POSIX	31	15634375788946986981	POSIX_SIZE_WRITE_1G_PLUS	0	/work/hdd/bdau/mbanisharifdehkordi/E2E/3d/results_decomp_mismatch/decomp_mismatch.nc4-4005036033-2888081.loc	/work	lustre
POSIX	32	9220915271195442036	POSIX_WRITES	0	/work/hdd/bdau/mbanisharifdehkordi/E2E/3d/results_decomp_mismatch/decomp_mismatch.nc4.locktest.32	/work	lustre
POSIX	32	9220915271195442036	POSIX_FILE_NOT_ALIGNED	0	/work/hdd/bdau/mbanisharifdehkordi/E2E/3d/results_decomp_mismatch/decomp_mismatch.nc4.locktest.32	/work	lustre
POSIX	32	9220915271195442036	POSIX_SIZE_WRITE_0_100	0	/work/hdd/bdau/mbanisharifdehkordi/E2E/3d/results_decomp_mismatch/decomp_mismatch.nc4.locktest.32	/work	lustre
POSIX	32	9220915271195442036	POSIX_SIZE_WRITE_100_1K	0	/work/hdd/bdau/mbanisharifdehkordi/E2E/3d/results_decomp_mismatch/decomp_mismatch.nc4.locktest.32	/work	lustre
POSIX	32	9220915271195442036	POSIX_SIZE_WRITE_1K_10K	0	/work/hdd/bdau/mbanisharifdehkordi/E2E/3d/results_decomp_mismatch/decomp_mismatch.nc4.locktest.32	/work	lustre
POSIX	32	9220915271195442036	POSIX_SIZE_WRITE_10K_100K	0	/work/hdd/bdau/mbanisharifdehkordi/E2E/3d/results_decomp_mismatch/decomp_mismatch.nc4.locktest.32	/work	lustre
POSIX	32	9220915271195442036	POSIX_SIZE_WRITE_100K_1M	0	/work/hdd/bdau/mbanisharifdehkordi/E2E/3d/results_decomp_mismatch/decomp_mismatch.nc4.locktest.32	/work	lustre
POSIX	32	9220915271195442036	POSIX_SIZE_WRITE_1M_4M	0	/work/hdd/bdau/mbanisharifdehkordi/E2E/3d/results_decomp_mismatch/decomp_mismatch.nc4.locktest.32	/work	lustre
POSIX	32	9220915271195442036	POSIX_SIZE_WRITE_4M_10M	0	/work/hdd/bdau/mbanisharifdehkordi/E2E/3d/results_decomp_mismatch/decomp_mismatch.nc4.locktest.32	/work	lustre
POSIX	32	9220915271195442036	POSIX_SIZE_WRITE_10M_100M	0	/work/hdd/bdau/mbanisharifdehkordi/E2E/3d/results_decomp_mismatch/decomp_mismatch.nc4.locktest.32	/work	lustre
POSIX	32	9220915271195442036	POSIX_SIZE_WRITE_100M_1G	0	/work/hdd/bdau/mbanisharifdehkordi/E2E/3d/results_decomp_mismatch/decomp_mismatch.nc4.locktest.32	/work	lustre
POSIX	32	9220915271195442036	POSIX_SIZE_WRITE_1G_PLUS	0	/work/hdd/bdau/mbanisharifdehkordi/E2E/3d/results_decomp_mismatch/decomp_mismatch.nc4.locktest.32	/work	lustre
POSIX	32	8796968004350111049	POSIX_WRITES	0	/work/hdd/bdau/mbanisharifdehkordi/E2E/3d/results_decomp_mismatch/decomp_mismatch.nc4	/work	lustre
POSIX	32	8796968004350111049	POSIX_FILE_NOT_ALIGNED	0	/work/hdd/bdau/mbanisharifdehkordi/E2E/3d/results_decomp_mismatch/decomp_mismatch.nc4	/work	lustre
POSIX	32	8796968004350111049	POSIX_SIZE_WRITE_0_100	0	/work/hdd/bdau/mbanisharifdehkordi/E2E/3d/results_decomp_mismatch/decomp_mismatch.nc4	/work	lustre
POSIX	32	8796968004350111049	POSIX_SIZE_WRITE_100_1K	0	/work/hdd/bdau/mbanisharifdehkordi/E2E/3d/results_decomp_mismatch/decomp_mismatch.nc4	/work	lustre
POSIX	32	8796968004350111049	POSIX_SIZE_WRITE_1K_10K	0	/work/hdd/bdau/mbanisharifdehkordi/E2E/3d/results_decomp_mismatch/decomp_mismatch.nc4	/work	lustre
POSIX	32	8796968004350111049	POSIX_SIZE_WRITE_10K_100K	0	/work/hdd/bdau/mbanisharifdehkordi/E2E/3d/results_decomp_mismatch/decomp_mismatch.nc4	/work	lustre
POSIX	32	8796968004350111049	POSIX_SIZE_WRITE_100K_1M	0	/work/hdd/bdau/mbanisharifdehkordi/E2E/3d/results_decomp_mismatch/decomp_mismatch.nc4	/work	lustre
POSIX	32	8796968004350111049	POSIX_SIZE_WRITE_1M_4M	0	/work/hdd/bdau/mbanisharifdehkordi/E2E/3d/results_decomp_mismatch/decomp_mismatch.nc4	/work	lustre
POSIX	32	8796968004350111049	POSIX_SIZE_WRITE_4M_10M	0	/work/hdd/bdau/mbanisharifdehkordi/E2E/3d/results_decomp_mismatch/decomp_mismatch.nc4	/work	lustre
POSIX	32	8796968004350111049	POSIX_SIZE_WRITE_10M_100M	0	/work/hdd/bdau/mbanisharifdehkordi/E2E/3d/results_decomp_mismatch/decomp_mismatch.nc4	/work	lustre
POSIX	32	8796968004350111049	POSIX_SIZE_WRITE_100M_1G	0	/work/hdd/bdau/mbanisharifdehkordi/E2E/3d/results_decomp_mismatch/decomp_mismatch.nc4	/work	lustre
POSIX	32	8796968004350111049	POSIX_SIZE_WRITE_1G_PLUS	0	/work/hdd/bdau/mbanisharifdehkordi/E2E/3d/results_decomp_mismatch/decomp_mismatch.nc4	/work	lustre
POSIX	32	6939792131935133011	POSIX_WRITES	0	/work/hdd/bdau/mbanisharifdehkordi/E2E/3d/results_decomp_mismatch/.	/work	lustre
POSIX	32	6939792131935133011	POSIX_FILE_NOT_ALIGNED	0	/work/hdd/bdau/mbanisharifdehkordi/E2E/3d/results_decomp_mismatch/.	/work	lustre
POSIX	32	6939792131935133011	POSIX_SIZE_WRITE_0_100	0	/work/hdd/bdau/mbanisharifdehkordi/E2E/3d/results_decomp_mismatch/.	/work	lustre
POSIX	32	6939792131935133011	POSIX_SIZE_WRITE_100_1K	0	/work/hdd/bdau/mbanisharifdehkordi/E2E/3d/results_decomp_mismatch/.	/work	lustre
POSIX	32	6939792131935133011	POSIX_SIZE_WRITE_1K_10K	0	/work/hdd/bdau/mbanisharifdehkordi/E2E/3d/results_decomp_mismatch/.	/work	lustre
POSIX	32	6939792131935133011	POSIX_SIZE_WRITE_10K_100K	0	/work/hdd/bdau/mbanisharifdehkordi/E2E/3d/results_decomp_mismatch/.	/work	lustre
POSIX	32	6939792131935133011	POSIX_SIZE_WRITE_100K_1M	0	/work/hdd/bdau/mbanisharifdehkordi/E2E/3d/results_decomp_mismatch/.	/work	lustre
POSIX	32	6939792131935133011	POSIX_SIZE_WRITE_1M_4M	0	/work/hdd/bdau/mbanisharifdehkordi/E2E/3d/results_decomp_mismatch/.	/work	lustre
POSIX	32	6939792131935133011	POSIX_SIZE_WRITE_4M_10M	0	/work/hdd/bdau/mbanisharifdehkordi/E2E/3d/results_decomp_mismatch/.	/work	lustre
POSIX	32	6939792131935133011	POSIX_SIZE_WRITE_10M_100M	0	/work/hdd/bdau/mbanisharifdehkordi/E2E/3d/results_decomp_mismatch/.	/work	lustre
POSIX	32	6939792131935133011	POSIX_SIZE_WRITE_100M_1G	0	/work/hdd/bdau/mbanisharifdehkordi/E2E/3d/results_decomp_mismatch/.	/work	lustre
POSIX	32	6939792131935133011	POSIX_SIZE_WRITE_1G_PLUS	0	/work/hdd/bdau/mbanisharifdehkordi/E2E/3d/results_decomp_mismatch/.	/work	lustre
POSIX	32	15634375788946986981	POSIX_WRITES	0	/work/hdd/bdau/mbanisharifdehkordi/E2E/3d/results_decomp_mismatch/decomp_mismatch.nc4-4005036033-2888081.loc	/work	lustre
POSIX	32	15634375788946986981	POSIX_FILE_NOT_ALIGNED	0	/work/hdd/bdau/mbanisharifdehkordi/E2E/3d/results_decomp_mismatch/decomp_mismatch.nc4-4005036033-2888081.loc	/work	lustre
POSIX	32	15634375788946986981	POSIX_SIZE_WRITE_0_100	0	/work/hdd/bdau/mbanisharifdehkordi/E2E/3d/results_decomp_mismatch/decomp_mismatch.nc4-4005036033-2888081.loc	/work	lustre
POSIX	32	15634375788946986981	POSIX_SIZE_WRITE_100_1K	0	/work/hdd/bdau/mbanisharifdehkordi/E2E/3d/results_decomp_mismatch/decomp_mismatch.nc4-4005036033-2888081.loc	/work	lustre
POSIX	32	15634375788946986981	POSIX_SIZE_WRITE_1K_10K	0	/work/hdd/bdau/mbanisharifdehkordi/E2E/3d/results_decomp_mismatch/decomp_mismatch.nc4-4005036033-2888081.loc	/work	lustre
POSIX	32	15634375788946986981	POSIX_SIZE_WRITE_10K_100K	0	/work/hdd/bdau/mbanisharifdehkordi/E2E/3d/results_decomp_mismatch/decomp_mismatch.nc4-4005036033-2888081.loc	/work	lustre
POSIX	32	15634375788946986981	POSIX_SIZE_WRITE_100K_1M	0	/work/hdd/bdau/mbanisharifdehkordi/E2E/3d/results_decomp_mismatch/decomp_mismatch.nc4-4005036033-2888081.loc	/work	lustre
POSIX	32	15634375788946986981	POSIX_SIZE_WRITE_1M_4M	0	/work/hdd/bdau/mbanisharifdehkordi/E2E/3d/results_decomp_mismatch/decomp_mismatch.nc4-4005036033-2888081.loc	/work	lustre
POSIX	32	15634375788946986981	POSIX_SIZE_WRITE_4M_10M	0	/work/hdd/bdau/mbanisharifdehkordi/E2E/3d/results_decomp_mismatch/decomp_mismatch.nc4-4005036033-2888081.loc	/work	lustre
POSIX	32	15634375788946986981	POSIX_SIZE_WRITE_10M_100M	0	/work/hdd/bdau/mbanisharifdehkordi/E2E/3d/results_decomp_mismatch/decomp_mismatch.nc4-4005036033-2888081.loc	/work	lustre
POSIX	32	15634375788946986981	POSIX_SIZE_WRITE_100M_1G	0	/work/hdd/bdau/mbanisharifdehkordi/E2E/3d/results_decomp_mismatch/decomp_mismatch.nc4-4005036033-2888081.loc	/work	lustre
POSIX	32	15634375788946986981	POSIX_SIZE_WRITE_1G_PLUS	0	/work/hdd/bdau/mbanisharifdehkordi/E2E/3d/results_decomp_mismatch/decomp_mismatch.nc4-4005036033-2888081.loc	/work	lustre
POSIX	33	17732448155900849920	POSIX_WRITES	0	/work/hdd/bdau/mbanisharifdehkordi/E2E/3d/results_decomp_mismatch/decomp_mismatch.nc4.locktest.33	/work	lustre
POSIX	33	17732448155900849920	POSIX_FILE_NOT_ALIGNED	0	/work/hdd/bdau/mbanisharifdehkordi/E2E/3d/results_decomp_mismatch/decomp_mismatch.nc4.locktest.33	/work	lustre
POSIX	33	17732448155900849920	POSIX_SIZE_WRITE_0_100	0	/work/hdd/bdau/mbanisharifdehkordi/E2E/3d/results_decomp_mismatch/decomp_mismatch.nc4.locktest.33	/work	lustre
POSIX	33	17732448155900849920	POSIX_SIZE_WRITE_100_1K	0	/work/hdd/bdau/mbanisharifdehkordi/E2E/3d/results_decomp_mismatch/decomp_mismatch.nc4.locktest.33	/work	lustre
POSIX	33	17732448155900849920	POSIX_SIZE_WRITE_1K_10K	0	/work/hdd/bdau/mbanisharifdehkordi/E2E/3d/results_decomp_mismatch/decomp_mismatch.nc4.locktest.33	/work	lustre
POSIX	33	17732448155900849920	POSIX_SIZE_WRITE_10K_100K	0	/work/hdd/bdau/mbanisharifdehkordi/E2E/3d/results_decomp_mismatch/decomp_mismatch.nc4.locktest.33	/work	lustre
POSIX	33	17732448155900849920	POSIX_SIZE_WRITE_100K_1M	0	/work/hdd/bdau/mbanisharifdehkordi/E2E/3d/results_decomp_mismatch/decomp_mismatch.nc4.locktest.33	/work	lustre
POSIX	33	17732448155900849920	POSIX_SIZE_WRITE_1M_4M	0	/work/hdd/bdau/mbanisharifdehkordi/E2E/3d/results_decomp_mismatch/decomp_mismatch.nc4.locktest.33	/work	lustre
POSIX	33	17732448155900849920	POSIX_SIZE_WRITE_4M_10M	0	/work/hdd/bdau/mbanisharifdehkordi/E2E/3d/results_decomp_mismatch/decomp_mismatch.nc4.locktest.33	/work	lustre
POSIX	33	17732448155900849920	POSIX_SIZE_WRITE_10M_100M	0	/work/hdd/bdau/mbanisharifdehkordi/E2E/3d/results_decomp_mismatch/decomp_mismatch.nc4.locktest.33	/work	lustre
POSIX	33	17732448155900849920	POSIX_SIZE_WRITE_100M_1G	0	/work/hdd/bdau/mbanisharifdehkordi/E2E/3d/results_decomp_mismatch/decomp_mismatch.nc4.locktest.33	/work	lustre
POSIX	33	17732448155900849920	POSIX_SIZE_WRITE_1G_PLUS	0	/work/hdd/bdau/mbanisharifdehkordi/E2E/3d/results_decomp_mismatch/decomp_mismatch.nc4.locktest.33	/work	lustre
POSIX	33	8796968004350111049	POSIX_WRITES	0	/work/hdd/bdau/mbanisharifdehkordi/E2E/3d/results_decomp_mismatch/decomp_mismatch.nc4	/work	lustre
POSIX	33	8796968004350111049	POSIX_FILE_NOT_ALIGNED	0	/work/hdd/bdau/mbanisharifdehkordi/E2E/3d/results_decomp_mismatch/decomp_mismatch.nc4	/work	lustre
POSIX	33	8796968004350111049	POSIX_SIZE_WRITE_0_100	0	/work/hdd/bdau/mbanisharifdehkordi/E2E/3d/results_decomp_mismatch/decomp_mismatch.nc4	/work	lustre
POSIX	33	8796968004350111049	POSIX_SIZE_WRITE_100_1K	0	/work/hdd/bdau/mbanisharifdehkordi/E2E/3d/results_decomp_mismatch/decomp_mismatch.nc4	/work	lustre
POSIX	33	8796968004350111049	POSIX_SIZE_WRITE_1K_10K	0	/work/hdd/bdau/mbanisharifdehkordi/E2E/3d/results_decomp_mismatch/decomp_mismatch.nc4	/work	lustre
POSIX	33	8796968004350111049	POSIX_SIZE_WRITE_10K_100K	0	/work/hdd/bdau/mbanisharifdehkordi/E2E/3d/results_decomp_mismatch/decomp_mismatch.nc4	/work	lustre
POSIX	33	8796968004350111049	POSIX_SIZE_WRITE_100K_1M	0	/work/hdd/bdau/mbanisharifdehkordi/E2E/3d/results_decomp_mismatch/decomp_mismatch.nc4	/work	lustre
POSIX	33	8796968004350111049	POSIX_SIZE_WRITE_1M_4M	0	/work/hdd/bdau/mbanisharifdehkordi/E2E/3d/results_decomp_mismatch/decomp_mismatch.nc4	/work	lustre
POSIX	33	8796968004350111049	POSIX_SIZE_WRITE_4M_10M	0	/work/hdd/bdau/mbanisharifdehkordi/E2E/3d/results_decomp_mismatch/decomp_mismatch.nc4	/work	lustre
POSIX	33	8796968004350111049	POSIX_SIZE_WRITE_10M_100M	0	/work/hdd/bdau/mbanisharifdehkordi/E2E/3d/results_decomp_mismatch/decomp_mismatch.nc4	/work	lustre
POSIX	33	8796968004350111049	POSIX_SIZE_WRITE_100M_1G	0	/work/hdd/bdau/mbanisharifdehkordi/E2E/3d/results_decomp_mismatch/decomp_mismatch.nc4	/work	lustre
POSIX	33	8796968004350111049	POSIX_SIZE_WRITE_1G_PLUS	0	/work/hdd/bdau/mbanisharifdehkordi/E2E/3d/results_decomp_mismatch/decomp_mismatch.nc4	/work	lustre
POSIX	33	6939792131935133011	POSIX_WRITES	0	/work/hdd/bdau/mbanisharifdehkordi/E2E/3d/results_decomp_mismatch/.	/work	lustre
POSIX	33	6939792131935133011	POSIX_FILE_NOT_ALIGNED	0	/work/hdd/bdau/mbanisharifdehkordi/E2E/3d/results_decomp_mismatch/.	/work	lustre
POSIX	33	6939792131935133011	POSIX_SIZE_WRITE_0_100	0	/work/hdd/bdau/mbanisharifdehkordi/E2E/3d/results_decomp_mismatch/.	/work	lustre
POSIX	33	6939792131935133011	POSIX_SIZE_WRITE_100_1K	0	/work/hdd/bdau/mbanisharifdehkordi/E2E/3d/results_decomp_mismatch/.	/work	lustre
POSIX	33	6939792131935133011	POSIX_SIZE_WRITE_1K_10K	0	/work/hdd/bdau/mbanisharifdehkordi/E2E/3d/results_decomp_mismatch/.	/work	lustre
POSIX	33	6939792131935133011	POSIX_SIZE_WRITE_10K_100K	0	/work/hdd/bdau/mbanisharifdehkordi/E2E/3d/results_decomp_mismatch/.	/work	lustre
POSIX	33	6939792131935133011	POSIX_SIZE_WRITE_100K_1M	0	/work/hdd/bdau/mbanisharifdehkordi/E2E/3d/results_decomp_mismatch/.	/work	lustre
POSIX	33	6939792131935133011	POSIX_SIZE_WRITE_1M_4M	0	/work/hdd/bdau/mbanisharifdehkordi/E2E/3d/results_decomp_mismatch/.	/work	lustre
POSIX	33	6939792131935133011	POSIX_SIZE_WRITE_4M_10M	0	/work/hdd/bdau/mbanisharifdehkordi/E2E/3d/results_decomp_mismatch/.	/work	lustre
POSIX	33	6939792131935133011	POSIX_SIZE_WRITE_10M_100M	0	/work/hdd/bdau/mbanisharifdehkordi/E2E/3d/results_decomp_mismatch/.	/work	lustre
POSIX	33	6939792131935133011	POSIX_SIZE_WRITE_100M_1G	0	/work/hdd/bdau/mbanisharifdehkordi/E2E/3d/results_decomp_mismatch/.	/work	lustre
POSIX	33	6939792131935133011	POSIX_SIZE_WRITE_1G_PLUS	0	/work/hdd/bdau/mbanisharifdehkordi/E2E/3d/results_decomp_mismatch/.	/work	lustre
POSIX	33	15634375788946986981	POSIX_WRITES	0	/work/hdd/bdau/mbanisharifdehkordi/E2E/3d/results_decomp_mismatch/decomp_mismatch.nc4-4005036033-2888081.loc	/work	lustre
POSIX	33	15634375788946986981	POSIX_FILE_NOT_ALIGNED	0	/work/hdd/bdau/mbanisharifdehkordi/E2E/3d/results_decomp_mismatch/decomp_mismatch.nc4-4005036033-2888081.loc	/work	lustre
POSIX	33	15634375788946986981	POSIX_SIZE_WRITE_0_100	0	/work/hdd/bdau/mbanisharifdehkordi/E2E/3d/results_decomp_mismatch/decomp_mismatch.nc4-4005036033-2888081.loc	/work	lustre
POSIX	33	15634375788946986981	POSIX_SIZE_WRITE_100_1K	0	/work/hdd/bdau/mbanisharifdehkordi/E2E/3d/results_decomp_mismatch/decomp_mismatch.nc4-4005036033-2888081.loc	/work	lustre
POSIX	33	15634375788946986981	POSIX_SIZE_WRITE_1K_10K	0	/work/hdd/bdau/mbanisharifdehkordi/E2E/3d/results_decomp_mismatch/decomp_mismatch.nc4-4005036033-2888081.loc	/work	lustre
POSIX	33	15634375788946986981	POSIX_SIZE_WRITE_10K_100K	0	/work/hdd/bdau/mbanisharifdehkordi/E2E/3d/results_decomp_mismatch/decomp_mismatch.nc4-4005036033-2888081.loc	/work	lustre
POSIX	33	15634375788946986981	POSIX_SIZE_WRITE_100K_1M	0	/work/hdd/bdau/mbanisharifdehkordi/E2E/3d/results_decomp_mismatch/decomp_mismatch.nc4-4005036033-2888081.loc	/work	lustre
POSIX	33	15634375788946986981	POSIX_SIZE_WRITE_1M_4M	0	/work/hdd/bdau/mbanisharifdehkordi/E2E/3d/results_decomp_mismatch/decomp_mismatch.nc4-4005036033-2888081.loc	/work	lustre
POSIX	33	15634375788946986981	POSIX_SIZE_WRITE_4M_10M	0	/work/hdd/bdau/mbanisharifdehkordi/E2E/3d/results_decomp_mismatch/decomp_mismatch.nc4-4005036033-2888081.loc	/work	lustre
POSIX	33	15634375788946986981	POSIX_SIZE_WRITE_10M_100M	0	/work/hdd/bdau/mbanisharifdehkordi/E2E/3d/results_decomp_mismatch/decomp_mismatch.nc4-4005036033-2888081.loc	/work	lustre
POSIX	33	15634375788946986981	POSIX_SIZE_WRITE_100M_1G	0	/work/hdd/bdau/mbanisharifdehkordi/E2E/3d/results_decomp_mismatch/decomp_mismatch.nc4-4005036033-2888081.loc	/work	lustre
POSIX	33	15634375788946986981	POSIX_SIZE_WRITE_1G_PLUS	0	/work/hdd/bdau/mbanisharifdehkordi/E2E/3d/results_decomp_mismatch/decomp_mismatch.nc4-4005036033-2888081.loc	/work	lustre
POSIX	34	15068542181000581345	POSIX_WRITES	0	/work/hdd/bdau/mbanisharifdehkordi/E2E/3d/results_decomp_mismatch/decomp_mismatch.nc4.locktest.34	/work	lustre
POSIX	34	15068542181000581345	POSIX_FILE_NOT_ALIGNED	0	/work/hdd/bdau/mbanisharifdehkordi/E2E/3d/results_decomp_mismatch/decomp_mismatch.nc4.locktest.34	/work	lustre
POSIX	34	15068542181000581345	POSIX_SIZE_WRITE_0_100	0	/work/hdd/bdau/mbanisharifdehkordi/E2E/3d/results_decomp_mismatch/decomp_mismatch.nc4.locktest.34	/work	lustre
POSIX	34	15068542181000581345	POSIX_SIZE_WRITE_100_1K	0	/work/hdd/bdau/mbanisharifdehkordi/E2E/3d/results_decomp_mismatch/decomp_mismatch.nc4.locktest.34	/work	lustre
POSIX	34	15068542181000581345	POSIX_SIZE_WRITE_1K_10K	0	/work/hdd/bdau/mbanisharifdehkordi/E2E/3d/results_decomp_mismatch/decomp_mismatch.nc4.locktest.34	/work	lustre
POSIX	34	15068542181000581345	POSIX_SIZE_WRITE_10K_100K	0	/work/hdd/bdau/mbanisharifdehkordi/E2E/3d/results_decomp_mismatch/decomp_mismatch.nc4.locktest.34	/work	lustre
POSIX	34	15068542181000581345	POSIX_SIZE_WRITE_100K_1M	0	/work/hdd/bdau/mbanisharifdehkordi/E2E/3d/results_decomp_mismatch/decomp_mismatch.nc4.locktest.34	/work	lustre
POSIX	34	15068542181000581345	POSIX_SIZE_WRITE_1M_4M	0	/work/hdd/bdau/mbanisharifdehkordi/E2E/3d/results_decomp_mismatch/decomp_mismatch.nc4.locktest.34	/work	lustre
POSIX	34	15068542181000581345	POSIX_SIZE_WRITE_4M_10M	0	/work/hdd/bdau/mbanisharifdehkordi/E2E/3d/results_decomp_mismatch/decomp_mismatch.nc4.locktest.34	/work	lustre
POSIX	34	15068542181000581345	POSIX_SIZE_WRITE_10M_100M	0	/work/hdd/bdau/mbanisharifdehkordi/E2E/3d/results_decomp_mismatch/decomp_mismatch.nc4.locktest.34	/work	lustre
POSIX	34	15068542181000581345	POSIX_SIZE_WRITE_100M_1G	0	/work/hdd/bdau/mbanisharifdehkordi/E2E/3d/results_decomp_mismatch/decomp_mismatch.nc4.locktest.34	/work	lustre
POSIX	34	15068542181000581345	POSIX_SIZE_WRITE_1G_PLUS	0	/work/hdd/bdau/mbanisharifdehkordi/E2E/3d/results_decomp_mismatch/decomp_mismatch.nc4.locktest.34	/work	lustre
POSIX	34	8796968004350111049	POSIX_WRITES	0	/work/hdd/bdau/mbanisharifdehkordi/E2E/3d/results_decomp_mismatch/decomp_mismatch.nc4	/work	lustre
POSIX	34	8796968004350111049	POSIX_FILE_NOT_ALIGNED	0	/work/hdd/bdau/mbanisharifdehkordi/E2E/3d/results_decomp_mismatch/decomp_mismatch.nc4	/work	lustre
POSIX	34	8796968004350111049	POSIX_SIZE_WRITE_0_100	0	/work/hdd/bdau/mbanisharifdehkordi/E2E/3d/results_decomp_mismatch/decomp_mismatch.nc4	/work	lustre
POSIX	34	8796968004350111049	POSIX_SIZE_WRITE_100_1K	0	/work/hdd/bdau/mbanisharifdehkordi/E2E/3d/results_decomp_mismatch/decomp_mismatch.nc4	/work	lustre
POSIX	34	8796968004350111049	POSIX_SIZE_WRITE_1K_10K	0	/work/hdd/bdau/mbanisharifdehkordi/E2E/3d/results_decomp_mismatch/decomp_mismatch.nc4	/work	lustre
POSIX	34	8796968004350111049	POSIX_SIZE_WRITE_10K_100K	0	/work/hdd/bdau/mbanisharifdehkordi/E2E/3d/results_decomp_mismatch/decomp_mismatch.nc4	/work	lustre
POSIX	34	8796968004350111049	POSIX_SIZE_WRITE_100K_1M	0	/work/hdd/bdau/mbanisharifdehkordi/E2E/3d/results_decomp_mismatch/decomp_mismatch.nc4	/work	lustre
POSIX	34	8796968004350111049	POSIX_SIZE_WRITE_1M_4M	0	/work/hdd/bdau/mbanisharifdehkordi/E2E/3d/results_decomp_mismatch/decomp_mismatch.nc4	/work	lustre
POSIX	34	8796968004350111049	POSIX_SIZE_WRITE_4M_10M	0	/work/hdd/bdau/mbanisharifdehkordi/E2E/3d/results_decomp_mismatch/decomp_mismatch.nc4	/work	lustre
POSIX	34	8796968004350111049	POSIX_SIZE_WRITE_10M_100M	0	/work/hdd/bdau/mbanisharifdehkordi/E2E/3d/results_decomp_mismatch/decomp_mismatch.nc4	/work	lustre
POSIX	34	8796968004350111049	POSIX_SIZE_WRITE_100M_1G	0	/work/hdd/bdau/mbanisharifdehkordi/E2E/3d/results_decomp_mismatch/decomp_mismatch.nc4	/work	lustre
POSIX	34	8796968004350111049	POSIX_SIZE_WRITE_1G_PLUS	0	/work/hdd/bdau/mbanisharifdehkordi/E2E/3d/results_decomp_mismatch/decomp_mismatch.nc4	/work	lustre
POSIX	34	6939792131935133011	POSIX_WRITES	0	/work/hdd/bdau/mbanisharifdehkordi/E2E/3d/results_decomp_mismatch/.	/work	lustre
POSIX	34	6939792131935133011	POSIX_FILE_NOT_ALIGNED	0	/work/hdd/bdau/mbanisharifdehkordi/E2E/3d/results_decomp_mismatch/.	/work	lustre
POSIX	34	6939792131935133011	POSIX_SIZE_WRITE_0_100	0	/work/hdd/bdau/mbanisharifdehkordi/E2E/3d/results_decomp_mismatch/.	/work	lustre
POSIX	34	6939792131935133011	POSIX_SIZE_WRITE_100_1K	0	/work/hdd/bdau/mbanisharifdehkordi/E2E/3d/results_decomp_mismatch/.	/work	lustre
POSIX	34	6939792131935133011	POSIX_SIZE_WRITE_1K_10K	0	/work/hdd/bdau/mbanisharifdehkordi/E2E/3d/results_decomp_mismatch/.	/work	lustre
POSIX	34	6939792131935133011	POSIX_SIZE_WRITE_10K_100K	0	/work/hdd/bdau/mbanisharifdehkordi/E2E/3d/results_decomp_mismatch/.	/work	lustre
POSIX	34	6939792131935133011	POSIX_SIZE_WRITE_100K_1M	0	/work/hdd/bdau/mbanisharifdehkordi/E2E/3d/results_decomp_mismatch/.	/work	lustre
POSIX	34	6939792131935133011	POSIX_SIZE_WRITE_1M_4M	0	/work/hdd/bdau/mbanisharifdehkordi/E2E/3d/results_decomp_mismatch/.	/work	lustre
POSIX	34	6939792131935133011	POSIX_SIZE_WRITE_4M_10M	0	/work/hdd/bdau/mbanisharifdehkordi/E2E/3d/results_decomp_mismatch/.	/work	lustre
POSIX	34	6939792131935133011	POSIX_SIZE_WRITE_10M_100M	0	/work/hdd/bdau/mbanisharifdehkordi/E2E/3d/results_decomp_mismatch/.	/work	lustre
POSIX	34	6939792131935133011	POSIX_SIZE_WRITE_100M_1G	0	/work/hdd/bdau/mbanisharifdehkordi/E2E/3d/results_decomp_mismatch/.	/work	lustre
POSIX	34	6939792131935133011	POSIX_SIZE_WRITE_1G_PLUS	0	/work/hdd/bdau/mbanisharifdehkordi/E2E/3d/results_decomp_mismatch/.	/work	lustre
POSIX	34	15634375788946986981	POSIX_WRITES	0	/work/hdd/bdau/mbanisharifdehkordi/E2E/3d/results_decomp_mismatch/decomp_mismatch.nc4-4005036033-2888081.loc	/work	lustre
POSIX	34	15634375788946986981	POSIX_FILE_NOT_ALIGNED	0	/work/hdd/bdau/mbanisharifdehkordi/E2E/3d/results_decomp_mismatch/decomp_mismatch.nc4-4005036033-2888081.loc	/work	lustre
POSIX	34	15634375788946986981	POSIX_SIZE_WRITE_0_100	0	/work/hdd/bdau/mbanisharifdehkordi/E2E/3d/results_decomp_mismatch/decomp_mismatch.nc4-4005036033-2888081.loc	/work	lustre
POSIX	34	15634375788946986981	POSIX_SIZE_WRITE_100_1K	0	/work/hdd/bdau/mbanisharifdehkordi/E2E/3d/results_decomp_mismatch/decomp_mismatch.nc4-4005036033-2888081.loc	/work	lustre
POSIX	34	15634375788946986981	POSIX_SIZE_WRITE_1K_10K	0	/work/hdd/bdau/mbanisharifdehkordi/E2E/3d/results_decomp_mismatch/decomp_mismatch.nc4-4005036033-2888081.loc	/work	lustre
POSIX	34	15634375788946986981	POSIX_SIZE_WRITE_10K_100K	0	/work/hdd/bdau/mbanisharifdehkordi/E2E/3d/results_decomp_mismatch/decomp_mismatch.nc4-4005036033-2888081.loc	/work	lustre
POSIX	34	15634375788946986981	POSIX_SIZE_WRITE_100K_1M	0	/work/hdd/bdau/mbanisharifdehkordi/E2E/3d/results_decomp_mismatch/decomp_mismatch.nc4-4005036033-2888081.loc	/work	lustre
POSIX	34	15634375788946986981	POSIX_SIZE_WRITE_1M_4M	0	/work/hdd/bdau/mbanisharifdehkordi/E2E/3d/results_decomp_mismatch/decomp_mismatch.nc4-4005036033-2888081.loc	/work	lustre
POSIX	34	15634375788946986981	POSIX_SIZE_WRITE_4M_10M	0	/work/hdd/bdau/mbanisharifdehkordi/E2E/3d/results_decomp_mismatch/decomp_mismatch.nc4-4005036033-2888081.loc	/work	lustre
POSIX	34	15634375788946986981	POSIX_SIZE_WRITE_10M_100M	0	/work/hdd/bdau/mbanisharifdehkordi/E2E/3d/results_decomp_mismatch/decomp_mismatch.nc4-4005036033-2888081.loc	/work	lustre
POSIX	34	15634375788946986981	POSIX_SIZE_WRITE_100M_1G	0	/work/hdd/bdau/mbanisharifdehkordi/E2E/3d/results_decomp_mismatch/decomp_mismatch.nc4-4005036033-2888081.loc	/work	lustre
POSIX	34	15634375788946986981	POSIX_SIZE_WRITE_1G_PLUS	0	/work/hdd/bdau/mbanisharifdehkordi/E2E/3d/results_decomp_mismatch/decomp_mismatch.nc4-4005036033-2888081.loc	/work	lustre
POSIX	35	7904003608620984416	POSIX_WRITES	0	/work/hdd/bdau/mbanisharifdehkordi/E2E/3d/results_decomp_mismatch/decomp_mismatch.nc4.locktest.35	/work	lustre
POSIX	35	7904003608620984416	POSIX_FILE_NOT_ALIGNED	0	/work/hdd/bdau/mbanisharifdehkordi/E2E/3d/results_decomp_mismatch/decomp_mismatch.nc4.locktest.35	/work	lustre
POSIX	35	7904003608620984416	POSIX_SIZE_WRITE_0_100	0	/work/hdd/bdau/mbanisharifdehkordi/E2E/3d/results_decomp_mismatch/decomp_mismatch.nc4.locktest.35	/work	lustre
POSIX	35	7904003608620984416	POSIX_SIZE_WRITE_100_1K	0	/work/hdd/bdau/mbanisharifdehkordi/E2E/3d/results_decomp_mismatch/decomp_mismatch.nc4.locktest.35	/work	lustre
POSIX	35	7904003608620984416	POSIX_SIZE_WRITE_1K_10K	0	/work/hdd/bdau/mbanisharifdehkordi/E2E/3d/results_decomp_mismatch/decomp_mismatch.nc4.locktest.35	/work	lustre
POSIX	35	7904003608620984416	POSIX_SIZE_WRITE_10K_100K	0	/work/hdd/bdau/mbanisharifdehkordi/E2E/3d/results_decomp_mismatch/decomp_mismatch.nc4.locktest.35	/work	lustre
POSIX	35	7904003608620984416	POSIX_SIZE_WRITE_100K_1M	0	/work/hdd/bdau/mbanisharifdehkordi/E2E/3d/results_decomp_mismatch/decomp_mismatch.nc4.locktest.35	/work	lustre
POSIX	35	7904003608620984416	POSIX_SIZE_WRITE_1M_4M	0	/work/hdd/bdau/mbanisharifdehkordi/E2E/3d/results_decomp_mismatch/decomp_mismatch.nc4.locktest.35	/work	lustre
POSIX	35	7904003608620984416	POSIX_SIZE_WRITE_4M_10M	0	/work/hdd/bdau/mbanisharifdehkordi/E2E/3d/results_decomp_mismatch/decomp_mismatch.nc4.locktest.35	/work	lustre
POSIX	35	7904003608620984416	POSIX_SIZE_WRITE_10M_100M	0	/work/hdd/bdau/mbanisharifdehkordi/E2E/3d/results_decomp_mismatch/decomp_mismatch.nc4.locktest.35	/work	lustre
POSIX	35	7904003608620984416	POSIX_SIZE_WRITE_100M_1G	0	/work/hdd/bdau/mbanisharifdehkordi/E2E/3d/results_decomp_mismatch/decomp_mismatch.nc4.locktest.35	/work	lustre
POSIX	35	7904003608620984416	POSIX_SIZE_WRITE_1G_PLUS	0	/work/hdd/bdau/mbanisharifdehkordi/E2E/3d/results_decomp_mismatch/decomp_mismatch.nc4.locktest.35	/work	lustre
POSIX	35	8796968004350111049	POSIX_WRITES	0	/work/hdd/bdau/mbanisharifdehkordi/E2E/3d/results_decomp_mismatch/decomp_mismatch.nc4	/work	lustre
POSIX	35	8796968004350111049	POSIX_FILE_NOT_ALIGNED	0	/work/hdd/bdau/mbanisharifdehkordi/E2E/3d/results_decomp_mismatch/decomp_mismatch.nc4	/work	lustre
POSIX	35	8796968004350111049	POSIX_SIZE_WRITE_0_100	0	/work/hdd/bdau/mbanisharifdehkordi/E2E/3d/results_decomp_mismatch/decomp_mismatch.nc4	/work	lustre
POSIX	35	8796968004350111049	POSIX_SIZE_WRITE_100_1K	0	/work/hdd/bdau/mbanisharifdehkordi/E2E/3d/results_decomp_mismatch/decomp_mismatch.nc4	/work	lustre
POSIX	35	8796968004350111049	POSIX_SIZE_WRITE_1K_10K	0	/work/hdd/bdau/mbanisharifdehkordi/E2E/3d/results_decomp_mismatch/decomp_mismatch.nc4	/work	lustre
POSIX	35	8796968004350111049	POSIX_SIZE_WRITE_10K_100K	0	/work/hdd/bdau/mbanisharifdehkordi/E2E/3d/results_decomp_mismatch/decomp_mismatch.nc4	/work	lustre
POSIX	35	8796968004350111049	POSIX_SIZE_WRITE_100K_1M	0	/work/hdd/bdau/mbanisharifdehkordi/E2E/3d/results_decomp_mismatch/decomp_mismatch.nc4	/work	lustre
POSIX	35	8796968004350111049	POSIX_SIZE_WRITE_1M_4M	0	/work/hdd/bdau/mbanisharifdehkordi/E2E/3d/results_decomp_mismatch/decomp_mismatch.nc4	/work	lustre
POSIX	35	8796968004350111049	POSIX_SIZE_WRITE_4M_10M	0	/work/hdd/bdau/mbanisharifdehkordi/E2E/3d/results_decomp_mismatch/decomp_mismatch.nc4	/work	lustre
POSIX	35	8796968004350111049	POSIX_SIZE_WRITE_10M_100M	0	/work/hdd/bdau/mbanisharifdehkordi/E2E/3d/results_decomp_mismatch/decomp_mismatch.nc4	/work	lustre
POSIX	35	8796968004350111049	POSIX_SIZE_WRITE_100M_1G	0	/work/hdd/bdau/mbanisharifdehkordi/E2E/3d/results_decomp_mismatch/decomp_mismatch.nc4	/work	lustre
POSIX	35	8796968004350111049	POSIX_SIZE_WRITE_1G_PLUS	0	/work/hdd/bdau/mbanisharifdehkordi/E2E/3d/results_decomp_mismatch/decomp_mismatch.nc4	/work	lustre
POSIX	35	6939792131935133011	POSIX_WRITES	0	/work/hdd/bdau/mbanisharifdehkordi/E2E/3d/results_decomp_mismatch/.	/work	lustre
POSIX	35	6939792131935133011	POSIX_FILE_NOT_ALIGNED	0	/work/hdd/bdau/mbanisharifdehkordi/E2E/3d/results_decomp_mismatch/.	/work	lustre
POSIX	35	6939792131935133011	POSIX_SIZE_WRITE_0_100	0	/work/hdd/bdau/mbanisharifdehkordi/E2E/3d/results_decomp_mismatch/.	/work	lustre
POSIX	35	6939792131935133011	POSIX_SIZE_WRITE_100_1K	0	/work/hdd/bdau/mbanisharifdehkordi/E2E/3d/results_decomp_mismatch/.	/work	lustre
POSIX	35	6939792131935133011	POSIX_SIZE_WRITE_1K_10K	0	/work/hdd/bdau/mbanisharifdehkordi/E2E/3d/results_decomp_mismatch/.	/work	lustre
POSIX	35	6939792131935133011	POSIX_SIZE_WRITE_10K_100K	0	/work/hdd/bdau/mbanisharifdehkordi/E2E/3d/results_decomp_mismatch/.	/work	lustre
POSIX	35	6939792131935133011	POSIX_SIZE_WRITE_100K_1M	0	/work/hdd/bdau/mbanisharifdehkordi/E2E/3d/results_decomp_mismatch/.	/work	lustre
POSIX	35	6939792131935133011	POSIX_SIZE_WRITE_1M_4M	0	/work/hdd/bdau/mbanisharifdehkordi/E2E/3d/results_decomp_mismatch/.	/work	lustre
POSIX	35	6939792131935133011	POSIX_SIZE_WRITE_4M_10M	0	/work/hdd/bdau/mbanisharifdehkordi/E2E/3d/results_decomp_mismatch/.	/work	lustre
POSIX	35	6939792131935133011	POSIX_SIZE_WRITE_10M_100M	0	/work/hdd/bdau/mbanisharifdehkordi/E2E/3d/results_decomp_mismatch/.	/work	lustre
POSIX	35	6939792131935133011	POSIX_SIZE_WRITE_100M_1G	0	/work/hdd/bdau/mbanisharifdehkordi/E2E/3d/results_decomp_mismatch/.	/work	lustre
POSIX	35	6939792131935133011	POSIX_SIZE_WRITE_1G_PLUS	0	/work/hdd/bdau/mbanisharifdehkordi/E2E/3d/results_decomp_mismatch/.	/work	lustre
POSIX	35	15634375788946986981	POSIX_WRITES	0	/work/hdd/bdau/mbanisharifdehkordi/E2E/3d/results_decomp_mismatch/decomp_mismatch.nc4-4005036033-2888081.loc	/work	lustre
POSIX	35	15634375788946986981	POSIX_FILE_NOT_ALIGNED	0	/work/hdd/bdau/mbanisharifdehkordi/E2E/3d/results_decomp_mismatch/decomp_mismatch.nc4-4005036033-2888081.loc	/work	lustre
POSIX	35	15634375788946986981	POSIX_SIZE_WRITE_0_100	0	/work/hdd/bdau/mbanisharifdehkordi/E2E/3d/results_decomp_mismatch/decomp_mismatch.nc4-4005036033-2888081.loc	/work	lustre
POSIX	35	15634375788946986981	POSIX_SIZE_WRITE_100_1K	0	/work/hdd/bdau/mbanisharifdehkordi/E2E/3d/results_decomp_mismatch/decomp_mismatch.nc4-4005036033-2888081.loc	/work	lustre
POSIX	35	15634375788946986981	POSIX_SIZE_WRITE_1K_10K	0	/work/hdd/bdau/mbanisharifdehkordi/E2E/3d/results_decomp_mismatch/decomp_mismatch.nc4-4005036033-2888081.loc	/work	lustre
POSIX	35	15634375788946986981	POSIX_SIZE_WRITE_10K_100K	0	/work/hdd/bdau/mbanisharifdehkordi/E2E/3d/results_decomp_mismatch/decomp_mismatch.nc4-4005036033-2888081.loc	/work	lustre
POSIX	35	15634375788946986981	POSIX_SIZE_WRITE_100K_1M	0	/work/hdd/bdau/mbanisharifdehkordi/E2E/3d/results_decomp_mismatch/decomp_mismatch.nc4-4005036033-2888081.loc	/work	lustre
POSIX	35	15634375788946986981	POSIX_SIZE_WRITE_1M_4M	0	/work/hdd/bdau/mbanisharifdehkordi/E2E/3d/results_decomp_mismatch/decomp_mismatch.nc4-4005036033-2888081.loc	/work	lustre
POSIX	35	15634375788946986981	POSIX_SIZE_WRITE_4M_10M	0	/work/hdd/bdau/mbanisharifdehkordi/E2E/3d/results_decomp_mismatch/decomp_mismatch.nc4-4005036033-2888081.loc	/work	lustre
POSIX	35	15634375788946986981	POSIX_SIZE_WRITE_10M_100M	0	/work/hdd/bdau/mbanisharifdehkordi/E2E/3d/results_decomp_mismatch/decomp_mismatch.nc4-4005036033-2888081.loc	/work	lustre
POSIX	35	15634375788946986981	POSIX_SIZE_WRITE_100M_1G	0	/work/hdd/bdau/mbanisharifdehkordi/E2E/3d/results_decomp_mismatch/decomp_mismatch.nc4-4005036033-2888081.loc	/work	lustre
POSIX	35	15634375788946986981	POSIX_SIZE_WRITE_1G_PLUS	0	/work/hdd/bdau/mbanisharifdehkordi/E2E/3d/results_decomp_mismatch/decomp_mismatch.nc4-4005036033-2888081.loc	/work	lustre
POSIX	36	11933020744888553345	POSIX_WRITES	0	/work/hdd/bdau/mbanisharifdehkordi/E2E/3d/results_decomp_mismatch/decomp_mismatch.nc4.locktest.36	/work	lustre
POSIX	36	11933020744888553345	POSIX_FILE_NOT_ALIGNED	0	/work/hdd/bdau/mbanisharifdehkordi/E2E/3d/results_decomp_mismatch/decomp_mismatch.nc4.locktest.36	/work	lustre
POSIX	36	11933020744888553345	POSIX_SIZE_WRITE_0_100	0	/work/hdd/bdau/mbanisharifdehkordi/E2E/3d/results_decomp_mismatch/decomp_mismatch.nc4.locktest.36	/work	lustre
POSIX	36	11933020744888553345	POSIX_SIZE_WRITE_100_1K	0	/work/hdd/bdau/mbanisharifdehkordi/E2E/3d/results_decomp_mismatch/decomp_mismatch.nc4.locktest.36	/work	lustre
POSIX	36	11933020744888553345	POSIX_SIZE_WRITE_1K_10K	0	/work/hdd/bdau/mbanisharifdehkordi/E2E/3d/results_decomp_mismatch/decomp_mismatch.nc4.locktest.36	/work	lustre
POSIX	36	11933020744888553345	POSIX_SIZE_WRITE_10K_100K	0	/work/hdd/bdau/mbanisharifdehkordi/E2E/3d/results_decomp_mismatch/decomp_mismatch.nc4.locktest.36	/work	lustre
POSIX	36	11933020744888553345	POSIX_SIZE_WRITE_100K_1M	0	/work/hdd/bdau/mbanisharifdehkordi/E2E/3d/results_decomp_mismatch/decomp_mismatch.nc4.locktest.36	/work	lustre
POSIX	36	11933020744888553345	POSIX_SIZE_WRITE_1M_4M	0	/work/hdd/bdau/mbanisharifdehkordi/E2E/3d/results_decomp_mismatch/decomp_mismatch.nc4.locktest.36	/work	lustre
POSIX	36	11933020744888553345	POSIX_SIZE_WRITE_4M_10M	0	/work/hdd/bdau/mbanisharifdehkordi/E2E/3d/results_decomp_mismatch/decomp_mismatch.nc4.locktest.36	/work	lustre
POSIX	36	11933020744888553345	POSIX_SIZE_WRITE_10M_100M	0	/work/hdd/bdau/mbanisharifdehkordi/E2E/3d/results_decomp_mismatch/decomp_mismatch.nc4.locktest.36	/work	lustre
POSIX	36	11933020744888553345	POSIX_SIZE_WRITE_100M_1G	0	/work/hdd/bdau/mbanisharifdehkordi/E2E/3d/results_decomp_mismatch/decomp_mismatch.nc4.locktest.36	/work	lustre
POSIX	36	11933020744888553345	POSIX_SIZE_WRITE_1G_PLUS	0	/work/hdd/bdau/mbanisharifdehkordi/E2E/3d/results_decomp_mismatch/decomp_mismatch.nc4.locktest.36	/work	lustre
POSIX	36	8796968004350111049	POSIX_WRITES	0	/work/hdd/bdau/mbanisharifdehkordi/E2E/3d/results_decomp_mismatch/decomp_mismatch.nc4	/work	lustre
POSIX	36	8796968004350111049	POSIX_FILE_NOT_ALIGNED	0	/work/hdd/bdau/mbanisharifdehkordi/E2E/3d/results_decomp_mismatch/decomp_mismatch.nc4	/work	lustre
POSIX	36	8796968004350111049	POSIX_SIZE_WRITE_0_100	0	/work/hdd/bdau/mbanisharifdehkordi/E2E/3d/results_decomp_mismatch/decomp_mismatch.nc4	/work	lustre
POSIX	36	8796968004350111049	POSIX_SIZE_WRITE_100_1K	0	/work/hdd/bdau/mbanisharifdehkordi/E2E/3d/results_decomp_mismatch/decomp_mismatch.nc4	/work	lustre
POSIX	36	8796968004350111049	POSIX_SIZE_WRITE_1K_10K	0	/work/hdd/bdau/mbanisharifdehkordi/E2E/3d/results_decomp_mismatch/decomp_mismatch.nc4	/work	lustre
POSIX	36	8796968004350111049	POSIX_SIZE_WRITE_10K_100K	0	/work/hdd/bdau/mbanisharifdehkordi/E2E/3d/results_decomp_mismatch/decomp_mismatch.nc4	/work	lustre
POSIX	36	8796968004350111049	POSIX_SIZE_WRITE_100K_1M	0	/work/hdd/bdau/mbanisharifdehkordi/E2E/3d/results_decomp_mismatch/decomp_mismatch.nc4	/work	lustre
POSIX	36	8796968004350111049	POSIX_SIZE_WRITE_1M_4M	0	/work/hdd/bdau/mbanisharifdehkordi/E2E/3d/results_decomp_mismatch/decomp_mismatch.nc4	/work	lustre
POSIX	36	8796968004350111049	POSIX_SIZE_WRITE_4M_10M	0	/work/hdd/bdau/mbanisharifdehkordi/E2E/3d/results_decomp_mismatch/decomp_mismatch.nc4	/work	lustre
POSIX	36	8796968004350111049	POSIX_SIZE_WRITE_10M_100M	0	/work/hdd/bdau/mbanisharifdehkordi/E2E/3d/results_decomp_mismatch/decomp_mismatch.nc4	/work	lustre
POSIX	36	8796968004350111049	POSIX_SIZE_WRITE_100M_1G	0	/work/hdd/bdau/mbanisharifdehkordi/E2E/3d/results_decomp_mismatch/decomp_mismatch.nc4	/work	lustre
POSIX	36	8796968004350111049	POSIX_SIZE_WRITE_1G_PLUS	0	/work/hdd/bdau/mbanisharifdehkordi/E2E/3d/results_decomp_mismatch/decomp_mismatch.nc4	/work	lustre
POSIX	36	6939792131935133011	POSIX_WRITES	0	/work/hdd/bdau/mbanisharifdehkordi/E2E/3d/results_decomp_mismatch/.	/work	lustre
POSIX	36	6939792131935133011	POSIX_FILE_NOT_ALIGNED	0	/work/hdd/bdau/mbanisharifdehkordi/E2E/3d/results_decomp_mismatch/.	/work	lustre
POSIX	36	6939792131935133011	POSIX_SIZE_WRITE_0_100	0	/work/hdd/bdau/mbanisharifdehkordi/E2E/3d/results_decomp_mismatch/.	/work	lustre
POSIX	36	6939792131935133011	POSIX_SIZE_WRITE_100_1K	0	/work/hdd/bdau/mbanisharifdehkordi/E2E/3d/results_decomp_mismatch/.	/work	lustre
POSIX	36	6939792131935133011	POSIX_SIZE_WRITE_1K_10K	0	/work/hdd/bdau/mbanisharifdehkordi/E2E/3d/results_decomp_mismatch/.	/work	lustre
POSIX	36	6939792131935133011	POSIX_SIZE_WRITE_10K_100K	0	/work/hdd/bdau/mbanisharifdehkordi/E2E/3d/results_decomp_mismatch/.	/work	lustre
POSIX	36	6939792131935133011	POSIX_SIZE_WRITE_100K_1M	0	/work/hdd/bdau/mbanisharifdehkordi/E2E/3d/results_decomp_mismatch/.	/work	lustre
POSIX	36	6939792131935133011	POSIX_SIZE_WRITE_1M_4M	0	/work/hdd/bdau/mbanisharifdehkordi/E2E/3d/results_decomp_mismatch/.	/work	lustre
POSIX	36	6939792131935133011	POSIX_SIZE_WRITE_4M_10M	0	/work/hdd/bdau/mbanisharifdehkordi/E2E/3d/results_decomp_mismatch/.	/work	lustre
POSIX	36	6939792131935133011	POSIX_SIZE_WRITE_10M_100M	0	/work/hdd/bdau/mbanisharifdehkordi/E2E/3d/results_decomp_mismatch/.	/work	lustre
POSIX	36	6939792131935133011	POSIX_SIZE_WRITE_100M_1G	0	/work/hdd/bdau/mbanisharifdehkordi/E2E/3d/results_decomp_mismatch/.	/work	lustre
POSIX	36	6939792131935133011	POSIX_SIZE_WRITE_1G_PLUS	0	/work/hdd/bdau/mbanisharifdehkordi/E2E/3d/results_decomp_mismatch/.	/work	lustre
POSIX	36	15634375788946986981	POSIX_WRITES	0	/work/hdd/bdau/mbanisharifdehkordi/E2E/3d/results_decomp_mismatch/decomp_mismatch.nc4-4005036033-2888081.loc	/work	lustre
POSIX	36	15634375788946986981	POSIX_FILE_NOT_ALIGNED	0	/work/hdd/bdau/mbanisharifdehkordi/E2E/3d/results_decomp_mismatch/decomp_mismatch.nc4-4005036033-2888081.loc	/work	lustre
POSIX	36	15634375788946986981	POSIX_SIZE_WRITE_0_100	0	/work/hdd/bdau/mbanisharifdehkordi/E2E/3d/results_decomp_mismatch/decomp_mismatch.nc4-4005036033-2888081.loc	/work	lustre
POSIX	36	15634375788946986981	POSIX_SIZE_WRITE_100_1K	0	/work/hdd/bdau/mbanisharifdehkordi/E2E/3d/results_decomp_mismatch/decomp_mismatch.nc4-4005036033-2888081.loc	/work	lustre
POSIX	36	15634375788946986981	POSIX_SIZE_WRITE_1K_10K	0	/work/hdd/bdau/mbanisharifdehkordi/E2E/3d/results_decomp_mismatch/decomp_mismatch.nc4-4005036033-2888081.loc	/work	lustre
POSIX	36	15634375788946986981	POSIX_SIZE_WRITE_10K_100K	0	/work/hdd/bdau/mbanisharifdehkordi/E2E/3d/results_decomp_mismatch/decomp_mismatch.nc4-4005036033-2888081.loc	/work	lustre
POSIX	36	15634375788946986981	POSIX_SIZE_WRITE_100K_1M	0	/work/hdd/bdau/mbanisharifdehkordi/E2E/3d/results_decomp_mismatch/decomp_mismatch.nc4-4005036033-2888081.loc	/work	lustre
POSIX	36	15634375788946986981	POSIX_SIZE_WRITE_1M_4M	0	/work/hdd/bdau/mbanisharifdehkordi/E2E/3d/results_decomp_mismatch/decomp_mismatch.nc4-4005036033-2888081.loc	/work	lustre
POSIX	36	15634375788946986981	POSIX_SIZE_WRITE_4M_10M	0	/work/hdd/bdau/mbanisharifdehkordi/E2E/3d/results_decomp_mismatch/decomp_mismatch.nc4-4005036033-2888081.loc	/work	lustre
POSIX	36	15634375788946986981	POSIX_SIZE_WRITE_10M_100M	0	/work/hdd/bdau/mbanisharifdehkordi/E2E/3d/results_decomp_mismatch/decomp_mismatch.nc4-4005036033-2888081.loc	/work	lustre
POSIX	36	15634375788946986981	POSIX_SIZE_WRITE_100M_1G	0	/work/hdd/bdau/mbanisharifdehkordi/E2E/3d/results_decomp_mismatch/decomp_mismatch.nc4-4005036033-2888081.loc	/work	lustre
POSIX	36	15634375788946986981	POSIX_SIZE_WRITE_1G_PLUS	0	/work/hdd/bdau/mbanisharifdehkordi/E2E/3d/results_decomp_mismatch/decomp_mismatch.nc4-4005036033-2888081.loc	/work	lustre
POSIX	37	8007271555229846176	POSIX_WRITES	0	/work/hdd/bdau/mbanisharifdehkordi/E2E/3d/results_decomp_mismatch/decomp_mismatch.nc4.locktest.37	/work	lustre
POSIX	37	8007271555229846176	POSIX_FILE_NOT_ALIGNED	0	/work/hdd/bdau/mbanisharifdehkordi/E2E/3d/results_decomp_mismatch/decomp_mismatch.nc4.locktest.37	/work	lustre
POSIX	37	8007271555229846176	POSIX_SIZE_WRITE_0_100	0	/work/hdd/bdau/mbanisharifdehkordi/E2E/3d/results_decomp_mismatch/decomp_mismatch.nc4.locktest.37	/work	lustre
POSIX	37	8007271555229846176	POSIX_SIZE_WRITE_100_1K	0	/work/hdd/bdau/mbanisharifdehkordi/E2E/3d/results_decomp_mismatch/decomp_mismatch.nc4.locktest.37	/work	lustre
POSIX	37	8007271555229846176	POSIX_SIZE_WRITE_1K_10K	0	/work/hdd/bdau/mbanisharifdehkordi/E2E/3d/results_decomp_mismatch/decomp_mismatch.nc4.locktest.37	/work	lustre
POSIX	37	8007271555229846176	POSIX_SIZE_WRITE_10K_100K	0	/work/hdd/bdau/mbanisharifdehkordi/E2E/3d/results_decomp_mismatch/decomp_mismatch.nc4.locktest.37	/work	lustre
POSIX	37	8007271555229846176	POSIX_SIZE_WRITE_100K_1M	0	/work/hdd/bdau/mbanisharifdehkordi/E2E/3d/results_decomp_mismatch/decomp_mismatch.nc4.locktest.37	/work	lustre
POSIX	37	8007271555229846176	POSIX_SIZE_WRITE_1M_4M	0	/work/hdd/bdau/mbanisharifdehkordi/E2E/3d/results_decomp_mismatch/decomp_mismatch.nc4.locktest.37	/work	lustre
POSIX	37	8007271555229846176	POSIX_SIZE_WRITE_4M_10M	0	/work/hdd/bdau/mbanisharifdehkordi/E2E/3d/results_decomp_mismatch/decomp_mismatch.nc4.locktest.37	/work	lustre
POSIX	37	8007271555229846176	POSIX_SIZE_WRITE_10M_100M	0	/work/hdd/bdau/mbanisharifdehkordi/E2E/3d/results_decomp_mismatch/decomp_mismatch.nc4.locktest.37	/work	lustre
POSIX	37	8007271555229846176	POSIX_SIZE_WRITE_100M_1G	0	/work/hdd/bdau/mbanisharifdehkordi/E2E/3d/results_decomp_mismatch/decomp_mismatch.nc4.locktest.37	/work	lustre
POSIX	37	8007271555229846176	POSIX_SIZE_WRITE_1G_PLUS	0	/work/hdd/bdau/mbanisharifdehkordi/E2E/3d/results_decomp_mismatch/decomp_mismatch.nc4.locktest.37	/work	lustre
POSIX	37	8796968004350111049	POSIX_WRITES	0	/work/hdd/bdau/mbanisharifdehkordi/E2E/3d/results_decomp_mismatch/decomp_mismatch.nc4	/work	lustre
POSIX	37	8796968004350111049	POSIX_FILE_NOT_ALIGNED	0	/work/hdd/bdau/mbanisharifdehkordi/E2E/3d/results_decomp_mismatch/decomp_mismatch.nc4	/work	lustre
POSIX	37	8796968004350111049	POSIX_SIZE_WRITE_0_100	0	/work/hdd/bdau/mbanisharifdehkordi/E2E/3d/results_decomp_mismatch/decomp_mismatch.nc4	/work	lustre
POSIX	37	8796968004350111049	POSIX_SIZE_WRITE_100_1K	0	/work/hdd/bdau/mbanisharifdehkordi/E2E/3d/results_decomp_mismatch/decomp_mismatch.nc4	/work	lustre
POSIX	37	8796968004350111049	POSIX_SIZE_WRITE_1K_10K	0	/work/hdd/bdau/mbanisharifdehkordi/E2E/3d/results_decomp_mismatch/decomp_mismatch.nc4	/work	lustre
POSIX	37	8796968004350111049	POSIX_SIZE_WRITE_10K_100K	0	/work/hdd/bdau/mbanisharifdehkordi/E2E/3d/results_decomp_mismatch/decomp_mismatch.nc4	/work	lustre
POSIX	37	8796968004350111049	POSIX_SIZE_WRITE_100K_1M	0	/work/hdd/bdau/mbanisharifdehkordi/E2E/3d/results_decomp_mismatch/decomp_mismatch.nc4	/work	lustre
POSIX	37	8796968004350111049	POSIX_SIZE_WRITE_1M_4M	0	/work/hdd/bdau/mbanisharifdehkordi/E2E/3d/results_decomp_mismatch/decomp_mismatch.nc4	/work	lustre
POSIX	37	8796968004350111049	POSIX_SIZE_WRITE_4M_10M	0	/work/hdd/bdau/mbanisharifdehkordi/E2E/3d/results_decomp_mismatch/decomp_mismatch.nc4	/work	lustre
POSIX	37	8796968004350111049	POSIX_SIZE_WRITE_10M_100M	0	/work/hdd/bdau/mbanisharifdehkordi/E2E/3d/results_decomp_mismatch/decomp_mismatch.nc4	/work	lustre
POSIX	37	8796968004350111049	POSIX_SIZE_WRITE_100M_1G	0	/work/hdd/bdau/mbanisharifdehkordi/E2E/3d/results_decomp_mismatch/decomp_mismatch.nc4	/work	lustre
POSIX	37	8796968004350111049	POSIX_SIZE_WRITE_1G_PLUS	0	/work/hdd/bdau/mbanisharifdehkordi/E2E/3d/results_decomp_mismatch/decomp_mismatch.nc4	/work	lustre
POSIX	37	6939792131935133011	POSIX_WRITES	0	/work/hdd/bdau/mbanisharifdehkordi/E2E/3d/results_decomp_mismatch/.	/work	lustre
POSIX	37	6939792131935133011	POSIX_FILE_NOT_ALIGNED	0	/work/hdd/bdau/mbanisharifdehkordi/E2E/3d/results_decomp_mismatch/.	/work	lustre
POSIX	37	6939792131935133011	POSIX_SIZE_WRITE_0_100	0	/work/hdd/bdau/mbanisharifdehkordi/E2E/3d/results_decomp_mismatch/.	/work	lustre
POSIX	37	6939792131935133011	POSIX_SIZE_WRITE_100_1K	0	/work/hdd/bdau/mbanisharifdehkordi/E2E/3d/results_decomp_mismatch/.	/work	lustre
POSIX	37	6939792131935133011	POSIX_SIZE_WRITE_1K_10K	0	/work/hdd/bdau/mbanisharifdehkordi/E2E/3d/results_decomp_mismatch/.	/work	lustre
POSIX	37	6939792131935133011	POSIX_SIZE_WRITE_10K_100K	0	/work/hdd/bdau/mbanisharifdehkordi/E2E/3d/results_decomp_mismatch/.	/work	lustre
POSIX	37	6939792131935133011	POSIX_SIZE_WRITE_100K_1M	0	/work/hdd/bdau/mbanisharifdehkordi/E2E/3d/results_decomp_mismatch/.	/work	lustre
POSIX	37	6939792131935133011	POSIX_SIZE_WRITE_1M_4M	0	/work/hdd/bdau/mbanisharifdehkordi/E2E/3d/results_decomp_mismatch/.	/work	lustre
POSIX	37	6939792131935133011	POSIX_SIZE_WRITE_4M_10M	0	/work/hdd/bdau/mbanisharifdehkordi/E2E/3d/results_decomp_mismatch/.	/work	lustre
POSIX	37	6939792131935133011	POSIX_SIZE_WRITE_10M_100M	0	/work/hdd/bdau/mbanisharifdehkordi/E2E/3d/results_decomp_mismatch/.	/work	lustre
POSIX	37	6939792131935133011	POSIX_SIZE_WRITE_100M_1G	0	/work/hdd/bdau/mbanisharifdehkordi/E2E/3d/results_decomp_mismatch/.	/work	lustre
POSIX	37	6939792131935133011	POSIX_SIZE_WRITE_1G_PLUS	0	/work/hdd/bdau/mbanisharifdehkordi/E2E/3d/results_decomp_mismatch/.	/work	lustre
POSIX	37	15634375788946986981	POSIX_WRITES	0	/work/hdd/bdau/mbanisharifdehkordi/E2E/3d/results_decomp_mismatch/decomp_mismatch.nc4-4005036033-2888081.loc	/work	lustre
POSIX	37	15634375788946986981	POSIX_FILE_NOT_ALIGNED	0	/work/hdd/bdau/mbanisharifdehkordi/E2E/3d/results_decomp_mismatch/decomp_mismatch.nc4-4005036033-2888081.loc	/work	lustre
POSIX	37	15634375788946986981	POSIX_SIZE_WRITE_0_100	0	/work/hdd/bdau/mbanisharifdehkordi/E2E/3d/results_decomp_mismatch/decomp_mismatch.nc4-4005036033-2888081.loc	/work	lustre
POSIX	37	15634375788946986981	POSIX_SIZE_WRITE_100_1K	0	/work/hdd/bdau/mbanisharifdehkordi/E2E/3d/results_decomp_mismatch/decomp_mismatch.nc4-4005036033-2888081.loc	/work	lustre
POSIX	37	15634375788946986981	POSIX_SIZE_WRITE_1K_10K	0	/work/hdd/bdau/mbanisharifdehkordi/E2E/3d/results_decomp_mismatch/decomp_mismatch.nc4-4005036033-2888081.loc	/work	lustre
POSIX	37	15634375788946986981	POSIX_SIZE_WRITE_10K_100K	0	/work/hdd/bdau/mbanisharifdehkordi/E2E/3d/results_decomp_mismatch/decomp_mismatch.nc4-4005036033-2888081.loc	/work	lustre
POSIX	37	15634375788946986981	POSIX_SIZE_WRITE_100K_1M	0	/work/hdd/bdau/mbanisharifdehkordi/E2E/3d/results_decomp_mismatch/decomp_mismatch.nc4-4005036033-2888081.loc	/work	lustre
POSIX	37	15634375788946986981	POSIX_SIZE_WRITE_1M_4M	0	/work/hdd/bdau/mbanisharifdehkordi/E2E/3d/results_decomp_mismatch/decomp_mismatch.nc4-4005036033-2888081.loc	/work	lustre
POSIX	37	15634375788946986981	POSIX_SIZE_WRITE_4M_10M	0	/work/hdd/bdau/mbanisharifdehkordi/E2E/3d/results_decomp_mismatch/decomp_mismatch.nc4-4005036033-2888081.loc	/work	lustre
POSIX	37	15634375788946986981	POSIX_SIZE_WRITE_10M_100M	0	/work/hdd/bdau/mbanisharifdehkordi/E2E/3d/results_decomp_mismatch/decomp_mismatch.nc4-4005036033-2888081.loc	/work	lustre
POSIX	37	15634375788946986981	POSIX_SIZE_WRITE_100M_1G	0	/work/hdd/bdau/mbanisharifdehkordi/E2E/3d/results_decomp_mismatch/decomp_mismatch.nc4-4005036033-2888081.loc	/work	lustre
POSIX	37	15634375788946986981	POSIX_SIZE_WRITE_1G_PLUS	0	/work/hdd/bdau/mbanisharifdehkordi/E2E/3d/results_decomp_mismatch/decomp_mismatch.nc4-4005036033-2888081.loc	/work	lustre
POSIX	38	2074690091702236200	POSIX_WRITES	0	/work/hdd/bdau/mbanisharifdehkordi/E2E/3d/results_decomp_mismatch/decomp_mismatch.nc4.locktest.38	/work	lustre
POSIX	38	2074690091702236200	POSIX_FILE_NOT_ALIGNED	0	/work/hdd/bdau/mbanisharifdehkordi/E2E/3d/results_decomp_mismatch/decomp_mismatch.nc4.locktest.38	/work	lustre
POSIX	38	2074690091702236200	POSIX_SIZE_WRITE_0_100	0	/work/hdd/bdau/mbanisharifdehkordi/E2E/3d/results_decomp_mismatch/decomp_mismatch.nc4.locktest.38	/work	lustre
POSIX	38	2074690091702236200	POSIX_SIZE_WRITE_100_1K	0	/work/hdd/bdau/mbanisharifdehkordi/E2E/3d/results_decomp_mismatch/decomp_mismatch.nc4.locktest.38	/work	lustre
POSIX	38	2074690091702236200	POSIX_SIZE_WRITE_1K_10K	0	/work/hdd/bdau/mbanisharifdehkordi/E2E/3d/results_decomp_mismatch/decomp_mismatch.nc4.locktest.38	/work	lustre
POSIX	38	2074690091702236200	POSIX_SIZE_WRITE_10K_100K	0	/work/hdd/bdau/mbanisharifdehkordi/E2E/3d/results_decomp_mismatch/decomp_mismatch.nc4.locktest.38	/work	lustre
POSIX	38	2074690091702236200	POSIX_SIZE_WRITE_100K_1M	0	/work/hdd/bdau/mbanisharifdehkordi/E2E/3d/results_decomp_mismatch/decomp_mismatch.nc4.locktest.38	/work	lustre
POSIX	38	2074690091702236200	POSIX_SIZE_WRITE_1M_4M	0	/work/hdd/bdau/mbanisharifdehkordi/E2E/3d/results_decomp_mismatch/decomp_mismatch.nc4.locktest.38	/work	lustre
POSIX	38	2074690091702236200	POSIX_SIZE_WRITE_4M_10M	0	/work/hdd/bdau/mbanisharifdehkordi/E2E/3d/results_decomp_mismatch/decomp_mismatch.nc4.locktest.38	/work	lustre
POSIX	38	2074690091702236200	POSIX_SIZE_WRITE_10M_100M	0	/work/hdd/bdau/mbanisharifdehkordi/E2E/3d/results_decomp_mismatch/decomp_mismatch.nc4.locktest.38	/work	lustre
POSIX	38	2074690091702236200	POSIX_SIZE_WRITE_100M_1G	0	/work/hdd/bdau/mbanisharifdehkordi/E2E/3d/results_decomp_mismatch/decomp_mismatch.nc4.locktest.38	/work	lustre
POSIX	38	2074690091702236200	POSIX_SIZE_WRITE_1G_PLUS	0	/work/hdd/bdau/mbanisharifdehkordi/E2E/3d/results_decomp_mismatch/decomp_mismatch.nc4.locktest.38	/work	lustre
POSIX	38	8796968004350111049	POSIX_WRITES	0	/work/hdd/bdau/mbanisharifdehkordi/E2E/3d/results_decomp_mismatch/decomp_mismatch.nc4	/work	lustre
POSIX	38	8796968004350111049	POSIX_FILE_NOT_ALIGNED	0	/work/hdd/bdau/mbanisharifdehkordi/E2E/3d/results_decomp_mismatch/decomp_mismatch.nc4	/work	lustre
POSIX	38	8796968004350111049	POSIX_SIZE_WRITE_0_100	0	/work/hdd/bdau/mbanisharifdehkordi/E2E/3d/results_decomp_mismatch/decomp_mismatch.nc4	/work	lustre
POSIX	38	8796968004350111049	POSIX_SIZE_WRITE_100_1K	0	/work/hdd/bdau/mbanisharifdehkordi/E2E/3d/results_decomp_mismatch/decomp_mismatch.nc4	/work	lustre
POSIX	38	8796968004350111049	POSIX_SIZE_WRITE_1K_10K	0	/work/hdd/bdau/mbanisharifdehkordi/E2E/3d/results_decomp_mismatch/decomp_mismatch.nc4	/work	lustre
POSIX	38	8796968004350111049	POSIX_SIZE_WRITE_10K_100K	0	/work/hdd/bdau/mbanisharifdehkordi/E2E/3d/results_decomp_mismatch/decomp_mismatch.nc4	/work	lustre
POSIX	38	8796968004350111049	POSIX_SIZE_WRITE_100K_1M	0	/work/hdd/bdau/mbanisharifdehkordi/E2E/3d/results_decomp_mismatch/decomp_mismatch.nc4	/work	lustre
POSIX	38	8796968004350111049	POSIX_SIZE_WRITE_1M_4M	0	/work/hdd/bdau/mbanisharifdehkordi/E2E/3d/results_decomp_mismatch/decomp_mismatch.nc4	/work	lustre
POSIX	38	8796968004350111049	POSIX_SIZE_WRITE_4M_10M	0	/work/hdd/bdau/mbanisharifdehkordi/E2E/3d/results_decomp_mismatch/decomp_mismatch.nc4	/work	lustre
POSIX	38	8796968004350111049	POSIX_SIZE_WRITE_10M_100M	0	/work/hdd/bdau/mbanisharifdehkordi/E2E/3d/results_decomp_mismatch/decomp_mismatch.nc4	/work	lustre
POSIX	38	8796968004350111049	POSIX_SIZE_WRITE_100M_1G	0	/work/hdd/bdau/mbanisharifdehkordi/E2E/3d/results_decomp_mismatch/decomp_mismatch.nc4	/work	lustre
POSIX	38	8796968004350111049	POSIX_SIZE_WRITE_1G_PLUS	0	/work/hdd/bdau/mbanisharifdehkordi/E2E/3d/results_decomp_mismatch/decomp_mismatch.nc4	/work	lustre
POSIX	38	6939792131935133011	POSIX_WRITES	0	/work/hdd/bdau/mbanisharifdehkordi/E2E/3d/results_decomp_mismatch/.	/work	lustre
POSIX	38	6939792131935133011	POSIX_FILE_NOT_ALIGNED	0	/work/hdd/bdau/mbanisharifdehkordi/E2E/3d/results_decomp_mismatch/.	/work	lustre
POSIX	38	6939792131935133011	POSIX_SIZE_WRITE_0_100	0	/work/hdd/bdau/mbanisharifdehkordi/E2E/3d/results_decomp_mismatch/.	/work	lustre
POSIX	38	6939792131935133011	POSIX_SIZE_WRITE_100_1K	0	/work/hdd/bdau/mbanisharifdehkordi/E2E/3d/results_decomp_mismatch/.	/work	lustre
POSIX	38	6939792131935133011	POSIX_SIZE_WRITE_1K_10K	0	/work/hdd/bdau/mbanisharifdehkordi/E2E/3d/results_decomp_mismatch/.	/work	lustre
POSIX	38	6939792131935133011	POSIX_SIZE_WRITE_10K_100K	0	/work/hdd/bdau/mbanisharifdehkordi/E2E/3d/results_decomp_mismatch/.	/work	lustre
POSIX	38	6939792131935133011	POSIX_SIZE_WRITE_100K_1M	0	/work/hdd/bdau/mbanisharifdehkordi/E2E/3d/results_decomp_mismatch/.	/work	lustre
POSIX	38	6939792131935133011	POSIX_SIZE_WRITE_1M_4M	0	/work/hdd/bdau/mbanisharifdehkordi/E2E/3d/results_decomp_mismatch/.	/work	lustre
POSIX	38	6939792131935133011	POSIX_SIZE_WRITE_4M_10M	0	/work/hdd/bdau/mbanisharifdehkordi/E2E/3d/results_decomp_mismatch/.	/work	lustre
POSIX	38	6939792131935133011	POSIX_SIZE_WRITE_10M_100M	0	/work/hdd/bdau/mbanisharifdehkordi/E2E/3d/results_decomp_mismatch/.	/work	lustre
POSIX	38	6939792131935133011	POSIX_SIZE_WRITE_100M_1G	0	/work/hdd/bdau/mbanisharifdehkordi/E2E/3d/results_decomp_mismatch/.	/work	lustre
POSIX	38	6939792131935133011	POSIX_SIZE_WRITE_1G_PLUS	0	/work/hdd/bdau/mbanisharifdehkordi/E2E/3d/results_decomp_mismatch/.	/work	lustre
POSIX	38	15634375788946986981	POSIX_WRITES	0	/work/hdd/bdau/mbanisharifdehkordi/E2E/3d/results_decomp_mismatch/decomp_mismatch.nc4-4005036033-2888081.loc	/work	lustre
POSIX	38	15634375788946986981	POSIX_FILE_NOT_ALIGNED	0	/work/hdd/bdau/mbanisharifdehkordi/E2E/3d/results_decomp_mismatch/decomp_mismatch.nc4-4005036033-2888081.loc	/work	lustre
POSIX	38	15634375788946986981	POSIX_SIZE_WRITE_0_100	0	/work/hdd/bdau/mbanisharifdehkordi/E2E/3d/results_decomp_mismatch/decomp_mismatch.nc4-4005036033-2888081.loc	/work	lustre
POSIX	38	15634375788946986981	POSIX_SIZE_WRITE_100_1K	0	/work/hdd/bdau/mbanisharifdehkordi/E2E/3d/results_decomp_mismatch/decomp_mismatch.nc4-4005036033-2888081.loc	/work	lustre
POSIX	38	15634375788946986981	POSIX_SIZE_WRITE_1K_10K	0	/work/hdd/bdau/mbanisharifdehkordi/E2E/3d/results_decomp_mismatch/decomp_mismatch.nc4-4005036033-2888081.loc	/work	lustre
POSIX	38	15634375788946986981	POSIX_SIZE_WRITE_10K_100K	0	/work/hdd/bdau/mbanisharifdehkordi/E2E/3d/results_decomp_mismatch/decomp_mismatch.nc4-4005036033-2888081.loc	/work	lustre
POSIX	38	15634375788946986981	POSIX_SIZE_WRITE_100K_1M	0	/work/hdd/bdau/mbanisharifdehkordi/E2E/3d/results_decomp_mismatch/decomp_mismatch.nc4-4005036033-2888081.loc	/work	lustre
POSIX	38	15634375788946986981	POSIX_SIZE_WRITE_1M_4M	0	/work/hdd/bdau/mbanisharifdehkordi/E2E/3d/results_decomp_mismatch/decomp_mismatch.nc4-4005036033-2888081.loc	/work	lustre
POSIX	38	15634375788946986981	POSIX_SIZE_WRITE_4M_10M	0	/work/hdd/bdau/mbanisharifdehkordi/E2E/3d/results_decomp_mismatch/decomp_mismatch.nc4-4005036033-2888081.loc	/work	lustre
POSIX	38	15634375788946986981	POSIX_SIZE_WRITE_10M_100M	0	/work/hdd/bdau/mbanisharifdehkordi/E2E/3d/results_decomp_mismatch/decomp_mismatch.nc4-4005036033-2888081.loc	/work	lustre
POSIX	38	15634375788946986981	POSIX_SIZE_WRITE_100M_1G	0	/work/hdd/bdau/mbanisharifdehkordi/E2E/3d/results_decomp_mismatch/decomp_mismatch.nc4-4005036033-2888081.loc	/work	lustre
POSIX	38	15634375788946986981	POSIX_SIZE_WRITE_1G_PLUS	0	/work/hdd/bdau/mbanisharifdehkordi/E2E/3d/results_decomp_mismatch/decomp_mismatch.nc4-4005036033-2888081.loc	/work	lustre
POSIX	39	14166699562766440892	POSIX_WRITES	0	/work/hdd/bdau/mbanisharifdehkordi/E2E/3d/results_decomp_mismatch/decomp_mismatch.nc4.locktest.39	/work	lustre
POSIX	39	14166699562766440892	POSIX_FILE_NOT_ALIGNED	0	/work/hdd/bdau/mbanisharifdehkordi/E2E/3d/results_decomp_mismatch/decomp_mismatch.nc4.locktest.39	/work	lustre
POSIX	39	14166699562766440892	POSIX_SIZE_WRITE_0_100	0	/work/hdd/bdau/mbanisharifdehkordi/E2E/3d/results_decomp_mismatch/decomp_mismatch.nc4.locktest.39	/work	lustre
POSIX	39	14166699562766440892	POSIX_SIZE_WRITE_100_1K	0	/work/hdd/bdau/mbanisharifdehkordi/E2E/3d/results_decomp_mismatch/decomp_mismatch.nc4.locktest.39	/work	lustre
POSIX	39	14166699562766440892	POSIX_SIZE_WRITE_1K_10K	0	/work/hdd/bdau/mbanisharifdehkordi/E2E/3d/results_decomp_mismatch/decomp_mismatch.nc4.locktest.39	/work	lustre
POSIX	39	14166699562766440892	POSIX_SIZE_WRITE_10K_100K	0	/work/hdd/bdau/mbanisharifdehkordi/E2E/3d/results_decomp_mismatch/decomp_mismatch.nc4.locktest.39	/work	lustre
POSIX	39	14166699562766440892	POSIX_SIZE_WRITE_100K_1M	0	/work/hdd/bdau/mbanisharifdehkordi/E2E/3d/results_decomp_mismatch/decomp_mismatch.nc4.locktest.39	/work	lustre
POSIX	39	14166699562766440892	POSIX_SIZE_WRITE_1M_4M	0	/work/hdd/bdau/mbanisharifdehkordi/E2E/3d/results_decomp_mismatch/decomp_mismatch.nc4.locktest.39	/work	lustre
POSIX	39	14166699562766440892	POSIX_SIZE_WRITE_4M_10M	0	/work/hdd/bdau/mbanisharifdehkordi/E2E/3d/results_decomp_mismatch/decomp_mismatch.nc4.locktest.39	/work	lustre
POSIX	39	14166699562766440892	POSIX_SIZE_WRITE_10M_100M	0	/work/hdd/bdau/mbanisharifdehkordi/E2E/3d/results_decomp_mismatch/decomp_mismatch.nc4.locktest.39	/work	lustre
POSIX	39	14166699562766440892	POSIX_SIZE_WRITE_100M_1G	0	/work/hdd/bdau/mbanisharifdehkordi/E2E/3d/results_decomp_mismatch/decomp_mismatch.nc4.locktest.39	/work	lustre
POSIX	39	14166699562766440892	POSIX_SIZE_WRITE_1G_PLUS	0	/work/hdd/bdau/mbanisharifdehkordi/E2E/3d/results_decomp_mismatch/decomp_mismatch.nc4.locktest.39	/work	lustre
POSIX	39	8796968004350111049	POSIX_WRITES	0	/work/hdd/bdau/mbanisharifdehkordi/E2E/3d/results_decomp_mismatch/decomp_mismatch.nc4	/work	lustre
POSIX	39	8796968004350111049	POSIX_FILE_NOT_ALIGNED	0	/work/hdd/bdau/mbanisharifdehkordi/E2E/3d/results_decomp_mismatch/decomp_mismatch.nc4	/work	lustre
POSIX	39	8796968004350111049	POSIX_SIZE_WRITE_0_100	0	/work/hdd/bdau/mbanisharifdehkordi/E2E/3d/results_decomp_mismatch/decomp_mismatch.nc4	/work	lustre
POSIX	39	8796968004350111049	POSIX_SIZE_WRITE_100_1K	0	/work/hdd/bdau/mbanisharifdehkordi/E2E/3d/results_decomp_mismatch/decomp_mismatch.nc4	/work	lustre
POSIX	39	8796968004350111049	POSIX_SIZE_WRITE_1K_10K	0	/work/hdd/bdau/mbanisharifdehkordi/E2E/3d/results_decomp_mismatch/decomp_mismatch.nc4	/work	lustre
POSIX	39	8796968004350111049	POSIX_SIZE_WRITE_10K_100K	0	/work/hdd/bdau/mbanisharifdehkordi/E2E/3d/results_decomp_mismatch/decomp_mismatch.nc4	/work	lustre
POSIX	39	8796968004350111049	POSIX_SIZE_WRITE_100K_1M	0	/work/hdd/bdau/mbanisharifdehkordi/E2E/3d/results_decomp_mismatch/decomp_mismatch.nc4	/work	lustre
POSIX	39	8796968004350111049	POSIX_SIZE_WRITE_1M_4M	0	/work/hdd/bdau/mbanisharifdehkordi/E2E/3d/results_decomp_mismatch/decomp_mismatch.nc4	/work	lustre
POSIX	39	8796968004350111049	POSIX_SIZE_WRITE_4M_10M	0	/work/hdd/bdau/mbanisharifdehkordi/E2E/3d/results_decomp_mismatch/decomp_mismatch.nc4	/work	lustre
POSIX	39	8796968004350111049	POSIX_SIZE_WRITE_10M_100M	0	/work/hdd/bdau/mbanisharifdehkordi/E2E/3d/results_decomp_mismatch/decomp_mismatch.nc4	/work	lustre
POSIX	39	8796968004350111049	POSIX_SIZE_WRITE_100M_1G	0	/work/hdd/bdau/mbanisharifdehkordi/E2E/3d/results_decomp_mismatch/decomp_mismatch.nc4	/work	lustre
POSIX	39	8796968004350111049	POSIX_SIZE_WRITE_1G_PLUS	0	/work/hdd/bdau/mbanisharifdehkordi/E2E/3d/results_decomp_mismatch/decomp_mismatch.nc4	/work	lustre
POSIX	39	6939792131935133011	POSIX_WRITES	0	/work/hdd/bdau/mbanisharifdehkordi/E2E/3d/results_decomp_mismatch/.	/work	lustre
POSIX	39	6939792131935133011	POSIX_FILE_NOT_ALIGNED	0	/work/hdd/bdau/mbanisharifdehkordi/E2E/3d/results_decomp_mismatch/.	/work	lustre
POSIX	39	6939792131935133011	POSIX_SIZE_WRITE_0_100	0	/work/hdd/bdau/mbanisharifdehkordi/E2E/3d/results_decomp_mismatch/.	/work	lustre
POSIX	39	6939792131935133011	POSIX_SIZE_WRITE_100_1K	0	/work/hdd/bdau/mbanisharifdehkordi/E2E/3d/results_decomp_mismatch/.	/work	lustre
POSIX	39	6939792131935133011	POSIX_SIZE_WRITE_1K_10K	0	/work/hdd/bdau/mbanisharifdehkordi/E2E/3d/results_decomp_mismatch/.	/work	lustre
POSIX	39	6939792131935133011	POSIX_SIZE_WRITE_10K_100K	0	/work/hdd/bdau/mbanisharifdehkordi/E2E/3d/results_decomp_mismatch/.	/work	lustre
POSIX	39	6939792131935133011	POSIX_SIZE_WRITE_100K_1M	0	/work/hdd/bdau/mbanisharifdehkordi/E2E/3d/results_decomp_mismatch/.	/work	lustre
POSIX	39	6939792131935133011	POSIX_SIZE_WRITE_1M_4M	0	/work/hdd/bdau/mbanisharifdehkordi/E2E/3d/results_decomp_mismatch/.	/work	lustre
POSIX	39	6939792131935133011	POSIX_SIZE_WRITE_4M_10M	0	/work/hdd/bdau/mbanisharifdehkordi/E2E/3d/results_decomp_mismatch/.	/work	lustre
POSIX	39	6939792131935133011	POSIX_SIZE_WRITE_10M_100M	0	/work/hdd/bdau/mbanisharifdehkordi/E2E/3d/results_decomp_mismatch/.	/work	lustre
POSIX	39	6939792131935133011	POSIX_SIZE_WRITE_100M_1G	0	/work/hdd/bdau/mbanisharifdehkordi/E2E/3d/results_decomp_mismatch/.	/work	lustre
POSIX	39	6939792131935133011	POSIX_SIZE_WRITE_1G_PLUS	0	/work/hdd/bdau/mbanisharifdehkordi/E2E/3d/results_decomp_mismatch/.	/work	lustre
POSIX	39	15634375788946986981	POSIX_WRITES	0	/work/hdd/bdau/mbanisharifdehkordi/E2E/3d/results_decomp_mismatch/decomp_mismatch.nc4-4005036033-2888081.loc	/work	lustre
POSIX	39	15634375788946986981	POSIX_FILE_NOT_ALIGNED	0	/work/hdd/bdau/mbanisharifdehkordi/E2E/3d/results_decomp_mismatch/decomp_mismatch.nc4-4005036033-2888081.loc	/work	lustre
POSIX	39	15634375788946986981	POSIX_SIZE_WRITE_0_100	0	/work/hdd/bdau/mbanisharifdehkordi/E2E/3d/results_decomp_mismatch/decomp_mismatch.nc4-4005036033-2888081.loc	/work	lustre
POSIX	39	15634375788946986981	POSIX_SIZE_WRITE_100_1K	0	/work/hdd/bdau/mbanisharifdehkordi/E2E/3d/results_decomp_mismatch/decomp_mismatch.nc4-4005036033-2888081.loc	/work	lustre
POSIX	39	15634375788946986981	POSIX_SIZE_WRITE_1K_10K	0	/work/hdd/bdau/mbanisharifdehkordi/E2E/3d/results_decomp_mismatch/decomp_mismatch.nc4-4005036033-2888081.loc	/work	lustre
POSIX	39	15634375788946986981	POSIX_SIZE_WRITE_10K_100K	0	/work/hdd/bdau/mbanisharifdehkordi/E2E/3d/results_decomp_mismatch/decomp_mismatch.nc4-4005036033-2888081.loc	/work	lustre
POSIX	39	15634375788946986981	POSIX_SIZE_WRITE_100K_1M	0	/work/hdd/bdau/mbanisharifdehkordi/E2E/3d/results_decomp_mismatch/decomp_mismatch.nc4-4005036033-2888081.loc	/work	lustre
POSIX	39	15634375788946986981	POSIX_SIZE_WRITE_1M_4M	0	/work/hdd/bdau/mbanisharifdehkordi/E2E/3d/results_decomp_mismatch/decomp_mismatch.nc4-4005036033-2888081.loc	/work	lustre
POSIX	39	15634375788946986981	POSIX_SIZE_WRITE_4M_10M	0	/work/hdd/bdau/mbanisharifdehkordi/E2E/3d/results_decomp_mismatch/decomp_mismatch.nc4-4005036033-2888081.loc	/work	lustre
POSIX	39	15634375788946986981	POSIX_SIZE_WRITE_10M_100M	0	/work/hdd/bdau/mbanisharifdehkordi/E2E/3d/results_decomp_mismatch/decomp_mismatch.nc4-4005036033-2888081.loc	/work	lustre
POSIX	39	15634375788946986981	POSIX_SIZE_WRITE_100M_1G	0	/work/hdd/bdau/mbanisharifdehkordi/E2E/3d/results_decomp_mismatch/decomp_mismatch.nc4-4005036033-2888081.loc	/work	lustre
POSIX	39	15634375788946986981	POSIX_SIZE_WRITE_1G_PLUS	0	/work/hdd/bdau/mbanisharifdehkordi/E2E/3d/results_decomp_mismatch/decomp_mismatch.nc4-4005036033-2888081.loc	/work	lustre
POSIX	40	2539003935473206316	POSIX_WRITES	0	/work/hdd/bdau/mbanisharifdehkordi/E2E/3d/results_decomp_mismatch/decomp_mismatch.nc4.locktest.40	/work	lustre
POSIX	40	2539003935473206316	POSIX_FILE_NOT_ALIGNED	0	/work/hdd/bdau/mbanisharifdehkordi/E2E/3d/results_decomp_mismatch/decomp_mismatch.nc4.locktest.40	/work	lustre
POSIX	40	2539003935473206316	POSIX_SIZE_WRITE_0_100	0	/work/hdd/bdau/mbanisharifdehkordi/E2E/3d/results_decomp_mismatch/decomp_mismatch.nc4.locktest.40	/work	lustre
POSIX	40	2539003935473206316	POSIX_SIZE_WRITE_100_1K	0	/work/hdd/bdau/mbanisharifdehkordi/E2E/3d/results_decomp_mismatch/decomp_mismatch.nc4.locktest.40	/work	lustre
POSIX	40	2539003935473206316	POSIX_SIZE_WRITE_1K_10K	0	/work/hdd/bdau/mbanisharifdehkordi/E2E/3d/results_decomp_mismatch/decomp_mismatch.nc4.locktest.40	/work	lustre
POSIX	40	2539003935473206316	POSIX_SIZE_WRITE_10K_100K	0	/work/hdd/bdau/mbanisharifdehkordi/E2E/3d/results_decomp_mismatch/decomp_mismatch.nc4.locktest.40	/work	lustre
POSIX	40	2539003935473206316	POSIX_SIZE_WRITE_100K_1M	0	/work/hdd/bdau/mbanisharifdehkordi/E2E/3d/results_decomp_mismatch/decomp_mismatch.nc4.locktest.40	/work	lustre
POSIX	40	2539003935473206316	POSIX_SIZE_WRITE_1M_4M	0	/work/hdd/bdau/mbanisharifdehkordi/E2E/3d/results_decomp_mismatch/decomp_mismatch.nc4.locktest.40	/work	lustre
POSIX	40	2539003935473206316	POSIX_SIZE_WRITE_4M_10M	0	/work/hdd/bdau/mbanisharifdehkordi/E2E/3d/results_decomp_mismatch/decomp_mismatch.nc4.locktest.40	/work	lustre
POSIX	40	2539003935473206316	POSIX_SIZE_WRITE_10M_100M	0	/work/hdd/bdau/mbanisharifdehkordi/E2E/3d/results_decomp_mismatch/decomp_mismatch.nc4.locktest.40	/work	lustre
POSIX	40	2539003935473206316	POSIX_SIZE_WRITE_100M_1G	0	/work/hdd/bdau/mbanisharifdehkordi/E2E/3d/results_decomp_mismatch/decomp_mismatch.nc4.locktest.40	/work	lustre
POSIX	40	2539003935473206316	POSIX_SIZE_WRITE_1G_PLUS	0	/work/hdd/bdau/mbanisharifdehkordi/E2E/3d/results_decomp_mismatch/decomp_mismatch.nc4.locktest.40	/work	lustre
POSIX	40	8796968004350111049	POSIX_WRITES	0	/work/hdd/bdau/mbanisharifdehkordi/E2E/3d/results_decomp_mismatch/decomp_mismatch.nc4	/work	lustre
POSIX	40	8796968004350111049	POSIX_FILE_NOT_ALIGNED	0	/work/hdd/bdau/mbanisharifdehkordi/E2E/3d/results_decomp_mismatch/decomp_mismatch.nc4	/work	lustre
POSIX	40	8796968004350111049	POSIX_SIZE_WRITE_0_100	0	/work/hdd/bdau/mbanisharifdehkordi/E2E/3d/results_decomp_mismatch/decomp_mismatch.nc4	/work	lustre
POSIX	40	8796968004350111049	POSIX_SIZE_WRITE_100_1K	0	/work/hdd/bdau/mbanisharifdehkordi/E2E/3d/results_decomp_mismatch/decomp_mismatch.nc4	/work	lustre
POSIX	40	8796968004350111049	POSIX_SIZE_WRITE_1K_10K	0	/work/hdd/bdau/mbanisharifdehkordi/E2E/3d/results_decomp_mismatch/decomp_mismatch.nc4	/work	lustre
POSIX	40	8796968004350111049	POSIX_SIZE_WRITE_10K_100K	0	/work/hdd/bdau/mbanisharifdehkordi/E2E/3d/results_decomp_mismatch/decomp_mismatch.nc4	/work	lustre
POSIX	40	8796968004350111049	POSIX_SIZE_WRITE_100K_1M	0	/work/hdd/bdau/mbanisharifdehkordi/E2E/3d/results_decomp_mismatch/decomp_mismatch.nc4	/work	lustre
POSIX	40	8796968004350111049	POSIX_SIZE_WRITE_1M_4M	0	/work/hdd/bdau/mbanisharifdehkordi/E2E/3d/results_decomp_mismatch/decomp_mismatch.nc4	/work	lustre
POSIX	40	8796968004350111049	POSIX_SIZE_WRITE_4M_10M	0	/work/hdd/bdau/mbanisharifdehkordi/E2E/3d/results_decomp_mismatch/decomp_mismatch.nc4	/work	lustre
POSIX	40	8796968004350111049	POSIX_SIZE_WRITE_10M_100M	0	/work/hdd/bdau/mbanisharifdehkordi/E2E/3d/results_decomp_mismatch/decomp_mismatch.nc4	/work	lustre
POSIX	40	8796968004350111049	POSIX_SIZE_WRITE_100M_1G	0	/work/hdd/bdau/mbanisharifdehkordi/E2E/3d/results_decomp_mismatch/decomp_mismatch.nc4	/work	lustre
POSIX	40	8796968004350111049	POSIX_SIZE_WRITE_1G_PLUS	0	/work/hdd/bdau/mbanisharifdehkordi/E2E/3d/results_decomp_mismatch/decomp_mismatch.nc4	/work	lustre
POSIX	40	6939792131935133011	POSIX_WRITES	0	/work/hdd/bdau/mbanisharifdehkordi/E2E/3d/results_decomp_mismatch/.	/work	lustre
POSIX	40	6939792131935133011	POSIX_FILE_NOT_ALIGNED	0	/work/hdd/bdau/mbanisharifdehkordi/E2E/3d/results_decomp_mismatch/.	/work	lustre
POSIX	40	6939792131935133011	POSIX_SIZE_WRITE_0_100	0	/work/hdd/bdau/mbanisharifdehkordi/E2E/3d/results_decomp_mismatch/.	/work	lustre
POSIX	40	6939792131935133011	POSIX_SIZE_WRITE_100_1K	0	/work/hdd/bdau/mbanisharifdehkordi/E2E/3d/results_decomp_mismatch/.	/work	lustre
POSIX	40	6939792131935133011	POSIX_SIZE_WRITE_1K_10K	0	/work/hdd/bdau/mbanisharifdehkordi/E2E/3d/results_decomp_mismatch/.	/work	lustre
POSIX	40	6939792131935133011	POSIX_SIZE_WRITE_10K_100K	0	/work/hdd/bdau/mbanisharifdehkordi/E2E/3d/results_decomp_mismatch/.	/work	lustre
POSIX	40	6939792131935133011	POSIX_SIZE_WRITE_100K_1M	0	/work/hdd/bdau/mbanisharifdehkordi/E2E/3d/results_decomp_mismatch/.	/work	lustre
POSIX	40	6939792131935133011	POSIX_SIZE_WRITE_1M_4M	0	/work/hdd/bdau/mbanisharifdehkordi/E2E/3d/results_decomp_mismatch/.	/work	lustre
POSIX	40	6939792131935133011	POSIX_SIZE_WRITE_4M_10M	0	/work/hdd/bdau/mbanisharifdehkordi/E2E/3d/results_decomp_mismatch/.	/work	lustre
POSIX	40	6939792131935133011	POSIX_SIZE_WRITE_10M_100M	0	/work/hdd/bdau/mbanisharifdehkordi/E2E/3d/results_decomp_mismatch/.	/work	lustre
POSIX	40	6939792131935133011	POSIX_SIZE_WRITE_100M_1G	0	/work/hdd/bdau/mbanisharifdehkordi/E2E/3d/results_decomp_mismatch/.	/work	lustre
POSIX	40	6939792131935133011	POSIX_SIZE_WRITE_1G_PLUS	0	/work/hdd/bdau/mbanisharifdehkordi/E2E/3d/results_decomp_mismatch/.	/work	lustre
POSIX	40	15634375788946986981	POSIX_WRITES	0	/work/hdd/bdau/mbanisharifdehkordi/E2E/3d/results_decomp_mismatch/decomp_mismatch.nc4-4005036033-2888081.loc	/work	lustre
POSIX	40	15634375788946986981	POSIX_FILE_NOT_ALIGNED	0	/work/hdd/bdau/mbanisharifdehkordi/E2E/3d/results_decomp_mismatch/decomp_mismatch.nc4-4005036033-2888081.loc	/work	lustre
POSIX	40	15634375788946986981	POSIX_SIZE_WRITE_0_100	0	/work/hdd/bdau/mbanisharifdehkordi/E2E/3d/results_decomp_mismatch/decomp_mismatch.nc4-4005036033-2888081.loc	/work	lustre
POSIX	40	15634375788946986981	POSIX_SIZE_WRITE_100_1K	0	/work/hdd/bdau/mbanisharifdehkordi/E2E/3d/results_decomp_mismatch/decomp_mismatch.nc4-4005036033-2888081.loc	/work	lustre
POSIX	40	15634375788946986981	POSIX_SIZE_WRITE_1K_10K	0	/work/hdd/bdau/mbanisharifdehkordi/E2E/3d/results_decomp_mismatch/decomp_mismatch.nc4-4005036033-2888081.loc	/work	lustre
POSIX	40	15634375788946986981	POSIX_SIZE_WRITE_10K_100K	0	/work/hdd/bdau/mbanisharifdehkordi/E2E/3d/results_decomp_mismatch/decomp_mismatch.nc4-4005036033-2888081.loc	/work	lustre
POSIX	40	15634375788946986981	POSIX_SIZE_WRITE_100K_1M	0	/work/hdd/bdau/mbanisharifdehkordi/E2E/3d/results_decomp_mismatch/decomp_mismatch.nc4-4005036033-2888081.loc	/work	lustre
POSIX	40	15634375788946986981	POSIX_SIZE_WRITE_1M_4M	0	/work/hdd/bdau/mbanisharifdehkordi/E2E/3d/results_decomp_mismatch/decomp_mismatch.nc4-4005036033-2888081.loc	/work	lustre
POSIX	40	15634375788946986981	POSIX_SIZE_WRITE_4M_10M	0	/work/hdd/bdau/mbanisharifdehkordi/E2E/3d/results_decomp_mismatch/decomp_mismatch.nc4-4005036033-2888081.loc	/work	lustre
POSIX	40	15634375788946986981	POSIX_SIZE_WRITE_10M_100M	0	/work/hdd/bdau/mbanisharifdehkordi/E2E/3d/results_decomp_mismatch/decomp_mismatch.nc4-4005036033-2888081.loc	/work	lustre
POSIX	40	15634375788946986981	POSIX_SIZE_WRITE_100M_1G	0	/work/hdd/bdau/mbanisharifdehkordi/E2E/3d/results_decomp_mismatch/decomp_mismatch.nc4-4005036033-2888081.loc	/work	lustre
POSIX	40	15634375788946986981	POSIX_SIZE_WRITE_1G_PLUS	0	/work/hdd/bdau/mbanisharifdehkordi/E2E/3d/results_decomp_mismatch/decomp_mismatch.nc4-4005036033-2888081.loc	/work	lustre
POSIX	41	10894369847310306382	POSIX_WRITES	0	/work/hdd/bdau/mbanisharifdehkordi/E2E/3d/results_decomp_mismatch/decomp_mismatch.nc4.locktest.41	/work	lustre
POSIX	41	10894369847310306382	POSIX_FILE_NOT_ALIGNED	0	/work/hdd/bdau/mbanisharifdehkordi/E2E/3d/results_decomp_mismatch/decomp_mismatch.nc4.locktest.41	/work	lustre
POSIX	41	10894369847310306382	POSIX_SIZE_WRITE_0_100	0	/work/hdd/bdau/mbanisharifdehkordi/E2E/3d/results_decomp_mismatch/decomp_mismatch.nc4.locktest.41	/work	lustre
POSIX	41	10894369847310306382	POSIX_SIZE_WRITE_100_1K	0	/work/hdd/bdau/mbanisharifdehkordi/E2E/3d/results_decomp_mismatch/decomp_mismatch.nc4.locktest.41	/work	lustre
POSIX	41	10894369847310306382	POSIX_SIZE_WRITE_1K_10K	0	/work/hdd/bdau/mbanisharifdehkordi/E2E/3d/results_decomp_mismatch/decomp_mismatch.nc4.locktest.41	/work	lustre
POSIX	41	10894369847310306382	POSIX_SIZE_WRITE_10K_100K	0	/work/hdd/bdau/mbanisharifdehkordi/E2E/3d/results_decomp_mismatch/decomp_mismatch.nc4.locktest.41	/work	lustre
POSIX	41	10894369847310306382	POSIX_SIZE_WRITE_100K_1M	0	/work/hdd/bdau/mbanisharifdehkordi/E2E/3d/results_decomp_mismatch/decomp_mismatch.nc4.locktest.41	/work	lustre
POSIX	41	10894369847310306382	POSIX_SIZE_WRITE_1M_4M	0	/work/hdd/bdau/mbanisharifdehkordi/E2E/3d/results_decomp_mismatch/decomp_mismatch.nc4.locktest.41	/work	lustre
POSIX	41	10894369847310306382	POSIX_SIZE_WRITE_4M_10M	0	/work/hdd/bdau/mbanisharifdehkordi/E2E/3d/results_decomp_mismatch/decomp_mismatch.nc4.locktest.41	/work	lustre
POSIX	41	10894369847310306382	POSIX_SIZE_WRITE_10M_100M	0	/work/hdd/bdau/mbanisharifdehkordi/E2E/3d/results_decomp_mismatch/decomp_mismatch.nc4.locktest.41	/work	lustre
POSIX	41	10894369847310306382	POSIX_SIZE_WRITE_100M_1G	0	/work/hdd/bdau/mbanisharifdehkordi/E2E/3d/results_decomp_mismatch/decomp_mismatch.nc4.locktest.41	/work	lustre
POSIX	41	10894369847310306382	POSIX_SIZE_WRITE_1G_PLUS	0	/work/hdd/bdau/mbanisharifdehkordi/E2E/3d/results_decomp_mismatch/decomp_mismatch.nc4.locktest.41	/work	lustre
POSIX	41	8796968004350111049	POSIX_WRITES	0	/work/hdd/bdau/mbanisharifdehkordi/E2E/3d/results_decomp_mismatch/decomp_mismatch.nc4	/work	lustre
POSIX	41	8796968004350111049	POSIX_FILE_NOT_ALIGNED	0	/work/hdd/bdau/mbanisharifdehkordi/E2E/3d/results_decomp_mismatch/decomp_mismatch.nc4	/work	lustre
POSIX	41	8796968004350111049	POSIX_SIZE_WRITE_0_100	0	/work/hdd/bdau/mbanisharifdehkordi/E2E/3d/results_decomp_mismatch/decomp_mismatch.nc4	/work	lustre
POSIX	41	8796968004350111049	POSIX_SIZE_WRITE_100_1K	0	/work/hdd/bdau/mbanisharifdehkordi/E2E/3d/results_decomp_mismatch/decomp_mismatch.nc4	/work	lustre
POSIX	41	8796968004350111049	POSIX_SIZE_WRITE_1K_10K	0	/work/hdd/bdau/mbanisharifdehkordi/E2E/3d/results_decomp_mismatch/decomp_mismatch.nc4	/work	lustre
POSIX	41	8796968004350111049	POSIX_SIZE_WRITE_10K_100K	0	/work/hdd/bdau/mbanisharifdehkordi/E2E/3d/results_decomp_mismatch/decomp_mismatch.nc4	/work	lustre
POSIX	41	8796968004350111049	POSIX_SIZE_WRITE_100K_1M	0	/work/hdd/bdau/mbanisharifdehkordi/E2E/3d/results_decomp_mismatch/decomp_mismatch.nc4	/work	lustre
POSIX	41	8796968004350111049	POSIX_SIZE_WRITE_1M_4M	0	/work/hdd/bdau/mbanisharifdehkordi/E2E/3d/results_decomp_mismatch/decomp_mismatch.nc4	/work	lustre
POSIX	41	8796968004350111049	POSIX_SIZE_WRITE_4M_10M	0	/work/hdd/bdau/mbanisharifdehkordi/E2E/3d/results_decomp_mismatch/decomp_mismatch.nc4	/work	lustre
POSIX	41	8796968004350111049	POSIX_SIZE_WRITE_10M_100M	0	/work/hdd/bdau/mbanisharifdehkordi/E2E/3d/results_decomp_mismatch/decomp_mismatch.nc4	/work	lustre
POSIX	41	8796968004350111049	POSIX_SIZE_WRITE_100M_1G	0	/work/hdd/bdau/mbanisharifdehkordi/E2E/3d/results_decomp_mismatch/decomp_mismatch.nc4	/work	lustre
POSIX	41	8796968004350111049	POSIX_SIZE_WRITE_1G_PLUS	0	/work/hdd/bdau/mbanisharifdehkordi/E2E/3d/results_decomp_mismatch/decomp_mismatch.nc4	/work	lustre
POSIX	41	6939792131935133011	POSIX_WRITES	0	/work/hdd/bdau/mbanisharifdehkordi/E2E/3d/results_decomp_mismatch/.	/work	lustre
POSIX	41	6939792131935133011	POSIX_FILE_NOT_ALIGNED	0	/work/hdd/bdau/mbanisharifdehkordi/E2E/3d/results_decomp_mismatch/.	/work	lustre
POSIX	41	6939792131935133011	POSIX_SIZE_WRITE_0_100	0	/work/hdd/bdau/mbanisharifdehkordi/E2E/3d/results_decomp_mismatch/.	/work	lustre
POSIX	41	6939792131935133011	POSIX_SIZE_WRITE_100_1K	0	/work/hdd/bdau/mbanisharifdehkordi/E2E/3d/results_decomp_mismatch/.	/work	lustre
POSIX	41	6939792131935133011	POSIX_SIZE_WRITE_1K_10K	0	/work/hdd/bdau/mbanisharifdehkordi/E2E/3d/results_decomp_mismatch/.	/work	lustre
POSIX	41	6939792131935133011	POSIX_SIZE_WRITE_10K_100K	0	/work/hdd/bdau/mbanisharifdehkordi/E2E/3d/results_decomp_mismatch/.	/work	lustre
POSIX	41	6939792131935133011	POSIX_SIZE_WRITE_100K_1M	0	/work/hdd/bdau/mbanisharifdehkordi/E2E/3d/results_decomp_mismatch/.	/work	lustre
POSIX	41	6939792131935133011	POSIX_SIZE_WRITE_1M_4M	0	/work/hdd/bdau/mbanisharifdehkordi/E2E/3d/results_decomp_mismatch/.	/work	lustre
POSIX	41	6939792131935133011	POSIX_SIZE_WRITE_4M_10M	0	/work/hdd/bdau/mbanisharifdehkordi/E2E/3d/results_decomp_mismatch/.	/work	lustre
POSIX	41	6939792131935133011	POSIX_SIZE_WRITE_10M_100M	0	/work/hdd/bdau/mbanisharifdehkordi/E2E/3d/results_decomp_mismatch/.	/work	lustre
POSIX	41	6939792131935133011	POSIX_SIZE_WRITE_100M_1G	0	/work/hdd/bdau/mbanisharifdehkordi/E2E/3d/results_decomp_mismatch/.	/work	lustre
POSIX	41	6939792131935133011	POSIX_SIZE_WRITE_1G_PLUS	0	/work/hdd/bdau/mbanisharifdehkordi/E2E/3d/results_decomp_mismatch/.	/work	lustre
POSIX	41	15634375788946986981	POSIX_WRITES	0	/work/hdd/bdau/mbanisharifdehkordi/E2E/3d/results_decomp_mismatch/decomp_mismatch.nc4-4005036033-2888081.loc	/work	lustre
POSIX	41	15634375788946986981	POSIX_FILE_NOT_ALIGNED	0	/work/hdd/bdau/mbanisharifdehkordi/E2E/3d/results_decomp_mismatch/decomp_mismatch.nc4-4005036033-2888081.loc	/work	lustre
POSIX	41	15634375788946986981	POSIX_SIZE_WRITE_0_100	0	/work/hdd/bdau/mbanisharifdehkordi/E2E/3d/results_decomp_mismatch/decomp_mismatch.nc4-4005036033-2888081.loc	/work	lustre
POSIX	41	15634375788946986981	POSIX_SIZE_WRITE_100_1K	0	/work/hdd/bdau/mbanisharifdehkordi/E2E/3d/results_decomp_mismatch/decomp_mismatch.nc4-4005036033-2888081.loc	/work	lustre
POSIX	41	15634375788946986981	POSIX_SIZE_WRITE_1K_10K	0	/work/hdd/bdau/mbanisharifdehkordi/E2E/3d/results_decomp_mismatch/decomp_mismatch.nc4-4005036033-2888081.loc	/work	lustre
POSIX	41	15634375788946986981	POSIX_SIZE_WRITE_10K_100K	0	/work/hdd/bdau/mbanisharifdehkordi/E2E/3d/results_decomp_mismatch/decomp_mismatch.nc4-4005036033-2888081.loc	/work	lustre
POSIX	41	15634375788946986981	POSIX_SIZE_WRITE_100K_1M	0	/work/hdd/bdau/mbanisharifdehkordi/E2E/3d/results_decomp_mismatch/decomp_mismatch.nc4-4005036033-2888081.loc	/work	lustre
POSIX	41	15634375788946986981	POSIX_SIZE_WRITE_1M_4M	0	/work/hdd/bdau/mbanisharifdehkordi/E2E/3d/results_decomp_mismatch/decomp_mismatch.nc4-4005036033-2888081.loc	/work	lustre
POSIX	41	15634375788946986981	POSIX_SIZE_WRITE_4M_10M	0	/work/hdd/bdau/mbanisharifdehkordi/E2E/3d/results_decomp_mismatch/decomp_mismatch.nc4-4005036033-2888081.loc	/work	lustre
POSIX	41	15634375788946986981	POSIX_SIZE_WRITE_10M_100M	0	/work/hdd/bdau/mbanisharifdehkordi/E2E/3d/results_decomp_mismatch/decomp_mismatch.nc4-4005036033-2888081.loc	/work	lustre
POSIX	41	15634375788946986981	POSIX_SIZE_WRITE_100M_1G	0	/work/hdd/bdau/mbanisharifdehkordi/E2E/3d/results_decomp_mismatch/decomp_mismatch.nc4-4005036033-2888081.loc	/work	lustre
POSIX	41	15634375788946986981	POSIX_SIZE_WRITE_1G_PLUS	0	/work/hdd/bdau/mbanisharifdehkordi/E2E/3d/results_decomp_mismatch/decomp_mismatch.nc4-4005036033-2888081.loc	/work	lustre
POSIX	42	5927595256865694058	POSIX_WRITES	0	/work/hdd/bdau/mbanisharifdehkordi/E2E/3d/results_decomp_mismatch/decomp_mismatch.nc4.locktest.42	/work	lustre
POSIX	42	5927595256865694058	POSIX_FILE_NOT_ALIGNED	0	/work/hdd/bdau/mbanisharifdehkordi/E2E/3d/results_decomp_mismatch/decomp_mismatch.nc4.locktest.42	/work	lustre
POSIX	42	5927595256865694058	POSIX_SIZE_WRITE_0_100	0	/work/hdd/bdau/mbanisharifdehkordi/E2E/3d/results_decomp_mismatch/decomp_mismatch.nc4.locktest.42	/work	lustre
POSIX	42	5927595256865694058	POSIX_SIZE_WRITE_100_1K	0	/work/hdd/bdau/mbanisharifdehkordi/E2E/3d/results_decomp_mismatch/decomp_mismatch.nc4.locktest.42	/work	lustre
POSIX	42	5927595256865694058	POSIX_SIZE_WRITE_1K_10K	0	/work/hdd/bdau/mbanisharifdehkordi/E2E/3d/results_decomp_mismatch/decomp_mismatch.nc4.locktest.42	/work	lustre
POSIX	42	5927595256865694058	POSIX_SIZE_WRITE_10K_100K	0	/work/hdd/bdau/mbanisharifdehkordi/E2E/3d/results_decomp_mismatch/decomp_mismatch.nc4.locktest.42	/work	lustre
POSIX	42	5927595256865694058	POSIX_SIZE_WRITE_100K_1M	0	/work/hdd/bdau/mbanisharifdehkordi/E2E/3d/results_decomp_mismatch/decomp_mismatch.nc4.locktest.42	/work	lustre
POSIX	42	5927595256865694058	POSIX_SIZE_WRITE_1M_4M	0	/work/hdd/bdau/mbanisharifdehkordi/E2E/3d/results_decomp_mismatch/decomp_mismatch.nc4.locktest.42	/work	lustre
POSIX	42	5927595256865694058	POSIX_SIZE_WRITE_4M_10M	0	/work/hdd/bdau/mbanisharifdehkordi/E2E/3d/results_decomp_mismatch/decomp_mismatch.nc4.locktest.42	/work	lustre
POSIX	42	5927595256865694058	POSIX_SIZE_WRITE_10M_100M	0	/work/hdd/bdau/mbanisharifdehkordi/E2E/3d/results_decomp_mismatch/decomp_mismatch.nc4.locktest.42	/work	lustre
POSIX	42	5927595256865694058	POSIX_SIZE_WRITE_100M_1G	0	/work/hdd/bdau/mbanisharifdehkordi/E2E/3d/results_decomp_mismatch/decomp_mismatch.nc4.locktest.42	/work	lustre
POSIX	42	5927595256865694058	POSIX_SIZE_WRITE_1G_PLUS	0	/work/hdd/bdau/mbanisharifdehkordi/E2E/3d/results_decomp_mismatch/decomp_mismatch.nc4.locktest.42	/work	lustre
POSIX	42	8796968004350111049	POSIX_WRITES	0	/work/hdd/bdau/mbanisharifdehkordi/E2E/3d/results_decomp_mismatch/decomp_mismatch.nc4	/work	lustre
POSIX	42	8796968004350111049	POSIX_FILE_NOT_ALIGNED	0	/work/hdd/bdau/mbanisharifdehkordi/E2E/3d/results_decomp_mismatch/decomp_mismatch.nc4	/work	lustre
POSIX	42	8796968004350111049	POSIX_SIZE_WRITE_0_100	0	/work/hdd/bdau/mbanisharifdehkordi/E2E/3d/results_decomp_mismatch/decomp_mismatch.nc4	/work	lustre
POSIX	42	8796968004350111049	POSIX_SIZE_WRITE_100_1K	0	/work/hdd/bdau/mbanisharifdehkordi/E2E/3d/results_decomp_mismatch/decomp_mismatch.nc4	/work	lustre
POSIX	42	8796968004350111049	POSIX_SIZE_WRITE_1K_10K	0	/work/hdd/bdau/mbanisharifdehkordi/E2E/3d/results_decomp_mismatch/decomp_mismatch.nc4	/work	lustre
POSIX	42	8796968004350111049	POSIX_SIZE_WRITE_10K_100K	0	/work/hdd/bdau/mbanisharifdehkordi/E2E/3d/results_decomp_mismatch/decomp_mismatch.nc4	/work	lustre
POSIX	42	8796968004350111049	POSIX_SIZE_WRITE_100K_1M	0	/work/hdd/bdau/mbanisharifdehkordi/E2E/3d/results_decomp_mismatch/decomp_mismatch.nc4	/work	lustre
POSIX	42	8796968004350111049	POSIX_SIZE_WRITE_1M_4M	0	/work/hdd/bdau/mbanisharifdehkordi/E2E/3d/results_decomp_mismatch/decomp_mismatch.nc4	/work	lustre
POSIX	42	8796968004350111049	POSIX_SIZE_WRITE_4M_10M	0	/work/hdd/bdau/mbanisharifdehkordi/E2E/3d/results_decomp_mismatch/decomp_mismatch.nc4	/work	lustre
POSIX	42	8796968004350111049	POSIX_SIZE_WRITE_10M_100M	0	/work/hdd/bdau/mbanisharifdehkordi/E2E/3d/results_decomp_mismatch/decomp_mismatch.nc4	/work	lustre
POSIX	42	8796968004350111049	POSIX_SIZE_WRITE_100M_1G	0	/work/hdd/bdau/mbanisharifdehkordi/E2E/3d/results_decomp_mismatch/decomp_mismatch.nc4	/work	lustre
POSIX	42	8796968004350111049	POSIX_SIZE_WRITE_1G_PLUS	0	/work/hdd/bdau/mbanisharifdehkordi/E2E/3d/results_decomp_mismatch/decomp_mismatch.nc4	/work	lustre
POSIX	42	6939792131935133011	POSIX_WRITES	0	/work/hdd/bdau/mbanisharifdehkordi/E2E/3d/results_decomp_mismatch/.	/work	lustre
POSIX	42	6939792131935133011	POSIX_FILE_NOT_ALIGNED	0	/work/hdd/bdau/mbanisharifdehkordi/E2E/3d/results_decomp_mismatch/.	/work	lustre
POSIX	42	6939792131935133011	POSIX_SIZE_WRITE_0_100	0	/work/hdd/bdau/mbanisharifdehkordi/E2E/3d/results_decomp_mismatch/.	/work	lustre
POSIX	42	6939792131935133011	POSIX_SIZE_WRITE_100_1K	0	/work/hdd/bdau/mbanisharifdehkordi/E2E/3d/results_decomp_mismatch/.	/work	lustre
POSIX	42	6939792131935133011	POSIX_SIZE_WRITE_1K_10K	0	/work/hdd/bdau/mbanisharifdehkordi/E2E/3d/results_decomp_mismatch/.	/work	lustre
POSIX	42	6939792131935133011	POSIX_SIZE_WRITE_10K_100K	0	/work/hdd/bdau/mbanisharifdehkordi/E2E/3d/results_decomp_mismatch/.	/work	lustre
POSIX	42	6939792131935133011	POSIX_SIZE_WRITE_100K_1M	0	/work/hdd/bdau/mbanisharifdehkordi/E2E/3d/results_decomp_mismatch/.	/work	lustre
POSIX	42	6939792131935133011	POSIX_SIZE_WRITE_1M_4M	0	/work/hdd/bdau/mbanisharifdehkordi/E2E/3d/results_decomp_mismatch/.	/work	lustre
POSIX	42	6939792131935133011	POSIX_SIZE_WRITE_4M_10M	0	/work/hdd/bdau/mbanisharifdehkordi/E2E/3d/results_decomp_mismatch/.	/work	lustre
POSIX	42	6939792131935133011	POSIX_SIZE_WRITE_10M_100M	0	/work/hdd/bdau/mbanisharifdehkordi/E2E/3d/results_decomp_mismatch/.	/work	lustre
POSIX	42	6939792131935133011	POSIX_SIZE_WRITE_100M_1G	0	/work/hdd/bdau/mbanisharifdehkordi/E2E/3d/results_decomp_mismatch/.	/work	lustre
POSIX	42	6939792131935133011	POSIX_SIZE_WRITE_1G_PLUS	0	/work/hdd/bdau/mbanisharifdehkordi/E2E/3d/results_decomp_mismatch/.	/work	lustre
POSIX	42	15634375788946986981	POSIX_WRITES	0	/work/hdd/bdau/mbanisharifdehkordi/E2E/3d/results_decomp_mismatch/decomp_mismatch.nc4-4005036033-2888081.loc	/work	lustre
POSIX	42	15634375788946986981	POSIX_FILE_NOT_ALIGNED	0	/work/hdd/bdau/mbanisharifdehkordi/E2E/3d/results_decomp_mismatch/decomp_mismatch.nc4-4005036033-2888081.loc	/work	lustre
POSIX	42	15634375788946986981	POSIX_SIZE_WRITE_0_100	0	/work/hdd/bdau/mbanisharifdehkordi/E2E/3d/results_decomp_mismatch/decomp_mismatch.nc4-4005036033-2888081.loc	/work	lustre
POSIX	42	15634375788946986981	POSIX_SIZE_WRITE_100_1K	0	/work/hdd/bdau/mbanisharifdehkordi/E2E/3d/results_decomp_mismatch/decomp_mismatch.nc4-4005036033-2888081.loc	/work	lustre
POSIX	42	15634375788946986981	POSIX_SIZE_WRITE_1K_10K	0	/work/hdd/bdau/mbanisharifdehkordi/E2E/3d/results_decomp_mismatch/decomp_mismatch.nc4-4005036033-2888081.loc	/work	lustre
POSIX	42	15634375788946986981	POSIX_SIZE_WRITE_10K_100K	0	/work/hdd/bdau/mbanisharifdehkordi/E2E/3d/results_decomp_mismatch/decomp_mismatch.nc4-4005036033-2888081.loc	/work	lustre
POSIX	42	15634375788946986981	POSIX_SIZE_WRITE_100K_1M	0	/work/hdd/bdau/mbanisharifdehkordi/E2E/3d/results_decomp_mismatch/decomp_mismatch.nc4-4005036033-2888081.loc	/work	lustre
POSIX	42	15634375788946986981	POSIX_SIZE_WRITE_1M_4M	0	/work/hdd/bdau/mbanisharifdehkordi/E2E/3d/results_decomp_mismatch/decomp_mismatch.nc4-4005036033-2888081.loc	/work	lustre
POSIX	42	15634375788946986981	POSIX_SIZE_WRITE_4M_10M	0	/work/hdd/bdau/mbanisharifdehkordi/E2E/3d/results_decomp_mismatch/decomp_mismatch.nc4-4005036033-2888081.loc	/work	lustre
POSIX	42	15634375788946986981	POSIX_SIZE_WRITE_10M_100M	0	/work/hdd/bdau/mbanisharifdehkordi/E2E/3d/results_decomp_mismatch/decomp_mismatch.nc4-4005036033-2888081.loc	/work	lustre
POSIX	42	15634375788946986981	POSIX_SIZE_WRITE_100M_1G	0	/work/hdd/bdau/mbanisharifdehkordi/E2E/3d/results_decomp_mismatch/decomp_mismatch.nc4-4005036033-2888081.loc	/work	lustre
POSIX	42	15634375788946986981	POSIX_SIZE_WRITE_1G_PLUS	0	/work/hdd/bdau/mbanisharifdehkordi/E2E/3d/results_decomp_mismatch/decomp_mismatch.nc4-4005036033-2888081.loc	/work	lustre
POSIX	43	2561894379529906697	POSIX_WRITES	0	/work/hdd/bdau/mbanisharifdehkordi/E2E/3d/results_decomp_mismatch/decomp_mismatch.nc4.locktest.43	/work	lustre
POSIX	43	2561894379529906697	POSIX_FILE_NOT_ALIGNED	0	/work/hdd/bdau/mbanisharifdehkordi/E2E/3d/results_decomp_mismatch/decomp_mismatch.nc4.locktest.43	/work	lustre
POSIX	43	2561894379529906697	POSIX_SIZE_WRITE_0_100	0	/work/hdd/bdau/mbanisharifdehkordi/E2E/3d/results_decomp_mismatch/decomp_mismatch.nc4.locktest.43	/work	lustre
POSIX	43	2561894379529906697	POSIX_SIZE_WRITE_100_1K	0	/work/hdd/bdau/mbanisharifdehkordi/E2E/3d/results_decomp_mismatch/decomp_mismatch.nc4.locktest.43	/work	lustre
POSIX	43	2561894379529906697	POSIX_SIZE_WRITE_1K_10K	0	/work/hdd/bdau/mbanisharifdehkordi/E2E/3d/results_decomp_mismatch/decomp_mismatch.nc4.locktest.43	/work	lustre
POSIX	43	2561894379529906697	POSIX_SIZE_WRITE_10K_100K	0	/work/hdd/bdau/mbanisharifdehkordi/E2E/3d/results_decomp_mismatch/decomp_mismatch.nc4.locktest.43	/work	lustre
POSIX	43	2561894379529906697	POSIX_SIZE_WRITE_100K_1M	0	/work/hdd/bdau/mbanisharifdehkordi/E2E/3d/results_decomp_mismatch/decomp_mismatch.nc4.locktest.43	/work	lustre
POSIX	43	2561894379529906697	POSIX_SIZE_WRITE_1M_4M	0	/work/hdd/bdau/mbanisharifdehkordi/E2E/3d/results_decomp_mismatch/decomp_mismatch.nc4.locktest.43	/work	lustre
POSIX	43	2561894379529906697	POSIX_SIZE_WRITE_4M_10M	0	/work/hdd/bdau/mbanisharifdehkordi/E2E/3d/results_decomp_mismatch/decomp_mismatch.nc4.locktest.43	/work	lustre
POSIX	43	2561894379529906697	POSIX_SIZE_WRITE_10M_100M	0	/work/hdd/bdau/mbanisharifdehkordi/E2E/3d/results_decomp_mismatch/decomp_mismatch.nc4.locktest.43	/work	lustre
POSIX	43	2561894379529906697	POSIX_SIZE_WRITE_100M_1G	0	/work/hdd/bdau/mbanisharifdehkordi/E2E/3d/results_decomp_mismatch/decomp_mismatch.nc4.locktest.43	/work	lustre
POSIX	43	2561894379529906697	POSIX_SIZE_WRITE_1G_PLUS	0	/work/hdd/bdau/mbanisharifdehkordi/E2E/3d/results_decomp_mismatch/decomp_mismatch.nc4.locktest.43	/work	lustre
POSIX	43	8796968004350111049	POSIX_WRITES	0	/work/hdd/bdau/mbanisharifdehkordi/E2E/3d/results_decomp_mismatch/decomp_mismatch.nc4	/work	lustre
POSIX	43	8796968004350111049	POSIX_FILE_NOT_ALIGNED	0	/work/hdd/bdau/mbanisharifdehkordi/E2E/3d/results_decomp_mismatch/decomp_mismatch.nc4	/work	lustre
POSIX	43	8796968004350111049	POSIX_SIZE_WRITE_0_100	0	/work/hdd/bdau/mbanisharifdehkordi/E2E/3d/results_decomp_mismatch/decomp_mismatch.nc4	/work	lustre
POSIX	43	8796968004350111049	POSIX_SIZE_WRITE_100_1K	0	/work/hdd/bdau/mbanisharifdehkordi/E2E/3d/results_decomp_mismatch/decomp_mismatch.nc4	/work	lustre
POSIX	43	8796968004350111049	POSIX_SIZE_WRITE_1K_10K	0	/work/hdd/bdau/mbanisharifdehkordi/E2E/3d/results_decomp_mismatch/decomp_mismatch.nc4	/work	lustre
POSIX	43	8796968004350111049	POSIX_SIZE_WRITE_10K_100K	0	/work/hdd/bdau/mbanisharifdehkordi/E2E/3d/results_decomp_mismatch/decomp_mismatch.nc4	/work	lustre
POSIX	43	8796968004350111049	POSIX_SIZE_WRITE_100K_1M	0	/work/hdd/bdau/mbanisharifdehkordi/E2E/3d/results_decomp_mismatch/decomp_mismatch.nc4	/work	lustre
POSIX	43	8796968004350111049	POSIX_SIZE_WRITE_1M_4M	0	/work/hdd/bdau/mbanisharifdehkordi/E2E/3d/results_decomp_mismatch/decomp_mismatch.nc4	/work	lustre
POSIX	43	8796968004350111049	POSIX_SIZE_WRITE_4M_10M	0	/work/hdd/bdau/mbanisharifdehkordi/E2E/3d/results_decomp_mismatch/decomp_mismatch.nc4	/work	lustre
POSIX	43	8796968004350111049	POSIX_SIZE_WRITE_10M_100M	0	/work/hdd/bdau/mbanisharifdehkordi/E2E/3d/results_decomp_mismatch/decomp_mismatch.nc4	/work	lustre
POSIX	43	8796968004350111049	POSIX_SIZE_WRITE_100M_1G	0	/work/hdd/bdau/mbanisharifdehkordi/E2E/3d/results_decomp_mismatch/decomp_mismatch.nc4	/work	lustre
POSIX	43	8796968004350111049	POSIX_SIZE_WRITE_1G_PLUS	0	/work/hdd/bdau/mbanisharifdehkordi/E2E/3d/results_decomp_mismatch/decomp_mismatch.nc4	/work	lustre
POSIX	43	6939792131935133011	POSIX_WRITES	0	/work/hdd/bdau/mbanisharifdehkordi/E2E/3d/results_decomp_mismatch/.	/work	lustre
POSIX	43	6939792131935133011	POSIX_FILE_NOT_ALIGNED	0	/work/hdd/bdau/mbanisharifdehkordi/E2E/3d/results_decomp_mismatch/.	/work	lustre
POSIX	43	6939792131935133011	POSIX_SIZE_WRITE_0_100	0	/work/hdd/bdau/mbanisharifdehkordi/E2E/3d/results_decomp_mismatch/.	/work	lustre
POSIX	43	6939792131935133011	POSIX_SIZE_WRITE_100_1K	0	/work/hdd/bdau/mbanisharifdehkordi/E2E/3d/results_decomp_mismatch/.	/work	lustre
POSIX	43	6939792131935133011	POSIX_SIZE_WRITE_1K_10K	0	/work/hdd/bdau/mbanisharifdehkordi/E2E/3d/results_decomp_mismatch/.	/work	lustre
POSIX	43	6939792131935133011	POSIX_SIZE_WRITE_10K_100K	0	/work/hdd/bdau/mbanisharifdehkordi/E2E/3d/results_decomp_mismatch/.	/work	lustre
POSIX	43	6939792131935133011	POSIX_SIZE_WRITE_100K_1M	0	/work/hdd/bdau/mbanisharifdehkordi/E2E/3d/results_decomp_mismatch/.	/work	lustre
POSIX	43	6939792131935133011	POSIX_SIZE_WRITE_1M_4M	0	/work/hdd/bdau/mbanisharifdehkordi/E2E/3d/results_decomp_mismatch/.	/work	lustre
POSIX	43	6939792131935133011	POSIX_SIZE_WRITE_4M_10M	0	/work/hdd/bdau/mbanisharifdehkordi/E2E/3d/results_decomp_mismatch/.	/work	lustre
POSIX	43	6939792131935133011	POSIX_SIZE_WRITE_10M_100M	0	/work/hdd/bdau/mbanisharifdehkordi/E2E/3d/results_decomp_mismatch/.	/work	lustre
POSIX	43	6939792131935133011	POSIX_SIZE_WRITE_100M_1G	0	/work/hdd/bdau/mbanisharifdehkordi/E2E/3d/results_decomp_mismatch/.	/work	lustre
POSIX	43	6939792131935133011	POSIX_SIZE_WRITE_1G_PLUS	0	/work/hdd/bdau/mbanisharifdehkordi/E2E/3d/results_decomp_mismatch/.	/work	lustre
POSIX	43	15634375788946986981	POSIX_WRITES	0	/work/hdd/bdau/mbanisharifdehkordi/E2E/3d/results_decomp_mismatch/decomp_mismatch.nc4-4005036033-2888081.loc	/work	lustre
POSIX	43	15634375788946986981	POSIX_FILE_NOT_ALIGNED	0	/work/hdd/bdau/mbanisharifdehkordi/E2E/3d/results_decomp_mismatch/decomp_mismatch.nc4-4005036033-2888081.loc	/work	lustre
POSIX	43	15634375788946986981	POSIX_SIZE_WRITE_0_100	0	/work/hdd/bdau/mbanisharifdehkordi/E2E/3d/results_decomp_mismatch/decomp_mismatch.nc4-4005036033-2888081.loc	/work	lustre
POSIX	43	15634375788946986981	POSIX_SIZE_WRITE_100_1K	0	/work/hdd/bdau/mbanisharifdehkordi/E2E/3d/results_decomp_mismatch/decomp_mismatch.nc4-4005036033-2888081.loc	/work	lustre
POSIX	43	15634375788946986981	POSIX_SIZE_WRITE_1K_10K	0	/work/hdd/bdau/mbanisharifdehkordi/E2E/3d/results_decomp_mismatch/decomp_mismatch.nc4-4005036033-2888081.loc	/work	lustre
POSIX	43	15634375788946986981	POSIX_SIZE_WRITE_10K_100K	0	/work/hdd/bdau/mbanisharifdehkordi/E2E/3d/results_decomp_mismatch/decomp_mismatch.nc4-4005036033-2888081.loc	/work	lustre
POSIX	43	15634375788946986981	POSIX_SIZE_WRITE_100K_1M	0	/work/hdd/bdau/mbanisharifdehkordi/E2E/3d/results_decomp_mismatch/decomp_mismatch.nc4-4005036033-2888081.loc	/work	lustre
POSIX	43	15634375788946986981	POSIX_SIZE_WRITE_1M_4M	0	/work/hdd/bdau/mbanisharifdehkordi/E2E/3d/results_decomp_mismatch/decomp_mismatch.nc4-4005036033-2888081.loc	/work	lustre
POSIX	43	15634375788946986981	POSIX_SIZE_WRITE_4M_10M	0	/work/hdd/bdau/mbanisharifdehkordi/E2E/3d/results_decomp_mismatch/decomp_mismatch.nc4-4005036033-2888081.loc	/work	lustre
POSIX	43	15634375788946986981	POSIX_SIZE_WRITE_10M_100M	0	/work/hdd/bdau/mbanisharifdehkordi/E2E/3d/results_decomp_mismatch/decomp_mismatch.nc4-4005036033-2888081.loc	/work	lustre
POSIX	43	15634375788946986981	POSIX_SIZE_WRITE_100M_1G	0	/work/hdd/bdau/mbanisharifdehkordi/E2E/3d/results_decomp_mismatch/decomp_mismatch.nc4-4005036033-2888081.loc	/work	lustre
POSIX	43	15634375788946986981	POSIX_SIZE_WRITE_1G_PLUS	0	/work/hdd/bdau/mbanisharifdehkordi/E2E/3d/results_decomp_mismatch/decomp_mismatch.nc4-4005036033-2888081.loc	/work	lustre
POSIX	44	18244922993817623885	POSIX_WRITES	0	/work/hdd/bdau/mbanisharifdehkordi/E2E/3d/results_decomp_mismatch/decomp_mismatch.nc4.locktest.44	/work	lustre
POSIX	44	18244922993817623885	POSIX_FILE_NOT_ALIGNED	0	/work/hdd/bdau/mbanisharifdehkordi/E2E/3d/results_decomp_mismatch/decomp_mismatch.nc4.locktest.44	/work	lustre
POSIX	44	18244922993817623885	POSIX_SIZE_WRITE_0_100	0	/work/hdd/bdau/mbanisharifdehkordi/E2E/3d/results_decomp_mismatch/decomp_mismatch.nc4.locktest.44	/work	lustre
POSIX	44	18244922993817623885	POSIX_SIZE_WRITE_100_1K	0	/work/hdd/bdau/mbanisharifdehkordi/E2E/3d/results_decomp_mismatch/decomp_mismatch.nc4.locktest.44	/work	lustre
POSIX	44	18244922993817623885	POSIX_SIZE_WRITE_1K_10K	0	/work/hdd/bdau/mbanisharifdehkordi/E2E/3d/results_decomp_mismatch/decomp_mismatch.nc4.locktest.44	/work	lustre
POSIX	44	18244922993817623885	POSIX_SIZE_WRITE_10K_100K	0	/work/hdd/bdau/mbanisharifdehkordi/E2E/3d/results_decomp_mismatch/decomp_mismatch.nc4.locktest.44	/work	lustre
POSIX	44	18244922993817623885	POSIX_SIZE_WRITE_100K_1M	0	/work/hdd/bdau/mbanisharifdehkordi/E2E/3d/results_decomp_mismatch/decomp_mismatch.nc4.locktest.44	/work	lustre
POSIX	44	18244922993817623885	POSIX_SIZE_WRITE_1M_4M	0	/work/hdd/bdau/mbanisharifdehkordi/E2E/3d/results_decomp_mismatch/decomp_mismatch.nc4.locktest.44	/work	lustre
POSIX	44	18244922993817623885	POSIX_SIZE_WRITE_4M_10M	0	/work/hdd/bdau/mbanisharifdehkordi/E2E/3d/results_decomp_mismatch/decomp_mismatch.nc4.locktest.44	/work	lustre
POSIX	44	18244922993817623885	POSIX_SIZE_WRITE_10M_100M	0	/work/hdd/bdau/mbanisharifdehkordi/E2E/3d/results_decomp_mismatch/decomp_mismatch.nc4.locktest.44	/work	lustre
POSIX	44	18244922993817623885	POSIX_SIZE_WRITE_100M_1G	0	/work/hdd/bdau/mbanisharifdehkordi/E2E/3d/results_decomp_mismatch/decomp_mismatch.nc4.locktest.44	/work	lustre
POSIX	44	18244922993817623885	POSIX_SIZE_WRITE_1G_PLUS	0	/work/hdd/bdau/mbanisharifdehkordi/E2E/3d/results_decomp_mismatch/decomp_mismatch.nc4.locktest.44	/work	lustre
POSIX	44	8796968004350111049	POSIX_WRITES	0	/work/hdd/bdau/mbanisharifdehkordi/E2E/3d/results_decomp_mismatch/decomp_mismatch.nc4	/work	lustre
POSIX	44	8796968004350111049	POSIX_FILE_NOT_ALIGNED	0	/work/hdd/bdau/mbanisharifdehkordi/E2E/3d/results_decomp_mismatch/decomp_mismatch.nc4	/work	lustre
POSIX	44	8796968004350111049	POSIX_SIZE_WRITE_0_100	0	/work/hdd/bdau/mbanisharifdehkordi/E2E/3d/results_decomp_mismatch/decomp_mismatch.nc4	/work	lustre
POSIX	44	8796968004350111049	POSIX_SIZE_WRITE_100_1K	0	/work/hdd/bdau/mbanisharifdehkordi/E2E/3d/results_decomp_mismatch/decomp_mismatch.nc4	/work	lustre
POSIX	44	8796968004350111049	POSIX_SIZE_WRITE_1K_10K	0	/work/hdd/bdau/mbanisharifdehkordi/E2E/3d/results_decomp_mismatch/decomp_mismatch.nc4	/work	lustre
POSIX	44	8796968004350111049	POSIX_SIZE_WRITE_10K_100K	0	/work/hdd/bdau/mbanisharifdehkordi/E2E/3d/results_decomp_mismatch/decomp_mismatch.nc4	/work	lustre
POSIX	44	8796968004350111049	POSIX_SIZE_WRITE_100K_1M	0	/work/hdd/bdau/mbanisharifdehkordi/E2E/3d/results_decomp_mismatch/decomp_mismatch.nc4	/work	lustre
POSIX	44	8796968004350111049	POSIX_SIZE_WRITE_1M_4M	0	/work/hdd/bdau/mbanisharifdehkordi/E2E/3d/results_decomp_mismatch/decomp_mismatch.nc4	/work	lustre
POSIX	44	8796968004350111049	POSIX_SIZE_WRITE_4M_10M	0	/work/hdd/bdau/mbanisharifdehkordi/E2E/3d/results_decomp_mismatch/decomp_mismatch.nc4	/work	lustre
POSIX	44	8796968004350111049	POSIX_SIZE_WRITE_10M_100M	0	/work/hdd/bdau/mbanisharifdehkordi/E2E/3d/results_decomp_mismatch/decomp_mismatch.nc4	/work	lustre
POSIX	44	8796968004350111049	POSIX_SIZE_WRITE_100M_1G	0	/work/hdd/bdau/mbanisharifdehkordi/E2E/3d/results_decomp_mismatch/decomp_mismatch.nc4	/work	lustre
POSIX	44	8796968004350111049	POSIX_SIZE_WRITE_1G_PLUS	0	/work/hdd/bdau/mbanisharifdehkordi/E2E/3d/results_decomp_mismatch/decomp_mismatch.nc4	/work	lustre
POSIX	44	6939792131935133011	POSIX_WRITES	0	/work/hdd/bdau/mbanisharifdehkordi/E2E/3d/results_decomp_mismatch/.	/work	lustre
POSIX	44	6939792131935133011	POSIX_FILE_NOT_ALIGNED	0	/work/hdd/bdau/mbanisharifdehkordi/E2E/3d/results_decomp_mismatch/.	/work	lustre
POSIX	44	6939792131935133011	POSIX_SIZE_WRITE_0_100	0	/work/hdd/bdau/mbanisharifdehkordi/E2E/3d/results_decomp_mismatch/.	/work	lustre
POSIX	44	6939792131935133011	POSIX_SIZE_WRITE_100_1K	0	/work/hdd/bdau/mbanisharifdehkordi/E2E/3d/results_decomp_mismatch/.	/work	lustre
POSIX	44	6939792131935133011	POSIX_SIZE_WRITE_1K_10K	0	/work/hdd/bdau/mbanisharifdehkordi/E2E/3d/results_decomp_mismatch/.	/work	lustre
POSIX	44	6939792131935133011	POSIX_SIZE_WRITE_10K_100K	0	/work/hdd/bdau/mbanisharifdehkordi/E2E/3d/results_decomp_mismatch/.	/work	lustre
POSIX	44	6939792131935133011	POSIX_SIZE_WRITE_100K_1M	0	/work/hdd/bdau/mbanisharifdehkordi/E2E/3d/results_decomp_mismatch/.	/work	lustre
POSIX	44	6939792131935133011	POSIX_SIZE_WRITE_1M_4M	0	/work/hdd/bdau/mbanisharifdehkordi/E2E/3d/results_decomp_mismatch/.	/work	lustre
POSIX	44	6939792131935133011	POSIX_SIZE_WRITE_4M_10M	0	/work/hdd/bdau/mbanisharifdehkordi/E2E/3d/results_decomp_mismatch/.	/work	lustre
POSIX	44	6939792131935133011	POSIX_SIZE_WRITE_10M_100M	0	/work/hdd/bdau/mbanisharifdehkordi/E2E/3d/results_decomp_mismatch/.	/work	lustre
POSIX	44	6939792131935133011	POSIX_SIZE_WRITE_100M_1G	0	/work/hdd/bdau/mbanisharifdehkordi/E2E/3d/results_decomp_mismatch/.	/work	lustre
POSIX	44	6939792131935133011	POSIX_SIZE_WRITE_1G_PLUS	0	/work/hdd/bdau/mbanisharifdehkordi/E2E/3d/results_decomp_mismatch/.	/work	lustre
POSIX	44	15634375788946986981	POSIX_WRITES	0	/work/hdd/bdau/mbanisharifdehkordi/E2E/3d/results_decomp_mismatch/decomp_mismatch.nc4-4005036033-2888081.loc	/work	lustre
POSIX	44	15634375788946986981	POSIX_FILE_NOT_ALIGNED	0	/work/hdd/bdau/mbanisharifdehkordi/E2E/3d/results_decomp_mismatch/decomp_mismatch.nc4-4005036033-2888081.loc	/work	lustre
POSIX	44	15634375788946986981	POSIX_SIZE_WRITE_0_100	0	/work/hdd/bdau/mbanisharifdehkordi/E2E/3d/results_decomp_mismatch/decomp_mismatch.nc4-4005036033-2888081.loc	/work	lustre
POSIX	44	15634375788946986981	POSIX_SIZE_WRITE_100_1K	0	/work/hdd/bdau/mbanisharifdehkordi/E2E/3d/results_decomp_mismatch/decomp_mismatch.nc4-4005036033-2888081.loc	/work	lustre
POSIX	44	15634375788946986981	POSIX_SIZE_WRITE_1K_10K	0	/work/hdd/bdau/mbanisharifdehkordi/E2E/3d/results_decomp_mismatch/decomp_mismatch.nc4-4005036033-2888081.loc	/work	lustre
POSIX	44	15634375788946986981	POSIX_SIZE_WRITE_10K_100K	0	/work/hdd/bdau/mbanisharifdehkordi/E2E/3d/results_decomp_mismatch/decomp_mismatch.nc4-4005036033-2888081.loc	/work	lustre
POSIX	44	15634375788946986981	POSIX_SIZE_WRITE_100K_1M	0	/work/hdd/bdau/mbanisharifdehkordi/E2E/3d/results_decomp_mismatch/decomp_mismatch.nc4-4005036033-2888081.loc	/work	lustre
POSIX	44	15634375788946986981	POSIX_SIZE_WRITE_1M_4M	0	/work/hdd/bdau/mbanisharifdehkordi/E2E/3d/results_decomp_mismatch/decomp_mismatch.nc4-4005036033-2888081.loc	/work	lustre
POSIX	44	15634375788946986981	POSIX_SIZE_WRITE_4M_10M	0	/work/hdd/bdau/mbanisharifdehkordi/E2E/3d/results_decomp_mismatch/decomp_mismatch.nc4-4005036033-2888081.loc	/work	lustre
POSIX	44	15634375788946986981	POSIX_SIZE_WRITE_10M_100M	0	/work/hdd/bdau/mbanisharifdehkordi/E2E/3d/results_decomp_mismatch/decomp_mismatch.nc4-4005036033-2888081.loc	/work	lustre
POSIX	44	15634375788946986981	POSIX_SIZE_WRITE_100M_1G	0	/work/hdd/bdau/mbanisharifdehkordi/E2E/3d/results_decomp_mismatch/decomp_mismatch.nc4-4005036033-2888081.loc	/work	lustre
POSIX	44	15634375788946986981	POSIX_SIZE_WRITE_1G_PLUS	0	/work/hdd/bdau/mbanisharifdehkordi/E2E/3d/results_decomp_mismatch/decomp_mismatch.nc4-4005036033-2888081.loc	/work	lustre
POSIX	45	6096448006252079572	POSIX_WRITES	0	/work/hdd/bdau/mbanisharifdehkordi/E2E/3d/results_decomp_mismatch/decomp_mismatch.nc4.locktest.45	/work	lustre
POSIX	45	6096448006252079572	POSIX_FILE_NOT_ALIGNED	0	/work/hdd/bdau/mbanisharifdehkordi/E2E/3d/results_decomp_mismatch/decomp_mismatch.nc4.locktest.45	/work	lustre
POSIX	45	6096448006252079572	POSIX_SIZE_WRITE_0_100	0	/work/hdd/bdau/mbanisharifdehkordi/E2E/3d/results_decomp_mismatch/decomp_mismatch.nc4.locktest.45	/work	lustre
POSIX	45	6096448006252079572	POSIX_SIZE_WRITE_100_1K	0	/work/hdd/bdau/mbanisharifdehkordi/E2E/3d/results_decomp_mismatch/decomp_mismatch.nc4.locktest.45	/work	lustre
POSIX	45	6096448006252079572	POSIX_SIZE_WRITE_1K_10K	0	/work/hdd/bdau/mbanisharifdehkordi/E2E/3d/results_decomp_mismatch/decomp_mismatch.nc4.locktest.45	/work	lustre
POSIX	45	6096448006252079572	POSIX_SIZE_WRITE_10K_100K	0	/work/hdd/bdau/mbanisharifdehkordi/E2E/3d/results_decomp_mismatch/decomp_mismatch.nc4.locktest.45	/work	lustre
POSIX	45	6096448006252079572	POSIX_SIZE_WRITE_100K_1M	0	/work/hdd/bdau/mbanisharifdehkordi/E2E/3d/results_decomp_mismatch/decomp_mismatch.nc4.locktest.45	/work	lustre
POSIX	45	6096448006252079572	POSIX_SIZE_WRITE_1M_4M	0	/work/hdd/bdau/mbanisharifdehkordi/E2E/3d/results_decomp_mismatch/decomp_mismatch.nc4.locktest.45	/work	lustre
POSIX	45	6096448006252079572	POSIX_SIZE_WRITE_4M_10M	0	/work/hdd/bdau/mbanisharifdehkordi/E2E/3d/results_decomp_mismatch/decomp_mismatch.nc4.locktest.45	/work	lustre
POSIX	45	6096448006252079572	POSIX_SIZE_WRITE_10M_100M	0	/work/hdd/bdau/mbanisharifdehkordi/E2E/3d/results_decomp_mismatch/decomp_mismatch.nc4.locktest.45	/work	lustre
POSIX	45	6096448006252079572	POSIX_SIZE_WRITE_100M_1G	0	/work/hdd/bdau/mbanisharifdehkordi/E2E/3d/results_decomp_mismatch/decomp_mismatch.nc4.locktest.45	/work	lustre
POSIX	45	6096448006252079572	POSIX_SIZE_WRITE_1G_PLUS	0	/work/hdd/bdau/mbanisharifdehkordi/E2E/3d/results_decomp_mismatch/decomp_mismatch.nc4.locktest.45	/work	lustre
POSIX	45	8796968004350111049	POSIX_WRITES	0	/work/hdd/bdau/mbanisharifdehkordi/E2E/3d/results_decomp_mismatch/decomp_mismatch.nc4	/work	lustre
POSIX	45	8796968004350111049	POSIX_FILE_NOT_ALIGNED	0	/work/hdd/bdau/mbanisharifdehkordi/E2E/3d/results_decomp_mismatch/decomp_mismatch.nc4	/work	lustre
POSIX	45	8796968004350111049	POSIX_SIZE_WRITE_0_100	0	/work/hdd/bdau/mbanisharifdehkordi/E2E/3d/results_decomp_mismatch/decomp_mismatch.nc4	/work	lustre
POSIX	45	8796968004350111049	POSIX_SIZE_WRITE_100_1K	0	/work/hdd/bdau/mbanisharifdehkordi/E2E/3d/results_decomp_mismatch/decomp_mismatch.nc4	/work	lustre
POSIX	45	8796968004350111049	POSIX_SIZE_WRITE_1K_10K	0	/work/hdd/bdau/mbanisharifdehkordi/E2E/3d/results_decomp_mismatch/decomp_mismatch.nc4	/work	lustre
POSIX	45	8796968004350111049	POSIX_SIZE_WRITE_10K_100K	0	/work/hdd/bdau/mbanisharifdehkordi/E2E/3d/results_decomp_mismatch/decomp_mismatch.nc4	/work	lustre
POSIX	45	8796968004350111049	POSIX_SIZE_WRITE_100K_1M	0	/work/hdd/bdau/mbanisharifdehkordi/E2E/3d/results_decomp_mismatch/decomp_mismatch.nc4	/work	lustre
POSIX	45	8796968004350111049	POSIX_SIZE_WRITE_1M_4M	0	/work/hdd/bdau/mbanisharifdehkordi/E2E/3d/results_decomp_mismatch/decomp_mismatch.nc4	/work	lustre
POSIX	45	8796968004350111049	POSIX_SIZE_WRITE_4M_10M	0	/work/hdd/bdau/mbanisharifdehkordi/E2E/3d/results_decomp_mismatch/decomp_mismatch.nc4	/work	lustre
POSIX	45	8796968004350111049	POSIX_SIZE_WRITE_10M_100M	0	/work/hdd/bdau/mbanisharifdehkordi/E2E/3d/results_decomp_mismatch/decomp_mismatch.nc4	/work	lustre
POSIX	45	8796968004350111049	POSIX_SIZE_WRITE_100M_1G	0	/work/hdd/bdau/mbanisharifdehkordi/E2E/3d/results_decomp_mismatch/decomp_mismatch.nc4	/work	lustre
POSIX	45	8796968004350111049	POSIX_SIZE_WRITE_1G_PLUS	0	/work/hdd/bdau/mbanisharifdehkordi/E2E/3d/results_decomp_mismatch/decomp_mismatch.nc4	/work	lustre
POSIX	45	6939792131935133011	POSIX_WRITES	0	/work/hdd/bdau/mbanisharifdehkordi/E2E/3d/results_decomp_mismatch/.	/work	lustre
POSIX	45	6939792131935133011	POSIX_FILE_NOT_ALIGNED	0	/work/hdd/bdau/mbanisharifdehkordi/E2E/3d/results_decomp_mismatch/.	/work	lustre
POSIX	45	6939792131935133011	POSIX_SIZE_WRITE_0_100	0	/work/hdd/bdau/mbanisharifdehkordi/E2E/3d/results_decomp_mismatch/.	/work	lustre
POSIX	45	6939792131935133011	POSIX_SIZE_WRITE_100_1K	0	/work/hdd/bdau/mbanisharifdehkordi/E2E/3d/results_decomp_mismatch/.	/work	lustre
POSIX	45	6939792131935133011	POSIX_SIZE_WRITE_1K_10K	0	/work/hdd/bdau/mbanisharifdehkordi/E2E/3d/results_decomp_mismatch/.	/work	lustre
POSIX	45	6939792131935133011	POSIX_SIZE_WRITE_10K_100K	0	/work/hdd/bdau/mbanisharifdehkordi/E2E/3d/results_decomp_mismatch/.	/work	lustre
POSIX	45	6939792131935133011	POSIX_SIZE_WRITE_100K_1M	0	/work/hdd/bdau/mbanisharifdehkordi/E2E/3d/results_decomp_mismatch/.	/work	lustre
POSIX	45	6939792131935133011	POSIX_SIZE_WRITE_1M_4M	0	/work/hdd/bdau/mbanisharifdehkordi/E2E/3d/results_decomp_mismatch/.	/work	lustre
POSIX	45	6939792131935133011	POSIX_SIZE_WRITE_4M_10M	0	/work/hdd/bdau/mbanisharifdehkordi/E2E/3d/results_decomp_mismatch/.	/work	lustre
POSIX	45	6939792131935133011	POSIX_SIZE_WRITE_10M_100M	0	/work/hdd/bdau/mbanisharifdehkordi/E2E/3d/results_decomp_mismatch/.	/work	lustre
POSIX	45	6939792131935133011	POSIX_SIZE_WRITE_100M_1G	0	/work/hdd/bdau/mbanisharifdehkordi/E2E/3d/results_decomp_mismatch/.	/work	lustre
POSIX	45	6939792131935133011	POSIX_SIZE_WRITE_1G_PLUS	0	/work/hdd/bdau/mbanisharifdehkordi/E2E/3d/results_decomp_mismatch/.	/work	lustre
POSIX	45	15634375788946986981	POSIX_WRITES	0	/work/hdd/bdau/mbanisharifdehkordi/E2E/3d/results_decomp_mismatch/decomp_mismatch.nc4-4005036033-2888081.loc	/work	lustre
POSIX	45	15634375788946986981	POSIX_FILE_NOT_ALIGNED	0	/work/hdd/bdau/mbanisharifdehkordi/E2E/3d/results_decomp_mismatch/decomp_mismatch.nc4-4005036033-2888081.loc	/work	lustre
POSIX	45	15634375788946986981	POSIX_SIZE_WRITE_0_100	0	/work/hdd/bdau/mbanisharifdehkordi/E2E/3d/results_decomp_mismatch/decomp_mismatch.nc4-4005036033-2888081.loc	/work	lustre
POSIX	45	15634375788946986981	POSIX_SIZE_WRITE_100_1K	0	/work/hdd/bdau/mbanisharifdehkordi/E2E/3d/results_decomp_mismatch/decomp_mismatch.nc4-4005036033-2888081.loc	/work	lustre
POSIX	45	15634375788946986981	POSIX_SIZE_WRITE_1K_10K	0	/work/hdd/bdau/mbanisharifdehkordi/E2E/3d/results_decomp_mismatch/decomp_mismatch.nc4-4005036033-2888081.loc	/work	lustre
POSIX	45	15634375788946986981	POSIX_SIZE_WRITE_10K_100K	0	/work/hdd/bdau/mbanisharifdehkordi/E2E/3d/results_decomp_mismatch/decomp_mismatch.nc4-4005036033-2888081.loc	/work	lustre
POSIX	45	15634375788946986981	POSIX_SIZE_WRITE_100K_1M	0	/work/hdd/bdau/mbanisharifdehkordi/E2E/3d/results_decomp_mismatch/decomp_mismatch.nc4-4005036033-2888081.loc	/work	lustre
POSIX	45	15634375788946986981	POSIX_SIZE_WRITE_1M_4M	0	/work/hdd/bdau/mbanisharifdehkordi/E2E/3d/results_decomp_mismatch/decomp_mismatch.nc4-4005036033-2888081.loc	/work	lustre
POSIX	45	15634375788946986981	POSIX_SIZE_WRITE_4M_10M	0	/work/hdd/bdau/mbanisharifdehkordi/E2E/3d/results_decomp_mismatch/decomp_mismatch.nc4-4005036033-2888081.loc	/work	lustre
POSIX	45	15634375788946986981	POSIX_SIZE_WRITE_10M_100M	0	/work/hdd/bdau/mbanisharifdehkordi/E2E/3d/results_decomp_mismatch/decomp_mismatch.nc4-4005036033-2888081.loc	/work	lustre
POSIX	45	15634375788946986981	POSIX_SIZE_WRITE_100M_1G	0	/work/hdd/bdau/mbanisharifdehkordi/E2E/3d/results_decomp_mismatch/decomp_mismatch.nc4-4005036033-2888081.loc	/work	lustre
POSIX	45	15634375788946986981	POSIX_SIZE_WRITE_1G_PLUS	0	/work/hdd/bdau/mbanisharifdehkordi/E2E/3d/results_decomp_mismatch/decomp_mismatch.nc4-4005036033-2888081.loc	/work	lustre
POSIX	46	3653736371367585458	POSIX_WRITES	0	/work/hdd/bdau/mbanisharifdehkordi/E2E/3d/results_decomp_mismatch/decomp_mismatch.nc4.locktest.46	/work	lustre
POSIX	46	3653736371367585458	POSIX_FILE_NOT_ALIGNED	0	/work/hdd/bdau/mbanisharifdehkordi/E2E/3d/results_decomp_mismatch/decomp_mismatch.nc4.locktest.46	/work	lustre
POSIX	46	3653736371367585458	POSIX_SIZE_WRITE_0_100	0	/work/hdd/bdau/mbanisharifdehkordi/E2E/3d/results_decomp_mismatch/decomp_mismatch.nc4.locktest.46	/work	lustre
POSIX	46	3653736371367585458	POSIX_SIZE_WRITE_100_1K	0	/work/hdd/bdau/mbanisharifdehkordi/E2E/3d/results_decomp_mismatch/decomp_mismatch.nc4.locktest.46	/work	lustre
POSIX	46	3653736371367585458	POSIX_SIZE_WRITE_1K_10K	0	/work/hdd/bdau/mbanisharifdehkordi/E2E/3d/results_decomp_mismatch/decomp_mismatch.nc4.locktest.46	/work	lustre
POSIX	46	3653736371367585458	POSIX_SIZE_WRITE_10K_100K	0	/work/hdd/bdau/mbanisharifdehkordi/E2E/3d/results_decomp_mismatch/decomp_mismatch.nc4.locktest.46	/work	lustre
POSIX	46	3653736371367585458	POSIX_SIZE_WRITE_100K_1M	0	/work/hdd/bdau/mbanisharifdehkordi/E2E/3d/results_decomp_mismatch/decomp_mismatch.nc4.locktest.46	/work	lustre
POSIX	46	3653736371367585458	POSIX_SIZE_WRITE_1M_4M	0	/work/hdd/bdau/mbanisharifdehkordi/E2E/3d/results_decomp_mismatch/decomp_mismatch.nc4.locktest.46	/work	lustre
POSIX	46	3653736371367585458	POSIX_SIZE_WRITE_4M_10M	0	/work/hdd/bdau/mbanisharifdehkordi/E2E/3d/results_decomp_mismatch/decomp_mismatch.nc4.locktest.46	/work	lustre
POSIX	46	3653736371367585458	POSIX_SIZE_WRITE_10M_100M	0	/work/hdd/bdau/mbanisharifdehkordi/E2E/3d/results_decomp_mismatch/decomp_mismatch.nc4.locktest.46	/work	lustre
POSIX	46	3653736371367585458	POSIX_SIZE_WRITE_100M_1G	0	/work/hdd/bdau/mbanisharifdehkordi/E2E/3d/results_decomp_mismatch/decomp_mismatch.nc4.locktest.46	/work	lustre
POSIX	46	3653736371367585458	POSIX_SIZE_WRITE_1G_PLUS	0	/work/hdd/bdau/mbanisharifdehkordi/E2E/3d/results_decomp_mismatch/decomp_mismatch.nc4.locktest.46	/work	lustre
POSIX	46	8796968004350111049	POSIX_WRITES	0	/work/hdd/bdau/mbanisharifdehkordi/E2E/3d/results_decomp_mismatch/decomp_mismatch.nc4	/work	lustre
POSIX	46	8796968004350111049	POSIX_FILE_NOT_ALIGNED	0	/work/hdd/bdau/mbanisharifdehkordi/E2E/3d/results_decomp_mismatch/decomp_mismatch.nc4	/work	lustre
POSIX	46	8796968004350111049	POSIX_SIZE_WRITE_0_100	0	/work/hdd/bdau/mbanisharifdehkordi/E2E/3d/results_decomp_mismatch/decomp_mismatch.nc4	/work	lustre
POSIX	46	8796968004350111049	POSIX_SIZE_WRITE_100_1K	0	/work/hdd/bdau/mbanisharifdehkordi/E2E/3d/results_decomp_mismatch/decomp_mismatch.nc4	/work	lustre
POSIX	46	8796968004350111049	POSIX_SIZE_WRITE_1K_10K	0	/work/hdd/bdau/mbanisharifdehkordi/E2E/3d/results_decomp_mismatch/decomp_mismatch.nc4	/work	lustre
POSIX	46	8796968004350111049	POSIX_SIZE_WRITE_10K_100K	0	/work/hdd/bdau/mbanisharifdehkordi/E2E/3d/results_decomp_mismatch/decomp_mismatch.nc4	/work	lustre
POSIX	46	8796968004350111049	POSIX_SIZE_WRITE_100K_1M	0	/work/hdd/bdau/mbanisharifdehkordi/E2E/3d/results_decomp_mismatch/decomp_mismatch.nc4	/work	lustre
POSIX	46	8796968004350111049	POSIX_SIZE_WRITE_1M_4M	0	/work/hdd/bdau/mbanisharifdehkordi/E2E/3d/results_decomp_mismatch/decomp_mismatch.nc4	/work	lustre
POSIX	46	8796968004350111049	POSIX_SIZE_WRITE_4M_10M	0	/work/hdd/bdau/mbanisharifdehkordi/E2E/3d/results_decomp_mismatch/decomp_mismatch.nc4	/work	lustre
POSIX	46	8796968004350111049	POSIX_SIZE_WRITE_10M_100M	0	/work/hdd/bdau/mbanisharifdehkordi/E2E/3d/results_decomp_mismatch/decomp_mismatch.nc4	/work	lustre
POSIX	46	8796968004350111049	POSIX_SIZE_WRITE_100M_1G	0	/work/hdd/bdau/mbanisharifdehkordi/E2E/3d/results_decomp_mismatch/decomp_mismatch.nc4	/work	lustre
POSIX	46	8796968004350111049	POSIX_SIZE_WRITE_1G_PLUS	0	/work/hdd/bdau/mbanisharifdehkordi/E2E/3d/results_decomp_mismatch/decomp_mismatch.nc4	/work	lustre
POSIX	46	6939792131935133011	POSIX_WRITES	0	/work/hdd/bdau/mbanisharifdehkordi/E2E/3d/results_decomp_mismatch/.	/work	lustre
POSIX	46	6939792131935133011	POSIX_FILE_NOT_ALIGNED	0	/work/hdd/bdau/mbanisharifdehkordi/E2E/3d/results_decomp_mismatch/.	/work	lustre
POSIX	46	6939792131935133011	POSIX_SIZE_WRITE_0_100	0	/work/hdd/bdau/mbanisharifdehkordi/E2E/3d/results_decomp_mismatch/.	/work	lustre
POSIX	46	6939792131935133011	POSIX_SIZE_WRITE_100_1K	0	/work/hdd/bdau/mbanisharifdehkordi/E2E/3d/results_decomp_mismatch/.	/work	lustre
POSIX	46	6939792131935133011	POSIX_SIZE_WRITE_1K_10K	0	/work/hdd/bdau/mbanisharifdehkordi/E2E/3d/results_decomp_mismatch/.	/work	lustre
POSIX	46	6939792131935133011	POSIX_SIZE_WRITE_10K_100K	0	/work/hdd/bdau/mbanisharifdehkordi/E2E/3d/results_decomp_mismatch/.	/work	lustre
POSIX	46	6939792131935133011	POSIX_SIZE_WRITE_100K_1M	0	/work/hdd/bdau/mbanisharifdehkordi/E2E/3d/results_decomp_mismatch/.	/work	lustre
POSIX	46	6939792131935133011	POSIX_SIZE_WRITE_1M_4M	0	/work/hdd/bdau/mbanisharifdehkordi/E2E/3d/results_decomp_mismatch/.	/work	lustre
POSIX	46	6939792131935133011	POSIX_SIZE_WRITE_4M_10M	0	/work/hdd/bdau/mbanisharifdehkordi/E2E/3d/results_decomp_mismatch/.	/work	lustre
POSIX	46	6939792131935133011	POSIX_SIZE_WRITE_10M_100M	0	/work/hdd/bdau/mbanisharifdehkordi/E2E/3d/results_decomp_mismatch/.	/work	lustre
POSIX	46	6939792131935133011	POSIX_SIZE_WRITE_100M_1G	0	/work/hdd/bdau/mbanisharifdehkordi/E2E/3d/results_decomp_mismatch/.	/work	lustre
POSIX	46	6939792131935133011	POSIX_SIZE_WRITE_1G_PLUS	0	/work/hdd/bdau/mbanisharifdehkordi/E2E/3d/results_decomp_mismatch/.	/work	lustre
POSIX	46	15634375788946986981	POSIX_WRITES	0	/work/hdd/bdau/mbanisharifdehkordi/E2E/3d/results_decomp_mismatch/decomp_mismatch.nc4-4005036033-2888081.loc	/work	lustre
POSIX	46	15634375788946986981	POSIX_FILE_NOT_ALIGNED	0	/work/hdd/bdau/mbanisharifdehkordi/E2E/3d/results_decomp_mismatch/decomp_mismatch.nc4-4005036033-2888081.loc	/work	lustre
POSIX	46	15634375788946986981	POSIX_SIZE_WRITE_0_100	0	/work/hdd/bdau/mbanisharifdehkordi/E2E/3d/results_decomp_mismatch/decomp_mismatch.nc4-4005036033-2888081.loc	/work	lustre
POSIX	46	15634375788946986981	POSIX_SIZE_WRITE_100_1K	0	/work/hdd/bdau/mbanisharifdehkordi/E2E/3d/results_decomp_mismatch/decomp_mismatch.nc4-4005036033-2888081.loc	/work	lustre
POSIX	46	15634375788946986981	POSIX_SIZE_WRITE_1K_10K	0	/work/hdd/bdau/mbanisharifdehkordi/E2E/3d/results_decomp_mismatch/decomp_mismatch.nc4-4005036033-2888081.loc	/work	lustre
POSIX	46	15634375788946986981	POSIX_SIZE_WRITE_10K_100K	0	/work/hdd/bdau/mbanisharifdehkordi/E2E/3d/results_decomp_mismatch/decomp_mismatch.nc4-4005036033-2888081.loc	/work	lustre
POSIX	46	15634375788946986981	POSIX_SIZE_WRITE_100K_1M	0	/work/hdd/bdau/mbanisharifdehkordi/E2E/3d/results_decomp_mismatch/decomp_mismatch.nc4-4005036033-2888081.loc	/work	lustre
POSIX	46	15634375788946986981	POSIX_SIZE_WRITE_1M_4M	0	/work/hdd/bdau/mbanisharifdehkordi/E2E/3d/results_decomp_mismatch/decomp_mismatch.nc4-4005036033-2888081.loc	/work	lustre
POSIX	46	15634375788946986981	POSIX_SIZE_WRITE_4M_10M	0	/work/hdd/bdau/mbanisharifdehkordi/E2E/3d/results_decomp_mismatch/decomp_mismatch.nc4-4005036033-2888081.loc	/work	lustre
POSIX	46	15634375788946986981	POSIX_SIZE_WRITE_10M_100M	0	/work/hdd/bdau/mbanisharifdehkordi/E2E/3d/results_decomp_mismatch/decomp_mismatch.nc4-4005036033-2888081.loc	/work	lustre
POSIX	46	15634375788946986981	POSIX_SIZE_WRITE_100M_1G	0	/work/hdd/bdau/mbanisharifdehkordi/E2E/3d/results_decomp_mismatch/decomp_mismatch.nc4-4005036033-2888081.loc	/work	lustre
POSIX	46	15634375788946986981	POSIX_SIZE_WRITE_1G_PLUS	0	/work/hdd/bdau/mbanisharifdehkordi/E2E/3d/results_decomp_mismatch/decomp_mismatch.nc4-4005036033-2888081.loc	/work	lustre
POSIX	47	18349804432171653270	POSIX_WRITES	0	/work/hdd/bdau/mbanisharifdehkordi/E2E/3d/results_decomp_mismatch/decomp_mismatch.nc4.locktest.47	/work	lustre
POSIX	47	18349804432171653270	POSIX_FILE_NOT_ALIGNED	0	/work/hdd/bdau/mbanisharifdehkordi/E2E/3d/results_decomp_mismatch/decomp_mismatch.nc4.locktest.47	/work	lustre
POSIX	47	18349804432171653270	POSIX_SIZE_WRITE_0_100	0	/work/hdd/bdau/mbanisharifdehkordi/E2E/3d/results_decomp_mismatch/decomp_mismatch.nc4.locktest.47	/work	lustre
POSIX	47	18349804432171653270	POSIX_SIZE_WRITE_100_1K	0	/work/hdd/bdau/mbanisharifdehkordi/E2E/3d/results_decomp_mismatch/decomp_mismatch.nc4.locktest.47	/work	lustre
POSIX	47	18349804432171653270	POSIX_SIZE_WRITE_1K_10K	0	/work/hdd/bdau/mbanisharifdehkordi/E2E/3d/results_decomp_mismatch/decomp_mismatch.nc4.locktest.47	/work	lustre
POSIX	47	18349804432171653270	POSIX_SIZE_WRITE_10K_100K	0	/work/hdd/bdau/mbanisharifdehkordi/E2E/3d/results_decomp_mismatch/decomp_mismatch.nc4.locktest.47	/work	lustre
POSIX	47	18349804432171653270	POSIX_SIZE_WRITE_100K_1M	0	/work/hdd/bdau/mbanisharifdehkordi/E2E/3d/results_decomp_mismatch/decomp_mismatch.nc4.locktest.47	/work	lustre
POSIX	47	18349804432171653270	POSIX_SIZE_WRITE_1M_4M	0	/work/hdd/bdau/mbanisharifdehkordi/E2E/3d/results_decomp_mismatch/decomp_mismatch.nc4.locktest.47	/work	lustre
POSIX	47	18349804432171653270	POSIX_SIZE_WRITE_4M_10M	0	/work/hdd/bdau/mbanisharifdehkordi/E2E/3d/results_decomp_mismatch/decomp_mismatch.nc4.locktest.47	/work	lustre
POSIX	47	18349804432171653270	POSIX_SIZE_WRITE_10M_100M	0	/work/hdd/bdau/mbanisharifdehkordi/E2E/3d/results_decomp_mismatch/decomp_mismatch.nc4.locktest.47	/work	lustre
POSIX	47	18349804432171653270	POSIX_SIZE_WRITE_100M_1G	0	/work/hdd/bdau/mbanisharifdehkordi/E2E/3d/results_decomp_mismatch/decomp_mismatch.nc4.locktest.47	/work	lustre
POSIX	47	18349804432171653270	POSIX_SIZE_WRITE_1G_PLUS	0	/work/hdd/bdau/mbanisharifdehkordi/E2E/3d/results_decomp_mismatch/decomp_mismatch.nc4.locktest.47	/work	lustre
POSIX	47	8796968004350111049	POSIX_WRITES	0	/work/hdd/bdau/mbanisharifdehkordi/E2E/3d/results_decomp_mismatch/decomp_mismatch.nc4	/work	lustre
POSIX	47	8796968004350111049	POSIX_FILE_NOT_ALIGNED	0	/work/hdd/bdau/mbanisharifdehkordi/E2E/3d/results_decomp_mismatch/decomp_mismatch.nc4	/work	lustre
POSIX	47	8796968004350111049	POSIX_SIZE_WRITE_0_100	0	/work/hdd/bdau/mbanisharifdehkordi/E2E/3d/results_decomp_mismatch/decomp_mismatch.nc4	/work	lustre
POSIX	47	8796968004350111049	POSIX_SIZE_WRITE_100_1K	0	/work/hdd/bdau/mbanisharifdehkordi/E2E/3d/results_decomp_mismatch/decomp_mismatch.nc4	/work	lustre
POSIX	47	8796968004350111049	POSIX_SIZE_WRITE_1K_10K	0	/work/hdd/bdau/mbanisharifdehkordi/E2E/3d/results_decomp_mismatch/decomp_mismatch.nc4	/work	lustre
POSIX	47	8796968004350111049	POSIX_SIZE_WRITE_10K_100K	0	/work/hdd/bdau/mbanisharifdehkordi/E2E/3d/results_decomp_mismatch/decomp_mismatch.nc4	/work	lustre
POSIX	47	8796968004350111049	POSIX_SIZE_WRITE_100K_1M	0	/work/hdd/bdau/mbanisharifdehkordi/E2E/3d/results_decomp_mismatch/decomp_mismatch.nc4	/work	lustre
POSIX	47	8796968004350111049	POSIX_SIZE_WRITE_1M_4M	0	/work/hdd/bdau/mbanisharifdehkordi/E2E/3d/results_decomp_mismatch/decomp_mismatch.nc4	/work	lustre
POSIX	47	8796968004350111049	POSIX_SIZE_WRITE_4M_10M	0	/work/hdd/bdau/mbanisharifdehkordi/E2E/3d/results_decomp_mismatch/decomp_mismatch.nc4	/work	lustre
POSIX	47	8796968004350111049	POSIX_SIZE_WRITE_10M_100M	0	/work/hdd/bdau/mbanisharifdehkordi/E2E/3d/results_decomp_mismatch/decomp_mismatch.nc4	/work	lustre
POSIX	47	8796968004350111049	POSIX_SIZE_WRITE_100M_1G	0	/work/hdd/bdau/mbanisharifdehkordi/E2E/3d/results_decomp_mismatch/decomp_mismatch.nc4	/work	lustre
POSIX	47	8796968004350111049	POSIX_SIZE_WRITE_1G_PLUS	0	/work/hdd/bdau/mbanisharifdehkordi/E2E/3d/results_decomp_mismatch/decomp_mismatch.nc4	/work	lustre
POSIX	47	6939792131935133011	POSIX_WRITES	0	/work/hdd/bdau/mbanisharifdehkordi/E2E/3d/results_decomp_mismatch/.	/work	lustre
POSIX	47	6939792131935133011	POSIX_FILE_NOT_ALIGNED	0	/work/hdd/bdau/mbanisharifdehkordi/E2E/3d/results_decomp_mismatch/.	/work	lustre
POSIX	47	6939792131935133011	POSIX_SIZE_WRITE_0_100	0	/work/hdd/bdau/mbanisharifdehkordi/E2E/3d/results_decomp_mismatch/.	/work	lustre
POSIX	47	6939792131935133011	POSIX_SIZE_WRITE_100_1K	0	/work/hdd/bdau/mbanisharifdehkordi/E2E/3d/results_decomp_mismatch/.	/work	lustre
POSIX	47	6939792131935133011	POSIX_SIZE_WRITE_1K_10K	0	/work/hdd/bdau/mbanisharifdehkordi/E2E/3d/results_decomp_mismatch/.	/work	lustre
POSIX	47	6939792131935133011	POSIX_SIZE_WRITE_10K_100K	0	/work/hdd/bdau/mbanisharifdehkordi/E2E/3d/results_decomp_mismatch/.	/work	lustre
POSIX	47	6939792131935133011	POSIX_SIZE_WRITE_100K_1M	0	/work/hdd/bdau/mbanisharifdehkordi/E2E/3d/results_decomp_mismatch/.	/work	lustre
POSIX	47	6939792131935133011	POSIX_SIZE_WRITE_1M_4M	0	/work/hdd/bdau/mbanisharifdehkordi/E2E/3d/results_decomp_mismatch/.	/work	lustre
POSIX	47	6939792131935133011	POSIX_SIZE_WRITE_4M_10M	0	/work/hdd/bdau/mbanisharifdehkordi/E2E/3d/results_decomp_mismatch/.	/work	lustre
POSIX	47	6939792131935133011	POSIX_SIZE_WRITE_10M_100M	0	/work/hdd/bdau/mbanisharifdehkordi/E2E/3d/results_decomp_mismatch/.	/work	lustre
POSIX	47	6939792131935133011	POSIX_SIZE_WRITE_100M_1G	0	/work/hdd/bdau/mbanisharifdehkordi/E2E/3d/results_decomp_mismatch/.	/work	lustre
POSIX	47	6939792131935133011	POSIX_SIZE_WRITE_1G_PLUS	0	/work/hdd/bdau/mbanisharifdehkordi/E2E/3d/results_decomp_mismatch/.	/work	lustre
POSIX	47	15634375788946986981	POSIX_WRITES	0	/work/hdd/bdau/mbanisharifdehkordi/E2E/3d/results_decomp_mismatch/decomp_mismatch.nc4-4005036033-2888081.loc	/work	lustre
POSIX	47	15634375788946986981	POSIX_FILE_NOT_ALIGNED	0	/work/hdd/bdau/mbanisharifdehkordi/E2E/3d/results_decomp_mismatch/decomp_mismatch.nc4-4005036033-2888081.loc	/work	lustre
POSIX	47	15634375788946986981	POSIX_SIZE_WRITE_0_100	0	/work/hdd/bdau/mbanisharifdehkordi/E2E/3d/results_decomp_mismatch/decomp_mismatch.nc4-4005036033-2888081.loc	/work	lustre
POSIX	47	15634375788946986981	POSIX_SIZE_WRITE_100_1K	0	/work/hdd/bdau/mbanisharifdehkordi/E2E/3d/results_decomp_mismatch/decomp_mismatch.nc4-4005036033-2888081.loc	/work	lustre
POSIX	47	15634375788946986981	POSIX_SIZE_WRITE_1K_10K	0	/work/hdd/bdau/mbanisharifdehkordi/E2E/3d/results_decomp_mismatch/decomp_mismatch.nc4-4005036033-2888081.loc	/work	lustre
POSIX	47	15634375788946986981	POSIX_SIZE_WRITE_10K_100K	0	/work/hdd/bdau/mbanisharifdehkordi/E2E/3d/results_decomp_mismatch/decomp_mismatch.nc4-4005036033-2888081.loc	/work	lustre
POSIX	47	15634375788946986981	POSIX_SIZE_WRITE_100K_1M	0	/work/hdd/bdau/mbanisharifdehkordi/E2E/3d/results_decomp_mismatch/decomp_mismatch.nc4-4005036033-2888081.loc	/work	lustre
POSIX	47	15634375788946986981	POSIX_SIZE_WRITE_1M_4M	0	/work/hdd/bdau/mbanisharifdehkordi/E2E/3d/results_decomp_mismatch/decomp_mismatch.nc4-4005036033-2888081.loc	/work	lustre
POSIX	47	15634375788946986981	POSIX_SIZE_WRITE_4M_10M	0	/work/hdd/bdau/mbanisharifdehkordi/E2E/3d/results_decomp_mismatch/decomp_mismatch.nc4-4005036033-2888081.loc	/work	lustre
POSIX	47	15634375788946986981	POSIX_SIZE_WRITE_10M_100M	0	/work/hdd/bdau/mbanisharifdehkordi/E2E/3d/results_decomp_mismatch/decomp_mismatch.nc4-4005036033-2888081.loc	/work	lustre
POSIX	47	15634375788946986981	POSIX_SIZE_WRITE_100M_1G	0	/work/hdd/bdau/mbanisharifdehkordi/E2E/3d/results_decomp_mismatch/decomp_mismatch.nc4-4005036033-2888081.loc	/work	lustre
POSIX	47	15634375788946986981	POSIX_SIZE_WRITE_1G_PLUS	0	/work/hdd/bdau/mbanisharifdehkordi/E2E/3d/results_decomp_mismatch/decomp_mismatch.nc4-4005036033-2888081.loc	/work	lustre
POSIX	48	6525456100683018945	POSIX_WRITES	0	/work/hdd/bdau/mbanisharifdehkordi/E2E/3d/results_decomp_mismatch/decomp_mismatch.nc4.locktest.48	/work	lustre
POSIX	48	6525456100683018945	POSIX_FILE_NOT_ALIGNED	0	/work/hdd/bdau/mbanisharifdehkordi/E2E/3d/results_decomp_mismatch/decomp_mismatch.nc4.locktest.48	/work	lustre
POSIX	48	6525456100683018945	POSIX_SIZE_WRITE_0_100	0	/work/hdd/bdau/mbanisharifdehkordi/E2E/3d/results_decomp_mismatch/decomp_mismatch.nc4.locktest.48	/work	lustre
POSIX	48	6525456100683018945	POSIX_SIZE_WRITE_100_1K	0	/work/hdd/bdau/mbanisharifdehkordi/E2E/3d/results_decomp_mismatch/decomp_mismatch.nc4.locktest.48	/work	lustre
POSIX	48	6525456100683018945	POSIX_SIZE_WRITE_1K_10K	0	/work/hdd/bdau/mbanisharifdehkordi/E2E/3d/results_decomp_mismatch/decomp_mismatch.nc4.locktest.48	/work	lustre
POSIX	48	6525456100683018945	POSIX_SIZE_WRITE_10K_100K	0	/work/hdd/bdau/mbanisharifdehkordi/E2E/3d/results_decomp_mismatch/decomp_mismatch.nc4.locktest.48	/work	lustre
POSIX	48	6525456100683018945	POSIX_SIZE_WRITE_100K_1M	0	/work/hdd/bdau/mbanisharifdehkordi/E2E/3d/results_decomp_mismatch/decomp_mismatch.nc4.locktest.48	/work	lustre
POSIX	48	6525456100683018945	POSIX_SIZE_WRITE_1M_4M	0	/work/hdd/bdau/mbanisharifdehkordi/E2E/3d/results_decomp_mismatch/decomp_mismatch.nc4.locktest.48	/work	lustre
POSIX	48	6525456100683018945	POSIX_SIZE_WRITE_4M_10M	0	/work/hdd/bdau/mbanisharifdehkordi/E2E/3d/results_decomp_mismatch/decomp_mismatch.nc4.locktest.48	/work	lustre
POSIX	48	6525456100683018945	POSIX_SIZE_WRITE_10M_100M	0	/work/hdd/bdau/mbanisharifdehkordi/E2E/3d/results_decomp_mismatch/decomp_mismatch.nc4.locktest.48	/work	lustre
POSIX	48	6525456100683018945	POSIX_SIZE_WRITE_100M_1G	0	/work/hdd/bdau/mbanisharifdehkordi/E2E/3d/results_decomp_mismatch/decomp_mismatch.nc4.locktest.48	/work	lustre
POSIX	48	6525456100683018945	POSIX_SIZE_WRITE_1G_PLUS	0	/work/hdd/bdau/mbanisharifdehkordi/E2E/3d/results_decomp_mismatch/decomp_mismatch.nc4.locktest.48	/work	lustre
POSIX	48	8796968004350111049	POSIX_WRITES	0	/work/hdd/bdau/mbanisharifdehkordi/E2E/3d/results_decomp_mismatch/decomp_mismatch.nc4	/work	lustre
POSIX	48	8796968004350111049	POSIX_FILE_NOT_ALIGNED	0	/work/hdd/bdau/mbanisharifdehkordi/E2E/3d/results_decomp_mismatch/decomp_mismatch.nc4	/work	lustre
POSIX	48	8796968004350111049	POSIX_SIZE_WRITE_0_100	0	/work/hdd/bdau/mbanisharifdehkordi/E2E/3d/results_decomp_mismatch/decomp_mismatch.nc4	/work	lustre
POSIX	48	8796968004350111049	POSIX_SIZE_WRITE_100_1K	0	/work/hdd/bdau/mbanisharifdehkordi/E2E/3d/results_decomp_mismatch/decomp_mismatch.nc4	/work	lustre
POSIX	48	8796968004350111049	POSIX_SIZE_WRITE_1K_10K	0	/work/hdd/bdau/mbanisharifdehkordi/E2E/3d/results_decomp_mismatch/decomp_mismatch.nc4	/work	lustre
POSIX	48	8796968004350111049	POSIX_SIZE_WRITE_10K_100K	0	/work/hdd/bdau/mbanisharifdehkordi/E2E/3d/results_decomp_mismatch/decomp_mismatch.nc4	/work	lustre
POSIX	48	8796968004350111049	POSIX_SIZE_WRITE_100K_1M	0	/work/hdd/bdau/mbanisharifdehkordi/E2E/3d/results_decomp_mismatch/decomp_mismatch.nc4	/work	lustre
POSIX	48	8796968004350111049	POSIX_SIZE_WRITE_1M_4M	0	/work/hdd/bdau/mbanisharifdehkordi/E2E/3d/results_decomp_mismatch/decomp_mismatch.nc4	/work	lustre
POSIX	48	8796968004350111049	POSIX_SIZE_WRITE_4M_10M	0	/work/hdd/bdau/mbanisharifdehkordi/E2E/3d/results_decomp_mismatch/decomp_mismatch.nc4	/work	lustre
POSIX	48	8796968004350111049	POSIX_SIZE_WRITE_10M_100M	0	/work/hdd/bdau/mbanisharifdehkordi/E2E/3d/results_decomp_mismatch/decomp_mismatch.nc4	/work	lustre
POSIX	48	8796968004350111049	POSIX_SIZE_WRITE_100M_1G	0	/work/hdd/bdau/mbanisharifdehkordi/E2E/3d/results_decomp_mismatch/decomp_mismatch.nc4	/work	lustre
POSIX	48	8796968004350111049	POSIX_SIZE_WRITE_1G_PLUS	0	/work/hdd/bdau/mbanisharifdehkordi/E2E/3d/results_decomp_mismatch/decomp_mismatch.nc4	/work	lustre
POSIX	48	6939792131935133011	POSIX_WRITES	0	/work/hdd/bdau/mbanisharifdehkordi/E2E/3d/results_decomp_mismatch/.	/work	lustre
POSIX	48	6939792131935133011	POSIX_FILE_NOT_ALIGNED	0	/work/hdd/bdau/mbanisharifdehkordi/E2E/3d/results_decomp_mismatch/.	/work	lustre
POSIX	48	6939792131935133011	POSIX_SIZE_WRITE_0_100	0	/work/hdd/bdau/mbanisharifdehkordi/E2E/3d/results_decomp_mismatch/.	/work	lustre
POSIX	48	6939792131935133011	POSIX_SIZE_WRITE_100_1K	0	/work/hdd/bdau/mbanisharifdehkordi/E2E/3d/results_decomp_mismatch/.	/work	lustre
POSIX	48	6939792131935133011	POSIX_SIZE_WRITE_1K_10K	0	/work/hdd/bdau/mbanisharifdehkordi/E2E/3d/results_decomp_mismatch/.	/work	lustre
POSIX	48	6939792131935133011	POSIX_SIZE_WRITE_10K_100K	0	/work/hdd/bdau/mbanisharifdehkordi/E2E/3d/results_decomp_mismatch/.	/work	lustre
POSIX	48	6939792131935133011	POSIX_SIZE_WRITE_100K_1M	0	/work/hdd/bdau/mbanisharifdehkordi/E2E/3d/results_decomp_mismatch/.	/work	lustre
POSIX	48	6939792131935133011	POSIX_SIZE_WRITE_1M_4M	0	/work/hdd/bdau/mbanisharifdehkordi/E2E/3d/results_decomp_mismatch/.	/work	lustre
POSIX	48	6939792131935133011	POSIX_SIZE_WRITE_4M_10M	0	/work/hdd/bdau/mbanisharifdehkordi/E2E/3d/results_decomp_mismatch/.	/work	lustre
POSIX	48	6939792131935133011	POSIX_SIZE_WRITE_10M_100M	0	/work/hdd/bdau/mbanisharifdehkordi/E2E/3d/results_decomp_mismatch/.	/work	lustre
POSIX	48	6939792131935133011	POSIX_SIZE_WRITE_100M_1G	0	/work/hdd/bdau/mbanisharifdehkordi/E2E/3d/results_decomp_mismatch/.	/work	lustre
POSIX	48	6939792131935133011	POSIX_SIZE_WRITE_1G_PLUS	0	/work/hdd/bdau/mbanisharifdehkordi/E2E/3d/results_decomp_mismatch/.	/work	lustre
POSIX	48	15634375788946986981	POSIX_WRITES	0	/work/hdd/bdau/mbanisharifdehkordi/E2E/3d/results_decomp_mismatch/decomp_mismatch.nc4-4005036033-2888081.loc	/work	lustre
POSIX	48	15634375788946986981	POSIX_FILE_NOT_ALIGNED	0	/work/hdd/bdau/mbanisharifdehkordi/E2E/3d/results_decomp_mismatch/decomp_mismatch.nc4-4005036033-2888081.loc	/work	lustre
POSIX	48	15634375788946986981	POSIX_SIZE_WRITE_0_100	0	/work/hdd/bdau/mbanisharifdehkordi/E2E/3d/results_decomp_mismatch/decomp_mismatch.nc4-4005036033-2888081.loc	/work	lustre
POSIX	48	15634375788946986981	POSIX_SIZE_WRITE_100_1K	0	/work/hdd/bdau/mbanisharifdehkordi/E2E/3d/results_decomp_mismatch/decomp_mismatch.nc4-4005036033-2888081.loc	/work	lustre
POSIX	48	15634375788946986981	POSIX_SIZE_WRITE_1K_10K	0	/work/hdd/bdau/mbanisharifdehkordi/E2E/3d/results_decomp_mismatch/decomp_mismatch.nc4-4005036033-2888081.loc	/work	lustre
POSIX	48	15634375788946986981	POSIX_SIZE_WRITE_10K_100K	0	/work/hdd/bdau/mbanisharifdehkordi/E2E/3d/results_decomp_mismatch/decomp_mismatch.nc4-4005036033-2888081.loc	/work	lustre
POSIX	48	15634375788946986981	POSIX_SIZE_WRITE_100K_1M	0	/work/hdd/bdau/mbanisharifdehkordi/E2E/3d/results_decomp_mismatch/decomp_mismatch.nc4-4005036033-2888081.loc	/work	lustre
POSIX	48	15634375788946986981	POSIX_SIZE_WRITE_1M_4M	0	/work/hdd/bdau/mbanisharifdehkordi/E2E/3d/results_decomp_mismatch/decomp_mismatch.nc4-4005036033-2888081.loc	/work	lustre
POSIX	48	15634375788946986981	POSIX_SIZE_WRITE_4M_10M	0	/work/hdd/bdau/mbanisharifdehkordi/E2E/3d/results_decomp_mismatch/decomp_mismatch.nc4-4005036033-2888081.loc	/work	lustre
POSIX	48	15634375788946986981	POSIX_SIZE_WRITE_10M_100M	0	/work/hdd/bdau/mbanisharifdehkordi/E2E/3d/results_decomp_mismatch/decomp_mismatch.nc4-4005036033-2888081.loc	/work	lustre
POSIX	48	15634375788946986981	POSIX_SIZE_WRITE_100M_1G	0	/work/hdd/bdau/mbanisharifdehkordi/E2E/3d/results_decomp_mismatch/decomp_mismatch.nc4-4005036033-2888081.loc	/work	lustre
POSIX	48	15634375788946986981	POSIX_SIZE_WRITE_1G_PLUS	0	/work/hdd/bdau/mbanisharifdehkordi/E2E/3d/results_decomp_mismatch/decomp_mismatch.nc4-4005036033-2888081.loc	/work	lustre
POSIX	49	18021711044797489188	POSIX_WRITES	0	/work/hdd/bdau/mbanisharifdehkordi/E2E/3d/results_decomp_mismatch/decomp_mismatch.nc4.locktest.49	/work	lustre
POSIX	49	18021711044797489188	POSIX_FILE_NOT_ALIGNED	0	/work/hdd/bdau/mbanisharifdehkordi/E2E/3d/results_decomp_mismatch/decomp_mismatch.nc4.locktest.49	/work	lustre
POSIX	49	18021711044797489188	POSIX_SIZE_WRITE_0_100	0	/work/hdd/bdau/mbanisharifdehkordi/E2E/3d/results_decomp_mismatch/decomp_mismatch.nc4.locktest.49	/work	lustre
POSIX	49	18021711044797489188	POSIX_SIZE_WRITE_100_1K	0	/work/hdd/bdau/mbanisharifdehkordi/E2E/3d/results_decomp_mismatch/decomp_mismatch.nc4.locktest.49	/work	lustre
POSIX	49	18021711044797489188	POSIX_SIZE_WRITE_1K_10K	0	/work/hdd/bdau/mbanisharifdehkordi/E2E/3d/results_decomp_mismatch/decomp_mismatch.nc4.locktest.49	/work	lustre
POSIX	49	18021711044797489188	POSIX_SIZE_WRITE_10K_100K	0	/work/hdd/bdau/mbanisharifdehkordi/E2E/3d/results_decomp_mismatch/decomp_mismatch.nc4.locktest.49	/work	lustre
POSIX	49	18021711044797489188	POSIX_SIZE_WRITE_100K_1M	0	/work/hdd/bdau/mbanisharifdehkordi/E2E/3d/results_decomp_mismatch/decomp_mismatch.nc4.locktest.49	/work	lustre
POSIX	49	18021711044797489188	POSIX_SIZE_WRITE_1M_4M	0	/work/hdd/bdau/mbanisharifdehkordi/E2E/3d/results_decomp_mismatch/decomp_mismatch.nc4.locktest.49	/work	lustre
POSIX	49	18021711044797489188	POSIX_SIZE_WRITE_4M_10M	0	/work/hdd/bdau/mbanisharifdehkordi/E2E/3d/results_decomp_mismatch/decomp_mismatch.nc4.locktest.49	/work	lustre
POSIX	49	18021711044797489188	POSIX_SIZE_WRITE_10M_100M	0	/work/hdd/bdau/mbanisharifdehkordi/E2E/3d/results_decomp_mismatch/decomp_mismatch.nc4.locktest.49	/work	lustre
POSIX	49	18021711044797489188	POSIX_SIZE_WRITE_100M_1G	0	/work/hdd/bdau/mbanisharifdehkordi/E2E/3d/results_decomp_mismatch/decomp_mismatch.nc4.locktest.49	/work	lustre
POSIX	49	18021711044797489188	POSIX_SIZE_WRITE_1G_PLUS	0	/work/hdd/bdau/mbanisharifdehkordi/E2E/3d/results_decomp_mismatch/decomp_mismatch.nc4.locktest.49	/work	lustre
POSIX	49	8796968004350111049	POSIX_WRITES	0	/work/hdd/bdau/mbanisharifdehkordi/E2E/3d/results_decomp_mismatch/decomp_mismatch.nc4	/work	lustre
POSIX	49	8796968004350111049	POSIX_FILE_NOT_ALIGNED	0	/work/hdd/bdau/mbanisharifdehkordi/E2E/3d/results_decomp_mismatch/decomp_mismatch.nc4	/work	lustre
POSIX	49	8796968004350111049	POSIX_SIZE_WRITE_0_100	0	/work/hdd/bdau/mbanisharifdehkordi/E2E/3d/results_decomp_mismatch/decomp_mismatch.nc4	/work	lustre
POSIX	49	8796968004350111049	POSIX_SIZE_WRITE_100_1K	0	/work/hdd/bdau/mbanisharifdehkordi/E2E/3d/results_decomp_mismatch/decomp_mismatch.nc4	/work	lustre
POSIX	49	8796968004350111049	POSIX_SIZE_WRITE_1K_10K	0	/work/hdd/bdau/mbanisharifdehkordi/E2E/3d/results_decomp_mismatch/decomp_mismatch.nc4	/work	lustre
POSIX	49	8796968004350111049	POSIX_SIZE_WRITE_10K_100K	0	/work/hdd/bdau/mbanisharifdehkordi/E2E/3d/results_decomp_mismatch/decomp_mismatch.nc4	/work	lustre
POSIX	49	8796968004350111049	POSIX_SIZE_WRITE_100K_1M	0	/work/hdd/bdau/mbanisharifdehkordi/E2E/3d/results_decomp_mismatch/decomp_mismatch.nc4	/work	lustre
POSIX	49	8796968004350111049	POSIX_SIZE_WRITE_1M_4M	0	/work/hdd/bdau/mbanisharifdehkordi/E2E/3d/results_decomp_mismatch/decomp_mismatch.nc4	/work	lustre
POSIX	49	8796968004350111049	POSIX_SIZE_WRITE_4M_10M	0	/work/hdd/bdau/mbanisharifdehkordi/E2E/3d/results_decomp_mismatch/decomp_mismatch.nc4	/work	lustre
POSIX	49	8796968004350111049	POSIX_SIZE_WRITE_10M_100M	0	/work/hdd/bdau/mbanisharifdehkordi/E2E/3d/results_decomp_mismatch/decomp_mismatch.nc4	/work	lustre
POSIX	49	8796968004350111049	POSIX_SIZE_WRITE_100M_1G	0	/work/hdd/bdau/mbanisharifdehkordi/E2E/3d/results_decomp_mismatch/decomp_mismatch.nc4	/work	lustre
POSIX	49	8796968004350111049	POSIX_SIZE_WRITE_1G_PLUS	0	/work/hdd/bdau/mbanisharifdehkordi/E2E/3d/results_decomp_mismatch/decomp_mismatch.nc4	/work	lustre
POSIX	49	6939792131935133011	POSIX_WRITES	0	/work/hdd/bdau/mbanisharifdehkordi/E2E/3d/results_decomp_mismatch/.	/work	lustre
POSIX	49	6939792131935133011	POSIX_FILE_NOT_ALIGNED	0	/work/hdd/bdau/mbanisharifdehkordi/E2E/3d/results_decomp_mismatch/.	/work	lustre
POSIX	49	6939792131935133011	POSIX_SIZE_WRITE_0_100	0	/work/hdd/bdau/mbanisharifdehkordi/E2E/3d/results_decomp_mismatch/.	/work	lustre
POSIX	49	6939792131935133011	POSIX_SIZE_WRITE_100_1K	0	/work/hdd/bdau/mbanisharifdehkordi/E2E/3d/results_decomp_mismatch/.	/work	lustre
POSIX	49	6939792131935133011	POSIX_SIZE_WRITE_1K_10K	0	/work/hdd/bdau/mbanisharifdehkordi/E2E/3d/results_decomp_mismatch/.	/work	lustre
POSIX	49	6939792131935133011	POSIX_SIZE_WRITE_10K_100K	0	/work/hdd/bdau/mbanisharifdehkordi/E2E/3d/results_decomp_mismatch/.	/work	lustre
POSIX	49	6939792131935133011	POSIX_SIZE_WRITE_100K_1M	0	/work/hdd/bdau/mbanisharifdehkordi/E2E/3d/results_decomp_mismatch/.	/work	lustre
POSIX	49	6939792131935133011	POSIX_SIZE_WRITE_1M_4M	0	/work/hdd/bdau/mbanisharifdehkordi/E2E/3d/results_decomp_mismatch/.	/work	lustre
POSIX	49	6939792131935133011	POSIX_SIZE_WRITE_4M_10M	0	/work/hdd/bdau/mbanisharifdehkordi/E2E/3d/results_decomp_mismatch/.	/work	lustre
POSIX	49	6939792131935133011	POSIX_SIZE_WRITE_10M_100M	0	/work/hdd/bdau/mbanisharifdehkordi/E2E/3d/results_decomp_mismatch/.	/work	lustre
POSIX	49	6939792131935133011	POSIX_SIZE_WRITE_100M_1G	0	/work/hdd/bdau/mbanisharifdehkordi/E2E/3d/results_decomp_mismatch/.	/work	lustre
POSIX	49	6939792131935133011	POSIX_SIZE_WRITE_1G_PLUS	0	/work/hdd/bdau/mbanisharifdehkordi/E2E/3d/results_decomp_mismatch/.	/work	lustre
POSIX	49	15634375788946986981	POSIX_WRITES	0	/work/hdd/bdau/mbanisharifdehkordi/E2E/3d/results_decomp_mismatch/decomp_mismatch.nc4-4005036033-2888081.loc	/work	lustre
POSIX	49	15634375788946986981	POSIX_FILE_NOT_ALIGNED	0	/work/hdd/bdau/mbanisharifdehkordi/E2E/3d/results_decomp_mismatch/decomp_mismatch.nc4-4005036033-2888081.loc	/work	lustre
POSIX	49	15634375788946986981	POSIX_SIZE_WRITE_0_100	0	/work/hdd/bdau/mbanisharifdehkordi/E2E/3d/results_decomp_mismatch/decomp_mismatch.nc4-4005036033-2888081.loc	/work	lustre
POSIX	49	15634375788946986981	POSIX_SIZE_WRITE_100_1K	0	/work/hdd/bdau/mbanisharifdehkordi/E2E/3d/results_decomp_mismatch/decomp_mismatch.nc4-4005036033-2888081.loc	/work	lustre
POSIX	49	15634375788946986981	POSIX_SIZE_WRITE_1K_10K	0	/work/hdd/bdau/mbanisharifdehkordi/E2E/3d/results_decomp_mismatch/decomp_mismatch.nc4-4005036033-2888081.loc	/work	lustre
POSIX	49	15634375788946986981	POSIX_SIZE_WRITE_10K_100K	0	/work/hdd/bdau/mbanisharifdehkordi/E2E/3d/results_decomp_mismatch/decomp_mismatch.nc4-4005036033-2888081.loc	/work	lustre
POSIX	49	15634375788946986981	POSIX_SIZE_WRITE_100K_1M	0	/work/hdd/bdau/mbanisharifdehkordi/E2E/3d/results_decomp_mismatch/decomp_mismatch.nc4-4005036033-2888081.loc	/work	lustre
POSIX	49	15634375788946986981	POSIX_SIZE_WRITE_1M_4M	0	/work/hdd/bdau/mbanisharifdehkordi/E2E/3d/results_decomp_mismatch/decomp_mismatch.nc4-4005036033-2888081.loc	/work	lustre
POSIX	49	15634375788946986981	POSIX_SIZE_WRITE_4M_10M	0	/work/hdd/bdau/mbanisharifdehkordi/E2E/3d/results_decomp_mismatch/decomp_mismatch.nc4-4005036033-2888081.loc	/work	lustre
POSIX	49	15634375788946986981	POSIX_SIZE_WRITE_10M_100M	0	/work/hdd/bdau/mbanisharifdehkordi/E2E/3d/results_decomp_mismatch/decomp_mismatch.nc4-4005036033-2888081.loc	/work	lustre
POSIX	49	15634375788946986981	POSIX_SIZE_WRITE_100M_1G	0	/work/hdd/bdau/mbanisharifdehkordi/E2E/3d/results_decomp_mismatch/decomp_mismatch.nc4-4005036033-2888081.loc	/work	lustre
POSIX	49	15634375788946986981	POSIX_SIZE_WRITE_1G_PLUS	0	/work/hdd/bdau/mbanisharifdehkordi/E2E/3d/results_decomp_mismatch/decomp_mismatch.nc4-4005036033-2888081.loc	/work	lustre
POSIX	50	6327212953754789216	POSIX_WRITES	0	/work/hdd/bdau/mbanisharifdehkordi/E2E/3d/results_decomp_mismatch/decomp_mismatch.nc4.locktest.50	/work	lustre
POSIX	50	6327212953754789216	POSIX_FILE_NOT_ALIGNED	0	/work/hdd/bdau/mbanisharifdehkordi/E2E/3d/results_decomp_mismatch/decomp_mismatch.nc4.locktest.50	/work	lustre
POSIX	50	6327212953754789216	POSIX_SIZE_WRITE_0_100	0	/work/hdd/bdau/mbanisharifdehkordi/E2E/3d/results_decomp_mismatch/decomp_mismatch.nc4.locktest.50	/work	lustre
POSIX	50	6327212953754789216	POSIX_SIZE_WRITE_100_1K	0	/work/hdd/bdau/mbanisharifdehkordi/E2E/3d/results_decomp_mismatch/decomp_mismatch.nc4.locktest.50	/work	lustre
POSIX	50	6327212953754789216	POSIX_SIZE_WRITE_1K_10K	0	/work/hdd/bdau/mbanisharifdehkordi/E2E/3d/results_decomp_mismatch/decomp_mismatch.nc4.locktest.50	/work	lustre
POSIX	50	6327212953754789216	POSIX_SIZE_WRITE_10K_100K	0	/work/hdd/bdau/mbanisharifdehkordi/E2E/3d/results_decomp_mismatch/decomp_mismatch.nc4.locktest.50	/work	lustre
POSIX	50	6327212953754789216	POSIX_SIZE_WRITE_100K_1M	0	/work/hdd/bdau/mbanisharifdehkordi/E2E/3d/results_decomp_mismatch/decomp_mismatch.nc4.locktest.50	/work	lustre
POSIX	50	6327212953754789216	POSIX_SIZE_WRITE_1M_4M	0	/work/hdd/bdau/mbanisharifdehkordi/E2E/3d/results_decomp_mismatch/decomp_mismatch.nc4.locktest.50	/work	lustre
POSIX	50	6327212953754789216	POSIX_SIZE_WRITE_4M_10M	0	/work/hdd/bdau/mbanisharifdehkordi/E2E/3d/results_decomp_mismatch/decomp_mismatch.nc4.locktest.50	/work	lustre
POSIX	50	6327212953754789216	POSIX_SIZE_WRITE_10M_100M	0	/work/hdd/bdau/mbanisharifdehkordi/E2E/3d/results_decomp_mismatch/decomp_mismatch.nc4.locktest.50	/work	lustre
POSIX	50	6327212953754789216	POSIX_SIZE_WRITE_100M_1G	0	/work/hdd/bdau/mbanisharifdehkordi/E2E/3d/results_decomp_mismatch/decomp_mismatch.nc4.locktest.50	/work	lustre
POSIX	50	6327212953754789216	POSIX_SIZE_WRITE_1G_PLUS	0	/work/hdd/bdau/mbanisharifdehkordi/E2E/3d/results_decomp_mismatch/decomp_mismatch.nc4.locktest.50	/work	lustre
POSIX	50	8796968004350111049	POSIX_WRITES	0	/work/hdd/bdau/mbanisharifdehkordi/E2E/3d/results_decomp_mismatch/decomp_mismatch.nc4	/work	lustre
POSIX	50	8796968004350111049	POSIX_FILE_NOT_ALIGNED	0	/work/hdd/bdau/mbanisharifdehkordi/E2E/3d/results_decomp_mismatch/decomp_mismatch.nc4	/work	lustre
POSIX	50	8796968004350111049	POSIX_SIZE_WRITE_0_100	0	/work/hdd/bdau/mbanisharifdehkordi/E2E/3d/results_decomp_mismatch/decomp_mismatch.nc4	/work	lustre
POSIX	50	8796968004350111049	POSIX_SIZE_WRITE_100_1K	0	/work/hdd/bdau/mbanisharifdehkordi/E2E/3d/results_decomp_mismatch/decomp_mismatch.nc4	/work	lustre
POSIX	50	8796968004350111049	POSIX_SIZE_WRITE_1K_10K	0	/work/hdd/bdau/mbanisharifdehkordi/E2E/3d/results_decomp_mismatch/decomp_mismatch.nc4	/work	lustre
POSIX	50	8796968004350111049	POSIX_SIZE_WRITE_10K_100K	0	/work/hdd/bdau/mbanisharifdehkordi/E2E/3d/results_decomp_mismatch/decomp_mismatch.nc4	/work	lustre
POSIX	50	8796968004350111049	POSIX_SIZE_WRITE_100K_1M	0	/work/hdd/bdau/mbanisharifdehkordi/E2E/3d/results_decomp_mismatch/decomp_mismatch.nc4	/work	lustre
POSIX	50	8796968004350111049	POSIX_SIZE_WRITE_1M_4M	0	/work/hdd/bdau/mbanisharifdehkordi/E2E/3d/results_decomp_mismatch/decomp_mismatch.nc4	/work	lustre
POSIX	50	8796968004350111049	POSIX_SIZE_WRITE_4M_10M	0	/work/hdd/bdau/mbanisharifdehkordi/E2E/3d/results_decomp_mismatch/decomp_mismatch.nc4	/work	lustre
POSIX	50	8796968004350111049	POSIX_SIZE_WRITE_10M_100M	0	/work/hdd/bdau/mbanisharifdehkordi/E2E/3d/results_decomp_mismatch/decomp_mismatch.nc4	/work	lustre
POSIX	50	8796968004350111049	POSIX_SIZE_WRITE_100M_1G	0	/work/hdd/bdau/mbanisharifdehkordi/E2E/3d/results_decomp_mismatch/decomp_mismatch.nc4	/work	lustre
POSIX	50	8796968004350111049	POSIX_SIZE_WRITE_1G_PLUS	0	/work/hdd/bdau/mbanisharifdehkordi/E2E/3d/results_decomp_mismatch/decomp_mismatch.nc4	/work	lustre
POSIX	50	6939792131935133011	POSIX_WRITES	0	/work/hdd/bdau/mbanisharifdehkordi/E2E/3d/results_decomp_mismatch/.	/work	lustre
POSIX	50	6939792131935133011	POSIX_FILE_NOT_ALIGNED	0	/work/hdd/bdau/mbanisharifdehkordi/E2E/3d/results_decomp_mismatch/.	/work	lustre
POSIX	50	6939792131935133011	POSIX_SIZE_WRITE_0_100	0	/work/hdd/bdau/mbanisharifdehkordi/E2E/3d/results_decomp_mismatch/.	/work	lustre
POSIX	50	6939792131935133011	POSIX_SIZE_WRITE_100_1K	0	/work/hdd/bdau/mbanisharifdehkordi/E2E/3d/results_decomp_mismatch/.	/work	lustre
POSIX	50	6939792131935133011	POSIX_SIZE_WRITE_1K_10K	0	/work/hdd/bdau/mbanisharifdehkordi/E2E/3d/results_decomp_mismatch/.	/work	lustre
POSIX	50	6939792131935133011	POSIX_SIZE_WRITE_10K_100K	0	/work/hdd/bdau/mbanisharifdehkordi/E2E/3d/results_decomp_mismatch/.	/work	lustre
POSIX	50	6939792131935133011	POSIX_SIZE_WRITE_100K_1M	0	/work/hdd/bdau/mbanisharifdehkordi/E2E/3d/results_decomp_mismatch/.	/work	lustre
POSIX	50	6939792131935133011	POSIX_SIZE_WRITE_1M_4M	0	/work/hdd/bdau/mbanisharifdehkordi/E2E/3d/results_decomp_mismatch/.	/work	lustre
POSIX	50	6939792131935133011	POSIX_SIZE_WRITE_4M_10M	0	/work/hdd/bdau/mbanisharifdehkordi/E2E/3d/results_decomp_mismatch/.	/work	lustre
POSIX	50	6939792131935133011	POSIX_SIZE_WRITE_10M_100M	0	/work/hdd/bdau/mbanisharifdehkordi/E2E/3d/results_decomp_mismatch/.	/work	lustre
POSIX	50	6939792131935133011	POSIX_SIZE_WRITE_100M_1G	0	/work/hdd/bdau/mbanisharifdehkordi/E2E/3d/results_decomp_mismatch/.	/work	lustre
POSIX	50	6939792131935133011	POSIX_SIZE_WRITE_1G_PLUS	0	/work/hdd/bdau/mbanisharifdehkordi/E2E/3d/results_decomp_mismatch/.	/work	lustre
POSIX	50	15634375788946986981	POSIX_WRITES	0	/work/hdd/bdau/mbanisharifdehkordi/E2E/3d/results_decomp_mismatch/decomp_mismatch.nc4-4005036033-2888081.loc	/work	lustre
POSIX	50	15634375788946986981	POSIX_FILE_NOT_ALIGNED	0	/work/hdd/bdau/mbanisharifdehkordi/E2E/3d/results_decomp_mismatch/decomp_mismatch.nc4-4005036033-2888081.loc	/work	lustre
POSIX	50	15634375788946986981	POSIX_SIZE_WRITE_0_100	0	/work/hdd/bdau/mbanisharifdehkordi/E2E/3d/results_decomp_mismatch/decomp_mismatch.nc4-4005036033-2888081.loc	/work	lustre
POSIX	50	15634375788946986981	POSIX_SIZE_WRITE_100_1K	0	/work/hdd/bdau/mbanisharifdehkordi/E2E/3d/results_decomp_mismatch/decomp_mismatch.nc4-4005036033-2888081.loc	/work	lustre
POSIX	50	15634375788946986981	POSIX_SIZE_WRITE_1K_10K	0	/work/hdd/bdau/mbanisharifdehkordi/E2E/3d/results_decomp_mismatch/decomp_mismatch.nc4-4005036033-2888081.loc	/work	lustre
POSIX	50	15634375788946986981	POSIX_SIZE_WRITE_10K_100K	0	/work/hdd/bdau/mbanisharifdehkordi/E2E/3d/results_decomp_mismatch/decomp_mismatch.nc4-4005036033-2888081.loc	/work	lustre
POSIX	50	15634375788946986981	POSIX_SIZE_WRITE_100K_1M	0	/work/hdd/bdau/mbanisharifdehkordi/E2E/3d/results_decomp_mismatch/decomp_mismatch.nc4-4005036033-2888081.loc	/work	lustre
POSIX	50	15634375788946986981	POSIX_SIZE_WRITE_1M_4M	0	/work/hdd/bdau/mbanisharifdehkordi/E2E/3d/results_decomp_mismatch/decomp_mismatch.nc4-4005036033-2888081.loc	/work	lustre
POSIX	50	15634375788946986981	POSIX_SIZE_WRITE_4M_10M	0	/work/hdd/bdau/mbanisharifdehkordi/E2E/3d/results_decomp_mismatch/decomp_mismatch.nc4-4005036033-2888081.loc	/work	lustre
POSIX	50	15634375788946986981	POSIX_SIZE_WRITE_10M_100M	0	/work/hdd/bdau/mbanisharifdehkordi/E2E/3d/results_decomp_mismatch/decomp_mismatch.nc4-4005036033-2888081.loc	/work	lustre
POSIX	50	15634375788946986981	POSIX_SIZE_WRITE_100M_1G	0	/work/hdd/bdau/mbanisharifdehkordi/E2E/3d/results_decomp_mismatch/decomp_mismatch.nc4-4005036033-2888081.loc	/work	lustre
POSIX	50	15634375788946986981	POSIX_SIZE_WRITE_1G_PLUS	0	/work/hdd/bdau/mbanisharifdehkordi/E2E/3d/results_decomp_mismatch/decomp_mismatch.nc4-4005036033-2888081.loc	/work	lustre
POSIX	51	17238086840338105947	POSIX_WRITES	0	/work/hdd/bdau/mbanisharifdehkordi/E2E/3d/results_decomp_mismatch/decomp_mismatch.nc4.locktest.51	/work	lustre
POSIX	51	17238086840338105947	POSIX_FILE_NOT_ALIGNED	0	/work/hdd/bdau/mbanisharifdehkordi/E2E/3d/results_decomp_mismatch/decomp_mismatch.nc4.locktest.51	/work	lustre
POSIX	51	17238086840338105947	POSIX_SIZE_WRITE_0_100	0	/work/hdd/bdau/mbanisharifdehkordi/E2E/3d/results_decomp_mismatch/decomp_mismatch.nc4.locktest.51	/work	lustre
POSIX	51	17238086840338105947	POSIX_SIZE_WRITE_100_1K	0	/work/hdd/bdau/mbanisharifdehkordi/E2E/3d/results_decomp_mismatch/decomp_mismatch.nc4.locktest.51	/work	lustre
POSIX	51	17238086840338105947	POSIX_SIZE_WRITE_1K_10K	0	/work/hdd/bdau/mbanisharifdehkordi/E2E/3d/results_decomp_mismatch/decomp_mismatch.nc4.locktest.51	/work	lustre
POSIX	51	17238086840338105947	POSIX_SIZE_WRITE_10K_100K	0	/work/hdd/bdau/mbanisharifdehkordi/E2E/3d/results_decomp_mismatch/decomp_mismatch.nc4.locktest.51	/work	lustre
POSIX	51	17238086840338105947	POSIX_SIZE_WRITE_100K_1M	0	/work/hdd/bdau/mbanisharifdehkordi/E2E/3d/results_decomp_mismatch/decomp_mismatch.nc4.locktest.51	/work	lustre
POSIX	51	17238086840338105947	POSIX_SIZE_WRITE_1M_4M	0	/work/hdd/bdau/mbanisharifdehkordi/E2E/3d/results_decomp_mismatch/decomp_mismatch.nc4.locktest.51	/work	lustre
POSIX	51	17238086840338105947	POSIX_SIZE_WRITE_4M_10M	0	/work/hdd/bdau/mbanisharifdehkordi/E2E/3d/results_decomp_mismatch/decomp_mismatch.nc4.locktest.51	/work	lustre
POSIX	51	17238086840338105947	POSIX_SIZE_WRITE_10M_100M	0	/work/hdd/bdau/mbanisharifdehkordi/E2E/3d/results_decomp_mismatch/decomp_mismatch.nc4.locktest.51	/work	lustre
POSIX	51	17238086840338105947	POSIX_SIZE_WRITE_100M_1G	0	/work/hdd/bdau/mbanisharifdehkordi/E2E/3d/results_decomp_mismatch/decomp_mismatch.nc4.locktest.51	/work	lustre
POSIX	51	17238086840338105947	POSIX_SIZE_WRITE_1G_PLUS	0	/work/hdd/bdau/mbanisharifdehkordi/E2E/3d/results_decomp_mismatch/decomp_mismatch.nc4.locktest.51	/work	lustre
POSIX	51	8796968004350111049	POSIX_WRITES	0	/work/hdd/bdau/mbanisharifdehkordi/E2E/3d/results_decomp_mismatch/decomp_mismatch.nc4	/work	lustre
POSIX	51	8796968004350111049	POSIX_FILE_NOT_ALIGNED	0	/work/hdd/bdau/mbanisharifdehkordi/E2E/3d/results_decomp_mismatch/decomp_mismatch.nc4	/work	lustre
POSIX	51	8796968004350111049	POSIX_SIZE_WRITE_0_100	0	/work/hdd/bdau/mbanisharifdehkordi/E2E/3d/results_decomp_mismatch/decomp_mismatch.nc4	/work	lustre
POSIX	51	8796968004350111049	POSIX_SIZE_WRITE_100_1K	0	/work/hdd/bdau/mbanisharifdehkordi/E2E/3d/results_decomp_mismatch/decomp_mismatch.nc4	/work	lustre
POSIX	51	8796968004350111049	POSIX_SIZE_WRITE_1K_10K	0	/work/hdd/bdau/mbanisharifdehkordi/E2E/3d/results_decomp_mismatch/decomp_mismatch.nc4	/work	lustre
POSIX	51	8796968004350111049	POSIX_SIZE_WRITE_10K_100K	0	/work/hdd/bdau/mbanisharifdehkordi/E2E/3d/results_decomp_mismatch/decomp_mismatch.nc4	/work	lustre
POSIX	51	8796968004350111049	POSIX_SIZE_WRITE_100K_1M	0	/work/hdd/bdau/mbanisharifdehkordi/E2E/3d/results_decomp_mismatch/decomp_mismatch.nc4	/work	lustre
POSIX	51	8796968004350111049	POSIX_SIZE_WRITE_1M_4M	0	/work/hdd/bdau/mbanisharifdehkordi/E2E/3d/results_decomp_mismatch/decomp_mismatch.nc4	/work	lustre
POSIX	51	8796968004350111049	POSIX_SIZE_WRITE_4M_10M	0	/work/hdd/bdau/mbanisharifdehkordi/E2E/3d/results_decomp_mismatch/decomp_mismatch.nc4	/work	lustre
POSIX	51	8796968004350111049	POSIX_SIZE_WRITE_10M_100M	0	/work/hdd/bdau/mbanisharifdehkordi/E2E/3d/results_decomp_mismatch/decomp_mismatch.nc4	/work	lustre
POSIX	51	8796968004350111049	POSIX_SIZE_WRITE_100M_1G	0	/work/hdd/bdau/mbanisharifdehkordi/E2E/3d/results_decomp_mismatch/decomp_mismatch.nc4	/work	lustre
POSIX	51	8796968004350111049	POSIX_SIZE_WRITE_1G_PLUS	0	/work/hdd/bdau/mbanisharifdehkordi/E2E/3d/results_decomp_mismatch/decomp_mismatch.nc4	/work	lustre
POSIX	51	6939792131935133011	POSIX_WRITES	0	/work/hdd/bdau/mbanisharifdehkordi/E2E/3d/results_decomp_mismatch/.	/work	lustre
POSIX	51	6939792131935133011	POSIX_FILE_NOT_ALIGNED	0	/work/hdd/bdau/mbanisharifdehkordi/E2E/3d/results_decomp_mismatch/.	/work	lustre
POSIX	51	6939792131935133011	POSIX_SIZE_WRITE_0_100	0	/work/hdd/bdau/mbanisharifdehkordi/E2E/3d/results_decomp_mismatch/.	/work	lustre
POSIX	51	6939792131935133011	POSIX_SIZE_WRITE_100_1K	0	/work/hdd/bdau/mbanisharifdehkordi/E2E/3d/results_decomp_mismatch/.	/work	lustre
POSIX	51	6939792131935133011	POSIX_SIZE_WRITE_1K_10K	0	/work/hdd/bdau/mbanisharifdehkordi/E2E/3d/results_decomp_mismatch/.	/work	lustre
POSIX	51	6939792131935133011	POSIX_SIZE_WRITE_10K_100K	0	/work/hdd/bdau/mbanisharifdehkordi/E2E/3d/results_decomp_mismatch/.	/work	lustre
POSIX	51	6939792131935133011	POSIX_SIZE_WRITE_100K_1M	0	/work/hdd/bdau/mbanisharifdehkordi/E2E/3d/results_decomp_mismatch/.	/work	lustre
POSIX	51	6939792131935133011	POSIX_SIZE_WRITE_1M_4M	0	/work/hdd/bdau/mbanisharifdehkordi/E2E/3d/results_decomp_mismatch/.	/work	lustre
POSIX	51	6939792131935133011	POSIX_SIZE_WRITE_4M_10M	0	/work/hdd/bdau/mbanisharifdehkordi/E2E/3d/results_decomp_mismatch/.	/work	lustre
POSIX	51	6939792131935133011	POSIX_SIZE_WRITE_10M_100M	0	/work/hdd/bdau/mbanisharifdehkordi/E2E/3d/results_decomp_mismatch/.	/work	lustre
POSIX	51	6939792131935133011	POSIX_SIZE_WRITE_100M_1G	0	/work/hdd/bdau/mbanisharifdehkordi/E2E/3d/results_decomp_mismatch/.	/work	lustre
POSIX	51	6939792131935133011	POSIX_SIZE_WRITE_1G_PLUS	0	/work/hdd/bdau/mbanisharifdehkordi/E2E/3d/results_decomp_mismatch/.	/work	lustre
POSIX	51	15634375788946986981	POSIX_WRITES	0	/work/hdd/bdau/mbanisharifdehkordi/E2E/3d/results_decomp_mismatch/decomp_mismatch.nc4-4005036033-2888081.loc	/work	lustre
POSIX	51	15634375788946986981	POSIX_FILE_NOT_ALIGNED	0	/work/hdd/bdau/mbanisharifdehkordi/E2E/3d/results_decomp_mismatch/decomp_mismatch.nc4-4005036033-2888081.loc	/work	lustre
POSIX	51	15634375788946986981	POSIX_SIZE_WRITE_0_100	0	/work/hdd/bdau/mbanisharifdehkordi/E2E/3d/results_decomp_mismatch/decomp_mismatch.nc4-4005036033-2888081.loc	/work	lustre
POSIX	51	15634375788946986981	POSIX_SIZE_WRITE_100_1K	0	/work/hdd/bdau/mbanisharifdehkordi/E2E/3d/results_decomp_mismatch/decomp_mismatch.nc4-4005036033-2888081.loc	/work	lustre
POSIX	51	15634375788946986981	POSIX_SIZE_WRITE_1K_10K	0	/work/hdd/bdau/mbanisharifdehkordi/E2E/3d/results_decomp_mismatch/decomp_mismatch.nc4-4005036033-2888081.loc	/work	lustre
POSIX	51	15634375788946986981	POSIX_SIZE_WRITE_10K_100K	0	/work/hdd/bdau/mbanisharifdehkordi/E2E/3d/results_decomp_mismatch/decomp_mismatch.nc4-4005036033-2888081.loc	/work	lustre
POSIX	51	15634375788946986981	POSIX_SIZE_WRITE_100K_1M	0	/work/hdd/bdau/mbanisharifdehkordi/E2E/3d/results_decomp_mismatch/decomp_mismatch.nc4-4005036033-2888081.loc	/work	lustre
POSIX	51	15634375788946986981	POSIX_SIZE_WRITE_1M_4M	0	/work/hdd/bdau/mbanisharifdehkordi/E2E/3d/results_decomp_mismatch/decomp_mismatch.nc4-4005036033-2888081.loc	/work	lustre
POSIX	51	15634375788946986981	POSIX_SIZE_WRITE_4M_10M	0	/work/hdd/bdau/mbanisharifdehkordi/E2E/3d/results_decomp_mismatch/decomp_mismatch.nc4-4005036033-2888081.loc	/work	lustre
POSIX	51	15634375788946986981	POSIX_SIZE_WRITE_10M_100M	0	/work/hdd/bdau/mbanisharifdehkordi/E2E/3d/results_decomp_mismatch/decomp_mismatch.nc4-4005036033-2888081.loc	/work	lustre
POSIX	51	15634375788946986981	POSIX_SIZE_WRITE_100M_1G	0	/work/hdd/bdau/mbanisharifdehkordi/E2E/3d/results_decomp_mismatch/decomp_mismatch.nc4-4005036033-2888081.loc	/work	lustre
POSIX	51	15634375788946986981	POSIX_SIZE_WRITE_1G_PLUS	0	/work/hdd/bdau/mbanisharifdehkordi/E2E/3d/results_decomp_mismatch/decomp_mismatch.nc4-4005036033-2888081.loc	/work	lustre
POSIX	52	6704509820262412778	POSIX_WRITES	0	/work/hdd/bdau/mbanisharifdehkordi/E2E/3d/results_decomp_mismatch/decomp_mismatch.nc4.locktest.52	/work	lustre
POSIX	52	6704509820262412778	POSIX_FILE_NOT_ALIGNED	0	/work/hdd/bdau/mbanisharifdehkordi/E2E/3d/results_decomp_mismatch/decomp_mismatch.nc4.locktest.52	/work	lustre
POSIX	52	6704509820262412778	POSIX_SIZE_WRITE_0_100	0	/work/hdd/bdau/mbanisharifdehkordi/E2E/3d/results_decomp_mismatch/decomp_mismatch.nc4.locktest.52	/work	lustre
POSIX	52	6704509820262412778	POSIX_SIZE_WRITE_100_1K	0	/work/hdd/bdau/mbanisharifdehkordi/E2E/3d/results_decomp_mismatch/decomp_mismatch.nc4.locktest.52	/work	lustre
POSIX	52	6704509820262412778	POSIX_SIZE_WRITE_1K_10K	0	/work/hdd/bdau/mbanisharifdehkordi/E2E/3d/results_decomp_mismatch/decomp_mismatch.nc4.locktest.52	/work	lustre
POSIX	52	6704509820262412778	POSIX_SIZE_WRITE_10K_100K	0	/work/hdd/bdau/mbanisharifdehkordi/E2E/3d/results_decomp_mismatch/decomp_mismatch.nc4.locktest.52	/work	lustre
POSIX	52	6704509820262412778	POSIX_SIZE_WRITE_100K_1M	0	/work/hdd/bdau/mbanisharifdehkordi/E2E/3d/results_decomp_mismatch/decomp_mismatch.nc4.locktest.52	/work	lustre
POSIX	52	6704509820262412778	POSIX_SIZE_WRITE_1M_4M	0	/work/hdd/bdau/mbanisharifdehkordi/E2E/3d/results_decomp_mismatch/decomp_mismatch.nc4.locktest.52	/work	lustre
POSIX	52	6704509820262412778	POSIX_SIZE_WRITE_4M_10M	0	/work/hdd/bdau/mbanisharifdehkordi/E2E/3d/results_decomp_mismatch/decomp_mismatch.nc4.locktest.52	/work	lustre
POSIX	52	6704509820262412778	POSIX_SIZE_WRITE_10M_100M	0	/work/hdd/bdau/mbanisharifdehkordi/E2E/3d/results_decomp_mismatch/decomp_mismatch.nc4.locktest.52	/work	lustre
POSIX	52	6704509820262412778	POSIX_SIZE_WRITE_100M_1G	0	/work/hdd/bdau/mbanisharifdehkordi/E2E/3d/results_decomp_mismatch/decomp_mismatch.nc4.locktest.52	/work	lustre
POSIX	52	6704509820262412778	POSIX_SIZE_WRITE_1G_PLUS	0	/work/hdd/bdau/mbanisharifdehkordi/E2E/3d/results_decomp_mismatch/decomp_mismatch.nc4.locktest.52	/work	lustre
POSIX	52	8796968004350111049	POSIX_WRITES	0	/work/hdd/bdau/mbanisharifdehkordi/E2E/3d/results_decomp_mismatch/decomp_mismatch.nc4	/work	lustre
POSIX	52	8796968004350111049	POSIX_FILE_NOT_ALIGNED	0	/work/hdd/bdau/mbanisharifdehkordi/E2E/3d/results_decomp_mismatch/decomp_mismatch.nc4	/work	lustre
POSIX	52	8796968004350111049	POSIX_SIZE_WRITE_0_100	0	/work/hdd/bdau/mbanisharifdehkordi/E2E/3d/results_decomp_mismatch/decomp_mismatch.nc4	/work	lustre
POSIX	52	8796968004350111049	POSIX_SIZE_WRITE_100_1K	0	/work/hdd/bdau/mbanisharifdehkordi/E2E/3d/results_decomp_mismatch/decomp_mismatch.nc4	/work	lustre
POSIX	52	8796968004350111049	POSIX_SIZE_WRITE_1K_10K	0	/work/hdd/bdau/mbanisharifdehkordi/E2E/3d/results_decomp_mismatch/decomp_mismatch.nc4	/work	lustre
POSIX	52	8796968004350111049	POSIX_SIZE_WRITE_10K_100K	0	/work/hdd/bdau/mbanisharifdehkordi/E2E/3d/results_decomp_mismatch/decomp_mismatch.nc4	/work	lustre
POSIX	52	8796968004350111049	POSIX_SIZE_WRITE_100K_1M	0	/work/hdd/bdau/mbanisharifdehkordi/E2E/3d/results_decomp_mismatch/decomp_mismatch.nc4	/work	lustre
POSIX	52	8796968004350111049	POSIX_SIZE_WRITE_1M_4M	0	/work/hdd/bdau/mbanisharifdehkordi/E2E/3d/results_decomp_mismatch/decomp_mismatch.nc4	/work	lustre
POSIX	52	8796968004350111049	POSIX_SIZE_WRITE_4M_10M	0	/work/hdd/bdau/mbanisharifdehkordi/E2E/3d/results_decomp_mismatch/decomp_mismatch.nc4	/work	lustre
POSIX	52	8796968004350111049	POSIX_SIZE_WRITE_10M_100M	0	/work/hdd/bdau/mbanisharifdehkordi/E2E/3d/results_decomp_mismatch/decomp_mismatch.nc4	/work	lustre
POSIX	52	8796968004350111049	POSIX_SIZE_WRITE_100M_1G	0	/work/hdd/bdau/mbanisharifdehkordi/E2E/3d/results_decomp_mismatch/decomp_mismatch.nc4	/work	lustre
POSIX	52	8796968004350111049	POSIX_SIZE_WRITE_1G_PLUS	0	/work/hdd/bdau/mbanisharifdehkordi/E2E/3d/results_decomp_mismatch/decomp_mismatch.nc4	/work	lustre
POSIX	52	6939792131935133011	POSIX_WRITES	0	/work/hdd/bdau/mbanisharifdehkordi/E2E/3d/results_decomp_mismatch/.	/work	lustre
POSIX	52	6939792131935133011	POSIX_FILE_NOT_ALIGNED	0	/work/hdd/bdau/mbanisharifdehkordi/E2E/3d/results_decomp_mismatch/.	/work	lustre
POSIX	52	6939792131935133011	POSIX_SIZE_WRITE_0_100	0	/work/hdd/bdau/mbanisharifdehkordi/E2E/3d/results_decomp_mismatch/.	/work	lustre
POSIX	52	6939792131935133011	POSIX_SIZE_WRITE_100_1K	0	/work/hdd/bdau/mbanisharifdehkordi/E2E/3d/results_decomp_mismatch/.	/work	lustre
POSIX	52	6939792131935133011	POSIX_SIZE_WRITE_1K_10K	0	/work/hdd/bdau/mbanisharifdehkordi/E2E/3d/results_decomp_mismatch/.	/work	lustre
POSIX	52	6939792131935133011	POSIX_SIZE_WRITE_10K_100K	0	/work/hdd/bdau/mbanisharifdehkordi/E2E/3d/results_decomp_mismatch/.	/work	lustre
POSIX	52	6939792131935133011	POSIX_SIZE_WRITE_100K_1M	0	/work/hdd/bdau/mbanisharifdehkordi/E2E/3d/results_decomp_mismatch/.	/work	lustre
POSIX	52	6939792131935133011	POSIX_SIZE_WRITE_1M_4M	0	/work/hdd/bdau/mbanisharifdehkordi/E2E/3d/results_decomp_mismatch/.	/work	lustre
POSIX	52	6939792131935133011	POSIX_SIZE_WRITE_4M_10M	0	/work/hdd/bdau/mbanisharifdehkordi/E2E/3d/results_decomp_mismatch/.	/work	lustre
POSIX	52	6939792131935133011	POSIX_SIZE_WRITE_10M_100M	0	/work/hdd/bdau/mbanisharifdehkordi/E2E/3d/results_decomp_mismatch/.	/work	lustre
POSIX	52	6939792131935133011	POSIX_SIZE_WRITE_100M_1G	0	/work/hdd/bdau/mbanisharifdehkordi/E2E/3d/results_decomp_mismatch/.	/work	lustre
POSIX	52	6939792131935133011	POSIX_SIZE_WRITE_1G_PLUS	0	/work/hdd/bdau/mbanisharifdehkordi/E2E/3d/results_decomp_mismatch/.	/work	lustre
POSIX	52	15634375788946986981	POSIX_WRITES	0	/work/hdd/bdau/mbanisharifdehkordi/E2E/3d/results_decomp_mismatch/decomp_mismatch.nc4-4005036033-2888081.loc	/work	lustre
POSIX	52	15634375788946986981	POSIX_FILE_NOT_ALIGNED	0	/work/hdd/bdau/mbanisharifdehkordi/E2E/3d/results_decomp_mismatch/decomp_mismatch.nc4-4005036033-2888081.loc	/work	lustre
POSIX	52	15634375788946986981	POSIX_SIZE_WRITE_0_100	0	/work/hdd/bdau/mbanisharifdehkordi/E2E/3d/results_decomp_mismatch/decomp_mismatch.nc4-4005036033-2888081.loc	/work	lustre
POSIX	52	15634375788946986981	POSIX_SIZE_WRITE_100_1K	0	/work/hdd/bdau/mbanisharifdehkordi/E2E/3d/results_decomp_mismatch/decomp_mismatch.nc4-4005036033-2888081.loc	/work	lustre
POSIX	52	15634375788946986981	POSIX_SIZE_WRITE_1K_10K	0	/work/hdd/bdau/mbanisharifdehkordi/E2E/3d/results_decomp_mismatch/decomp_mismatch.nc4-4005036033-2888081.loc	/work	lustre
POSIX	52	15634375788946986981	POSIX_SIZE_WRITE_10K_100K	0	/work/hdd/bdau/mbanisharifdehkordi/E2E/3d/results_decomp_mismatch/decomp_mismatch.nc4-4005036033-2888081.loc	/work	lustre
POSIX	52	15634375788946986981	POSIX_SIZE_WRITE_100K_1M	0	/work/hdd/bdau/mbanisharifdehkordi/E2E/3d/results_decomp_mismatch/decomp_mismatch.nc4-4005036033-2888081.loc	/work	lustre
POSIX	52	15634375788946986981	POSIX_SIZE_WRITE_1M_4M	0	/work/hdd/bdau/mbanisharifdehkordi/E2E/3d/results_decomp_mismatch/decomp_mismatch.nc4-4005036033-2888081.loc	/work	lustre
POSIX	52	15634375788946986981	POSIX_SIZE_WRITE_4M_10M	0	/work/hdd/bdau/mbanisharifdehkordi/E2E/3d/results_decomp_mismatch/decomp_mismatch.nc4-4005036033-2888081.loc	/work	lustre
POSIX	52	15634375788946986981	POSIX_SIZE_WRITE_10M_100M	0	/work/hdd/bdau/mbanisharifdehkordi/E2E/3d/results_decomp_mismatch/decomp_mismatch.nc4-4005036033-2888081.loc	/work	lustre
POSIX	52	15634375788946986981	POSIX_SIZE_WRITE_100M_1G	0	/work/hdd/bdau/mbanisharifdehkordi/E2E/3d/results_decomp_mismatch/decomp_mismatch.nc4-4005036033-2888081.loc	/work	lustre
POSIX	52	15634375788946986981	POSIX_SIZE_WRITE_1G_PLUS	0	/work/hdd/bdau/mbanisharifdehkordi/E2E/3d/results_decomp_mismatch/decomp_mismatch.nc4-4005036033-2888081.loc	/work	lustre
POSIX	53	10848834203695051124	POSIX_WRITES	0	/work/hdd/bdau/mbanisharifdehkordi/E2E/3d/results_decomp_mismatch/decomp_mismatch.nc4.locktest.53	/work	lustre
POSIX	53	10848834203695051124	POSIX_FILE_NOT_ALIGNED	0	/work/hdd/bdau/mbanisharifdehkordi/E2E/3d/results_decomp_mismatch/decomp_mismatch.nc4.locktest.53	/work	lustre
POSIX	53	10848834203695051124	POSIX_SIZE_WRITE_0_100	0	/work/hdd/bdau/mbanisharifdehkordi/E2E/3d/results_decomp_mismatch/decomp_mismatch.nc4.locktest.53	/work	lustre
POSIX	53	10848834203695051124	POSIX_SIZE_WRITE_100_1K	0	/work/hdd/bdau/mbanisharifdehkordi/E2E/3d/results_decomp_mismatch/decomp_mismatch.nc4.locktest.53	/work	lustre
POSIX	53	10848834203695051124	POSIX_SIZE_WRITE_1K_10K	0	/work/hdd/bdau/mbanisharifdehkordi/E2E/3d/results_decomp_mismatch/decomp_mismatch.nc4.locktest.53	/work	lustre
POSIX	53	10848834203695051124	POSIX_SIZE_WRITE_10K_100K	0	/work/hdd/bdau/mbanisharifdehkordi/E2E/3d/results_decomp_mismatch/decomp_mismatch.nc4.locktest.53	/work	lustre
POSIX	53	10848834203695051124	POSIX_SIZE_WRITE_100K_1M	0	/work/hdd/bdau/mbanisharifdehkordi/E2E/3d/results_decomp_mismatch/decomp_mismatch.nc4.locktest.53	/work	lustre
POSIX	53	10848834203695051124	POSIX_SIZE_WRITE_1M_4M	0	/work/hdd/bdau/mbanisharifdehkordi/E2E/3d/results_decomp_mismatch/decomp_mismatch.nc4.locktest.53	/work	lustre
POSIX	53	10848834203695051124	POSIX_SIZE_WRITE_4M_10M	0	/work/hdd/bdau/mbanisharifdehkordi/E2E/3d/results_decomp_mismatch/decomp_mismatch.nc4.locktest.53	/work	lustre
POSIX	53	10848834203695051124	POSIX_SIZE_WRITE_10M_100M	0	/work/hdd/bdau/mbanisharifdehkordi/E2E/3d/results_decomp_mismatch/decomp_mismatch.nc4.locktest.53	/work	lustre
POSIX	53	10848834203695051124	POSIX_SIZE_WRITE_100M_1G	0	/work/hdd/bdau/mbanisharifdehkordi/E2E/3d/results_decomp_mismatch/decomp_mismatch.nc4.locktest.53	/work	lustre
POSIX	53	10848834203695051124	POSIX_SIZE_WRITE_1G_PLUS	0	/work/hdd/bdau/mbanisharifdehkordi/E2E/3d/results_decomp_mismatch/decomp_mismatch.nc4.locktest.53	/work	lustre
POSIX	53	8796968004350111049	POSIX_WRITES	0	/work/hdd/bdau/mbanisharifdehkordi/E2E/3d/results_decomp_mismatch/decomp_mismatch.nc4	/work	lustre
POSIX	53	8796968004350111049	POSIX_FILE_NOT_ALIGNED	0	/work/hdd/bdau/mbanisharifdehkordi/E2E/3d/results_decomp_mismatch/decomp_mismatch.nc4	/work	lustre
POSIX	53	8796968004350111049	POSIX_SIZE_WRITE_0_100	0	/work/hdd/bdau/mbanisharifdehkordi/E2E/3d/results_decomp_mismatch/decomp_mismatch.nc4	/work	lustre
POSIX	53	8796968004350111049	POSIX_SIZE_WRITE_100_1K	0	/work/hdd/bdau/mbanisharifdehkordi/E2E/3d/results_decomp_mismatch/decomp_mismatch.nc4	/work	lustre
POSIX	53	8796968004350111049	POSIX_SIZE_WRITE_1K_10K	0	/work/hdd/bdau/mbanisharifdehkordi/E2E/3d/results_decomp_mismatch/decomp_mismatch.nc4	/work	lustre
POSIX	53	8796968004350111049	POSIX_SIZE_WRITE_10K_100K	0	/work/hdd/bdau/mbanisharifdehkordi/E2E/3d/results_decomp_mismatch/decomp_mismatch.nc4	/work	lustre
POSIX	53	8796968004350111049	POSIX_SIZE_WRITE_100K_1M	0	/work/hdd/bdau/mbanisharifdehkordi/E2E/3d/results_decomp_mismatch/decomp_mismatch.nc4	/work	lustre
POSIX	53	8796968004350111049	POSIX_SIZE_WRITE_1M_4M	0	/work/hdd/bdau/mbanisharifdehkordi/E2E/3d/results_decomp_mismatch/decomp_mismatch.nc4	/work	lustre
POSIX	53	8796968004350111049	POSIX_SIZE_WRITE_4M_10M	0	/work/hdd/bdau/mbanisharifdehkordi/E2E/3d/results_decomp_mismatch/decomp_mismatch.nc4	/work	lustre
POSIX	53	8796968004350111049	POSIX_SIZE_WRITE_10M_100M	0	/work/hdd/bdau/mbanisharifdehkordi/E2E/3d/results_decomp_mismatch/decomp_mismatch.nc4	/work	lustre
POSIX	53	8796968004350111049	POSIX_SIZE_WRITE_100M_1G	0	/work/hdd/bdau/mbanisharifdehkordi/E2E/3d/results_decomp_mismatch/decomp_mismatch.nc4	/work	lustre
POSIX	53	8796968004350111049	POSIX_SIZE_WRITE_1G_PLUS	0	/work/hdd/bdau/mbanisharifdehkordi/E2E/3d/results_decomp_mismatch/decomp_mismatch.nc4	/work	lustre
POSIX	53	6939792131935133011	POSIX_WRITES	0	/work/hdd/bdau/mbanisharifdehkordi/E2E/3d/results_decomp_mismatch/.	/work	lustre
POSIX	53	6939792131935133011	POSIX_FILE_NOT_ALIGNED	0	/work/hdd/bdau/mbanisharifdehkordi/E2E/3d/results_decomp_mismatch/.	/work	lustre
POSIX	53	6939792131935133011	POSIX_SIZE_WRITE_0_100	0	/work/hdd/bdau/mbanisharifdehkordi/E2E/3d/results_decomp_mismatch/.	/work	lustre
POSIX	53	6939792131935133011	POSIX_SIZE_WRITE_100_1K	0	/work/hdd/bdau/mbanisharifdehkordi/E2E/3d/results_decomp_mismatch/.	/work	lustre
POSIX	53	6939792131935133011	POSIX_SIZE_WRITE_1K_10K	0	/work/hdd/bdau/mbanisharifdehkordi/E2E/3d/results_decomp_mismatch/.	/work	lustre
POSIX	53	6939792131935133011	POSIX_SIZE_WRITE_10K_100K	0	/work/hdd/bdau/mbanisharifdehkordi/E2E/3d/results_decomp_mismatch/.	/work	lustre
POSIX	53	6939792131935133011	POSIX_SIZE_WRITE_100K_1M	0	/work/hdd/bdau/mbanisharifdehkordi/E2E/3d/results_decomp_mismatch/.	/work	lustre
POSIX	53	6939792131935133011	POSIX_SIZE_WRITE_1M_4M	0	/work/hdd/bdau/mbanisharifdehkordi/E2E/3d/results_decomp_mismatch/.	/work	lustre
POSIX	53	6939792131935133011	POSIX_SIZE_WRITE_4M_10M	0	/work/hdd/bdau/mbanisharifdehkordi/E2E/3d/results_decomp_mismatch/.	/work	lustre
POSIX	53	6939792131935133011	POSIX_SIZE_WRITE_10M_100M	0	/work/hdd/bdau/mbanisharifdehkordi/E2E/3d/results_decomp_mismatch/.	/work	lustre
POSIX	53	6939792131935133011	POSIX_SIZE_WRITE_100M_1G	0	/work/hdd/bdau/mbanisharifdehkordi/E2E/3d/results_decomp_mismatch/.	/work	lustre
POSIX	53	6939792131935133011	POSIX_SIZE_WRITE_1G_PLUS	0	/work/hdd/bdau/mbanisharifdehkordi/E2E/3d/results_decomp_mismatch/.	/work	lustre
POSIX	53	15634375788946986981	POSIX_WRITES	0	/work/hdd/bdau/mbanisharifdehkordi/E2E/3d/results_decomp_mismatch/decomp_mismatch.nc4-4005036033-2888081.loc	/work	lustre
POSIX	53	15634375788946986981	POSIX_FILE_NOT_ALIGNED	0	/work/hdd/bdau/mbanisharifdehkordi/E2E/3d/results_decomp_mismatch/decomp_mismatch.nc4-4005036033-2888081.loc	/work	lustre
POSIX	53	15634375788946986981	POSIX_SIZE_WRITE_0_100	0	/work/hdd/bdau/mbanisharifdehkordi/E2E/3d/results_decomp_mismatch/decomp_mismatch.nc4-4005036033-2888081.loc	/work	lustre
POSIX	53	15634375788946986981	POSIX_SIZE_WRITE_100_1K	0	/work/hdd/bdau/mbanisharifdehkordi/E2E/3d/results_decomp_mismatch/decomp_mismatch.nc4-4005036033-2888081.loc	/work	lustre
POSIX	53	15634375788946986981	POSIX_SIZE_WRITE_1K_10K	0	/work/hdd/bdau/mbanisharifdehkordi/E2E/3d/results_decomp_mismatch/decomp_mismatch.nc4-4005036033-2888081.loc	/work	lustre
POSIX	53	15634375788946986981	POSIX_SIZE_WRITE_10K_100K	0	/work/hdd/bdau/mbanisharifdehkordi/E2E/3d/results_decomp_mismatch/decomp_mismatch.nc4-4005036033-2888081.loc	/work	lustre
POSIX	53	15634375788946986981	POSIX_SIZE_WRITE_100K_1M	0	/work/hdd/bdau/mbanisharifdehkordi/E2E/3d/results_decomp_mismatch/decomp_mismatch.nc4-4005036033-2888081.loc	/work	lustre
POSIX	53	15634375788946986981	POSIX_SIZE_WRITE_1M_4M	0	/work/hdd/bdau/mbanisharifdehkordi/E2E/3d/results_decomp_mismatch/decomp_mismatch.nc4-4005036033-2888081.loc	/work	lustre
POSIX	53	15634375788946986981	POSIX_SIZE_WRITE_4M_10M	0	/work/hdd/bdau/mbanisharifdehkordi/E2E/3d/results_decomp_mismatch/decomp_mismatch.nc4-4005036033-2888081.loc	/work	lustre
POSIX	53	15634375788946986981	POSIX_SIZE_WRITE_10M_100M	0	/work/hdd/bdau/mbanisharifdehkordi/E2E/3d/results_decomp_mismatch/decomp_mismatch.nc4-4005036033-2888081.loc	/work	lustre
POSIX	53	15634375788946986981	POSIX_SIZE_WRITE_100M_1G	0	/work/hdd/bdau/mbanisharifdehkordi/E2E/3d/results_decomp_mismatch/decomp_mismatch.nc4-4005036033-2888081.loc	/work	lustre
POSIX	53	15634375788946986981	POSIX_SIZE_WRITE_1G_PLUS	0	/work/hdd/bdau/mbanisharifdehkordi/E2E/3d/results_decomp_mismatch/decomp_mismatch.nc4-4005036033-2888081.loc	/work	lustre
POSIX	54	10922646359245349228	POSIX_WRITES	0	/work/hdd/bdau/mbanisharifdehkordi/E2E/3d/results_decomp_mismatch/decomp_mismatch.nc4.locktest.54	/work	lustre
POSIX	54	10922646359245349228	POSIX_FILE_NOT_ALIGNED	0	/work/hdd/bdau/mbanisharifdehkordi/E2E/3d/results_decomp_mismatch/decomp_mismatch.nc4.locktest.54	/work	lustre
POSIX	54	10922646359245349228	POSIX_SIZE_WRITE_0_100	0	/work/hdd/bdau/mbanisharifdehkordi/E2E/3d/results_decomp_mismatch/decomp_mismatch.nc4.locktest.54	/work	lustre
POSIX	54	10922646359245349228	POSIX_SIZE_WRITE_100_1K	0	/work/hdd/bdau/mbanisharifdehkordi/E2E/3d/results_decomp_mismatch/decomp_mismatch.nc4.locktest.54	/work	lustre
POSIX	54	10922646359245349228	POSIX_SIZE_WRITE_1K_10K	0	/work/hdd/bdau/mbanisharifdehkordi/E2E/3d/results_decomp_mismatch/decomp_mismatch.nc4.locktest.54	/work	lustre
POSIX	54	10922646359245349228	POSIX_SIZE_WRITE_10K_100K	0	/work/hdd/bdau/mbanisharifdehkordi/E2E/3d/results_decomp_mismatch/decomp_mismatch.nc4.locktest.54	/work	lustre
POSIX	54	10922646359245349228	POSIX_SIZE_WRITE_100K_1M	0	/work/hdd/bdau/mbanisharifdehkordi/E2E/3d/results_decomp_mismatch/decomp_mismatch.nc4.locktest.54	/work	lustre
POSIX	54	10922646359245349228	POSIX_SIZE_WRITE_1M_4M	0	/work/hdd/bdau/mbanisharifdehkordi/E2E/3d/results_decomp_mismatch/decomp_mismatch.nc4.locktest.54	/work	lustre
POSIX	54	10922646359245349228	POSIX_SIZE_WRITE_4M_10M	0	/work/hdd/bdau/mbanisharifdehkordi/E2E/3d/results_decomp_mismatch/decomp_mismatch.nc4.locktest.54	/work	lustre
POSIX	54	10922646359245349228	POSIX_SIZE_WRITE_10M_100M	0	/work/hdd/bdau/mbanisharifdehkordi/E2E/3d/results_decomp_mismatch/decomp_mismatch.nc4.locktest.54	/work	lustre
POSIX	54	10922646359245349228	POSIX_SIZE_WRITE_100M_1G	0	/work/hdd/bdau/mbanisharifdehkordi/E2E/3d/results_decomp_mismatch/decomp_mismatch.nc4.locktest.54	/work	lustre
POSIX	54	10922646359245349228	POSIX_SIZE_WRITE_1G_PLUS	0	/work/hdd/bdau/mbanisharifdehkordi/E2E/3d/results_decomp_mismatch/decomp_mismatch.nc4.locktest.54	/work	lustre
POSIX	54	8796968004350111049	POSIX_WRITES	0	/work/hdd/bdau/mbanisharifdehkordi/E2E/3d/results_decomp_mismatch/decomp_mismatch.nc4	/work	lustre
POSIX	54	8796968004350111049	POSIX_FILE_NOT_ALIGNED	0	/work/hdd/bdau/mbanisharifdehkordi/E2E/3d/results_decomp_mismatch/decomp_mismatch.nc4	/work	lustre
POSIX	54	8796968004350111049	POSIX_SIZE_WRITE_0_100	0	/work/hdd/bdau/mbanisharifdehkordi/E2E/3d/results_decomp_mismatch/decomp_mismatch.nc4	/work	lustre
POSIX	54	8796968004350111049	POSIX_SIZE_WRITE_100_1K	0	/work/hdd/bdau/mbanisharifdehkordi/E2E/3d/results_decomp_mismatch/decomp_mismatch.nc4	/work	lustre
POSIX	54	8796968004350111049	POSIX_SIZE_WRITE_1K_10K	0	/work/hdd/bdau/mbanisharifdehkordi/E2E/3d/results_decomp_mismatch/decomp_mismatch.nc4	/work	lustre
POSIX	54	8796968004350111049	POSIX_SIZE_WRITE_10K_100K	0	/work/hdd/bdau/mbanisharifdehkordi/E2E/3d/results_decomp_mismatch/decomp_mismatch.nc4	/work	lustre
POSIX	54	8796968004350111049	POSIX_SIZE_WRITE_100K_1M	0	/work/hdd/bdau/mbanisharifdehkordi/E2E/3d/results_decomp_mismatch/decomp_mismatch.nc4	/work	lustre
POSIX	54	8796968004350111049	POSIX_SIZE_WRITE_1M_4M	0	/work/hdd/bdau/mbanisharifdehkordi/E2E/3d/results_decomp_mismatch/decomp_mismatch.nc4	/work	lustre
POSIX	54	8796968004350111049	POSIX_SIZE_WRITE_4M_10M	0	/work/hdd/bdau/mbanisharifdehkordi/E2E/3d/results_decomp_mismatch/decomp_mismatch.nc4	/work	lustre
POSIX	54	8796968004350111049	POSIX_SIZE_WRITE_10M_100M	0	/work/hdd/bdau/mbanisharifdehkordi/E2E/3d/results_decomp_mismatch/decomp_mismatch.nc4	/work	lustre
POSIX	54	8796968004350111049	POSIX_SIZE_WRITE_100M_1G	0	/work/hdd/bdau/mbanisharifdehkordi/E2E/3d/results_decomp_mismatch/decomp_mismatch.nc4	/work	lustre
POSIX	54	8796968004350111049	POSIX_SIZE_WRITE_1G_PLUS	0	/work/hdd/bdau/mbanisharifdehkordi/E2E/3d/results_decomp_mismatch/decomp_mismatch.nc4	/work	lustre
POSIX	54	6939792131935133011	POSIX_WRITES	0	/work/hdd/bdau/mbanisharifdehkordi/E2E/3d/results_decomp_mismatch/.	/work	lustre
POSIX	54	6939792131935133011	POSIX_FILE_NOT_ALIGNED	0	/work/hdd/bdau/mbanisharifdehkordi/E2E/3d/results_decomp_mismatch/.	/work	lustre
POSIX	54	6939792131935133011	POSIX_SIZE_WRITE_0_100	0	/work/hdd/bdau/mbanisharifdehkordi/E2E/3d/results_decomp_mismatch/.	/work	lustre
POSIX	54	6939792131935133011	POSIX_SIZE_WRITE_100_1K	0	/work/hdd/bdau/mbanisharifdehkordi/E2E/3d/results_decomp_mismatch/.	/work	lustre
POSIX	54	6939792131935133011	POSIX_SIZE_WRITE_1K_10K	0	/work/hdd/bdau/mbanisharifdehkordi/E2E/3d/results_decomp_mismatch/.	/work	lustre
POSIX	54	6939792131935133011	POSIX_SIZE_WRITE_10K_100K	0	/work/hdd/bdau/mbanisharifdehkordi/E2E/3d/results_decomp_mismatch/.	/work	lustre
POSIX	54	6939792131935133011	POSIX_SIZE_WRITE_100K_1M	0	/work/hdd/bdau/mbanisharifdehkordi/E2E/3d/results_decomp_mismatch/.	/work	lustre
POSIX	54	6939792131935133011	POSIX_SIZE_WRITE_1M_4M	0	/work/hdd/bdau/mbanisharifdehkordi/E2E/3d/results_decomp_mismatch/.	/work	lustre
POSIX	54	6939792131935133011	POSIX_SIZE_WRITE_4M_10M	0	/work/hdd/bdau/mbanisharifdehkordi/E2E/3d/results_decomp_mismatch/.	/work	lustre
POSIX	54	6939792131935133011	POSIX_SIZE_WRITE_10M_100M	0	/work/hdd/bdau/mbanisharifdehkordi/E2E/3d/results_decomp_mismatch/.	/work	lustre
POSIX	54	6939792131935133011	POSIX_SIZE_WRITE_100M_1G	0	/work/hdd/bdau/mbanisharifdehkordi/E2E/3d/results_decomp_mismatch/.	/work	lustre
POSIX	54	6939792131935133011	POSIX_SIZE_WRITE_1G_PLUS	0	/work/hdd/bdau/mbanisharifdehkordi/E2E/3d/results_decomp_mismatch/.	/work	lustre
POSIX	54	15634375788946986981	POSIX_WRITES	0	/work/hdd/bdau/mbanisharifdehkordi/E2E/3d/results_decomp_mismatch/decomp_mismatch.nc4-4005036033-2888081.loc	/work	lustre
POSIX	54	15634375788946986981	POSIX_FILE_NOT_ALIGNED	0	/work/hdd/bdau/mbanisharifdehkordi/E2E/3d/results_decomp_mismatch/decomp_mismatch.nc4-4005036033-2888081.loc	/work	lustre
POSIX	54	15634375788946986981	POSIX_SIZE_WRITE_0_100	0	/work/hdd/bdau/mbanisharifdehkordi/E2E/3d/results_decomp_mismatch/decomp_mismatch.nc4-4005036033-2888081.loc	/work	lustre
POSIX	54	15634375788946986981	POSIX_SIZE_WRITE_100_1K	0	/work/hdd/bdau/mbanisharifdehkordi/E2E/3d/results_decomp_mismatch/decomp_mismatch.nc4-4005036033-2888081.loc	/work	lustre
POSIX	54	15634375788946986981	POSIX_SIZE_WRITE_1K_10K	0	/work/hdd/bdau/mbanisharifdehkordi/E2E/3d/results_decomp_mismatch/decomp_mismatch.nc4-4005036033-2888081.loc	/work	lustre
POSIX	54	15634375788946986981	POSIX_SIZE_WRITE_10K_100K	0	/work/hdd/bdau/mbanisharifdehkordi/E2E/3d/results_decomp_mismatch/decomp_mismatch.nc4-4005036033-2888081.loc	/work	lustre
POSIX	54	15634375788946986981	POSIX_SIZE_WRITE_100K_1M	0	/work/hdd/bdau/mbanisharifdehkordi/E2E/3d/results_decomp_mismatch/decomp_mismatch.nc4-4005036033-2888081.loc	/work	lustre
POSIX	54	15634375788946986981	POSIX_SIZE_WRITE_1M_4M	0	/work/hdd/bdau/mbanisharifdehkordi/E2E/3d/results_decomp_mismatch/decomp_mismatch.nc4-4005036033-2888081.loc	/work	lustre
POSIX	54	15634375788946986981	POSIX_SIZE_WRITE_4M_10M	0	/work/hdd/bdau/mbanisharifdehkordi/E2E/3d/results_decomp_mismatch/decomp_mismatch.nc4-4005036033-2888081.loc	/work	lustre
POSIX	54	15634375788946986981	POSIX_SIZE_WRITE_10M_100M	0	/work/hdd/bdau/mbanisharifdehkordi/E2E/3d/results_decomp_mismatch/decomp_mismatch.nc4-4005036033-2888081.loc	/work	lustre
POSIX	54	15634375788946986981	POSIX_SIZE_WRITE_100M_1G	0	/work/hdd/bdau/mbanisharifdehkordi/E2E/3d/results_decomp_mismatch/decomp_mismatch.nc4-4005036033-2888081.loc	/work	lustre
POSIX	54	15634375788946986981	POSIX_SIZE_WRITE_1G_PLUS	0	/work/hdd/bdau/mbanisharifdehkordi/E2E/3d/results_decomp_mismatch/decomp_mismatch.nc4-4005036033-2888081.loc	/work	lustre
POSIX	55	6628800336391338247	POSIX_WRITES	0	/work/hdd/bdau/mbanisharifdehkordi/E2E/3d/results_decomp_mismatch/decomp_mismatch.nc4.locktest.55	/work	lustre
POSIX	55	6628800336391338247	POSIX_FILE_NOT_ALIGNED	0	/work/hdd/bdau/mbanisharifdehkordi/E2E/3d/results_decomp_mismatch/decomp_mismatch.nc4.locktest.55	/work	lustre
POSIX	55	6628800336391338247	POSIX_SIZE_WRITE_0_100	0	/work/hdd/bdau/mbanisharifdehkordi/E2E/3d/results_decomp_mismatch/decomp_mismatch.nc4.locktest.55	/work	lustre
POSIX	55	6628800336391338247	POSIX_SIZE_WRITE_100_1K	0	/work/hdd/bdau/mbanisharifdehkordi/E2E/3d/results_decomp_mismatch/decomp_mismatch.nc4.locktest.55	/work	lustre
POSIX	55	6628800336391338247	POSIX_SIZE_WRITE_1K_10K	0	/work/hdd/bdau/mbanisharifdehkordi/E2E/3d/results_decomp_mismatch/decomp_mismatch.nc4.locktest.55	/work	lustre
POSIX	55	6628800336391338247	POSIX_SIZE_WRITE_10K_100K	0	/work/hdd/bdau/mbanisharifdehkordi/E2E/3d/results_decomp_mismatch/decomp_mismatch.nc4.locktest.55	/work	lustre
POSIX	55	6628800336391338247	POSIX_SIZE_WRITE_100K_1M	0	/work/hdd/bdau/mbanisharifdehkordi/E2E/3d/results_decomp_mismatch/decomp_mismatch.nc4.locktest.55	/work	lustre
POSIX	55	6628800336391338247	POSIX_SIZE_WRITE_1M_4M	0	/work/hdd/bdau/mbanisharifdehkordi/E2E/3d/results_decomp_mismatch/decomp_mismatch.nc4.locktest.55	/work	lustre
POSIX	55	6628800336391338247	POSIX_SIZE_WRITE_4M_10M	0	/work/hdd/bdau/mbanisharifdehkordi/E2E/3d/results_decomp_mismatch/decomp_mismatch.nc4.locktest.55	/work	lustre
POSIX	55	6628800336391338247	POSIX_SIZE_WRITE_10M_100M	0	/work/hdd/bdau/mbanisharifdehkordi/E2E/3d/results_decomp_mismatch/decomp_mismatch.nc4.locktest.55	/work	lustre
POSIX	55	6628800336391338247	POSIX_SIZE_WRITE_100M_1G	0	/work/hdd/bdau/mbanisharifdehkordi/E2E/3d/results_decomp_mismatch/decomp_mismatch.nc4.locktest.55	/work	lustre
POSIX	55	6628800336391338247	POSIX_SIZE_WRITE_1G_PLUS	0	/work/hdd/bdau/mbanisharifdehkordi/E2E/3d/results_decomp_mismatch/decomp_mismatch.nc4.locktest.55	/work	lustre
POSIX	55	8796968004350111049	POSIX_WRITES	0	/work/hdd/bdau/mbanisharifdehkordi/E2E/3d/results_decomp_mismatch/decomp_mismatch.nc4	/work	lustre
POSIX	55	8796968004350111049	POSIX_FILE_NOT_ALIGNED	0	/work/hdd/bdau/mbanisharifdehkordi/E2E/3d/results_decomp_mismatch/decomp_mismatch.nc4	/work	lustre
POSIX	55	8796968004350111049	POSIX_SIZE_WRITE_0_100	0	/work/hdd/bdau/mbanisharifdehkordi/E2E/3d/results_decomp_mismatch/decomp_mismatch.nc4	/work	lustre
POSIX	55	8796968004350111049	POSIX_SIZE_WRITE_100_1K	0	/work/hdd/bdau/mbanisharifdehkordi/E2E/3d/results_decomp_mismatch/decomp_mismatch.nc4	/work	lustre
POSIX	55	8796968004350111049	POSIX_SIZE_WRITE_1K_10K	0	/work/hdd/bdau/mbanisharifdehkordi/E2E/3d/results_decomp_mismatch/decomp_mismatch.nc4	/work	lustre
POSIX	55	8796968004350111049	POSIX_SIZE_WRITE_10K_100K	0	/work/hdd/bdau/mbanisharifdehkordi/E2E/3d/results_decomp_mismatch/decomp_mismatch.nc4	/work	lustre
POSIX	55	8796968004350111049	POSIX_SIZE_WRITE_100K_1M	0	/work/hdd/bdau/mbanisharifdehkordi/E2E/3d/results_decomp_mismatch/decomp_mismatch.nc4	/work	lustre
POSIX	55	8796968004350111049	POSIX_SIZE_WRITE_1M_4M	0	/work/hdd/bdau/mbanisharifdehkordi/E2E/3d/results_decomp_mismatch/decomp_mismatch.nc4	/work	lustre
POSIX	55	8796968004350111049	POSIX_SIZE_WRITE_4M_10M	0	/work/hdd/bdau/mbanisharifdehkordi/E2E/3d/results_decomp_mismatch/decomp_mismatch.nc4	/work	lustre
POSIX	55	8796968004350111049	POSIX_SIZE_WRITE_10M_100M	0	/work/hdd/bdau/mbanisharifdehkordi/E2E/3d/results_decomp_mismatch/decomp_mismatch.nc4	/work	lustre
POSIX	55	8796968004350111049	POSIX_SIZE_WRITE_100M_1G	0	/work/hdd/bdau/mbanisharifdehkordi/E2E/3d/results_decomp_mismatch/decomp_mismatch.nc4	/work	lustre
POSIX	55	8796968004350111049	POSIX_SIZE_WRITE_1G_PLUS	0	/work/hdd/bdau/mbanisharifdehkordi/E2E/3d/results_decomp_mismatch/decomp_mismatch.nc4	/work	lustre
POSIX	55	6939792131935133011	POSIX_WRITES	0	/work/hdd/bdau/mbanisharifdehkordi/E2E/3d/results_decomp_mismatch/.	/work	lustre
POSIX	55	6939792131935133011	POSIX_FILE_NOT_ALIGNED	0	/work/hdd/bdau/mbanisharifdehkordi/E2E/3d/results_decomp_mismatch/.	/work	lustre
POSIX	55	6939792131935133011	POSIX_SIZE_WRITE_0_100	0	/work/hdd/bdau/mbanisharifdehkordi/E2E/3d/results_decomp_mismatch/.	/work	lustre
POSIX	55	6939792131935133011	POSIX_SIZE_WRITE_100_1K	0	/work/hdd/bdau/mbanisharifdehkordi/E2E/3d/results_decomp_mismatch/.	/work	lustre
POSIX	55	6939792131935133011	POSIX_SIZE_WRITE_1K_10K	0	/work/hdd/bdau/mbanisharifdehkordi/E2E/3d/results_decomp_mismatch/.	/work	lustre
POSIX	55	6939792131935133011	POSIX_SIZE_WRITE_10K_100K	0	/work/hdd/bdau/mbanisharifdehkordi/E2E/3d/results_decomp_mismatch/.	/work	lustre
POSIX	55	6939792131935133011	POSIX_SIZE_WRITE_100K_1M	0	/work/hdd/bdau/mbanisharifdehkordi/E2E/3d/results_decomp_mismatch/.	/work	lustre
POSIX	55	6939792131935133011	POSIX_SIZE_WRITE_1M_4M	0	/work/hdd/bdau/mbanisharifdehkordi/E2E/3d/results_decomp_mismatch/.	/work	lustre
POSIX	55	6939792131935133011	POSIX_SIZE_WRITE_4M_10M	0	/work/hdd/bdau/mbanisharifdehkordi/E2E/3d/results_decomp_mismatch/.	/work	lustre
POSIX	55	6939792131935133011	POSIX_SIZE_WRITE_10M_100M	0	/work/hdd/bdau/mbanisharifdehkordi/E2E/3d/results_decomp_mismatch/.	/work	lustre
POSIX	55	6939792131935133011	POSIX_SIZE_WRITE_100M_1G	0	/work/hdd/bdau/mbanisharifdehkordi/E2E/3d/results_decomp_mismatch/.	/work	lustre
POSIX	55	6939792131935133011	POSIX_SIZE_WRITE_1G_PLUS	0	/work/hdd/bdau/mbanisharifdehkordi/E2E/3d/results_decomp_mismatch/.	/work	lustre
POSIX	55	15634375788946986981	POSIX_WRITES	0	/work/hdd/bdau/mbanisharifdehkordi/E2E/3d/results_decomp_mismatch/decomp_mismatch.nc4-4005036033-2888081.loc	/work	lustre
POSIX	55	15634375788946986981	POSIX_FILE_NOT_ALIGNED	0	/work/hdd/bdau/mbanisharifdehkordi/E2E/3d/results_decomp_mismatch/decomp_mismatch.nc4-4005036033-2888081.loc	/work	lustre
POSIX	55	15634375788946986981	POSIX_SIZE_WRITE_0_100	0	/work/hdd/bdau/mbanisharifdehkordi/E2E/3d/results_decomp_mismatch/decomp_mismatch.nc4-4005036033-2888081.loc	/work	lustre
POSIX	55	15634375788946986981	POSIX_SIZE_WRITE_100_1K	0	/work/hdd/bdau/mbanisharifdehkordi/E2E/3d/results_decomp_mismatch/decomp_mismatch.nc4-4005036033-2888081.loc	/work	lustre
POSIX	55	15634375788946986981	POSIX_SIZE_WRITE_1K_10K	0	/work/hdd/bdau/mbanisharifdehkordi/E2E/3d/results_decomp_mismatch/decomp_mismatch.nc4-4005036033-2888081.loc	/work	lustre
POSIX	55	15634375788946986981	POSIX_SIZE_WRITE_10K_100K	0	/work/hdd/bdau/mbanisharifdehkordi/E2E/3d/results_decomp_mismatch/decomp_mismatch.nc4-4005036033-2888081.loc	/work	lustre
POSIX	55	15634375788946986981	POSIX_SIZE_WRITE_100K_1M	0	/work/hdd/bdau/mbanisharifdehkordi/E2E/3d/results_decomp_mismatch/decomp_mismatch.nc4-4005036033-2888081.loc	/work	lustre
POSIX	55	15634375788946986981	POSIX_SIZE_WRITE_1M_4M	0	/work/hdd/bdau/mbanisharifdehkordi/E2E/3d/results_decomp_mismatch/decomp_mismatch.nc4-4005036033-2888081.loc	/work	lustre
POSIX	55	15634375788946986981	POSIX_SIZE_WRITE_4M_10M	0	/work/hdd/bdau/mbanisharifdehkordi/E2E/3d/results_decomp_mismatch/decomp_mismatch.nc4-4005036033-2888081.loc	/work	lustre
POSIX	55	15634375788946986981	POSIX_SIZE_WRITE_10M_100M	0	/work/hdd/bdau/mbanisharifdehkordi/E2E/3d/results_decomp_mismatch/decomp_mismatch.nc4-4005036033-2888081.loc	/work	lustre
POSIX	55	15634375788946986981	POSIX_SIZE_WRITE_100M_1G	0	/work/hdd/bdau/mbanisharifdehkordi/E2E/3d/results_decomp_mismatch/decomp_mismatch.nc4-4005036033-2888081.loc	/work	lustre
POSIX	55	15634375788946986981	POSIX_SIZE_WRITE_1G_PLUS	0	/work/hdd/bdau/mbanisharifdehkordi/E2E/3d/results_decomp_mismatch/decomp_mismatch.nc4-4005036033-2888081.loc	/work	lustre
POSIX	56	11297608511063704188	POSIX_WRITES	0	/work/hdd/bdau/mbanisharifdehkordi/E2E/3d/results_decomp_mismatch/decomp_mismatch.nc4.locktest.56	/work	lustre
POSIX	56	11297608511063704188	POSIX_FILE_NOT_ALIGNED	0	/work/hdd/bdau/mbanisharifdehkordi/E2E/3d/results_decomp_mismatch/decomp_mismatch.nc4.locktest.56	/work	lustre
POSIX	56	11297608511063704188	POSIX_SIZE_WRITE_0_100	0	/work/hdd/bdau/mbanisharifdehkordi/E2E/3d/results_decomp_mismatch/decomp_mismatch.nc4.locktest.56	/work	lustre
POSIX	56	11297608511063704188	POSIX_SIZE_WRITE_100_1K	0	/work/hdd/bdau/mbanisharifdehkordi/E2E/3d/results_decomp_mismatch/decomp_mismatch.nc4.locktest.56	/work	lustre
POSIX	56	11297608511063704188	POSIX_SIZE_WRITE_1K_10K	0	/work/hdd/bdau/mbanisharifdehkordi/E2E/3d/results_decomp_mismatch/decomp_mismatch.nc4.locktest.56	/work	lustre
POSIX	56	11297608511063704188	POSIX_SIZE_WRITE_10K_100K	0	/work/hdd/bdau/mbanisharifdehkordi/E2E/3d/results_decomp_mismatch/decomp_mismatch.nc4.locktest.56	/work	lustre
POSIX	56	11297608511063704188	POSIX_SIZE_WRITE_100K_1M	0	/work/hdd/bdau/mbanisharifdehkordi/E2E/3d/results_decomp_mismatch/decomp_mismatch.nc4.locktest.56	/work	lustre
POSIX	56	11297608511063704188	POSIX_SIZE_WRITE_1M_4M	0	/work/hdd/bdau/mbanisharifdehkordi/E2E/3d/results_decomp_mismatch/decomp_mismatch.nc4.locktest.56	/work	lustre
POSIX	56	11297608511063704188	POSIX_SIZE_WRITE_4M_10M	0	/work/hdd/bdau/mbanisharifdehkordi/E2E/3d/results_decomp_mismatch/decomp_mismatch.nc4.locktest.56	/work	lustre
POSIX	56	11297608511063704188	POSIX_SIZE_WRITE_10M_100M	0	/work/hdd/bdau/mbanisharifdehkordi/E2E/3d/results_decomp_mismatch/decomp_mismatch.nc4.locktest.56	/work	lustre
POSIX	56	11297608511063704188	POSIX_SIZE_WRITE_100M_1G	0	/work/hdd/bdau/mbanisharifdehkordi/E2E/3d/results_decomp_mismatch/decomp_mismatch.nc4.locktest.56	/work	lustre
POSIX	56	11297608511063704188	POSIX_SIZE_WRITE_1G_PLUS	0	/work/hdd/bdau/mbanisharifdehkordi/E2E/3d/results_decomp_mismatch/decomp_mismatch.nc4.locktest.56	/work	lustre
POSIX	56	8796968004350111049	POSIX_WRITES	0	/work/hdd/bdau/mbanisharifdehkordi/E2E/3d/results_decomp_mismatch/decomp_mismatch.nc4	/work	lustre
POSIX	56	8796968004350111049	POSIX_FILE_NOT_ALIGNED	0	/work/hdd/bdau/mbanisharifdehkordi/E2E/3d/results_decomp_mismatch/decomp_mismatch.nc4	/work	lustre
POSIX	56	8796968004350111049	POSIX_SIZE_WRITE_0_100	0	/work/hdd/bdau/mbanisharifdehkordi/E2E/3d/results_decomp_mismatch/decomp_mismatch.nc4	/work	lustre
POSIX	56	8796968004350111049	POSIX_SIZE_WRITE_100_1K	0	/work/hdd/bdau/mbanisharifdehkordi/E2E/3d/results_decomp_mismatch/decomp_mismatch.nc4	/work	lustre
POSIX	56	8796968004350111049	POSIX_SIZE_WRITE_1K_10K	0	/work/hdd/bdau/mbanisharifdehkordi/E2E/3d/results_decomp_mismatch/decomp_mismatch.nc4	/work	lustre
POSIX	56	8796968004350111049	POSIX_SIZE_WRITE_10K_100K	0	/work/hdd/bdau/mbanisharifdehkordi/E2E/3d/results_decomp_mismatch/decomp_mismatch.nc4	/work	lustre
POSIX	56	8796968004350111049	POSIX_SIZE_WRITE_100K_1M	0	/work/hdd/bdau/mbanisharifdehkordi/E2E/3d/results_decomp_mismatch/decomp_mismatch.nc4	/work	lustre
POSIX	56	8796968004350111049	POSIX_SIZE_WRITE_1M_4M	0	/work/hdd/bdau/mbanisharifdehkordi/E2E/3d/results_decomp_mismatch/decomp_mismatch.nc4	/work	lustre
POSIX	56	8796968004350111049	POSIX_SIZE_WRITE_4M_10M	0	/work/hdd/bdau/mbanisharifdehkordi/E2E/3d/results_decomp_mismatch/decomp_mismatch.nc4	/work	lustre
POSIX	56	8796968004350111049	POSIX_SIZE_WRITE_10M_100M	0	/work/hdd/bdau/mbanisharifdehkordi/E2E/3d/results_decomp_mismatch/decomp_mismatch.nc4	/work	lustre
POSIX	56	8796968004350111049	POSIX_SIZE_WRITE_100M_1G	0	/work/hdd/bdau/mbanisharifdehkordi/E2E/3d/results_decomp_mismatch/decomp_mismatch.nc4	/work	lustre
POSIX	56	8796968004350111049	POSIX_SIZE_WRITE_1G_PLUS	0	/work/hdd/bdau/mbanisharifdehkordi/E2E/3d/results_decomp_mismatch/decomp_mismatch.nc4	/work	lustre
POSIX	56	6939792131935133011	POSIX_WRITES	0	/work/hdd/bdau/mbanisharifdehkordi/E2E/3d/results_decomp_mismatch/.	/work	lustre
POSIX	56	6939792131935133011	POSIX_FILE_NOT_ALIGNED	0	/work/hdd/bdau/mbanisharifdehkordi/E2E/3d/results_decomp_mismatch/.	/work	lustre
POSIX	56	6939792131935133011	POSIX_SIZE_WRITE_0_100	0	/work/hdd/bdau/mbanisharifdehkordi/E2E/3d/results_decomp_mismatch/.	/work	lustre
POSIX	56	6939792131935133011	POSIX_SIZE_WRITE_100_1K	0	/work/hdd/bdau/mbanisharifdehkordi/E2E/3d/results_decomp_mismatch/.	/work	lustre
POSIX	56	6939792131935133011	POSIX_SIZE_WRITE_1K_10K	0	/work/hdd/bdau/mbanisharifdehkordi/E2E/3d/results_decomp_mismatch/.	/work	lustre
POSIX	56	6939792131935133011	POSIX_SIZE_WRITE_10K_100K	0	/work/hdd/bdau/mbanisharifdehkordi/E2E/3d/results_decomp_mismatch/.	/work	lustre
POSIX	56	6939792131935133011	POSIX_SIZE_WRITE_100K_1M	0	/work/hdd/bdau/mbanisharifdehkordi/E2E/3d/results_decomp_mismatch/.	/work	lustre
POSIX	56	6939792131935133011	POSIX_SIZE_WRITE_1M_4M	0	/work/hdd/bdau/mbanisharifdehkordi/E2E/3d/results_decomp_mismatch/.	/work	lustre
POSIX	56	6939792131935133011	POSIX_SIZE_WRITE_4M_10M	0	/work/hdd/bdau/mbanisharifdehkordi/E2E/3d/results_decomp_mismatch/.	/work	lustre
POSIX	56	6939792131935133011	POSIX_SIZE_WRITE_10M_100M	0	/work/hdd/bdau/mbanisharifdehkordi/E2E/3d/results_decomp_mismatch/.	/work	lustre
POSIX	56	6939792131935133011	POSIX_SIZE_WRITE_100M_1G	0	/work/hdd/bdau/mbanisharifdehkordi/E2E/3d/results_decomp_mismatch/.	/work	lustre
POSIX	56	6939792131935133011	POSIX_SIZE_WRITE_1G_PLUS	0	/work/hdd/bdau/mbanisharifdehkordi/E2E/3d/results_decomp_mismatch/.	/work	lustre
POSIX	56	15634375788946986981	POSIX_WRITES	0	/work/hdd/bdau/mbanisharifdehkordi/E2E/3d/results_decomp_mismatch/decomp_mismatch.nc4-4005036033-2888081.loc	/work	lustre
POSIX	56	15634375788946986981	POSIX_FILE_NOT_ALIGNED	0	/work/hdd/bdau/mbanisharifdehkordi/E2E/3d/results_decomp_mismatch/decomp_mismatch.nc4-4005036033-2888081.loc	/work	lustre
POSIX	56	15634375788946986981	POSIX_SIZE_WRITE_0_100	0	/work/hdd/bdau/mbanisharifdehkordi/E2E/3d/results_decomp_mismatch/decomp_mismatch.nc4-4005036033-2888081.loc	/work	lustre
POSIX	56	15634375788946986981	POSIX_SIZE_WRITE_100_1K	0	/work/hdd/bdau/mbanisharifdehkordi/E2E/3d/results_decomp_mismatch/decomp_mismatch.nc4-4005036033-2888081.loc	/work	lustre
POSIX	56	15634375788946986981	POSIX_SIZE_WRITE_1K_10K	0	/work/hdd/bdau/mbanisharifdehkordi/E2E/3d/results_decomp_mismatch/decomp_mismatch.nc4-4005036033-2888081.loc	/work	lustre
POSIX	56	15634375788946986981	POSIX_SIZE_WRITE_10K_100K	0	/work/hdd/bdau/mbanisharifdehkordi/E2E/3d/results_decomp_mismatch/decomp_mismatch.nc4-4005036033-2888081.loc	/work	lustre
POSIX	56	15634375788946986981	POSIX_SIZE_WRITE_100K_1M	0	/work/hdd/bdau/mbanisharifdehkordi/E2E/3d/results_decomp_mismatch/decomp_mismatch.nc4-4005036033-2888081.loc	/work	lustre
POSIX	56	15634375788946986981	POSIX_SIZE_WRITE_1M_4M	0	/work/hdd/bdau/mbanisharifdehkordi/E2E/3d/results_decomp_mismatch/decomp_mismatch.nc4-4005036033-2888081.loc	/work	lustre
POSIX	56	15634375788946986981	POSIX_SIZE_WRITE_4M_10M	0	/work/hdd/bdau/mbanisharifdehkordi/E2E/3d/results_decomp_mismatch/decomp_mismatch.nc4-4005036033-2888081.loc	/work	lustre
POSIX	56	15634375788946986981	POSIX_SIZE_WRITE_10M_100M	0	/work/hdd/bdau/mbanisharifdehkordi/E2E/3d/results_decomp_mismatch/decomp_mismatch.nc4-4005036033-2888081.loc	/work	lustre
POSIX	56	15634375788946986981	POSIX_SIZE_WRITE_100M_1G	0	/work/hdd/bdau/mbanisharifdehkordi/E2E/3d/results_decomp_mismatch/decomp_mismatch.nc4-4005036033-2888081.loc	/work	lustre
POSIX	56	15634375788946986981	POSIX_SIZE_WRITE_1G_PLUS	0	/work/hdd/bdau/mbanisharifdehkordi/E2E/3d/results_decomp_mismatch/decomp_mismatch.nc4-4005036033-2888081.loc	/work	lustre
POSIX	57	17999764387556062171	POSIX_WRITES	0	/work/hdd/bdau/mbanisharifdehkordi/E2E/3d/results_decomp_mismatch/decomp_mismatch.nc4.locktest.57	/work	lustre
POSIX	57	17999764387556062171	POSIX_FILE_NOT_ALIGNED	0	/work/hdd/bdau/mbanisharifdehkordi/E2E/3d/results_decomp_mismatch/decomp_mismatch.nc4.locktest.57	/work	lustre
POSIX	57	17999764387556062171	POSIX_SIZE_WRITE_0_100	0	/work/hdd/bdau/mbanisharifdehkordi/E2E/3d/results_decomp_mismatch/decomp_mismatch.nc4.locktest.57	/work	lustre
POSIX	57	17999764387556062171	POSIX_SIZE_WRITE_100_1K	0	/work/hdd/bdau/mbanisharifdehkordi/E2E/3d/results_decomp_mismatch/decomp_mismatch.nc4.locktest.57	/work	lustre
POSIX	57	17999764387556062171	POSIX_SIZE_WRITE_1K_10K	0	/work/hdd/bdau/mbanisharifdehkordi/E2E/3d/results_decomp_mismatch/decomp_mismatch.nc4.locktest.57	/work	lustre
POSIX	57	17999764387556062171	POSIX_SIZE_WRITE_10K_100K	0	/work/hdd/bdau/mbanisharifdehkordi/E2E/3d/results_decomp_mismatch/decomp_mismatch.nc4.locktest.57	/work	lustre
POSIX	57	17999764387556062171	POSIX_SIZE_WRITE_100K_1M	0	/work/hdd/bdau/mbanisharifdehkordi/E2E/3d/results_decomp_mismatch/decomp_mismatch.nc4.locktest.57	/work	lustre
POSIX	57	17999764387556062171	POSIX_SIZE_WRITE_1M_4M	0	/work/hdd/bdau/mbanisharifdehkordi/E2E/3d/results_decomp_mismatch/decomp_mismatch.nc4.locktest.57	/work	lustre
POSIX	57	17999764387556062171	POSIX_SIZE_WRITE_4M_10M	0	/work/hdd/bdau/mbanisharifdehkordi/E2E/3d/results_decomp_mismatch/decomp_mismatch.nc4.locktest.57	/work	lustre
POSIX	57	17999764387556062171	POSIX_SIZE_WRITE_10M_100M	0	/work/hdd/bdau/mbanisharifdehkordi/E2E/3d/results_decomp_mismatch/decomp_mismatch.nc4.locktest.57	/work	lustre
POSIX	57	17999764387556062171	POSIX_SIZE_WRITE_100M_1G	0	/work/hdd/bdau/mbanisharifdehkordi/E2E/3d/results_decomp_mismatch/decomp_mismatch.nc4.locktest.57	/work	lustre
POSIX	57	17999764387556062171	POSIX_SIZE_WRITE_1G_PLUS	0	/work/hdd/bdau/mbanisharifdehkordi/E2E/3d/results_decomp_mismatch/decomp_mismatch.nc4.locktest.57	/work	lustre
POSIX	57	8796968004350111049	POSIX_WRITES	0	/work/hdd/bdau/mbanisharifdehkordi/E2E/3d/results_decomp_mismatch/decomp_mismatch.nc4	/work	lustre
POSIX	57	8796968004350111049	POSIX_FILE_NOT_ALIGNED	0	/work/hdd/bdau/mbanisharifdehkordi/E2E/3d/results_decomp_mismatch/decomp_mismatch.nc4	/work	lustre
POSIX	57	8796968004350111049	POSIX_SIZE_WRITE_0_100	0	/work/hdd/bdau/mbanisharifdehkordi/E2E/3d/results_decomp_mismatch/decomp_mismatch.nc4	/work	lustre
POSIX	57	8796968004350111049	POSIX_SIZE_WRITE_100_1K	0	/work/hdd/bdau/mbanisharifdehkordi/E2E/3d/results_decomp_mismatch/decomp_mismatch.nc4	/work	lustre
POSIX	57	8796968004350111049	POSIX_SIZE_WRITE_1K_10K	0	/work/hdd/bdau/mbanisharifdehkordi/E2E/3d/results_decomp_mismatch/decomp_mismatch.nc4	/work	lustre
POSIX	57	8796968004350111049	POSIX_SIZE_WRITE_10K_100K	0	/work/hdd/bdau/mbanisharifdehkordi/E2E/3d/results_decomp_mismatch/decomp_mismatch.nc4	/work	lustre
POSIX	57	8796968004350111049	POSIX_SIZE_WRITE_100K_1M	0	/work/hdd/bdau/mbanisharifdehkordi/E2E/3d/results_decomp_mismatch/decomp_mismatch.nc4	/work	lustre
POSIX	57	8796968004350111049	POSIX_SIZE_WRITE_1M_4M	0	/work/hdd/bdau/mbanisharifdehkordi/E2E/3d/results_decomp_mismatch/decomp_mismatch.nc4	/work	lustre
POSIX	57	8796968004350111049	POSIX_SIZE_WRITE_4M_10M	0	/work/hdd/bdau/mbanisharifdehkordi/E2E/3d/results_decomp_mismatch/decomp_mismatch.nc4	/work	lustre
POSIX	57	8796968004350111049	POSIX_SIZE_WRITE_10M_100M	0	/work/hdd/bdau/mbanisharifdehkordi/E2E/3d/results_decomp_mismatch/decomp_mismatch.nc4	/work	lustre
POSIX	57	8796968004350111049	POSIX_SIZE_WRITE_100M_1G	0	/work/hdd/bdau/mbanisharifdehkordi/E2E/3d/results_decomp_mismatch/decomp_mismatch.nc4	/work	lustre
POSIX	57	8796968004350111049	POSIX_SIZE_WRITE_1G_PLUS	0	/work/hdd/bdau/mbanisharifdehkordi/E2E/3d/results_decomp_mismatch/decomp_mismatch.nc4	/work	lustre
POSIX	57	6939792131935133011	POSIX_WRITES	0	/work/hdd/bdau/mbanisharifdehkordi/E2E/3d/results_decomp_mismatch/.	/work	lustre
POSIX	57	6939792131935133011	POSIX_FILE_NOT_ALIGNED	0	/work/hdd/bdau/mbanisharifdehkordi/E2E/3d/results_decomp_mismatch/.	/work	lustre
POSIX	57	6939792131935133011	POSIX_SIZE_WRITE_0_100	0	/work/hdd/bdau/mbanisharifdehkordi/E2E/3d/results_decomp_mismatch/.	/work	lustre
POSIX	57	6939792131935133011	POSIX_SIZE_WRITE_100_1K	0	/work/hdd/bdau/mbanisharifdehkordi/E2E/3d/results_decomp_mismatch/.	/work	lustre
POSIX	57	6939792131935133011	POSIX_SIZE_WRITE_1K_10K	0	/work/hdd/bdau/mbanisharifdehkordi/E2E/3d/results_decomp_mismatch/.	/work	lustre
POSIX	57	6939792131935133011	POSIX_SIZE_WRITE_10K_100K	0	/work/hdd/bdau/mbanisharifdehkordi/E2E/3d/results_decomp_mismatch/.	/work	lustre
POSIX	57	6939792131935133011	POSIX_SIZE_WRITE_100K_1M	0	/work/hdd/bdau/mbanisharifdehkordi/E2E/3d/results_decomp_mismatch/.	/work	lustre
POSIX	57	6939792131935133011	POSIX_SIZE_WRITE_1M_4M	0	/work/hdd/bdau/mbanisharifdehkordi/E2E/3d/results_decomp_mismatch/.	/work	lustre
POSIX	57	6939792131935133011	POSIX_SIZE_WRITE_4M_10M	0	/work/hdd/bdau/mbanisharifdehkordi/E2E/3d/results_decomp_mismatch/.	/work	lustre
POSIX	57	6939792131935133011	POSIX_SIZE_WRITE_10M_100M	0	/work/hdd/bdau/mbanisharifdehkordi/E2E/3d/results_decomp_mismatch/.	/work	lustre
POSIX	57	6939792131935133011	POSIX_SIZE_WRITE_100M_1G	0	/work/hdd/bdau/mbanisharifdehkordi/E2E/3d/results_decomp_mismatch/.	/work	lustre
POSIX	57	6939792131935133011	POSIX_SIZE_WRITE_1G_PLUS	0	/work/hdd/bdau/mbanisharifdehkordi/E2E/3d/results_decomp_mismatch/.	/work	lustre
POSIX	57	15634375788946986981	POSIX_WRITES	0	/work/hdd/bdau/mbanisharifdehkordi/E2E/3d/results_decomp_mismatch/decomp_mismatch.nc4-4005036033-2888081.loc	/work	lustre
POSIX	57	15634375788946986981	POSIX_FILE_NOT_ALIGNED	0	/work/hdd/bdau/mbanisharifdehkordi/E2E/3d/results_decomp_mismatch/decomp_mismatch.nc4-4005036033-2888081.loc	/work	lustre
POSIX	57	15634375788946986981	POSIX_SIZE_WRITE_0_100	0	/work/hdd/bdau/mbanisharifdehkordi/E2E/3d/results_decomp_mismatch/decomp_mismatch.nc4-4005036033-2888081.loc	/work	lustre
POSIX	57	15634375788946986981	POSIX_SIZE_WRITE_100_1K	0	/work/hdd/bdau/mbanisharifdehkordi/E2E/3d/results_decomp_mismatch/decomp_mismatch.nc4-4005036033-2888081.loc	/work	lustre
POSIX	57	15634375788946986981	POSIX_SIZE_WRITE_1K_10K	0	/work/hdd/bdau/mbanisharifdehkordi/E2E/3d/results_decomp_mismatch/decomp_mismatch.nc4-4005036033-2888081.loc	/work	lustre
POSIX	57	15634375788946986981	POSIX_SIZE_WRITE_10K_100K	0	/work/hdd/bdau/mbanisharifdehkordi/E2E/3d/results_decomp_mismatch/decomp_mismatch.nc4-4005036033-2888081.loc	/work	lustre
POSIX	57	15634375788946986981	POSIX_SIZE_WRITE_100K_1M	0	/work/hdd/bdau/mbanisharifdehkordi/E2E/3d/results_decomp_mismatch/decomp_mismatch.nc4-4005036033-2888081.loc	/work	lustre
POSIX	57	15634375788946986981	POSIX_SIZE_WRITE_1M_4M	0	/work/hdd/bdau/mbanisharifdehkordi/E2E/3d/results_decomp_mismatch/decomp_mismatch.nc4-4005036033-2888081.loc	/work	lustre
POSIX	57	15634375788946986981	POSIX_SIZE_WRITE_4M_10M	0	/work/hdd/bdau/mbanisharifdehkordi/E2E/3d/results_decomp_mismatch/decomp_mismatch.nc4-4005036033-2888081.loc	/work	lustre
POSIX	57	15634375788946986981	POSIX_SIZE_WRITE_10M_100M	0	/work/hdd/bdau/mbanisharifdehkordi/E2E/3d/results_decomp_mismatch/decomp_mismatch.nc4-4005036033-2888081.loc	/work	lustre
POSIX	57	15634375788946986981	POSIX_SIZE_WRITE_100M_1G	0	/work/hdd/bdau/mbanisharifdehkordi/E2E/3d/results_decomp_mismatch/decomp_mismatch.nc4-4005036033-2888081.loc	/work	lustre
POSIX	57	15634375788946986981	POSIX_SIZE_WRITE_1G_PLUS	0	/work/hdd/bdau/mbanisharifdehkordi/E2E/3d/results_decomp_mismatch/decomp_mismatch.nc4-4005036033-2888081.loc	/work	lustre
POSIX	58	15095525851785106832	POSIX_WRITES	0	/work/hdd/bdau/mbanisharifdehkordi/E2E/3d/results_decomp_mismatch/decomp_mismatch.nc4.locktest.58	/work	lustre
POSIX	58	15095525851785106832	POSIX_FILE_NOT_ALIGNED	0	/work/hdd/bdau/mbanisharifdehkordi/E2E/3d/results_decomp_mismatch/decomp_mismatch.nc4.locktest.58	/work	lustre
POSIX	58	15095525851785106832	POSIX_SIZE_WRITE_0_100	0	/work/hdd/bdau/mbanisharifdehkordi/E2E/3d/results_decomp_mismatch/decomp_mismatch.nc4.locktest.58	/work	lustre
POSIX	58	15095525851785106832	POSIX_SIZE_WRITE_100_1K	0	/work/hdd/bdau/mbanisharifdehkordi/E2E/3d/results_decomp_mismatch/decomp_mismatch.nc4.locktest.58	/work	lustre
POSIX	58	15095525851785106832	POSIX_SIZE_WRITE_1K_10K	0	/work/hdd/bdau/mbanisharifdehkordi/E2E/3d/results_decomp_mismatch/decomp_mismatch.nc4.locktest.58	/work	lustre
POSIX	58	15095525851785106832	POSIX_SIZE_WRITE_10K_100K	0	/work/hdd/bdau/mbanisharifdehkordi/E2E/3d/results_decomp_mismatch/decomp_mismatch.nc4.locktest.58	/work	lustre
POSIX	58	15095525851785106832	POSIX_SIZE_WRITE_100K_1M	0	/work/hdd/bdau/mbanisharifdehkordi/E2E/3d/results_decomp_mismatch/decomp_mismatch.nc4.locktest.58	/work	lustre
POSIX	58	15095525851785106832	POSIX_SIZE_WRITE_1M_4M	0	/work/hdd/bdau/mbanisharifdehkordi/E2E/3d/results_decomp_mismatch/decomp_mismatch.nc4.locktest.58	/work	lustre
POSIX	58	15095525851785106832	POSIX_SIZE_WRITE_4M_10M	0	/work/hdd/bdau/mbanisharifdehkordi/E2E/3d/results_decomp_mismatch/decomp_mismatch.nc4.locktest.58	/work	lustre
POSIX	58	15095525851785106832	POSIX_SIZE_WRITE_10M_100M	0	/work/hdd/bdau/mbanisharifdehkordi/E2E/3d/results_decomp_mismatch/decomp_mismatch.nc4.locktest.58	/work	lustre
POSIX	58	15095525851785106832	POSIX_SIZE_WRITE_100M_1G	0	/work/hdd/bdau/mbanisharifdehkordi/E2E/3d/results_decomp_mismatch/decomp_mismatch.nc4.locktest.58	/work	lustre
POSIX	58	15095525851785106832	POSIX_SIZE_WRITE_1G_PLUS	0	/work/hdd/bdau/mbanisharifdehkordi/E2E/3d/results_decomp_mismatch/decomp_mismatch.nc4.locktest.58	/work	lustre
POSIX	58	8796968004350111049	POSIX_WRITES	0	/work/hdd/bdau/mbanisharifdehkordi/E2E/3d/results_decomp_mismatch/decomp_mismatch.nc4	/work	lustre
POSIX	58	8796968004350111049	POSIX_FILE_NOT_ALIGNED	0	/work/hdd/bdau/mbanisharifdehkordi/E2E/3d/results_decomp_mismatch/decomp_mismatch.nc4	/work	lustre
POSIX	58	8796968004350111049	POSIX_SIZE_WRITE_0_100	0	/work/hdd/bdau/mbanisharifdehkordi/E2E/3d/results_decomp_mismatch/decomp_mismatch.nc4	/work	lustre
POSIX	58	8796968004350111049	POSIX_SIZE_WRITE_100_1K	0	/work/hdd/bdau/mbanisharifdehkordi/E2E/3d/results_decomp_mismatch/decomp_mismatch.nc4	/work	lustre
POSIX	58	8796968004350111049	POSIX_SIZE_WRITE_1K_10K	0	/work/hdd/bdau/mbanisharifdehkordi/E2E/3d/results_decomp_mismatch/decomp_mismatch.nc4	/work	lustre
POSIX	58	8796968004350111049	POSIX_SIZE_WRITE_10K_100K	0	/work/hdd/bdau/mbanisharifdehkordi/E2E/3d/results_decomp_mismatch/decomp_mismatch.nc4	/work	lustre
POSIX	58	8796968004350111049	POSIX_SIZE_WRITE_100K_1M	0	/work/hdd/bdau/mbanisharifdehkordi/E2E/3d/results_decomp_mismatch/decomp_mismatch.nc4	/work	lustre
POSIX	58	8796968004350111049	POSIX_SIZE_WRITE_1M_4M	0	/work/hdd/bdau/mbanisharifdehkordi/E2E/3d/results_decomp_mismatch/decomp_mismatch.nc4	/work	lustre
POSIX	58	8796968004350111049	POSIX_SIZE_WRITE_4M_10M	0	/work/hdd/bdau/mbanisharifdehkordi/E2E/3d/results_decomp_mismatch/decomp_mismatch.nc4	/work	lustre
POSIX	58	8796968004350111049	POSIX_SIZE_WRITE_10M_100M	0	/work/hdd/bdau/mbanisharifdehkordi/E2E/3d/results_decomp_mismatch/decomp_mismatch.nc4	/work	lustre
POSIX	58	8796968004350111049	POSIX_SIZE_WRITE_100M_1G	0	/work/hdd/bdau/mbanisharifdehkordi/E2E/3d/results_decomp_mismatch/decomp_mismatch.nc4	/work	lustre
POSIX	58	8796968004350111049	POSIX_SIZE_WRITE_1G_PLUS	0	/work/hdd/bdau/mbanisharifdehkordi/E2E/3d/results_decomp_mismatch/decomp_mismatch.nc4	/work	lustre
POSIX	58	6939792131935133011	POSIX_WRITES	0	/work/hdd/bdau/mbanisharifdehkordi/E2E/3d/results_decomp_mismatch/.	/work	lustre
POSIX	58	6939792131935133011	POSIX_FILE_NOT_ALIGNED	0	/work/hdd/bdau/mbanisharifdehkordi/E2E/3d/results_decomp_mismatch/.	/work	lustre
POSIX	58	6939792131935133011	POSIX_SIZE_WRITE_0_100	0	/work/hdd/bdau/mbanisharifdehkordi/E2E/3d/results_decomp_mismatch/.	/work	lustre
POSIX	58	6939792131935133011	POSIX_SIZE_WRITE_100_1K	0	/work/hdd/bdau/mbanisharifdehkordi/E2E/3d/results_decomp_mismatch/.	/work	lustre
POSIX	58	6939792131935133011	POSIX_SIZE_WRITE_1K_10K	0	/work/hdd/bdau/mbanisharifdehkordi/E2E/3d/results_decomp_mismatch/.	/work	lustre
POSIX	58	6939792131935133011	POSIX_SIZE_WRITE_10K_100K	0	/work/hdd/bdau/mbanisharifdehkordi/E2E/3d/results_decomp_mismatch/.	/work	lustre
POSIX	58	6939792131935133011	POSIX_SIZE_WRITE_100K_1M	0	/work/hdd/bdau/mbanisharifdehkordi/E2E/3d/results_decomp_mismatch/.	/work	lustre
POSIX	58	6939792131935133011	POSIX_SIZE_WRITE_1M_4M	0	/work/hdd/bdau/mbanisharifdehkordi/E2E/3d/results_decomp_mismatch/.	/work	lustre
POSIX	58	6939792131935133011	POSIX_SIZE_WRITE_4M_10M	0	/work/hdd/bdau/mbanisharifdehkordi/E2E/3d/results_decomp_mismatch/.	/work	lustre
POSIX	58	6939792131935133011	POSIX_SIZE_WRITE_10M_100M	0	/work/hdd/bdau/mbanisharifdehkordi/E2E/3d/results_decomp_mismatch/.	/work	lustre
POSIX	58	6939792131935133011	POSIX_SIZE_WRITE_100M_1G	0	/work/hdd/bdau/mbanisharifdehkordi/E2E/3d/results_decomp_mismatch/.	/work	lustre
POSIX	58	6939792131935133011	POSIX_SIZE_WRITE_1G_PLUS	0	/work/hdd/bdau/mbanisharifdehkordi/E2E/3d/results_decomp_mismatch/.	/work	lustre
POSIX	58	15634375788946986981	POSIX_WRITES	0	/work/hdd/bdau/mbanisharifdehkordi/E2E/3d/results_decomp_mismatch/decomp_mismatch.nc4-4005036033-2888081.loc	/work	lustre
POSIX	58	15634375788946986981	POSIX_FILE_NOT_ALIGNED	0	/work/hdd/bdau/mbanisharifdehkordi/E2E/3d/results_decomp_mismatch/decomp_mismatch.nc4-4005036033-2888081.loc	/work	lustre
POSIX	58	15634375788946986981	POSIX_SIZE_WRITE_0_100	0	/work/hdd/bdau/mbanisharifdehkordi/E2E/3d/results_decomp_mismatch/decomp_mismatch.nc4-4005036033-2888081.loc	/work	lustre
POSIX	58	15634375788946986981	POSIX_SIZE_WRITE_100_1K	0	/work/hdd/bdau/mbanisharifdehkordi/E2E/3d/results_decomp_mismatch/decomp_mismatch.nc4-4005036033-2888081.loc	/work	lustre
POSIX	58	15634375788946986981	POSIX_SIZE_WRITE_1K_10K	0	/work/hdd/bdau/mbanisharifdehkordi/E2E/3d/results_decomp_mismatch/decomp_mismatch.nc4-4005036033-2888081.loc	/work	lustre
POSIX	58	15634375788946986981	POSIX_SIZE_WRITE_10K_100K	0	/work/hdd/bdau/mbanisharifdehkordi/E2E/3d/results_decomp_mismatch/decomp_mismatch.nc4-4005036033-2888081.loc	/work	lustre
POSIX	58	15634375788946986981	POSIX_SIZE_WRITE_100K_1M	0	/work/hdd/bdau/mbanisharifdehkordi/E2E/3d/results_decomp_mismatch/decomp_mismatch.nc4-4005036033-2888081.loc	/work	lustre
POSIX	58	15634375788946986981	POSIX_SIZE_WRITE_1M_4M	0	/work/hdd/bdau/mbanisharifdehkordi/E2E/3d/results_decomp_mismatch/decomp_mismatch.nc4-4005036033-2888081.loc	/work	lustre
POSIX	58	15634375788946986981	POSIX_SIZE_WRITE_4M_10M	0	/work/hdd/bdau/mbanisharifdehkordi/E2E/3d/results_decomp_mismatch/decomp_mismatch.nc4-4005036033-2888081.loc	/work	lustre
POSIX	58	15634375788946986981	POSIX_SIZE_WRITE_10M_100M	0	/work/hdd/bdau/mbanisharifdehkordi/E2E/3d/results_decomp_mismatch/decomp_mismatch.nc4-4005036033-2888081.loc	/work	lustre
POSIX	58	15634375788946986981	POSIX_SIZE_WRITE_100M_1G	0	/work/hdd/bdau/mbanisharifdehkordi/E2E/3d/results_decomp_mismatch/decomp_mismatch.nc4-4005036033-2888081.loc	/work	lustre
POSIX	58	15634375788946986981	POSIX_SIZE_WRITE_1G_PLUS	0	/work/hdd/bdau/mbanisharifdehkordi/E2E/3d/results_decomp_mismatch/decomp_mismatch.nc4-4005036033-2888081.loc	/work	lustre
POSIX	59	10794639977177152262	POSIX_WRITES	0	/work/hdd/bdau/mbanisharifdehkordi/E2E/3d/results_decomp_mismatch/decomp_mismatch.nc4.locktest.59	/work	lustre
POSIX	59	10794639977177152262	POSIX_FILE_NOT_ALIGNED	0	/work/hdd/bdau/mbanisharifdehkordi/E2E/3d/results_decomp_mismatch/decomp_mismatch.nc4.locktest.59	/work	lustre
POSIX	59	10794639977177152262	POSIX_SIZE_WRITE_0_100	0	/work/hdd/bdau/mbanisharifdehkordi/E2E/3d/results_decomp_mismatch/decomp_mismatch.nc4.locktest.59	/work	lustre
POSIX	59	10794639977177152262	POSIX_SIZE_WRITE_100_1K	0	/work/hdd/bdau/mbanisharifdehkordi/E2E/3d/results_decomp_mismatch/decomp_mismatch.nc4.locktest.59	/work	lustre
POSIX	59	10794639977177152262	POSIX_SIZE_WRITE_1K_10K	0	/work/hdd/bdau/mbanisharifdehkordi/E2E/3d/results_decomp_mismatch/decomp_mismatch.nc4.locktest.59	/work	lustre
POSIX	59	10794639977177152262	POSIX_SIZE_WRITE_10K_100K	0	/work/hdd/bdau/mbanisharifdehkordi/E2E/3d/results_decomp_mismatch/decomp_mismatch.nc4.locktest.59	/work	lustre
POSIX	59	10794639977177152262	POSIX_SIZE_WRITE_100K_1M	0	/work/hdd/bdau/mbanisharifdehkordi/E2E/3d/results_decomp_mismatch/decomp_mismatch.nc4.locktest.59	/work	lustre
POSIX	59	10794639977177152262	POSIX_SIZE_WRITE_1M_4M	0	/work/hdd/bdau/mbanisharifdehkordi/E2E/3d/results_decomp_mismatch/decomp_mismatch.nc4.locktest.59	/work	lustre
POSIX	59	10794639977177152262	POSIX_SIZE_WRITE_4M_10M	0	/work/hdd/bdau/mbanisharifdehkordi/E2E/3d/results_decomp_mismatch/decomp_mismatch.nc4.locktest.59	/work	lustre
POSIX	59	10794639977177152262	POSIX_SIZE_WRITE_10M_100M	0	/work/hdd/bdau/mbanisharifdehkordi/E2E/3d/results_decomp_mismatch/decomp_mismatch.nc4.locktest.59	/work	lustre
POSIX	59	10794639977177152262	POSIX_SIZE_WRITE_100M_1G	0	/work/hdd/bdau/mbanisharifdehkordi/E2E/3d/results_decomp_mismatch/decomp_mismatch.nc4.locktest.59	/work	lustre
POSIX	59	10794639977177152262	POSIX_SIZE_WRITE_1G_PLUS	0	/work/hdd/bdau/mbanisharifdehkordi/E2E/3d/results_decomp_mismatch/decomp_mismatch.nc4.locktest.59	/work	lustre
POSIX	59	8796968004350111049	POSIX_WRITES	0	/work/hdd/bdau/mbanisharifdehkordi/E2E/3d/results_decomp_mismatch/decomp_mismatch.nc4	/work	lustre
POSIX	59	8796968004350111049	POSIX_FILE_NOT_ALIGNED	0	/work/hdd/bdau/mbanisharifdehkordi/E2E/3d/results_decomp_mismatch/decomp_mismatch.nc4	/work	lustre
POSIX	59	8796968004350111049	POSIX_SIZE_WRITE_0_100	0	/work/hdd/bdau/mbanisharifdehkordi/E2E/3d/results_decomp_mismatch/decomp_mismatch.nc4	/work	lustre
POSIX	59	8796968004350111049	POSIX_SIZE_WRITE_100_1K	0	/work/hdd/bdau/mbanisharifdehkordi/E2E/3d/results_decomp_mismatch/decomp_mismatch.nc4	/work	lustre
POSIX	59	8796968004350111049	POSIX_SIZE_WRITE_1K_10K	0	/work/hdd/bdau/mbanisharifdehkordi/E2E/3d/results_decomp_mismatch/decomp_mismatch.nc4	/work	lustre
POSIX	59	8796968004350111049	POSIX_SIZE_WRITE_10K_100K	0	/work/hdd/bdau/mbanisharifdehkordi/E2E/3d/results_decomp_mismatch/decomp_mismatch.nc4	/work	lustre
POSIX	59	8796968004350111049	POSIX_SIZE_WRITE_100K_1M	0	/work/hdd/bdau/mbanisharifdehkordi/E2E/3d/results_decomp_mismatch/decomp_mismatch.nc4	/work	lustre
POSIX	59	8796968004350111049	POSIX_SIZE_WRITE_1M_4M	0	/work/hdd/bdau/mbanisharifdehkordi/E2E/3d/results_decomp_mismatch/decomp_mismatch.nc4	/work	lustre
POSIX	59	8796968004350111049	POSIX_SIZE_WRITE_4M_10M	0	/work/hdd/bdau/mbanisharifdehkordi/E2E/3d/results_decomp_mismatch/decomp_mismatch.nc4	/work	lustre
POSIX	59	8796968004350111049	POSIX_SIZE_WRITE_10M_100M	0	/work/hdd/bdau/mbanisharifdehkordi/E2E/3d/results_decomp_mismatch/decomp_mismatch.nc4	/work	lustre
POSIX	59	8796968004350111049	POSIX_SIZE_WRITE_100M_1G	0	/work/hdd/bdau/mbanisharifdehkordi/E2E/3d/results_decomp_mismatch/decomp_mismatch.nc4	/work	lustre
POSIX	59	8796968004350111049	POSIX_SIZE_WRITE_1G_PLUS	0	/work/hdd/bdau/mbanisharifdehkordi/E2E/3d/results_decomp_mismatch/decomp_mismatch.nc4	/work	lustre
POSIX	59	6939792131935133011	POSIX_WRITES	0	/work/hdd/bdau/mbanisharifdehkordi/E2E/3d/results_decomp_mismatch/.	/work	lustre
POSIX	59	6939792131935133011	POSIX_FILE_NOT_ALIGNED	0	/work/hdd/bdau/mbanisharifdehkordi/E2E/3d/results_decomp_mismatch/.	/work	lustre
POSIX	59	6939792131935133011	POSIX_SIZE_WRITE_0_100	0	/work/hdd/bdau/mbanisharifdehkordi/E2E/3d/results_decomp_mismatch/.	/work	lustre
POSIX	59	6939792131935133011	POSIX_SIZE_WRITE_100_1K	0	/work/hdd/bdau/mbanisharifdehkordi/E2E/3d/results_decomp_mismatch/.	/work	lustre
POSIX	59	6939792131935133011	POSIX_SIZE_WRITE_1K_10K	0	/work/hdd/bdau/mbanisharifdehkordi/E2E/3d/results_decomp_mismatch/.	/work	lustre
POSIX	59	6939792131935133011	POSIX_SIZE_WRITE_10K_100K	0	/work/hdd/bdau/mbanisharifdehkordi/E2E/3d/results_decomp_mismatch/.	/work	lustre
POSIX	59	6939792131935133011	POSIX_SIZE_WRITE_100K_1M	0	/work/hdd/bdau/mbanisharifdehkordi/E2E/3d/results_decomp_mismatch/.	/work	lustre
POSIX	59	6939792131935133011	POSIX_SIZE_WRITE_1M_4M	0	/work/hdd/bdau/mbanisharifdehkordi/E2E/3d/results_decomp_mismatch/.	/work	lustre
POSIX	59	6939792131935133011	POSIX_SIZE_WRITE_4M_10M	0	/work/hdd/bdau/mbanisharifdehkordi/E2E/3d/results_decomp_mismatch/.	/work	lustre
POSIX	59	6939792131935133011	POSIX_SIZE_WRITE_10M_100M	0	/work/hdd/bdau/mbanisharifdehkordi/E2E/3d/results_decomp_mismatch/.	/work	lustre
POSIX	59	6939792131935133011	POSIX_SIZE_WRITE_100M_1G	0	/work/hdd/bdau/mbanisharifdehkordi/E2E/3d/results_decomp_mismatch/.	/work	lustre
POSIX	59	6939792131935133011	POSIX_SIZE_WRITE_1G_PLUS	0	/work/hdd/bdau/mbanisharifdehkordi/E2E/3d/results_decomp_mismatch/.	/work	lustre
POSIX	59	15634375788946986981	POSIX_WRITES	0	/work/hdd/bdau/mbanisharifdehkordi/E2E/3d/results_decomp_mismatch/decomp_mismatch.nc4-4005036033-2888081.loc	/work	lustre
POSIX	59	15634375788946986981	POSIX_FILE_NOT_ALIGNED	0	/work/hdd/bdau/mbanisharifdehkordi/E2E/3d/results_decomp_mismatch/decomp_mismatch.nc4-4005036033-2888081.loc	/work	lustre
POSIX	59	15634375788946986981	POSIX_SIZE_WRITE_0_100	0	/work/hdd/bdau/mbanisharifdehkordi/E2E/3d/results_decomp_mismatch/decomp_mismatch.nc4-4005036033-2888081.loc	/work	lustre
POSIX	59	15634375788946986981	POSIX_SIZE_WRITE_100_1K	0	/work/hdd/bdau/mbanisharifdehkordi/E2E/3d/results_decomp_mismatch/decomp_mismatch.nc4-4005036033-2888081.loc	/work	lustre
POSIX	59	15634375788946986981	POSIX_SIZE_WRITE_1K_10K	0	/work/hdd/bdau/mbanisharifdehkordi/E2E/3d/results_decomp_mismatch/decomp_mismatch.nc4-4005036033-2888081.loc	/work	lustre
POSIX	59	15634375788946986981	POSIX_SIZE_WRITE_10K_100K	0	/work/hdd/bdau/mbanisharifdehkordi/E2E/3d/results_decomp_mismatch/decomp_mismatch.nc4-4005036033-2888081.loc	/work	lustre
POSIX	59	15634375788946986981	POSIX_SIZE_WRITE_100K_1M	0	/work/hdd/bdau/mbanisharifdehkordi/E2E/3d/results_decomp_mismatch/decomp_mismatch.nc4-4005036033-2888081.loc	/work	lustre
POSIX	59	15634375788946986981	POSIX_SIZE_WRITE_1M_4M	0	/work/hdd/bdau/mbanisharifdehkordi/E2E/3d/results_decomp_mismatch/decomp_mismatch.nc4-4005036033-2888081.loc	/work	lustre
POSIX	59	15634375788946986981	POSIX_SIZE_WRITE_4M_10M	0	/work/hdd/bdau/mbanisharifdehkordi/E2E/3d/results_decomp_mismatch/decomp_mismatch.nc4-4005036033-2888081.loc	/work	lustre
POSIX	59	15634375788946986981	POSIX_SIZE_WRITE_10M_100M	0	/work/hdd/bdau/mbanisharifdehkordi/E2E/3d/results_decomp_mismatch/decomp_mismatch.nc4-4005036033-2888081.loc	/work	lustre
POSIX	59	15634375788946986981	POSIX_SIZE_WRITE_100M_1G	0	/work/hdd/bdau/mbanisharifdehkordi/E2E/3d/results_decomp_mismatch/decomp_mismatch.nc4-4005036033-2888081.loc	/work	lustre
POSIX	59	15634375788946986981	POSIX_SIZE_WRITE_1G_PLUS	0	/work/hdd/bdau/mbanisharifdehkordi/E2E/3d/results_decomp_mismatch/decomp_mismatch.nc4-4005036033-2888081.loc	/work	lustre
POSIX	60	12069469205572681047	POSIX_WRITES	0	/work/hdd/bdau/mbanisharifdehkordi/E2E/3d/results_decomp_mismatch/decomp_mismatch.nc4.locktest.60	/work	lustre
POSIX	60	12069469205572681047	POSIX_FILE_NOT_ALIGNED	0	/work/hdd/bdau/mbanisharifdehkordi/E2E/3d/results_decomp_mismatch/decomp_mismatch.nc4.locktest.60	/work	lustre
POSIX	60	12069469205572681047	POSIX_SIZE_WRITE_0_100	0	/work/hdd/bdau/mbanisharifdehkordi/E2E/3d/results_decomp_mismatch/decomp_mismatch.nc4.locktest.60	/work	lustre
POSIX	60	12069469205572681047	POSIX_SIZE_WRITE_100_1K	0	/work/hdd/bdau/mbanisharifdehkordi/E2E/3d/results_decomp_mismatch/decomp_mismatch.nc4.locktest.60	/work	lustre
POSIX	60	12069469205572681047	POSIX_SIZE_WRITE_1K_10K	0	/work/hdd/bdau/mbanisharifdehkordi/E2E/3d/results_decomp_mismatch/decomp_mismatch.nc4.locktest.60	/work	lustre
POSIX	60	12069469205572681047	POSIX_SIZE_WRITE_10K_100K	0	/work/hdd/bdau/mbanisharifdehkordi/E2E/3d/results_decomp_mismatch/decomp_mismatch.nc4.locktest.60	/work	lustre
POSIX	60	12069469205572681047	POSIX_SIZE_WRITE_100K_1M	0	/work/hdd/bdau/mbanisharifdehkordi/E2E/3d/results_decomp_mismatch/decomp_mismatch.nc4.locktest.60	/work	lustre
POSIX	60	12069469205572681047	POSIX_SIZE_WRITE_1M_4M	0	/work/hdd/bdau/mbanisharifdehkordi/E2E/3d/results_decomp_mismatch/decomp_mismatch.nc4.locktest.60	/work	lustre
POSIX	60	12069469205572681047	POSIX_SIZE_WRITE_4M_10M	0	/work/hdd/bdau/mbanisharifdehkordi/E2E/3d/results_decomp_mismatch/decomp_mismatch.nc4.locktest.60	/work	lustre
POSIX	60	12069469205572681047	POSIX_SIZE_WRITE_10M_100M	0	/work/hdd/bdau/mbanisharifdehkordi/E2E/3d/results_decomp_mismatch/decomp_mismatch.nc4.locktest.60	/work	lustre
POSIX	60	12069469205572681047	POSIX_SIZE_WRITE_100M_1G	0	/work/hdd/bdau/mbanisharifdehkordi/E2E/3d/results_decomp_mismatch/decomp_mismatch.nc4.locktest.60	/work	lustre
POSIX	60	12069469205572681047	POSIX_SIZE_WRITE_1G_PLUS	0	/work/hdd/bdau/mbanisharifdehkordi/E2E/3d/results_decomp_mismatch/decomp_mismatch.nc4.locktest.60	/work	lustre
POSIX	60	8796968004350111049	POSIX_WRITES	0	/work/hdd/bdau/mbanisharifdehkordi/E2E/3d/results_decomp_mismatch/decomp_mismatch.nc4	/work	lustre
POSIX	60	8796968004350111049	POSIX_FILE_NOT_ALIGNED	0	/work/hdd/bdau/mbanisharifdehkordi/E2E/3d/results_decomp_mismatch/decomp_mismatch.nc4	/work	lustre
POSIX	60	8796968004350111049	POSIX_SIZE_WRITE_0_100	0	/work/hdd/bdau/mbanisharifdehkordi/E2E/3d/results_decomp_mismatch/decomp_mismatch.nc4	/work	lustre
POSIX	60	8796968004350111049	POSIX_SIZE_WRITE_100_1K	0	/work/hdd/bdau/mbanisharifdehkordi/E2E/3d/results_decomp_mismatch/decomp_mismatch.nc4	/work	lustre
POSIX	60	8796968004350111049	POSIX_SIZE_WRITE_1K_10K	0	/work/hdd/bdau/mbanisharifdehkordi/E2E/3d/results_decomp_mismatch/decomp_mismatch.nc4	/work	lustre
POSIX	60	8796968004350111049	POSIX_SIZE_WRITE_10K_100K	0	/work/hdd/bdau/mbanisharifdehkordi/E2E/3d/results_decomp_mismatch/decomp_mismatch.nc4	/work	lustre
POSIX	60	8796968004350111049	POSIX_SIZE_WRITE_100K_1M	0	/work/hdd/bdau/mbanisharifdehkordi/E2E/3d/results_decomp_mismatch/decomp_mismatch.nc4	/work	lustre
POSIX	60	8796968004350111049	POSIX_SIZE_WRITE_1M_4M	0	/work/hdd/bdau/mbanisharifdehkordi/E2E/3d/results_decomp_mismatch/decomp_mismatch.nc4	/work	lustre
POSIX	60	8796968004350111049	POSIX_SIZE_WRITE_4M_10M	0	/work/hdd/bdau/mbanisharifdehkordi/E2E/3d/results_decomp_mismatch/decomp_mismatch.nc4	/work	lustre
POSIX	60	8796968004350111049	POSIX_SIZE_WRITE_10M_100M	0	/work/hdd/bdau/mbanisharifdehkordi/E2E/3d/results_decomp_mismatch/decomp_mismatch.nc4	/work	lustre
POSIX	60	8796968004350111049	POSIX_SIZE_WRITE_100M_1G	0	/work/hdd/bdau/mbanisharifdehkordi/E2E/3d/results_decomp_mismatch/decomp_mismatch.nc4	/work	lustre
POSIX	60	8796968004350111049	POSIX_SIZE_WRITE_1G_PLUS	0	/work/hdd/bdau/mbanisharifdehkordi/E2E/3d/results_decomp_mismatch/decomp_mismatch.nc4	/work	lustre
POSIX	60	6939792131935133011	POSIX_WRITES	0	/work/hdd/bdau/mbanisharifdehkordi/E2E/3d/results_decomp_mismatch/.	/work	lustre
POSIX	60	6939792131935133011	POSIX_FILE_NOT_ALIGNED	0	/work/hdd/bdau/mbanisharifdehkordi/E2E/3d/results_decomp_mismatch/.	/work	lustre
POSIX	60	6939792131935133011	POSIX_SIZE_WRITE_0_100	0	/work/hdd/bdau/mbanisharifdehkordi/E2E/3d/results_decomp_mismatch/.	/work	lustre
POSIX	60	6939792131935133011	POSIX_SIZE_WRITE_100_1K	0	/work/hdd/bdau/mbanisharifdehkordi/E2E/3d/results_decomp_mismatch/.	/work	lustre
POSIX	60	6939792131935133011	POSIX_SIZE_WRITE_1K_10K	0	/work/hdd/bdau/mbanisharifdehkordi/E2E/3d/results_decomp_mismatch/.	/work	lustre
POSIX	60	6939792131935133011	POSIX_SIZE_WRITE_10K_100K	0	/work/hdd/bdau/mbanisharifdehkordi/E2E/3d/results_decomp_mismatch/.	/work	lustre
POSIX	60	6939792131935133011	POSIX_SIZE_WRITE_100K_1M	0	/work/hdd/bdau/mbanisharifdehkordi/E2E/3d/results_decomp_mismatch/.	/work	lustre
POSIX	60	6939792131935133011	POSIX_SIZE_WRITE_1M_4M	0	/work/hdd/bdau/mbanisharifdehkordi/E2E/3d/results_decomp_mismatch/.	/work	lustre
POSIX	60	6939792131935133011	POSIX_SIZE_WRITE_4M_10M	0	/work/hdd/bdau/mbanisharifdehkordi/E2E/3d/results_decomp_mismatch/.	/work	lustre
POSIX	60	6939792131935133011	POSIX_SIZE_WRITE_10M_100M	0	/work/hdd/bdau/mbanisharifdehkordi/E2E/3d/results_decomp_mismatch/.	/work	lustre
POSIX	60	6939792131935133011	POSIX_SIZE_WRITE_100M_1G	0	/work/hdd/bdau/mbanisharifdehkordi/E2E/3d/results_decomp_mismatch/.	/work	lustre
POSIX	60	6939792131935133011	POSIX_SIZE_WRITE_1G_PLUS	0	/work/hdd/bdau/mbanisharifdehkordi/E2E/3d/results_decomp_mismatch/.	/work	lustre
POSIX	60	15634375788946986981	POSIX_WRITES	0	/work/hdd/bdau/mbanisharifdehkordi/E2E/3d/results_decomp_mismatch/decomp_mismatch.nc4-4005036033-2888081.loc	/work	lustre
POSIX	60	15634375788946986981	POSIX_FILE_NOT_ALIGNED	0	/work/hdd/bdau/mbanisharifdehkordi/E2E/3d/results_decomp_mismatch/decomp_mismatch.nc4-4005036033-2888081.loc	/work	lustre
POSIX	60	15634375788946986981	POSIX_SIZE_WRITE_0_100	0	/work/hdd/bdau/mbanisharifdehkordi/E2E/3d/results_decomp_mismatch/decomp_mismatch.nc4-4005036033-2888081.loc	/work	lustre
POSIX	60	15634375788946986981	POSIX_SIZE_WRITE_100_1K	0	/work/hdd/bdau/mbanisharifdehkordi/E2E/3d/results_decomp_mismatch/decomp_mismatch.nc4-4005036033-2888081.loc	/work	lustre
POSIX	60	15634375788946986981	POSIX_SIZE_WRITE_1K_10K	0	/work/hdd/bdau/mbanisharifdehkordi/E2E/3d/results_decomp_mismatch/decomp_mismatch.nc4-4005036033-2888081.loc	/work	lustre
POSIX	60	15634375788946986981	POSIX_SIZE_WRITE_10K_100K	0	/work/hdd/bdau/mbanisharifdehkordi/E2E/3d/results_decomp_mismatch/decomp_mismatch.nc4-4005036033-2888081.loc	/work	lustre
POSIX	60	15634375788946986981	POSIX_SIZE_WRITE_100K_1M	0	/work/hdd/bdau/mbanisharifdehkordi/E2E/3d/results_decomp_mismatch/decomp_mismatch.nc4-4005036033-2888081.loc	/work	lustre
POSIX	60	15634375788946986981	POSIX_SIZE_WRITE_1M_4M	0	/work/hdd/bdau/mbanisharifdehkordi/E2E/3d/results_decomp_mismatch/decomp_mismatch.nc4-4005036033-2888081.loc	/work	lustre
POSIX	60	15634375788946986981	POSIX_SIZE_WRITE_4M_10M	0	/work/hdd/bdau/mbanisharifdehkordi/E2E/3d/results_decomp_mismatch/decomp_mismatch.nc4-4005036033-2888081.loc	/work	lustre
POSIX	60	15634375788946986981	POSIX_SIZE_WRITE_10M_100M	0	/work/hdd/bdau/mbanisharifdehkordi/E2E/3d/results_decomp_mismatch/decomp_mismatch.nc4-4005036033-2888081.loc	/work	lustre
POSIX	60	15634375788946986981	POSIX_SIZE_WRITE_100M_1G	0	/work/hdd/bdau/mbanisharifdehkordi/E2E/3d/results_decomp_mismatch/decomp_mismatch.nc4-4005036033-2888081.loc	/work	lustre
POSIX	60	15634375788946986981	POSIX_SIZE_WRITE_1G_PLUS	0	/work/hdd/bdau/mbanisharifdehkordi/E2E/3d/results_decomp_mismatch/decomp_mismatch.nc4-4005036033-2888081.loc	/work	lustre
POSIX	61	12249110577789746057	POSIX_WRITES	0	/work/hdd/bdau/mbanisharifdehkordi/E2E/3d/results_decomp_mismatch/decomp_mismatch.nc4.locktest.61	/work	lustre
POSIX	61	12249110577789746057	POSIX_FILE_NOT_ALIGNED	0	/work/hdd/bdau/mbanisharifdehkordi/E2E/3d/results_decomp_mismatch/decomp_mismatch.nc4.locktest.61	/work	lustre
POSIX	61	12249110577789746057	POSIX_SIZE_WRITE_0_100	0	/work/hdd/bdau/mbanisharifdehkordi/E2E/3d/results_decomp_mismatch/decomp_mismatch.nc4.locktest.61	/work	lustre
POSIX	61	12249110577789746057	POSIX_SIZE_WRITE_100_1K	0	/work/hdd/bdau/mbanisharifdehkordi/E2E/3d/results_decomp_mismatch/decomp_mismatch.nc4.locktest.61	/work	lustre
POSIX	61	12249110577789746057	POSIX_SIZE_WRITE_1K_10K	0	/work/hdd/bdau/mbanisharifdehkordi/E2E/3d/results_decomp_mismatch/decomp_mismatch.nc4.locktest.61	/work	lustre
POSIX	61	12249110577789746057	POSIX_SIZE_WRITE_10K_100K	0	/work/hdd/bdau/mbanisharifdehkordi/E2E/3d/results_decomp_mismatch/decomp_mismatch.nc4.locktest.61	/work	lustre
POSIX	61	12249110577789746057	POSIX_SIZE_WRITE_100K_1M	0	/work/hdd/bdau/mbanisharifdehkordi/E2E/3d/results_decomp_mismatch/decomp_mismatch.nc4.locktest.61	/work	lustre
POSIX	61	12249110577789746057	POSIX_SIZE_WRITE_1M_4M	0	/work/hdd/bdau/mbanisharifdehkordi/E2E/3d/results_decomp_mismatch/decomp_mismatch.nc4.locktest.61	/work	lustre
POSIX	61	12249110577789746057	POSIX_SIZE_WRITE_4M_10M	0	/work/hdd/bdau/mbanisharifdehkordi/E2E/3d/results_decomp_mismatch/decomp_mismatch.nc4.locktest.61	/work	lustre
POSIX	61	12249110577789746057	POSIX_SIZE_WRITE_10M_100M	0	/work/hdd/bdau/mbanisharifdehkordi/E2E/3d/results_decomp_mismatch/decomp_mismatch.nc4.locktest.61	/work	lustre
POSIX	61	12249110577789746057	POSIX_SIZE_WRITE_100M_1G	0	/work/hdd/bdau/mbanisharifdehkordi/E2E/3d/results_decomp_mismatch/decomp_mismatch.nc4.locktest.61	/work	lustre
POSIX	61	12249110577789746057	POSIX_SIZE_WRITE_1G_PLUS	0	/work/hdd/bdau/mbanisharifdehkordi/E2E/3d/results_decomp_mismatch/decomp_mismatch.nc4.locktest.61	/work	lustre
POSIX	61	8796968004350111049	POSIX_WRITES	0	/work/hdd/bdau/mbanisharifdehkordi/E2E/3d/results_decomp_mismatch/decomp_mismatch.nc4	/work	lustre
POSIX	61	8796968004350111049	POSIX_FILE_NOT_ALIGNED	0	/work/hdd/bdau/mbanisharifdehkordi/E2E/3d/results_decomp_mismatch/decomp_mismatch.nc4	/work	lustre
POSIX	61	8796968004350111049	POSIX_SIZE_WRITE_0_100	0	/work/hdd/bdau/mbanisharifdehkordi/E2E/3d/results_decomp_mismatch/decomp_mismatch.nc4	/work	lustre
POSIX	61	8796968004350111049	POSIX_SIZE_WRITE_100_1K	0	/work/hdd/bdau/mbanisharifdehkordi/E2E/3d/results_decomp_mismatch/decomp_mismatch.nc4	/work	lustre
POSIX	61	8796968004350111049	POSIX_SIZE_WRITE_1K_10K	0	/work/hdd/bdau/mbanisharifdehkordi/E2E/3d/results_decomp_mismatch/decomp_mismatch.nc4	/work	lustre
POSIX	61	8796968004350111049	POSIX_SIZE_WRITE_10K_100K	0	/work/hdd/bdau/mbanisharifdehkordi/E2E/3d/results_decomp_mismatch/decomp_mismatch.nc4	/work	lustre
POSIX	61	8796968004350111049	POSIX_SIZE_WRITE_100K_1M	0	/work/hdd/bdau/mbanisharifdehkordi/E2E/3d/results_decomp_mismatch/decomp_mismatch.nc4	/work	lustre
POSIX	61	8796968004350111049	POSIX_SIZE_WRITE_1M_4M	0	/work/hdd/bdau/mbanisharifdehkordi/E2E/3d/results_decomp_mismatch/decomp_mismatch.nc4	/work	lustre
POSIX	61	8796968004350111049	POSIX_SIZE_WRITE_4M_10M	0	/work/hdd/bdau/mbanisharifdehkordi/E2E/3d/results_decomp_mismatch/decomp_mismatch.nc4	/work	lustre
POSIX	61	8796968004350111049	POSIX_SIZE_WRITE_10M_100M	0	/work/hdd/bdau/mbanisharifdehkordi/E2E/3d/results_decomp_mismatch/decomp_mismatch.nc4	/work	lustre
POSIX	61	8796968004350111049	POSIX_SIZE_WRITE_100M_1G	0	/work/hdd/bdau/mbanisharifdehkordi/E2E/3d/results_decomp_mismatch/decomp_mismatch.nc4	/work	lustre
POSIX	61	8796968004350111049	POSIX_SIZE_WRITE_1G_PLUS	0	/work/hdd/bdau/mbanisharifdehkordi/E2E/3d/results_decomp_mismatch/decomp_mismatch.nc4	/work	lustre
POSIX	61	6939792131935133011	POSIX_WRITES	0	/work/hdd/bdau/mbanisharifdehkordi/E2E/3d/results_decomp_mismatch/.	/work	lustre
POSIX	61	6939792131935133011	POSIX_FILE_NOT_ALIGNED	0	/work/hdd/bdau/mbanisharifdehkordi/E2E/3d/results_decomp_mismatch/.	/work	lustre
POSIX	61	6939792131935133011	POSIX_SIZE_WRITE_0_100	0	/work/hdd/bdau/mbanisharifdehkordi/E2E/3d/results_decomp_mismatch/.	/work	lustre
POSIX	61	6939792131935133011	POSIX_SIZE_WRITE_100_1K	0	/work/hdd/bdau/mbanisharifdehkordi/E2E/3d/results_decomp_mismatch/.	/work	lustre
POSIX	61	6939792131935133011	POSIX_SIZE_WRITE_1K_10K	0	/work/hdd/bdau/mbanisharifdehkordi/E2E/3d/results_decomp_mismatch/.	/work	lustre
POSIX	61	6939792131935133011	POSIX_SIZE_WRITE_10K_100K	0	/work/hdd/bdau/mbanisharifdehkordi/E2E/3d/results_decomp_mismatch/.	/work	lustre
POSIX	61	6939792131935133011	POSIX_SIZE_WRITE_100K_1M	0	/work/hdd/bdau/mbanisharifdehkordi/E2E/3d/results_decomp_mismatch/.	/work	lustre
POSIX	61	6939792131935133011	POSIX_SIZE_WRITE_1M_4M	0	/work/hdd/bdau/mbanisharifdehkordi/E2E/3d/results_decomp_mismatch/.	/work	lustre
POSIX	61	6939792131935133011	POSIX_SIZE_WRITE_4M_10M	0	/work/hdd/bdau/mbanisharifdehkordi/E2E/3d/results_decomp_mismatch/.	/work	lustre
POSIX	61	6939792131935133011	POSIX_SIZE_WRITE_10M_100M	0	/work/hdd/bdau/mbanisharifdehkordi/E2E/3d/results_decomp_mismatch/.	/work	lustre
POSIX	61	6939792131935133011	POSIX_SIZE_WRITE_100M_1G	0	/work/hdd/bdau/mbanisharifdehkordi/E2E/3d/results_decomp_mismatch/.	/work	lustre
POSIX	61	6939792131935133011	POSIX_SIZE_WRITE_1G_PLUS	0	/work/hdd/bdau/mbanisharifdehkordi/E2E/3d/results_decomp_mismatch/.	/work	lustre
POSIX	61	15634375788946986981	POSIX_WRITES	0	/work/hdd/bdau/mbanisharifdehkordi/E2E/3d/results_decomp_mismatch/decomp_mismatch.nc4-4005036033-2888081.loc	/work	lustre
POSIX	61	15634375788946986981	POSIX_FILE_NOT_ALIGNED	0	/work/hdd/bdau/mbanisharifdehkordi/E2E/3d/results_decomp_mismatch/decomp_mismatch.nc4-4005036033-2888081.loc	/work	lustre
POSIX	61	15634375788946986981	POSIX_SIZE_WRITE_0_100	0	/work/hdd/bdau/mbanisharifdehkordi/E2E/3d/results_decomp_mismatch/decomp_mismatch.nc4-4005036033-2888081.loc	/work	lustre
POSIX	61	15634375788946986981	POSIX_SIZE_WRITE_100_1K	0	/work/hdd/bdau/mbanisharifdehkordi/E2E/3d/results_decomp_mismatch/decomp_mismatch.nc4-4005036033-2888081.loc	/work	lustre
POSIX	61	15634375788946986981	POSIX_SIZE_WRITE_1K_10K	0	/work/hdd/bdau/mbanisharifdehkordi/E2E/3d/results_decomp_mismatch/decomp_mismatch.nc4-4005036033-2888081.loc	/work	lustre
POSIX	61	15634375788946986981	POSIX_SIZE_WRITE_10K_100K	0	/work/hdd/bdau/mbanisharifdehkordi/E2E/3d/results_decomp_mismatch/decomp_mismatch.nc4-4005036033-2888081.loc	/work	lustre
POSIX	61	15634375788946986981	POSIX_SIZE_WRITE_100K_1M	0	/work/hdd/bdau/mbanisharifdehkordi/E2E/3d/results_decomp_mismatch/decomp_mismatch.nc4-4005036033-2888081.loc	/work	lustre
POSIX	61	15634375788946986981	POSIX_SIZE_WRITE_1M_4M	0	/work/hdd/bdau/mbanisharifdehkordi/E2E/3d/results_decomp_mismatch/decomp_mismatch.nc4-4005036033-2888081.loc	/work	lustre
POSIX	61	15634375788946986981	POSIX_SIZE_WRITE_4M_10M	0	/work/hdd/bdau/mbanisharifdehkordi/E2E/3d/results_decomp_mismatch/decomp_mismatch.nc4-4005036033-2888081.loc	/work	lustre
POSIX	61	15634375788946986981	POSIX_SIZE_WRITE_10M_100M	0	/work/hdd/bdau/mbanisharifdehkordi/E2E/3d/results_decomp_mismatch/decomp_mismatch.nc4-4005036033-2888081.loc	/work	lustre
POSIX	61	15634375788946986981	POSIX_SIZE_WRITE_100M_1G	0	/work/hdd/bdau/mbanisharifdehkordi/E2E/3d/results_decomp_mismatch/decomp_mismatch.nc4-4005036033-2888081.loc	/work	lustre
POSIX	61	15634375788946986981	POSIX_SIZE_WRITE_1G_PLUS	0	/work/hdd/bdau/mbanisharifdehkordi/E2E/3d/results_decomp_mismatch/decomp_mismatch.nc4-4005036033-2888081.loc	/work	lustre
POSIX	62	1914577892346377163	POSIX_WRITES	0	/work/hdd/bdau/mbanisharifdehkordi/E2E/3d/results_decomp_mismatch/decomp_mismatch.nc4.locktest.62	/work	lustre
POSIX	62	1914577892346377163	POSIX_FILE_NOT_ALIGNED	0	/work/hdd/bdau/mbanisharifdehkordi/E2E/3d/results_decomp_mismatch/decomp_mismatch.nc4.locktest.62	/work	lustre
POSIX	62	1914577892346377163	POSIX_SIZE_WRITE_0_100	0	/work/hdd/bdau/mbanisharifdehkordi/E2E/3d/results_decomp_mismatch/decomp_mismatch.nc4.locktest.62	/work	lustre
POSIX	62	1914577892346377163	POSIX_SIZE_WRITE_100_1K	0	/work/hdd/bdau/mbanisharifdehkordi/E2E/3d/results_decomp_mismatch/decomp_mismatch.nc4.locktest.62	/work	lustre
POSIX	62	1914577892346377163	POSIX_SIZE_WRITE_1K_10K	0	/work/hdd/bdau/mbanisharifdehkordi/E2E/3d/results_decomp_mismatch/decomp_mismatch.nc4.locktest.62	/work	lustre
POSIX	62	1914577892346377163	POSIX_SIZE_WRITE_10K_100K	0	/work/hdd/bdau/mbanisharifdehkordi/E2E/3d/results_decomp_mismatch/decomp_mismatch.nc4.locktest.62	/work	lustre
POSIX	62	1914577892346377163	POSIX_SIZE_WRITE_100K_1M	0	/work/hdd/bdau/mbanisharifdehkordi/E2E/3d/results_decomp_mismatch/decomp_mismatch.nc4.locktest.62	/work	lustre
POSIX	62	1914577892346377163	POSIX_SIZE_WRITE_1M_4M	0	/work/hdd/bdau/mbanisharifdehkordi/E2E/3d/results_decomp_mismatch/decomp_mismatch.nc4.locktest.62	/work	lustre
POSIX	62	1914577892346377163	POSIX_SIZE_WRITE_4M_10M	0	/work/hdd/bdau/mbanisharifdehkordi/E2E/3d/results_decomp_mismatch/decomp_mismatch.nc4.locktest.62	/work	lustre
POSIX	62	1914577892346377163	POSIX_SIZE_WRITE_10M_100M	0	/work/hdd/bdau/mbanisharifdehkordi/E2E/3d/results_decomp_mismatch/decomp_mismatch.nc4.locktest.62	/work	lustre
POSIX	62	1914577892346377163	POSIX_SIZE_WRITE_100M_1G	0	/work/hdd/bdau/mbanisharifdehkordi/E2E/3d/results_decomp_mismatch/decomp_mismatch.nc4.locktest.62	/work	lustre
POSIX	62	1914577892346377163	POSIX_SIZE_WRITE_1G_PLUS	0	/work/hdd/bdau/mbanisharifdehkordi/E2E/3d/results_decomp_mismatch/decomp_mismatch.nc4.locktest.62	/work	lustre
POSIX	62	8796968004350111049	POSIX_WRITES	0	/work/hdd/bdau/mbanisharifdehkordi/E2E/3d/results_decomp_mismatch/decomp_mismatch.nc4	/work	lustre
POSIX	62	8796968004350111049	POSIX_FILE_NOT_ALIGNED	0	/work/hdd/bdau/mbanisharifdehkordi/E2E/3d/results_decomp_mismatch/decomp_mismatch.nc4	/work	lustre
POSIX	62	8796968004350111049	POSIX_SIZE_WRITE_0_100	0	/work/hdd/bdau/mbanisharifdehkordi/E2E/3d/results_decomp_mismatch/decomp_mismatch.nc4	/work	lustre
POSIX	62	8796968004350111049	POSIX_SIZE_WRITE_100_1K	0	/work/hdd/bdau/mbanisharifdehkordi/E2E/3d/results_decomp_mismatch/decomp_mismatch.nc4	/work	lustre
POSIX	62	8796968004350111049	POSIX_SIZE_WRITE_1K_10K	0	/work/hdd/bdau/mbanisharifdehkordi/E2E/3d/results_decomp_mismatch/decomp_mismatch.nc4	/work	lustre
POSIX	62	8796968004350111049	POSIX_SIZE_WRITE_10K_100K	0	/work/hdd/bdau/mbanisharifdehkordi/E2E/3d/results_decomp_mismatch/decomp_mismatch.nc4	/work	lustre
POSIX	62	8796968004350111049	POSIX_SIZE_WRITE_100K_1M	0	/work/hdd/bdau/mbanisharifdehkordi/E2E/3d/results_decomp_mismatch/decomp_mismatch.nc4	/work	lustre
POSIX	62	8796968004350111049	POSIX_SIZE_WRITE_1M_4M	0	/work/hdd/bdau/mbanisharifdehkordi/E2E/3d/results_decomp_mismatch/decomp_mismatch.nc4	/work	lustre
POSIX	62	8796968004350111049	POSIX_SIZE_WRITE_4M_10M	0	/work/hdd/bdau/mbanisharifdehkordi/E2E/3d/results_decomp_mismatch/decomp_mismatch.nc4	/work	lustre
POSIX	62	8796968004350111049	POSIX_SIZE_WRITE_10M_100M	0	/work/hdd/bdau/mbanisharifdehkordi/E2E/3d/results_decomp_mismatch/decomp_mismatch.nc4	/work	lustre
POSIX	62	8796968004350111049	POSIX_SIZE_WRITE_100M_1G	0	/work/hdd/bdau/mbanisharifdehkordi/E2E/3d/results_decomp_mismatch/decomp_mismatch.nc4	/work	lustre
POSIX	62	8796968004350111049	POSIX_SIZE_WRITE_1G_PLUS	0	/work/hdd/bdau/mbanisharifdehkordi/E2E/3d/results_decomp_mismatch/decomp_mismatch.nc4	/work	lustre
POSIX	62	6939792131935133011	POSIX_WRITES	0	/work/hdd/bdau/mbanisharifdehkordi/E2E/3d/results_decomp_mismatch/.	/work	lustre
POSIX	62	6939792131935133011	POSIX_FILE_NOT_ALIGNED	0	/work/hdd/bdau/mbanisharifdehkordi/E2E/3d/results_decomp_mismatch/.	/work	lustre
POSIX	62	6939792131935133011	POSIX_SIZE_WRITE_0_100	0	/work/hdd/bdau/mbanisharifdehkordi/E2E/3d/results_decomp_mismatch/.	/work	lustre
POSIX	62	6939792131935133011	POSIX_SIZE_WRITE_100_1K	0	/work/hdd/bdau/mbanisharifdehkordi/E2E/3d/results_decomp_mismatch/.	/work	lustre
POSIX	62	6939792131935133011	POSIX_SIZE_WRITE_1K_10K	0	/work/hdd/bdau/mbanisharifdehkordi/E2E/3d/results_decomp_mismatch/.	/work	lustre
POSIX	62	6939792131935133011	POSIX_SIZE_WRITE_10K_100K	0	/work/hdd/bdau/mbanisharifdehkordi/E2E/3d/results_decomp_mismatch/.	/work	lustre
POSIX	62	6939792131935133011	POSIX_SIZE_WRITE_100K_1M	0	/work/hdd/bdau/mbanisharifdehkordi/E2E/3d/results_decomp_mismatch/.	/work	lustre
POSIX	62	6939792131935133011	POSIX_SIZE_WRITE_1M_4M	0	/work/hdd/bdau/mbanisharifdehkordi/E2E/3d/results_decomp_mismatch/.	/work	lustre
POSIX	62	6939792131935133011	POSIX_SIZE_WRITE_4M_10M	0	/work/hdd/bdau/mbanisharifdehkordi/E2E/3d/results_decomp_mismatch/.	/work	lustre
POSIX	62	6939792131935133011	POSIX_SIZE_WRITE_10M_100M	0	/work/hdd/bdau/mbanisharifdehkordi/E2E/3d/results_decomp_mismatch/.	/work	lustre
POSIX	62	6939792131935133011	POSIX_SIZE_WRITE_100M_1G	0	/work/hdd/bdau/mbanisharifdehkordi/E2E/3d/results_decomp_mismatch/.	/work	lustre
POSIX	62	6939792131935133011	POSIX_SIZE_WRITE_1G_PLUS	0	/work/hdd/bdau/mbanisharifdehkordi/E2E/3d/results_decomp_mismatch/.	/work	lustre
POSIX	62	15634375788946986981	POSIX_WRITES	0	/work/hdd/bdau/mbanisharifdehkordi/E2E/3d/results_decomp_mismatch/decomp_mismatch.nc4-4005036033-2888081.loc	/work	lustre
POSIX	62	15634375788946986981	POSIX_FILE_NOT_ALIGNED	0	/work/hdd/bdau/mbanisharifdehkordi/E2E/3d/results_decomp_mismatch/decomp_mismatch.nc4-4005036033-2888081.loc	/work	lustre
POSIX	62	15634375788946986981	POSIX_SIZE_WRITE_0_100	0	/work/hdd/bdau/mbanisharifdehkordi/E2E/3d/results_decomp_mismatch/decomp_mismatch.nc4-4005036033-2888081.loc	/work	lustre
POSIX	62	15634375788946986981	POSIX_SIZE_WRITE_100_1K	0	/work/hdd/bdau/mbanisharifdehkordi/E2E/3d/results_decomp_mismatch/decomp_mismatch.nc4-4005036033-2888081.loc	/work	lustre
POSIX	62	15634375788946986981	POSIX_SIZE_WRITE_1K_10K	0	/work/hdd/bdau/mbanisharifdehkordi/E2E/3d/results_decomp_mismatch/decomp_mismatch.nc4-4005036033-2888081.loc	/work	lustre
POSIX	62	15634375788946986981	POSIX_SIZE_WRITE_10K_100K	0	/work/hdd/bdau/mbanisharifdehkordi/E2E/3d/results_decomp_mismatch/decomp_mismatch.nc4-4005036033-2888081.loc	/work	lustre
POSIX	62	15634375788946986981	POSIX_SIZE_WRITE_100K_1M	0	/work/hdd/bdau/mbanisharifdehkordi/E2E/3d/results_decomp_mismatch/decomp_mismatch.nc4-4005036033-2888081.loc	/work	lustre
POSIX	62	15634375788946986981	POSIX_SIZE_WRITE_1M_4M	0	/work/hdd/bdau/mbanisharifdehkordi/E2E/3d/results_decomp_mismatch/decomp_mismatch.nc4-4005036033-2888081.loc	/work	lustre
POSIX	62	15634375788946986981	POSIX_SIZE_WRITE_4M_10M	0	/work/hdd/bdau/mbanisharifdehkordi/E2E/3d/results_decomp_mismatch/decomp_mismatch.nc4-4005036033-2888081.loc	/work	lustre
POSIX	62	15634375788946986981	POSIX_SIZE_WRITE_10M_100M	0	/work/hdd/bdau/mbanisharifdehkordi/E2E/3d/results_decomp_mismatch/decomp_mismatch.nc4-4005036033-2888081.loc	/work	lustre
POSIX	62	15634375788946986981	POSIX_SIZE_WRITE_100M_1G	0	/work/hdd/bdau/mbanisharifdehkordi/E2E/3d/results_decomp_mismatch/decomp_mismatch.nc4-4005036033-2888081.loc	/work	lustre
POSIX	62	15634375788946986981	POSIX_SIZE_WRITE_1G_PLUS	0	/work/hdd/bdau/mbanisharifdehkordi/E2E/3d/results_decomp_mismatch/decomp_mismatch.nc4-4005036033-2888081.loc	/work	lustre
POSIX	63	1871884338171291406	POSIX_WRITES	0	/work/hdd/bdau/mbanisharifdehkordi/E2E/3d/results_decomp_mismatch/decomp_mismatch.nc4.locktest.63	/work	lustre
POSIX	63	1871884338171291406	POSIX_FILE_NOT_ALIGNED	0	/work/hdd/bdau/mbanisharifdehkordi/E2E/3d/results_decomp_mismatch/decomp_mismatch.nc4.locktest.63	/work	lustre
POSIX	63	1871884338171291406	POSIX_SIZE_WRITE_0_100	0	/work/hdd/bdau/mbanisharifdehkordi/E2E/3d/results_decomp_mismatch/decomp_mismatch.nc4.locktest.63	/work	lustre
POSIX	63	1871884338171291406	POSIX_SIZE_WRITE_100_1K	0	/work/hdd/bdau/mbanisharifdehkordi/E2E/3d/results_decomp_mismatch/decomp_mismatch.nc4.locktest.63	/work	lustre
POSIX	63	1871884338171291406	POSIX_SIZE_WRITE_1K_10K	0	/work/hdd/bdau/mbanisharifdehkordi/E2E/3d/results_decomp_mismatch/decomp_mismatch.nc4.locktest.63	/work	lustre
POSIX	63	1871884338171291406	POSIX_SIZE_WRITE_10K_100K	0	/work/hdd/bdau/mbanisharifdehkordi/E2E/3d/results_decomp_mismatch/decomp_mismatch.nc4.locktest.63	/work	lustre
POSIX	63	1871884338171291406	POSIX_SIZE_WRITE_100K_1M	0	/work/hdd/bdau/mbanisharifdehkordi/E2E/3d/results_decomp_mismatch/decomp_mismatch.nc4.locktest.63	/work	lustre
POSIX	63	1871884338171291406	POSIX_SIZE_WRITE_1M_4M	0	/work/hdd/bdau/mbanisharifdehkordi/E2E/3d/results_decomp_mismatch/decomp_mismatch.nc4.locktest.63	/work	lustre
POSIX	63	1871884338171291406	POSIX_SIZE_WRITE_4M_10M	0	/work/hdd/bdau/mbanisharifdehkordi/E2E/3d/results_decomp_mismatch/decomp_mismatch.nc4.locktest.63	/work	lustre
POSIX	63	1871884338171291406	POSIX_SIZE_WRITE_10M_100M	0	/work/hdd/bdau/mbanisharifdehkordi/E2E/3d/results_decomp_mismatch/decomp_mismatch.nc4.locktest.63	/work	lustre
POSIX	63	1871884338171291406	POSIX_SIZE_WRITE_100M_1G	0	/work/hdd/bdau/mbanisharifdehkordi/E2E/3d/results_decomp_mismatch/decomp_mismatch.nc4.locktest.63	/work	lustre
POSIX	63	1871884338171291406	POSIX_SIZE_WRITE_1G_PLUS	0	/work/hdd/bdau/mbanisharifdehkordi/E2E/3d/results_decomp_mismatch/decomp_mismatch.nc4.locktest.63	/work	lustre
POSIX	63	8796968004350111049	POSIX_WRITES	0	/work/hdd/bdau/mbanisharifdehkordi/E2E/3d/results_decomp_mismatch/decomp_mismatch.nc4	/work	lustre
POSIX	63	8796968004350111049	POSIX_FILE_NOT_ALIGNED	0	/work/hdd/bdau/mbanisharifdehkordi/E2E/3d/results_decomp_mismatch/decomp_mismatch.nc4	/work	lustre
POSIX	63	8796968004350111049	POSIX_SIZE_WRITE_0_100	0	/work/hdd/bdau/mbanisharifdehkordi/E2E/3d/results_decomp_mismatch/decomp_mismatch.nc4	/work	lustre
POSIX	63	8796968004350111049	POSIX_SIZE_WRITE_100_1K	0	/work/hdd/bdau/mbanisharifdehkordi/E2E/3d/results_decomp_mismatch/decomp_mismatch.nc4	/work	lustre
POSIX	63	8796968004350111049	POSIX_SIZE_WRITE_1K_10K	0	/work/hdd/bdau/mbanisharifdehkordi/E2E/3d/results_decomp_mismatch/decomp_mismatch.nc4	/work	lustre
POSIX	63	8796968004350111049	POSIX_SIZE_WRITE_10K_100K	0	/work/hdd/bdau/mbanisharifdehkordi/E2E/3d/results_decomp_mismatch/decomp_mismatch.nc4	/work	lustre
POSIX	63	8796968004350111049	POSIX_SIZE_WRITE_100K_1M	0	/work/hdd/bdau/mbanisharifdehkordi/E2E/3d/results_decomp_mismatch/decomp_mismatch.nc4	/work	lustre
POSIX	63	8796968004350111049	POSIX_SIZE_WRITE_1M_4M	0	/work/hdd/bdau/mbanisharifdehkordi/E2E/3d/results_decomp_mismatch/decomp_mismatch.nc4	/work	lustre
POSIX	63	8796968004350111049	POSIX_SIZE_WRITE_4M_10M	0	/work/hdd/bdau/mbanisharifdehkordi/E2E/3d/results_decomp_mismatch/decomp_mismatch.nc4	/work	lustre
POSIX	63	8796968004350111049	POSIX_SIZE_WRITE_10M_100M	0	/work/hdd/bdau/mbanisharifdehkordi/E2E/3d/results_decomp_mismatch/decomp_mismatch.nc4	/work	lustre
POSIX	63	8796968004350111049	POSIX_SIZE_WRITE_100M_1G	0	/work/hdd/bdau/mbanisharifdehkordi/E2E/3d/results_decomp_mismatch/decomp_mismatch.nc4	/work	lustre
POSIX	63	8796968004350111049	POSIX_SIZE_WRITE_1G_PLUS	0	/work/hdd/bdau/mbanisharifdehkordi/E2E/3d/results_decomp_mismatch/decomp_mismatch.nc4	/work	lustre
POSIX	63	6939792131935133011	POSIX_WRITES	0	/work/hdd/bdau/mbanisharifdehkordi/E2E/3d/results_decomp_mismatch/.	/work	lustre
POSIX	63	6939792131935133011	POSIX_FILE_NOT_ALIGNED	0	/work/hdd/bdau/mbanisharifdehkordi/E2E/3d/results_decomp_mismatch/.	/work	lustre
POSIX	63	6939792131935133011	POSIX_SIZE_WRITE_0_100	0	/work/hdd/bdau/mbanisharifdehkordi/E2E/3d/results_decomp_mismatch/.	/work	lustre
POSIX	63	6939792131935133011	POSIX_SIZE_WRITE_100_1K	0	/work/hdd/bdau/mbanisharifdehkordi/E2E/3d/results_decomp_mismatch/.	/work	lustre
POSIX	63	6939792131935133011	POSIX_SIZE_WRITE_1K_10K	0	/work/hdd/bdau/mbanisharifdehkordi/E2E/3d/results_decomp_mismatch/.	/work	lustre
POSIX	63	6939792131935133011	POSIX_SIZE_WRITE_10K_100K	0	/work/hdd/bdau/mbanisharifdehkordi/E2E/3d/results_decomp_mismatch/.	/work	lustre
POSIX	63	6939792131935133011	POSIX_SIZE_WRITE_100K_1M	0	/work/hdd/bdau/mbanisharifdehkordi/E2E/3d/results_decomp_mismatch/.	/work	lustre
POSIX	63	6939792131935133011	POSIX_SIZE_WRITE_1M_4M	0	/work/hdd/bdau/mbanisharifdehkordi/E2E/3d/results_decomp_mismatch/.	/work	lustre
POSIX	63	6939792131935133011	POSIX_SIZE_WRITE_4M_10M	0	/work/hdd/bdau/mbanisharifdehkordi/E2E/3d/results_decomp_mismatch/.	/work	lustre
POSIX	63	6939792131935133011	POSIX_SIZE_WRITE_10M_100M	0	/work/hdd/bdau/mbanisharifdehkordi/E2E/3d/results_decomp_mismatch/.	/work	lustre
POSIX	63	6939792131935133011	POSIX_SIZE_WRITE_100M_1G	0	/work/hdd/bdau/mbanisharifdehkordi/E2E/3d/results_decomp_mismatch/.	/work	lustre
POSIX	63	6939792131935133011	POSIX_SIZE_WRITE_1G_PLUS	0	/work/hdd/bdau/mbanisharifdehkordi/E2E/3d/results_decomp_mismatch/.	/work	lustre
POSIX	63	15634375788946986981	POSIX_WRITES	0	/work/hdd/bdau/mbanisharifdehkordi/E2E/3d/results_decomp_mismatch/decomp_mismatch.nc4-4005036033-2888081.loc	/work	lustre
POSIX	63	15634375788946986981	POSIX_FILE_NOT_ALIGNED	0	/work/hdd/bdau/mbanisharifdehkordi/E2E/3d/results_decomp_mismatch/decomp_mismatch.nc4-4005036033-2888081.loc	/work	lustre
POSIX	63	15634375788946986981	POSIX_SIZE_WRITE_0_100	0	/work/hdd/bdau/mbanisharifdehkordi/E2E/3d/results_decomp_mismatch/decomp_mismatch.nc4-4005036033-2888081.loc	/work	lustre
POSIX	63	15634375788946986981	POSIX_SIZE_WRITE_100_1K	0	/work/hdd/bdau/mbanisharifdehkordi/E2E/3d/results_decomp_mismatch/decomp_mismatch.nc4-4005036033-2888081.loc	/work	lustre
POSIX	63	15634375788946986981	POSIX_SIZE_WRITE_1K_10K	0	/work/hdd/bdau/mbanisharifdehkordi/E2E/3d/results_decomp_mismatch/decomp_mismatch.nc4-4005036033-2888081.loc	/work	lustre
POSIX	63	15634375788946986981	POSIX_SIZE_WRITE_10K_100K	0	/work/hdd/bdau/mbanisharifdehkordi/E2E/3d/results_decomp_mismatch/decomp_mismatch.nc4-4005036033-2888081.loc	/work	lustre
POSIX	63	15634375788946986981	POSIX_SIZE_WRITE_100K_1M	0	/work/hdd/bdau/mbanisharifdehkordi/E2E/3d/results_decomp_mismatch/decomp_mismatch.nc4-4005036033-2888081.loc	/work	lustre
POSIX	63	15634375788946986981	POSIX_SIZE_WRITE_1M_4M	0	/work/hdd/bdau/mbanisharifdehkordi/E2E/3d/results_decomp_mismatch/decomp_mismatch.nc4-4005036033-2888081.loc	/work	lustre
POSIX	63	15634375788946986981	POSIX_SIZE_WRITE_4M_10M	0	/work/hdd/bdau/mbanisharifdehkordi/E2E/3d/results_decomp_mismatch/decomp_mismatch.nc4-4005036033-2888081.loc	/work	lustre
POSIX	63	15634375788946986981	POSIX_SIZE_WRITE_10M_100M	0	/work/hdd/bdau/mbanisharifdehkordi/E2E/3d/results_decomp_mismatch/decomp_mismatch.nc4-4005036033-2888081.loc	/work	lustre
POSIX	63	15634375788946986981	POSIX_SIZE_WRITE_100M_1G	0	/work/hdd/bdau/mbanisharifdehkordi/E2E/3d/results_decomp_mismatch/decomp_mismatch.nc4-4005036033-2888081.loc	/work	lustre
POSIX	63	15634375788946986981	POSIX_SIZE_WRITE_1G_PLUS	0	/work/hdd/bdau/mbanisharifdehkordi/E2E/3d/results_decomp_mismatch/decomp_mismatch.nc4-4005036033-2888081.loc	/work	lustre

=== LUSTRE Configuration ===
# LUSTRE module data
# *******************************************************

# description of LUSTRE counters:
#   LUSTRE_OSTS: number of OSTs across the entire file system.
#   LUSTRE_MDTS: number of MDTs across the entire file system.
#   LUSTRE_STRIPE_OFFSET: OST ID offset specified when the file was created.
#   LUSTRE_STRIPE_SIZE: stripe size for file in bytes.
#   LUSTRE_STRIPE_WIDTH: number of OSTs over which the file is striped.
#   LUSTRE_OST_ID_*: indices of OSTs over which the file is striped.

Parsed output saved to: /work/hdd/bdau/mbanisharifdehkordi/E2E/darshan_logs/e2e_decomp_mismatch_12209680_parsed.txt
Original log removed from dated subdirectory
