Start time: Fri Sep 19 21:15:43 CDT 2025

======================   ALLOCATED NODES   ======================
	cn063: flags=0x11 slots=31 max_slots=0 slots_inuse=0 state=UP
	cn069: flags=0x10 slots=33 max_slots=0 slots_inuse=0 state=UP
=================================================================
decomp_fixed_proper.nc4 64 4 4 4 1.000000 5.692741 0.175662
End time: Fri Sep 19 21:15:53 CDT 2025
-rw-r-----+ 1 mbanisharifdehkordi delta_bdau 1.3G Sep 19 21:15 decomp_fixed_proper.nc4
=== Expected Good Performance Metrics ===
Should see: Lower POSIX_WRITES, Larger write sizes, Better alignment
POSIX	0	13957123037057497223	POSIX_WRITES	1442	/work/hdd/bdau/mbanisharifdehkordi/E2E/3d/results_decomp_fixed_proper/decomp_fixed_proper.nc4	/work	lustre
POSIX	0	13957123037057497223	POSIX_FILE_NOT_ALIGNED	1440	/work/hdd/bdau/mbanisharifdehkordi/E2E/3d/results_decomp_fixed_proper/decomp_fixed_proper.nc4	/work	lustre
POSIX	0	13957123037057497223	POSIX_SIZE_WRITE_0_100	162	/work/hdd/bdau/mbanisharifdehkordi/E2E/3d/results_decomp_fixed_proper/decomp_fixed_proper.nc4	/work	lustre
POSIX	0	13957123037057497223	POSIX_SIZE_WRITE_100_1K	0	/work/hdd/bdau/mbanisharifdehkordi/E2E/3d/results_decomp_fixed_proper/decomp_fixed_proper.nc4	/work	lustre
POSIX	0	13957123037057497223	POSIX_SIZE_WRITE_1K_10K	0	/work/hdd/bdau/mbanisharifdehkordi/E2E/3d/results_decomp_fixed_proper/decomp_fixed_proper.nc4	/work	lustre
POSIX	0	13957123037057497223	POSIX_SIZE_WRITE_10K_100K	0	/work/hdd/bdau/mbanisharifdehkordi/E2E/3d/results_decomp_fixed_proper/decomp_fixed_proper.nc4	/work	lustre
POSIX	0	13957123037057497223	POSIX_SIZE_WRITE_100K_1M	1280	/work/hdd/bdau/mbanisharifdehkordi/E2E/3d/results_decomp_fixed_proper/decomp_fixed_proper.nc4	/work	lustre
POSIX	0	13957123037057497223	POSIX_SIZE_WRITE_1M_4M	0	/work/hdd/bdau/mbanisharifdehkordi/E2E/3d/results_decomp_fixed_proper/decomp_fixed_proper.nc4	/work	lustre
POSIX	0	13957123037057497223	POSIX_SIZE_WRITE_4M_10M	0	/work/hdd/bdau/mbanisharifdehkordi/E2E/3d/results_decomp_fixed_proper/decomp_fixed_proper.nc4	/work	lustre
POSIX	0	13957123037057497223	POSIX_SIZE_WRITE_10M_100M	0	/work/hdd/bdau/mbanisharifdehkordi/E2E/3d/results_decomp_fixed_proper/decomp_fixed_proper.nc4	/work	lustre
POSIX	0	13957123037057497223	POSIX_SIZE_WRITE_100M_1G	0	/work/hdd/bdau/mbanisharifdehkordi/E2E/3d/results_decomp_fixed_proper/decomp_fixed_proper.nc4	/work	lustre
POSIX	0	13957123037057497223	POSIX_SIZE_WRITE_1G_PLUS	0	/work/hdd/bdau/mbanisharifdehkordi/E2E/3d/results_decomp_fixed_proper/decomp_fixed_proper.nc4	/work	lustre
POSIX	1	13957123037057497223	POSIX_WRITES	161	/work/hdd/bdau/mbanisharifdehkordi/E2E/3d/results_decomp_fixed_proper/decomp_fixed_proper.nc4	/work	lustre
POSIX	1	13957123037057497223	POSIX_FILE_NOT_ALIGNED	161	/work/hdd/bdau/mbanisharifdehkordi/E2E/3d/results_decomp_fixed_proper/decomp_fixed_proper.nc4	/work	lustre
POSIX	1	13957123037057497223	POSIX_SIZE_WRITE_0_100	160	/work/hdd/bdau/mbanisharifdehkordi/E2E/3d/results_decomp_fixed_proper/decomp_fixed_proper.nc4	/work	lustre
POSIX	1	13957123037057497223	POSIX_SIZE_WRITE_100_1K	1	/work/hdd/bdau/mbanisharifdehkordi/E2E/3d/results_decomp_fixed_proper/decomp_fixed_proper.nc4	/work	lustre
POSIX	1	13957123037057497223	POSIX_SIZE_WRITE_1K_10K	0	/work/hdd/bdau/mbanisharifdehkordi/E2E/3d/results_decomp_fixed_proper/decomp_fixed_proper.nc4	/work	lustre
POSIX	1	13957123037057497223	POSIX_SIZE_WRITE_10K_100K	0	/work/hdd/bdau/mbanisharifdehkordi/E2E/3d/results_decomp_fixed_proper/decomp_fixed_proper.nc4	/work	lustre
POSIX	1	13957123037057497223	POSIX_SIZE_WRITE_100K_1M	0	/work/hdd/bdau/mbanisharifdehkordi/E2E/3d/results_decomp_fixed_proper/decomp_fixed_proper.nc4	/work	lustre
POSIX	1	13957123037057497223	POSIX_SIZE_WRITE_1M_4M	0	/work/hdd/bdau/mbanisharifdehkordi/E2E/3d/results_decomp_fixed_proper/decomp_fixed_proper.nc4	/work	lustre
POSIX	1	13957123037057497223	POSIX_SIZE_WRITE_4M_10M	0	/work/hdd/bdau/mbanisharifdehkordi/E2E/3d/results_decomp_fixed_proper/decomp_fixed_proper.nc4	/work	lustre
POSIX	1	13957123037057497223	POSIX_SIZE_WRITE_10M_100M	0	/work/hdd/bdau/mbanisharifdehkordi/E2E/3d/results_decomp_fixed_proper/decomp_fixed_proper.nc4	/work	lustre
POSIX	1	13957123037057497223	POSIX_SIZE_WRITE_100M_1G	0	/work/hdd/bdau/mbanisharifdehkordi/E2E/3d/results_decomp_fixed_proper/decomp_fixed_proper.nc4	/work	lustre
POSIX	1	13957123037057497223	POSIX_SIZE_WRITE_1G_PLUS	0	/work/hdd/bdau/mbanisharifdehkordi/E2E/3d/results_decomp_fixed_proper/decomp_fixed_proper.nc4	/work	lustre
POSIX	2	13957123037057497223	POSIX_WRITES	161	/work/hdd/bdau/mbanisharifdehkordi/E2E/3d/results_decomp_fixed_proper/decomp_fixed_proper.nc4	/work	lustre
POSIX	2	13957123037057497223	POSIX_FILE_NOT_ALIGNED	161	/work/hdd/bdau/mbanisharifdehkordi/E2E/3d/results_decomp_fixed_proper/decomp_fixed_proper.nc4	/work	lustre
POSIX	2	13957123037057497223	POSIX_SIZE_WRITE_0_100	160	/work/hdd/bdau/mbanisharifdehkordi/E2E/3d/results_decomp_fixed_proper/decomp_fixed_proper.nc4	/work	lustre
POSIX	2	13957123037057497223	POSIX_SIZE_WRITE_100_1K	1	/work/hdd/bdau/mbanisharifdehkordi/E2E/3d/results_decomp_fixed_proper/decomp_fixed_proper.nc4	/work	lustre
POSIX	2	13957123037057497223	POSIX_SIZE_WRITE_1K_10K	0	/work/hdd/bdau/mbanisharifdehkordi/E2E/3d/results_decomp_fixed_proper/decomp_fixed_proper.nc4	/work	lustre
POSIX	2	13957123037057497223	POSIX_SIZE_WRITE_10K_100K	0	/work/hdd/bdau/mbanisharifdehkordi/E2E/3d/results_decomp_fixed_proper/decomp_fixed_proper.nc4	/work	lustre
POSIX	2	13957123037057497223	POSIX_SIZE_WRITE_100K_1M	0	/work/hdd/bdau/mbanisharifdehkordi/E2E/3d/results_decomp_fixed_proper/decomp_fixed_proper.nc4	/work	lustre
POSIX	2	13957123037057497223	POSIX_SIZE_WRITE_1M_4M	0	/work/hdd/bdau/mbanisharifdehkordi/E2E/3d/results_decomp_fixed_proper/decomp_fixed_proper.nc4	/work	lustre
POSIX	2	13957123037057497223	POSIX_SIZE_WRITE_4M_10M	0	/work/hdd/bdau/mbanisharifdehkordi/E2E/3d/results_decomp_fixed_proper/decomp_fixed_proper.nc4	/work	lustre
POSIX	2	13957123037057497223	POSIX_SIZE_WRITE_10M_100M	0	/work/hdd/bdau/mbanisharifdehkordi/E2E/3d/results_decomp_fixed_proper/decomp_fixed_proper.nc4	/work	lustre
POSIX	2	13957123037057497223	POSIX_SIZE_WRITE_100M_1G	0	/work/hdd/bdau/mbanisharifdehkordi/E2E/3d/results_decomp_fixed_proper/decomp_fixed_proper.nc4	/work	lustre
POSIX	2	13957123037057497223	POSIX_SIZE_WRITE_1G_PLUS	0	/work/hdd/bdau/mbanisharifdehkordi/E2E/3d/results_decomp_fixed_proper/decomp_fixed_proper.nc4	/work	lustre
POSIX	3	13957123037057497223	POSIX_WRITES	161	/work/hdd/bdau/mbanisharifdehkordi/E2E/3d/results_decomp_fixed_proper/decomp_fixed_proper.nc4	/work	lustre
POSIX	3	13957123037057497223	POSIX_FILE_NOT_ALIGNED	161	/work/hdd/bdau/mbanisharifdehkordi/E2E/3d/results_decomp_fixed_proper/decomp_fixed_proper.nc4	/work	lustre
POSIX	3	13957123037057497223	POSIX_SIZE_WRITE_0_100	160	/work/hdd/bdau/mbanisharifdehkordi/E2E/3d/results_decomp_fixed_proper/decomp_fixed_proper.nc4	/work	lustre
POSIX	3	13957123037057497223	POSIX_SIZE_WRITE_100_1K	1	/work/hdd/bdau/mbanisharifdehkordi/E2E/3d/results_decomp_fixed_proper/decomp_fixed_proper.nc4	/work	lustre
POSIX	3	13957123037057497223	POSIX_SIZE_WRITE_1K_10K	0	/work/hdd/bdau/mbanisharifdehkordi/E2E/3d/results_decomp_fixed_proper/decomp_fixed_proper.nc4	/work	lustre
POSIX	3	13957123037057497223	POSIX_SIZE_WRITE_10K_100K	0	/work/hdd/bdau/mbanisharifdehkordi/E2E/3d/results_decomp_fixed_proper/decomp_fixed_proper.nc4	/work	lustre
POSIX	3	13957123037057497223	POSIX_SIZE_WRITE_100K_1M	0	/work/hdd/bdau/mbanisharifdehkordi/E2E/3d/results_decomp_fixed_proper/decomp_fixed_proper.nc4	/work	lustre
POSIX	3	13957123037057497223	POSIX_SIZE_WRITE_1M_4M	0	/work/hdd/bdau/mbanisharifdehkordi/E2E/3d/results_decomp_fixed_proper/decomp_fixed_proper.nc4	/work	lustre
POSIX	3	13957123037057497223	POSIX_SIZE_WRITE_4M_10M	0	/work/hdd/bdau/mbanisharifdehkordi/E2E/3d/results_decomp_fixed_proper/decomp_fixed_proper.nc4	/work	lustre
POSIX	3	13957123037057497223	POSIX_SIZE_WRITE_10M_100M	0	/work/hdd/bdau/mbanisharifdehkordi/E2E/3d/results_decomp_fixed_proper/decomp_fixed_proper.nc4	/work	lustre
POSIX	3	13957123037057497223	POSIX_SIZE_WRITE_100M_1G	0	/work/hdd/bdau/mbanisharifdehkordi/E2E/3d/results_decomp_fixed_proper/decomp_fixed_proper.nc4	/work	lustre
POSIX	3	13957123037057497223	POSIX_SIZE_WRITE_1G_PLUS	0	/work/hdd/bdau/mbanisharifdehkordi/E2E/3d/results_decomp_fixed_proper/decomp_fixed_proper.nc4	/work	lustre
POSIX	4	13957123037057497223	POSIX_WRITES	161	/work/hdd/bdau/mbanisharifdehkordi/E2E/3d/results_decomp_fixed_proper/decomp_fixed_proper.nc4	/work	lustre
POSIX	4	13957123037057497223	POSIX_FILE_NOT_ALIGNED	161	/work/hdd/bdau/mbanisharifdehkordi/E2E/3d/results_decomp_fixed_proper/decomp_fixed_proper.nc4	/work	lustre
POSIX	4	13957123037057497223	POSIX_SIZE_WRITE_0_100	160	/work/hdd/bdau/mbanisharifdehkordi/E2E/3d/results_decomp_fixed_proper/decomp_fixed_proper.nc4	/work	lustre
POSIX	4	13957123037057497223	POSIX_SIZE_WRITE_100_1K	1	/work/hdd/bdau/mbanisharifdehkordi/E2E/3d/results_decomp_fixed_proper/decomp_fixed_proper.nc4	/work	lustre
POSIX	4	13957123037057497223	POSIX_SIZE_WRITE_1K_10K	0	/work/hdd/bdau/mbanisharifdehkordi/E2E/3d/results_decomp_fixed_proper/decomp_fixed_proper.nc4	/work	lustre
POSIX	4	13957123037057497223	POSIX_SIZE_WRITE_10K_100K	0	/work/hdd/bdau/mbanisharifdehkordi/E2E/3d/results_decomp_fixed_proper/decomp_fixed_proper.nc4	/work	lustre
POSIX	4	13957123037057497223	POSIX_SIZE_WRITE_100K_1M	0	/work/hdd/bdau/mbanisharifdehkordi/E2E/3d/results_decomp_fixed_proper/decomp_fixed_proper.nc4	/work	lustre
POSIX	4	13957123037057497223	POSIX_SIZE_WRITE_1M_4M	0	/work/hdd/bdau/mbanisharifdehkordi/E2E/3d/results_decomp_fixed_proper/decomp_fixed_proper.nc4	/work	lustre
POSIX	4	13957123037057497223	POSIX_SIZE_WRITE_4M_10M	0	/work/hdd/bdau/mbanisharifdehkordi/E2E/3d/results_decomp_fixed_proper/decomp_fixed_proper.nc4	/work	lustre
POSIX	4	13957123037057497223	POSIX_SIZE_WRITE_10M_100M	0	/work/hdd/bdau/mbanisharifdehkordi/E2E/3d/results_decomp_fixed_proper/decomp_fixed_proper.nc4	/work	lustre
POSIX	4	13957123037057497223	POSIX_SIZE_WRITE_100M_1G	0	/work/hdd/bdau/mbanisharifdehkordi/E2E/3d/results_decomp_fixed_proper/decomp_fixed_proper.nc4	/work	lustre
POSIX	4	13957123037057497223	POSIX_SIZE_WRITE_1G_PLUS	0	/work/hdd/bdau/mbanisharifdehkordi/E2E/3d/results_decomp_fixed_proper/decomp_fixed_proper.nc4	/work	lustre
POSIX	5	13957123037057497223	POSIX_WRITES	161	/work/hdd/bdau/mbanisharifdehkordi/E2E/3d/results_decomp_fixed_proper/decomp_fixed_proper.nc4	/work	lustre
POSIX	5	13957123037057497223	POSIX_FILE_NOT_ALIGNED	161	/work/hdd/bdau/mbanisharifdehkordi/E2E/3d/results_decomp_fixed_proper/decomp_fixed_proper.nc4	/work	lustre
POSIX	5	13957123037057497223	POSIX_SIZE_WRITE_0_100	160	/work/hdd/bdau/mbanisharifdehkordi/E2E/3d/results_decomp_fixed_proper/decomp_fixed_proper.nc4	/work	lustre
POSIX	5	13957123037057497223	POSIX_SIZE_WRITE_100_1K	1	/work/hdd/bdau/mbanisharifdehkordi/E2E/3d/results_decomp_fixed_proper/decomp_fixed_proper.nc4	/work	lustre
POSIX	5	13957123037057497223	POSIX_SIZE_WRITE_1K_10K	0	/work/hdd/bdau/mbanisharifdehkordi/E2E/3d/results_decomp_fixed_proper/decomp_fixed_proper.nc4	/work	lustre
POSIX	5	13957123037057497223	POSIX_SIZE_WRITE_10K_100K	0	/work/hdd/bdau/mbanisharifdehkordi/E2E/3d/results_decomp_fixed_proper/decomp_fixed_proper.nc4	/work	lustre
POSIX	5	13957123037057497223	POSIX_SIZE_WRITE_100K_1M	0	/work/hdd/bdau/mbanisharifdehkordi/E2E/3d/results_decomp_fixed_proper/decomp_fixed_proper.nc4	/work	lustre
POSIX	5	13957123037057497223	POSIX_SIZE_WRITE_1M_4M	0	/work/hdd/bdau/mbanisharifdehkordi/E2E/3d/results_decomp_fixed_proper/decomp_fixed_proper.nc4	/work	lustre
POSIX	5	13957123037057497223	POSIX_SIZE_WRITE_4M_10M	0	/work/hdd/bdau/mbanisharifdehkordi/E2E/3d/results_decomp_fixed_proper/decomp_fixed_proper.nc4	/work	lustre
POSIX	5	13957123037057497223	POSIX_SIZE_WRITE_10M_100M	0	/work/hdd/bdau/mbanisharifdehkordi/E2E/3d/results_decomp_fixed_proper/decomp_fixed_proper.nc4	/work	lustre
POSIX	5	13957123037057497223	POSIX_SIZE_WRITE_100M_1G	0	/work/hdd/bdau/mbanisharifdehkordi/E2E/3d/results_decomp_fixed_proper/decomp_fixed_proper.nc4	/work	lustre
POSIX	5	13957123037057497223	POSIX_SIZE_WRITE_1G_PLUS	0	/work/hdd/bdau/mbanisharifdehkordi/E2E/3d/results_decomp_fixed_proper/decomp_fixed_proper.nc4	/work	lustre
POSIX	6	13957123037057497223	POSIX_WRITES	161	/work/hdd/bdau/mbanisharifdehkordi/E2E/3d/results_decomp_fixed_proper/decomp_fixed_proper.nc4	/work	lustre
POSIX	6	13957123037057497223	POSIX_FILE_NOT_ALIGNED	161	/work/hdd/bdau/mbanisharifdehkordi/E2E/3d/results_decomp_fixed_proper/decomp_fixed_proper.nc4	/work	lustre
POSIX	6	13957123037057497223	POSIX_SIZE_WRITE_0_100	160	/work/hdd/bdau/mbanisharifdehkordi/E2E/3d/results_decomp_fixed_proper/decomp_fixed_proper.nc4	/work	lustre
POSIX	6	13957123037057497223	POSIX_SIZE_WRITE_100_1K	1	/work/hdd/bdau/mbanisharifdehkordi/E2E/3d/results_decomp_fixed_proper/decomp_fixed_proper.nc4	/work	lustre
POSIX	6	13957123037057497223	POSIX_SIZE_WRITE_1K_10K	0	/work/hdd/bdau/mbanisharifdehkordi/E2E/3d/results_decomp_fixed_proper/decomp_fixed_proper.nc4	/work	lustre
POSIX	6	13957123037057497223	POSIX_SIZE_WRITE_10K_100K	0	/work/hdd/bdau/mbanisharifdehkordi/E2E/3d/results_decomp_fixed_proper/decomp_fixed_proper.nc4	/work	lustre
POSIX	6	13957123037057497223	POSIX_SIZE_WRITE_100K_1M	0	/work/hdd/bdau/mbanisharifdehkordi/E2E/3d/results_decomp_fixed_proper/decomp_fixed_proper.nc4	/work	lustre
POSIX	6	13957123037057497223	POSIX_SIZE_WRITE_1M_4M	0	/work/hdd/bdau/mbanisharifdehkordi/E2E/3d/results_decomp_fixed_proper/decomp_fixed_proper.nc4	/work	lustre
POSIX	6	13957123037057497223	POSIX_SIZE_WRITE_4M_10M	0	/work/hdd/bdau/mbanisharifdehkordi/E2E/3d/results_decomp_fixed_proper/decomp_fixed_proper.nc4	/work	lustre
POSIX	6	13957123037057497223	POSIX_SIZE_WRITE_10M_100M	0	/work/hdd/bdau/mbanisharifdehkordi/E2E/3d/results_decomp_fixed_proper/decomp_fixed_proper.nc4	/work	lustre
POSIX	6	13957123037057497223	POSIX_SIZE_WRITE_100M_1G	0	/work/hdd/bdau/mbanisharifdehkordi/E2E/3d/results_decomp_fixed_proper/decomp_fixed_proper.nc4	/work	lustre
POSIX	6	13957123037057497223	POSIX_SIZE_WRITE_1G_PLUS	0	/work/hdd/bdau/mbanisharifdehkordi/E2E/3d/results_decomp_fixed_proper/decomp_fixed_proper.nc4	/work	lustre
POSIX	7	13957123037057497223	POSIX_WRITES	161	/work/hdd/bdau/mbanisharifdehkordi/E2E/3d/results_decomp_fixed_proper/decomp_fixed_proper.nc4	/work	lustre
POSIX	7	13957123037057497223	POSIX_FILE_NOT_ALIGNED	161	/work/hdd/bdau/mbanisharifdehkordi/E2E/3d/results_decomp_fixed_proper/decomp_fixed_proper.nc4	/work	lustre
POSIX	7	13957123037057497223	POSIX_SIZE_WRITE_0_100	160	/work/hdd/bdau/mbanisharifdehkordi/E2E/3d/results_decomp_fixed_proper/decomp_fixed_proper.nc4	/work	lustre
POSIX	7	13957123037057497223	POSIX_SIZE_WRITE_100_1K	1	/work/hdd/bdau/mbanisharifdehkordi/E2E/3d/results_decomp_fixed_proper/decomp_fixed_proper.nc4	/work	lustre
POSIX	7	13957123037057497223	POSIX_SIZE_WRITE_1K_10K	0	/work/hdd/bdau/mbanisharifdehkordi/E2E/3d/results_decomp_fixed_proper/decomp_fixed_proper.nc4	/work	lustre
POSIX	7	13957123037057497223	POSIX_SIZE_WRITE_10K_100K	0	/work/hdd/bdau/mbanisharifdehkordi/E2E/3d/results_decomp_fixed_proper/decomp_fixed_proper.nc4	/work	lustre
POSIX	7	13957123037057497223	POSIX_SIZE_WRITE_100K_1M	0	/work/hdd/bdau/mbanisharifdehkordi/E2E/3d/results_decomp_fixed_proper/decomp_fixed_proper.nc4	/work	lustre
POSIX	7	13957123037057497223	POSIX_SIZE_WRITE_1M_4M	0	/work/hdd/bdau/mbanisharifdehkordi/E2E/3d/results_decomp_fixed_proper/decomp_fixed_proper.nc4	/work	lustre
POSIX	7	13957123037057497223	POSIX_SIZE_WRITE_4M_10M	0	/work/hdd/bdau/mbanisharifdehkordi/E2E/3d/results_decomp_fixed_proper/decomp_fixed_proper.nc4	/work	lustre
POSIX	7	13957123037057497223	POSIX_SIZE_WRITE_10M_100M	0	/work/hdd/bdau/mbanisharifdehkordi/E2E/3d/results_decomp_fixed_proper/decomp_fixed_proper.nc4	/work	lustre
POSIX	7	13957123037057497223	POSIX_SIZE_WRITE_100M_1G	0	/work/hdd/bdau/mbanisharifdehkordi/E2E/3d/results_decomp_fixed_proper/decomp_fixed_proper.nc4	/work	lustre
POSIX	7	13957123037057497223	POSIX_SIZE_WRITE_1G_PLUS	0	/work/hdd/bdau/mbanisharifdehkordi/E2E/3d/results_decomp_fixed_proper/decomp_fixed_proper.nc4	/work	lustre
POSIX	8	13957123037057497223	POSIX_WRITES	161	/work/hdd/bdau/mbanisharifdehkordi/E2E/3d/results_decomp_fixed_proper/decomp_fixed_proper.nc4	/work	lustre
POSIX	8	13957123037057497223	POSIX_FILE_NOT_ALIGNED	161	/work/hdd/bdau/mbanisharifdehkordi/E2E/3d/results_decomp_fixed_proper/decomp_fixed_proper.nc4	/work	lustre
POSIX	8	13957123037057497223	POSIX_SIZE_WRITE_0_100	161	/work/hdd/bdau/mbanisharifdehkordi/E2E/3d/results_decomp_fixed_proper/decomp_fixed_proper.nc4	/work	lustre
POSIX	8	13957123037057497223	POSIX_SIZE_WRITE_100_1K	0	/work/hdd/bdau/mbanisharifdehkordi/E2E/3d/results_decomp_fixed_proper/decomp_fixed_proper.nc4	/work	lustre
POSIX	8	13957123037057497223	POSIX_SIZE_WRITE_1K_10K	0	/work/hdd/bdau/mbanisharifdehkordi/E2E/3d/results_decomp_fixed_proper/decomp_fixed_proper.nc4	/work	lustre
POSIX	8	13957123037057497223	POSIX_SIZE_WRITE_10K_100K	0	/work/hdd/bdau/mbanisharifdehkordi/E2E/3d/results_decomp_fixed_proper/decomp_fixed_proper.nc4	/work	lustre
POSIX	8	13957123037057497223	POSIX_SIZE_WRITE_100K_1M	0	/work/hdd/bdau/mbanisharifdehkordi/E2E/3d/results_decomp_fixed_proper/decomp_fixed_proper.nc4	/work	lustre
POSIX	8	13957123037057497223	POSIX_SIZE_WRITE_1M_4M	0	/work/hdd/bdau/mbanisharifdehkordi/E2E/3d/results_decomp_fixed_proper/decomp_fixed_proper.nc4	/work	lustre
POSIX	8	13957123037057497223	POSIX_SIZE_WRITE_4M_10M	0	/work/hdd/bdau/mbanisharifdehkordi/E2E/3d/results_decomp_fixed_proper/decomp_fixed_proper.nc4	/work	lustre
POSIX	8	13957123037057497223	POSIX_SIZE_WRITE_10M_100M	0	/work/hdd/bdau/mbanisharifdehkordi/E2E/3d/results_decomp_fixed_proper/decomp_fixed_proper.nc4	/work	lustre
POSIX	8	13957123037057497223	POSIX_SIZE_WRITE_100M_1G	0	/work/hdd/bdau/mbanisharifdehkordi/E2E/3d/results_decomp_fixed_proper/decomp_fixed_proper.nc4	/work	lustre
POSIX	8	13957123037057497223	POSIX_SIZE_WRITE_1G_PLUS	0	/work/hdd/bdau/mbanisharifdehkordi/E2E/3d/results_decomp_fixed_proper/decomp_fixed_proper.nc4	/work	lustre
POSIX	9	13957123037057497223	POSIX_WRITES	161	/work/hdd/bdau/mbanisharifdehkordi/E2E/3d/results_decomp_fixed_proper/decomp_fixed_proper.nc4	/work	lustre
POSIX	9	13957123037057497223	POSIX_FILE_NOT_ALIGNED	161	/work/hdd/bdau/mbanisharifdehkordi/E2E/3d/results_decomp_fixed_proper/decomp_fixed_proper.nc4	/work	lustre
POSIX	9	13957123037057497223	POSIX_SIZE_WRITE_0_100	160	/work/hdd/bdau/mbanisharifdehkordi/E2E/3d/results_decomp_fixed_proper/decomp_fixed_proper.nc4	/work	lustre
POSIX	9	13957123037057497223	POSIX_SIZE_WRITE_100_1K	1	/work/hdd/bdau/mbanisharifdehkordi/E2E/3d/results_decomp_fixed_proper/decomp_fixed_proper.nc4	/work	lustre
POSIX	9	13957123037057497223	POSIX_SIZE_WRITE_1K_10K	0	/work/hdd/bdau/mbanisharifdehkordi/E2E/3d/results_decomp_fixed_proper/decomp_fixed_proper.nc4	/work	lustre
POSIX	9	13957123037057497223	POSIX_SIZE_WRITE_10K_100K	0	/work/hdd/bdau/mbanisharifdehkordi/E2E/3d/results_decomp_fixed_proper/decomp_fixed_proper.nc4	/work	lustre
POSIX	9	13957123037057497223	POSIX_SIZE_WRITE_100K_1M	0	/work/hdd/bdau/mbanisharifdehkordi/E2E/3d/results_decomp_fixed_proper/decomp_fixed_proper.nc4	/work	lustre
POSIX	9	13957123037057497223	POSIX_SIZE_WRITE_1M_4M	0	/work/hdd/bdau/mbanisharifdehkordi/E2E/3d/results_decomp_fixed_proper/decomp_fixed_proper.nc4	/work	lustre
POSIX	9	13957123037057497223	POSIX_SIZE_WRITE_4M_10M	0	/work/hdd/bdau/mbanisharifdehkordi/E2E/3d/results_decomp_fixed_proper/decomp_fixed_proper.nc4	/work	lustre
POSIX	9	13957123037057497223	POSIX_SIZE_WRITE_10M_100M	0	/work/hdd/bdau/mbanisharifdehkordi/E2E/3d/results_decomp_fixed_proper/decomp_fixed_proper.nc4	/work	lustre
POSIX	9	13957123037057497223	POSIX_SIZE_WRITE_100M_1G	0	/work/hdd/bdau/mbanisharifdehkordi/E2E/3d/results_decomp_fixed_proper/decomp_fixed_proper.nc4	/work	lustre
POSIX	9	13957123037057497223	POSIX_SIZE_WRITE_1G_PLUS	0	/work/hdd/bdau/mbanisharifdehkordi/E2E/3d/results_decomp_fixed_proper/decomp_fixed_proper.nc4	/work	lustre
POSIX	10	13957123037057497223	POSIX_WRITES	161	/work/hdd/bdau/mbanisharifdehkordi/E2E/3d/results_decomp_fixed_proper/decomp_fixed_proper.nc4	/work	lustre
POSIX	10	13957123037057497223	POSIX_FILE_NOT_ALIGNED	161	/work/hdd/bdau/mbanisharifdehkordi/E2E/3d/results_decomp_fixed_proper/decomp_fixed_proper.nc4	/work	lustre
POSIX	10	13957123037057497223	POSIX_SIZE_WRITE_0_100	160	/work/hdd/bdau/mbanisharifdehkordi/E2E/3d/results_decomp_fixed_proper/decomp_fixed_proper.nc4	/work	lustre
POSIX	10	13957123037057497223	POSIX_SIZE_WRITE_100_1K	1	/work/hdd/bdau/mbanisharifdehkordi/E2E/3d/results_decomp_fixed_proper/decomp_fixed_proper.nc4	/work	lustre
POSIX	10	13957123037057497223	POSIX_SIZE_WRITE_1K_10K	0	/work/hdd/bdau/mbanisharifdehkordi/E2E/3d/results_decomp_fixed_proper/decomp_fixed_proper.nc4	/work	lustre
POSIX	10	13957123037057497223	POSIX_SIZE_WRITE_10K_100K	0	/work/hdd/bdau/mbanisharifdehkordi/E2E/3d/results_decomp_fixed_proper/decomp_fixed_proper.nc4	/work	lustre
POSIX	10	13957123037057497223	POSIX_SIZE_WRITE_100K_1M	0	/work/hdd/bdau/mbanisharifdehkordi/E2E/3d/results_decomp_fixed_proper/decomp_fixed_proper.nc4	/work	lustre
POSIX	10	13957123037057497223	POSIX_SIZE_WRITE_1M_4M	0	/work/hdd/bdau/mbanisharifdehkordi/E2E/3d/results_decomp_fixed_proper/decomp_fixed_proper.nc4	/work	lustre
POSIX	10	13957123037057497223	POSIX_SIZE_WRITE_4M_10M	0	/work/hdd/bdau/mbanisharifdehkordi/E2E/3d/results_decomp_fixed_proper/decomp_fixed_proper.nc4	/work	lustre
POSIX	10	13957123037057497223	POSIX_SIZE_WRITE_10M_100M	0	/work/hdd/bdau/mbanisharifdehkordi/E2E/3d/results_decomp_fixed_proper/decomp_fixed_proper.nc4	/work	lustre
POSIX	10	13957123037057497223	POSIX_SIZE_WRITE_100M_1G	0	/work/hdd/bdau/mbanisharifdehkordi/E2E/3d/results_decomp_fixed_proper/decomp_fixed_proper.nc4	/work	lustre
POSIX	10	13957123037057497223	POSIX_SIZE_WRITE_1G_PLUS	0	/work/hdd/bdau/mbanisharifdehkordi/E2E/3d/results_decomp_fixed_proper/decomp_fixed_proper.nc4	/work	lustre
POSIX	11	13957123037057497223	POSIX_WRITES	161	/work/hdd/bdau/mbanisharifdehkordi/E2E/3d/results_decomp_fixed_proper/decomp_fixed_proper.nc4	/work	lustre
POSIX	11	13957123037057497223	POSIX_FILE_NOT_ALIGNED	161	/work/hdd/bdau/mbanisharifdehkordi/E2E/3d/results_decomp_fixed_proper/decomp_fixed_proper.nc4	/work	lustre
POSIX	11	13957123037057497223	POSIX_SIZE_WRITE_0_100	160	/work/hdd/bdau/mbanisharifdehkordi/E2E/3d/results_decomp_fixed_proper/decomp_fixed_proper.nc4	/work	lustre
POSIX	11	13957123037057497223	POSIX_SIZE_WRITE_100_1K	1	/work/hdd/bdau/mbanisharifdehkordi/E2E/3d/results_decomp_fixed_proper/decomp_fixed_proper.nc4	/work	lustre
POSIX	11	13957123037057497223	POSIX_SIZE_WRITE_1K_10K	0	/work/hdd/bdau/mbanisharifdehkordi/E2E/3d/results_decomp_fixed_proper/decomp_fixed_proper.nc4	/work	lustre
POSIX	11	13957123037057497223	POSIX_SIZE_WRITE_10K_100K	0	/work/hdd/bdau/mbanisharifdehkordi/E2E/3d/results_decomp_fixed_proper/decomp_fixed_proper.nc4	/work	lustre
POSIX	11	13957123037057497223	POSIX_SIZE_WRITE_100K_1M	0	/work/hdd/bdau/mbanisharifdehkordi/E2E/3d/results_decomp_fixed_proper/decomp_fixed_proper.nc4	/work	lustre
POSIX	11	13957123037057497223	POSIX_SIZE_WRITE_1M_4M	0	/work/hdd/bdau/mbanisharifdehkordi/E2E/3d/results_decomp_fixed_proper/decomp_fixed_proper.nc4	/work	lustre
POSIX	11	13957123037057497223	POSIX_SIZE_WRITE_4M_10M	0	/work/hdd/bdau/mbanisharifdehkordi/E2E/3d/results_decomp_fixed_proper/decomp_fixed_proper.nc4	/work	lustre
POSIX	11	13957123037057497223	POSIX_SIZE_WRITE_10M_100M	0	/work/hdd/bdau/mbanisharifdehkordi/E2E/3d/results_decomp_fixed_proper/decomp_fixed_proper.nc4	/work	lustre
POSIX	11	13957123037057497223	POSIX_SIZE_WRITE_100M_1G	0	/work/hdd/bdau/mbanisharifdehkordi/E2E/3d/results_decomp_fixed_proper/decomp_fixed_proper.nc4	/work	lustre
POSIX	11	13957123037057497223	POSIX_SIZE_WRITE_1G_PLUS	0	/work/hdd/bdau/mbanisharifdehkordi/E2E/3d/results_decomp_fixed_proper/decomp_fixed_proper.nc4	/work	lustre
POSIX	12	13957123037057497223	POSIX_WRITES	161	/work/hdd/bdau/mbanisharifdehkordi/E2E/3d/results_decomp_fixed_proper/decomp_fixed_proper.nc4	/work	lustre
POSIX	12	13957123037057497223	POSIX_FILE_NOT_ALIGNED	161	/work/hdd/bdau/mbanisharifdehkordi/E2E/3d/results_decomp_fixed_proper/decomp_fixed_proper.nc4	/work	lustre
POSIX	12	13957123037057497223	POSIX_SIZE_WRITE_0_100	160	/work/hdd/bdau/mbanisharifdehkordi/E2E/3d/results_decomp_fixed_proper/decomp_fixed_proper.nc4	/work	lustre
POSIX	12	13957123037057497223	POSIX_SIZE_WRITE_100_1K	1	/work/hdd/bdau/mbanisharifdehkordi/E2E/3d/results_decomp_fixed_proper/decomp_fixed_proper.nc4	/work	lustre
POSIX	12	13957123037057497223	POSIX_SIZE_WRITE_1K_10K	0	/work/hdd/bdau/mbanisharifdehkordi/E2E/3d/results_decomp_fixed_proper/decomp_fixed_proper.nc4	/work	lustre
POSIX	12	13957123037057497223	POSIX_SIZE_WRITE_10K_100K	0	/work/hdd/bdau/mbanisharifdehkordi/E2E/3d/results_decomp_fixed_proper/decomp_fixed_proper.nc4	/work	lustre
POSIX	12	13957123037057497223	POSIX_SIZE_WRITE_100K_1M	0	/work/hdd/bdau/mbanisharifdehkordi/E2E/3d/results_decomp_fixed_proper/decomp_fixed_proper.nc4	/work	lustre
POSIX	12	13957123037057497223	POSIX_SIZE_WRITE_1M_4M	0	/work/hdd/bdau/mbanisharifdehkordi/E2E/3d/results_decomp_fixed_proper/decomp_fixed_proper.nc4	/work	lustre
POSIX	12	13957123037057497223	POSIX_SIZE_WRITE_4M_10M	0	/work/hdd/bdau/mbanisharifdehkordi/E2E/3d/results_decomp_fixed_proper/decomp_fixed_proper.nc4	/work	lustre
POSIX	12	13957123037057497223	POSIX_SIZE_WRITE_10M_100M	0	/work/hdd/bdau/mbanisharifdehkordi/E2E/3d/results_decomp_fixed_proper/decomp_fixed_proper.nc4	/work	lustre
POSIX	12	13957123037057497223	POSIX_SIZE_WRITE_100M_1G	0	/work/hdd/bdau/mbanisharifdehkordi/E2E/3d/results_decomp_fixed_proper/decomp_fixed_proper.nc4	/work	lustre
POSIX	12	13957123037057497223	POSIX_SIZE_WRITE_1G_PLUS	0	/work/hdd/bdau/mbanisharifdehkordi/E2E/3d/results_decomp_fixed_proper/decomp_fixed_proper.nc4	/work	lustre
POSIX	13	13957123037057497223	POSIX_WRITES	161	/work/hdd/bdau/mbanisharifdehkordi/E2E/3d/results_decomp_fixed_proper/decomp_fixed_proper.nc4	/work	lustre
POSIX	13	13957123037057497223	POSIX_FILE_NOT_ALIGNED	161	/work/hdd/bdau/mbanisharifdehkordi/E2E/3d/results_decomp_fixed_proper/decomp_fixed_proper.nc4	/work	lustre
POSIX	13	13957123037057497223	POSIX_SIZE_WRITE_0_100	161	/work/hdd/bdau/mbanisharifdehkordi/E2E/3d/results_decomp_fixed_proper/decomp_fixed_proper.nc4	/work	lustre
POSIX	13	13957123037057497223	POSIX_SIZE_WRITE_100_1K	0	/work/hdd/bdau/mbanisharifdehkordi/E2E/3d/results_decomp_fixed_proper/decomp_fixed_proper.nc4	/work	lustre
POSIX	13	13957123037057497223	POSIX_SIZE_WRITE_1K_10K	0	/work/hdd/bdau/mbanisharifdehkordi/E2E/3d/results_decomp_fixed_proper/decomp_fixed_proper.nc4	/work	lustre
POSIX	13	13957123037057497223	POSIX_SIZE_WRITE_10K_100K	0	/work/hdd/bdau/mbanisharifdehkordi/E2E/3d/results_decomp_fixed_proper/decomp_fixed_proper.nc4	/work	lustre
POSIX	13	13957123037057497223	POSIX_SIZE_WRITE_100K_1M	0	/work/hdd/bdau/mbanisharifdehkordi/E2E/3d/results_decomp_fixed_proper/decomp_fixed_proper.nc4	/work	lustre
POSIX	13	13957123037057497223	POSIX_SIZE_WRITE_1M_4M	0	/work/hdd/bdau/mbanisharifdehkordi/E2E/3d/results_decomp_fixed_proper/decomp_fixed_proper.nc4	/work	lustre
POSIX	13	13957123037057497223	POSIX_SIZE_WRITE_4M_10M	0	/work/hdd/bdau/mbanisharifdehkordi/E2E/3d/results_decomp_fixed_proper/decomp_fixed_proper.nc4	/work	lustre
POSIX	13	13957123037057497223	POSIX_SIZE_WRITE_10M_100M	0	/work/hdd/bdau/mbanisharifdehkordi/E2E/3d/results_decomp_fixed_proper/decomp_fixed_proper.nc4	/work	lustre
POSIX	13	13957123037057497223	POSIX_SIZE_WRITE_100M_1G	0	/work/hdd/bdau/mbanisharifdehkordi/E2E/3d/results_decomp_fixed_proper/decomp_fixed_proper.nc4	/work	lustre
POSIX	13	13957123037057497223	POSIX_SIZE_WRITE_1G_PLUS	0	/work/hdd/bdau/mbanisharifdehkordi/E2E/3d/results_decomp_fixed_proper/decomp_fixed_proper.nc4	/work	lustre
POSIX	14	13957123037057497223	POSIX_WRITES	161	/work/hdd/bdau/mbanisharifdehkordi/E2E/3d/results_decomp_fixed_proper/decomp_fixed_proper.nc4	/work	lustre
POSIX	14	13957123037057497223	POSIX_FILE_NOT_ALIGNED	161	/work/hdd/bdau/mbanisharifdehkordi/E2E/3d/results_decomp_fixed_proper/decomp_fixed_proper.nc4	/work	lustre
POSIX	14	13957123037057497223	POSIX_SIZE_WRITE_0_100	160	/work/hdd/bdau/mbanisharifdehkordi/E2E/3d/results_decomp_fixed_proper/decomp_fixed_proper.nc4	/work	lustre
POSIX	14	13957123037057497223	POSIX_SIZE_WRITE_100_1K	1	/work/hdd/bdau/mbanisharifdehkordi/E2E/3d/results_decomp_fixed_proper/decomp_fixed_proper.nc4	/work	lustre
POSIX	14	13957123037057497223	POSIX_SIZE_WRITE_1K_10K	0	/work/hdd/bdau/mbanisharifdehkordi/E2E/3d/results_decomp_fixed_proper/decomp_fixed_proper.nc4	/work	lustre
POSIX	14	13957123037057497223	POSIX_SIZE_WRITE_10K_100K	0	/work/hdd/bdau/mbanisharifdehkordi/E2E/3d/results_decomp_fixed_proper/decomp_fixed_proper.nc4	/work	lustre
POSIX	14	13957123037057497223	POSIX_SIZE_WRITE_100K_1M	0	/work/hdd/bdau/mbanisharifdehkordi/E2E/3d/results_decomp_fixed_proper/decomp_fixed_proper.nc4	/work	lustre
POSIX	14	13957123037057497223	POSIX_SIZE_WRITE_1M_4M	0	/work/hdd/bdau/mbanisharifdehkordi/E2E/3d/results_decomp_fixed_proper/decomp_fixed_proper.nc4	/work	lustre
POSIX	14	13957123037057497223	POSIX_SIZE_WRITE_4M_10M	0	/work/hdd/bdau/mbanisharifdehkordi/E2E/3d/results_decomp_fixed_proper/decomp_fixed_proper.nc4	/work	lustre
POSIX	14	13957123037057497223	POSIX_SIZE_WRITE_10M_100M	0	/work/hdd/bdau/mbanisharifdehkordi/E2E/3d/results_decomp_fixed_proper/decomp_fixed_proper.nc4	/work	lustre
POSIX	14	13957123037057497223	POSIX_SIZE_WRITE_100M_1G	0	/work/hdd/bdau/mbanisharifdehkordi/E2E/3d/results_decomp_fixed_proper/decomp_fixed_proper.nc4	/work	lustre
POSIX	14	13957123037057497223	POSIX_SIZE_WRITE_1G_PLUS	0	/work/hdd/bdau/mbanisharifdehkordi/E2E/3d/results_decomp_fixed_proper/decomp_fixed_proper.nc4	/work	lustre
POSIX	15	13957123037057497223	POSIX_WRITES	161	/work/hdd/bdau/mbanisharifdehkordi/E2E/3d/results_decomp_fixed_proper/decomp_fixed_proper.nc4	/work	lustre
POSIX	15	13957123037057497223	POSIX_FILE_NOT_ALIGNED	161	/work/hdd/bdau/mbanisharifdehkordi/E2E/3d/results_decomp_fixed_proper/decomp_fixed_proper.nc4	/work	lustre
POSIX	15	13957123037057497223	POSIX_SIZE_WRITE_0_100	161	/work/hdd/bdau/mbanisharifdehkordi/E2E/3d/results_decomp_fixed_proper/decomp_fixed_proper.nc4	/work	lustre
POSIX	15	13957123037057497223	POSIX_SIZE_WRITE_100_1K	0	/work/hdd/bdau/mbanisharifdehkordi/E2E/3d/results_decomp_fixed_proper/decomp_fixed_proper.nc4	/work	lustre
POSIX	15	13957123037057497223	POSIX_SIZE_WRITE_1K_10K	0	/work/hdd/bdau/mbanisharifdehkordi/E2E/3d/results_decomp_fixed_proper/decomp_fixed_proper.nc4	/work	lustre
POSIX	15	13957123037057497223	POSIX_SIZE_WRITE_10K_100K	0	/work/hdd/bdau/mbanisharifdehkordi/E2E/3d/results_decomp_fixed_proper/decomp_fixed_proper.nc4	/work	lustre
POSIX	15	13957123037057497223	POSIX_SIZE_WRITE_100K_1M	0	/work/hdd/bdau/mbanisharifdehkordi/E2E/3d/results_decomp_fixed_proper/decomp_fixed_proper.nc4	/work	lustre
POSIX	15	13957123037057497223	POSIX_SIZE_WRITE_1M_4M	0	/work/hdd/bdau/mbanisharifdehkordi/E2E/3d/results_decomp_fixed_proper/decomp_fixed_proper.nc4	/work	lustre
POSIX	15	13957123037057497223	POSIX_SIZE_WRITE_4M_10M	0	/work/hdd/bdau/mbanisharifdehkordi/E2E/3d/results_decomp_fixed_proper/decomp_fixed_proper.nc4	/work	lustre
POSIX	15	13957123037057497223	POSIX_SIZE_WRITE_10M_100M	0	/work/hdd/bdau/mbanisharifdehkordi/E2E/3d/results_decomp_fixed_proper/decomp_fixed_proper.nc4	/work	lustre
POSIX	15	13957123037057497223	POSIX_SIZE_WRITE_100M_1G	0	/work/hdd/bdau/mbanisharifdehkordi/E2E/3d/results_decomp_fixed_proper/decomp_fixed_proper.nc4	/work	lustre
POSIX	15	13957123037057497223	POSIX_SIZE_WRITE_1G_PLUS	0	/work/hdd/bdau/mbanisharifdehkordi/E2E/3d/results_decomp_fixed_proper/decomp_fixed_proper.nc4	/work	lustre
POSIX	16	13957123037057497223	POSIX_WRITES	161	/work/hdd/bdau/mbanisharifdehkordi/E2E/3d/results_decomp_fixed_proper/decomp_fixed_proper.nc4	/work	lustre
POSIX	16	13957123037057497223	POSIX_FILE_NOT_ALIGNED	161	/work/hdd/bdau/mbanisharifdehkordi/E2E/3d/results_decomp_fixed_proper/decomp_fixed_proper.nc4	/work	lustre
POSIX	16	13957123037057497223	POSIX_SIZE_WRITE_0_100	160	/work/hdd/bdau/mbanisharifdehkordi/E2E/3d/results_decomp_fixed_proper/decomp_fixed_proper.nc4	/work	lustre
POSIX	16	13957123037057497223	POSIX_SIZE_WRITE_100_1K	1	/work/hdd/bdau/mbanisharifdehkordi/E2E/3d/results_decomp_fixed_proper/decomp_fixed_proper.nc4	/work	lustre
POSIX	16	13957123037057497223	POSIX_SIZE_WRITE_1K_10K	0	/work/hdd/bdau/mbanisharifdehkordi/E2E/3d/results_decomp_fixed_proper/decomp_fixed_proper.nc4	/work	lustre
POSIX	16	13957123037057497223	POSIX_SIZE_WRITE_10K_100K	0	/work/hdd/bdau/mbanisharifdehkordi/E2E/3d/results_decomp_fixed_proper/decomp_fixed_proper.nc4	/work	lustre
POSIX	16	13957123037057497223	POSIX_SIZE_WRITE_100K_1M	0	/work/hdd/bdau/mbanisharifdehkordi/E2E/3d/results_decomp_fixed_proper/decomp_fixed_proper.nc4	/work	lustre
POSIX	16	13957123037057497223	POSIX_SIZE_WRITE_1M_4M	0	/work/hdd/bdau/mbanisharifdehkordi/E2E/3d/results_decomp_fixed_proper/decomp_fixed_proper.nc4	/work	lustre
POSIX	16	13957123037057497223	POSIX_SIZE_WRITE_4M_10M	0	/work/hdd/bdau/mbanisharifdehkordi/E2E/3d/results_decomp_fixed_proper/decomp_fixed_proper.nc4	/work	lustre
POSIX	16	13957123037057497223	POSIX_SIZE_WRITE_10M_100M	0	/work/hdd/bdau/mbanisharifdehkordi/E2E/3d/results_decomp_fixed_proper/decomp_fixed_proper.nc4	/work	lustre
POSIX	16	13957123037057497223	POSIX_SIZE_WRITE_100M_1G	0	/work/hdd/bdau/mbanisharifdehkordi/E2E/3d/results_decomp_fixed_proper/decomp_fixed_proper.nc4	/work	lustre
POSIX	16	13957123037057497223	POSIX_SIZE_WRITE_1G_PLUS	0	/work/hdd/bdau/mbanisharifdehkordi/E2E/3d/results_decomp_fixed_proper/decomp_fixed_proper.nc4	/work	lustre
POSIX	17	13957123037057497223	POSIX_WRITES	161	/work/hdd/bdau/mbanisharifdehkordi/E2E/3d/results_decomp_fixed_proper/decomp_fixed_proper.nc4	/work	lustre
POSIX	17	13957123037057497223	POSIX_FILE_NOT_ALIGNED	161	/work/hdd/bdau/mbanisharifdehkordi/E2E/3d/results_decomp_fixed_proper/decomp_fixed_proper.nc4	/work	lustre
POSIX	17	13957123037057497223	POSIX_SIZE_WRITE_0_100	161	/work/hdd/bdau/mbanisharifdehkordi/E2E/3d/results_decomp_fixed_proper/decomp_fixed_proper.nc4	/work	lustre
POSIX	17	13957123037057497223	POSIX_SIZE_WRITE_100_1K	0	/work/hdd/bdau/mbanisharifdehkordi/E2E/3d/results_decomp_fixed_proper/decomp_fixed_proper.nc4	/work	lustre
POSIX	17	13957123037057497223	POSIX_SIZE_WRITE_1K_10K	0	/work/hdd/bdau/mbanisharifdehkordi/E2E/3d/results_decomp_fixed_proper/decomp_fixed_proper.nc4	/work	lustre
POSIX	17	13957123037057497223	POSIX_SIZE_WRITE_10K_100K	0	/work/hdd/bdau/mbanisharifdehkordi/E2E/3d/results_decomp_fixed_proper/decomp_fixed_proper.nc4	/work	lustre
POSIX	17	13957123037057497223	POSIX_SIZE_WRITE_100K_1M	0	/work/hdd/bdau/mbanisharifdehkordi/E2E/3d/results_decomp_fixed_proper/decomp_fixed_proper.nc4	/work	lustre
POSIX	17	13957123037057497223	POSIX_SIZE_WRITE_1M_4M	0	/work/hdd/bdau/mbanisharifdehkordi/E2E/3d/results_decomp_fixed_proper/decomp_fixed_proper.nc4	/work	lustre
POSIX	17	13957123037057497223	POSIX_SIZE_WRITE_4M_10M	0	/work/hdd/bdau/mbanisharifdehkordi/E2E/3d/results_decomp_fixed_proper/decomp_fixed_proper.nc4	/work	lustre
POSIX	17	13957123037057497223	POSIX_SIZE_WRITE_10M_100M	0	/work/hdd/bdau/mbanisharifdehkordi/E2E/3d/results_decomp_fixed_proper/decomp_fixed_proper.nc4	/work	lustre
POSIX	17	13957123037057497223	POSIX_SIZE_WRITE_100M_1G	0	/work/hdd/bdau/mbanisharifdehkordi/E2E/3d/results_decomp_fixed_proper/decomp_fixed_proper.nc4	/work	lustre
POSIX	17	13957123037057497223	POSIX_SIZE_WRITE_1G_PLUS	0	/work/hdd/bdau/mbanisharifdehkordi/E2E/3d/results_decomp_fixed_proper/decomp_fixed_proper.nc4	/work	lustre
POSIX	18	13957123037057497223	POSIX_WRITES	161	/work/hdd/bdau/mbanisharifdehkordi/E2E/3d/results_decomp_fixed_proper/decomp_fixed_proper.nc4	/work	lustre
POSIX	18	13957123037057497223	POSIX_FILE_NOT_ALIGNED	161	/work/hdd/bdau/mbanisharifdehkordi/E2E/3d/results_decomp_fixed_proper/decomp_fixed_proper.nc4	/work	lustre
POSIX	18	13957123037057497223	POSIX_SIZE_WRITE_0_100	160	/work/hdd/bdau/mbanisharifdehkordi/E2E/3d/results_decomp_fixed_proper/decomp_fixed_proper.nc4	/work	lustre
POSIX	18	13957123037057497223	POSIX_SIZE_WRITE_100_1K	1	/work/hdd/bdau/mbanisharifdehkordi/E2E/3d/results_decomp_fixed_proper/decomp_fixed_proper.nc4	/work	lustre
POSIX	18	13957123037057497223	POSIX_SIZE_WRITE_1K_10K	0	/work/hdd/bdau/mbanisharifdehkordi/E2E/3d/results_decomp_fixed_proper/decomp_fixed_proper.nc4	/work	lustre
POSIX	18	13957123037057497223	POSIX_SIZE_WRITE_10K_100K	0	/work/hdd/bdau/mbanisharifdehkordi/E2E/3d/results_decomp_fixed_proper/decomp_fixed_proper.nc4	/work	lustre
POSIX	18	13957123037057497223	POSIX_SIZE_WRITE_100K_1M	0	/work/hdd/bdau/mbanisharifdehkordi/E2E/3d/results_decomp_fixed_proper/decomp_fixed_proper.nc4	/work	lustre
POSIX	18	13957123037057497223	POSIX_SIZE_WRITE_1M_4M	0	/work/hdd/bdau/mbanisharifdehkordi/E2E/3d/results_decomp_fixed_proper/decomp_fixed_proper.nc4	/work	lustre
POSIX	18	13957123037057497223	POSIX_SIZE_WRITE_4M_10M	0	/work/hdd/bdau/mbanisharifdehkordi/E2E/3d/results_decomp_fixed_proper/decomp_fixed_proper.nc4	/work	lustre
POSIX	18	13957123037057497223	POSIX_SIZE_WRITE_10M_100M	0	/work/hdd/bdau/mbanisharifdehkordi/E2E/3d/results_decomp_fixed_proper/decomp_fixed_proper.nc4	/work	lustre
POSIX	18	13957123037057497223	POSIX_SIZE_WRITE_100M_1G	0	/work/hdd/bdau/mbanisharifdehkordi/E2E/3d/results_decomp_fixed_proper/decomp_fixed_proper.nc4	/work	lustre
POSIX	18	13957123037057497223	POSIX_SIZE_WRITE_1G_PLUS	0	/work/hdd/bdau/mbanisharifdehkordi/E2E/3d/results_decomp_fixed_proper/decomp_fixed_proper.nc4	/work	lustre
POSIX	19	13957123037057497223	POSIX_WRITES	161	/work/hdd/bdau/mbanisharifdehkordi/E2E/3d/results_decomp_fixed_proper/decomp_fixed_proper.nc4	/work	lustre
POSIX	19	13957123037057497223	POSIX_FILE_NOT_ALIGNED	161	/work/hdd/bdau/mbanisharifdehkordi/E2E/3d/results_decomp_fixed_proper/decomp_fixed_proper.nc4	/work	lustre
POSIX	19	13957123037057497223	POSIX_SIZE_WRITE_0_100	160	/work/hdd/bdau/mbanisharifdehkordi/E2E/3d/results_decomp_fixed_proper/decomp_fixed_proper.nc4	/work	lustre
POSIX	19	13957123037057497223	POSIX_SIZE_WRITE_100_1K	1	/work/hdd/bdau/mbanisharifdehkordi/E2E/3d/results_decomp_fixed_proper/decomp_fixed_proper.nc4	/work	lustre
POSIX	19	13957123037057497223	POSIX_SIZE_WRITE_1K_10K	0	/work/hdd/bdau/mbanisharifdehkordi/E2E/3d/results_decomp_fixed_proper/decomp_fixed_proper.nc4	/work	lustre
POSIX	19	13957123037057497223	POSIX_SIZE_WRITE_10K_100K	0	/work/hdd/bdau/mbanisharifdehkordi/E2E/3d/results_decomp_fixed_proper/decomp_fixed_proper.nc4	/work	lustre
POSIX	19	13957123037057497223	POSIX_SIZE_WRITE_100K_1M	0	/work/hdd/bdau/mbanisharifdehkordi/E2E/3d/results_decomp_fixed_proper/decomp_fixed_proper.nc4	/work	lustre
POSIX	19	13957123037057497223	POSIX_SIZE_WRITE_1M_4M	0	/work/hdd/bdau/mbanisharifdehkordi/E2E/3d/results_decomp_fixed_proper/decomp_fixed_proper.nc4	/work	lustre
POSIX	19	13957123037057497223	POSIX_SIZE_WRITE_4M_10M	0	/work/hdd/bdau/mbanisharifdehkordi/E2E/3d/results_decomp_fixed_proper/decomp_fixed_proper.nc4	/work	lustre
POSIX	19	13957123037057497223	POSIX_SIZE_WRITE_10M_100M	0	/work/hdd/bdau/mbanisharifdehkordi/E2E/3d/results_decomp_fixed_proper/decomp_fixed_proper.nc4	/work	lustre
POSIX	19	13957123037057497223	POSIX_SIZE_WRITE_100M_1G	0	/work/hdd/bdau/mbanisharifdehkordi/E2E/3d/results_decomp_fixed_proper/decomp_fixed_proper.nc4	/work	lustre
POSIX	19	13957123037057497223	POSIX_SIZE_WRITE_1G_PLUS	0	/work/hdd/bdau/mbanisharifdehkordi/E2E/3d/results_decomp_fixed_proper/decomp_fixed_proper.nc4	/work	lustre
POSIX	20	13957123037057497223	POSIX_WRITES	161	/work/hdd/bdau/mbanisharifdehkordi/E2E/3d/results_decomp_fixed_proper/decomp_fixed_proper.nc4	/work	lustre
POSIX	20	13957123037057497223	POSIX_FILE_NOT_ALIGNED	161	/work/hdd/bdau/mbanisharifdehkordi/E2E/3d/results_decomp_fixed_proper/decomp_fixed_proper.nc4	/work	lustre
POSIX	20	13957123037057497223	POSIX_SIZE_WRITE_0_100	160	/work/hdd/bdau/mbanisharifdehkordi/E2E/3d/results_decomp_fixed_proper/decomp_fixed_proper.nc4	/work	lustre
POSIX	20	13957123037057497223	POSIX_SIZE_WRITE_100_1K	1	/work/hdd/bdau/mbanisharifdehkordi/E2E/3d/results_decomp_fixed_proper/decomp_fixed_proper.nc4	/work	lustre
POSIX	20	13957123037057497223	POSIX_SIZE_WRITE_1K_10K	0	/work/hdd/bdau/mbanisharifdehkordi/E2E/3d/results_decomp_fixed_proper/decomp_fixed_proper.nc4	/work	lustre
POSIX	20	13957123037057497223	POSIX_SIZE_WRITE_10K_100K	0	/work/hdd/bdau/mbanisharifdehkordi/E2E/3d/results_decomp_fixed_proper/decomp_fixed_proper.nc4	/work	lustre
POSIX	20	13957123037057497223	POSIX_SIZE_WRITE_100K_1M	0	/work/hdd/bdau/mbanisharifdehkordi/E2E/3d/results_decomp_fixed_proper/decomp_fixed_proper.nc4	/work	lustre
POSIX	20	13957123037057497223	POSIX_SIZE_WRITE_1M_4M	0	/work/hdd/bdau/mbanisharifdehkordi/E2E/3d/results_decomp_fixed_proper/decomp_fixed_proper.nc4	/work	lustre
POSIX	20	13957123037057497223	POSIX_SIZE_WRITE_4M_10M	0	/work/hdd/bdau/mbanisharifdehkordi/E2E/3d/results_decomp_fixed_proper/decomp_fixed_proper.nc4	/work	lustre
POSIX	20	13957123037057497223	POSIX_SIZE_WRITE_10M_100M	0	/work/hdd/bdau/mbanisharifdehkordi/E2E/3d/results_decomp_fixed_proper/decomp_fixed_proper.nc4	/work	lustre
POSIX	20	13957123037057497223	POSIX_SIZE_WRITE_100M_1G	0	/work/hdd/bdau/mbanisharifdehkordi/E2E/3d/results_decomp_fixed_proper/decomp_fixed_proper.nc4	/work	lustre
POSIX	20	13957123037057497223	POSIX_SIZE_WRITE_1G_PLUS	0	/work/hdd/bdau/mbanisharifdehkordi/E2E/3d/results_decomp_fixed_proper/decomp_fixed_proper.nc4	/work	lustre
POSIX	21	13957123037057497223	POSIX_WRITES	161	/work/hdd/bdau/mbanisharifdehkordi/E2E/3d/results_decomp_fixed_proper/decomp_fixed_proper.nc4	/work	lustre
POSIX	21	13957123037057497223	POSIX_FILE_NOT_ALIGNED	161	/work/hdd/bdau/mbanisharifdehkordi/E2E/3d/results_decomp_fixed_proper/decomp_fixed_proper.nc4	/work	lustre
POSIX	21	13957123037057497223	POSIX_SIZE_WRITE_0_100	160	/work/hdd/bdau/mbanisharifdehkordi/E2E/3d/results_decomp_fixed_proper/decomp_fixed_proper.nc4	/work	lustre
POSIX	21	13957123037057497223	POSIX_SIZE_WRITE_100_1K	1	/work/hdd/bdau/mbanisharifdehkordi/E2E/3d/results_decomp_fixed_proper/decomp_fixed_proper.nc4	/work	lustre
POSIX	21	13957123037057497223	POSIX_SIZE_WRITE_1K_10K	0	/work/hdd/bdau/mbanisharifdehkordi/E2E/3d/results_decomp_fixed_proper/decomp_fixed_proper.nc4	/work	lustre
POSIX	21	13957123037057497223	POSIX_SIZE_WRITE_10K_100K	0	/work/hdd/bdau/mbanisharifdehkordi/E2E/3d/results_decomp_fixed_proper/decomp_fixed_proper.nc4	/work	lustre
POSIX	21	13957123037057497223	POSIX_SIZE_WRITE_100K_1M	0	/work/hdd/bdau/mbanisharifdehkordi/E2E/3d/results_decomp_fixed_proper/decomp_fixed_proper.nc4	/work	lustre
POSIX	21	13957123037057497223	POSIX_SIZE_WRITE_1M_4M	0	/work/hdd/bdau/mbanisharifdehkordi/E2E/3d/results_decomp_fixed_proper/decomp_fixed_proper.nc4	/work	lustre
POSIX	21	13957123037057497223	POSIX_SIZE_WRITE_4M_10M	0	/work/hdd/bdau/mbanisharifdehkordi/E2E/3d/results_decomp_fixed_proper/decomp_fixed_proper.nc4	/work	lustre
POSIX	21	13957123037057497223	POSIX_SIZE_WRITE_10M_100M	0	/work/hdd/bdau/mbanisharifdehkordi/E2E/3d/results_decomp_fixed_proper/decomp_fixed_proper.nc4	/work	lustre
POSIX	21	13957123037057497223	POSIX_SIZE_WRITE_100M_1G	0	/work/hdd/bdau/mbanisharifdehkordi/E2E/3d/results_decomp_fixed_proper/decomp_fixed_proper.nc4	/work	lustre
POSIX	21	13957123037057497223	POSIX_SIZE_WRITE_1G_PLUS	0	/work/hdd/bdau/mbanisharifdehkordi/E2E/3d/results_decomp_fixed_proper/decomp_fixed_proper.nc4	/work	lustre
POSIX	22	13957123037057497223	POSIX_WRITES	161	/work/hdd/bdau/mbanisharifdehkordi/E2E/3d/results_decomp_fixed_proper/decomp_fixed_proper.nc4	/work	lustre
POSIX	22	13957123037057497223	POSIX_FILE_NOT_ALIGNED	161	/work/hdd/bdau/mbanisharifdehkordi/E2E/3d/results_decomp_fixed_proper/decomp_fixed_proper.nc4	/work	lustre
POSIX	22	13957123037057497223	POSIX_SIZE_WRITE_0_100	160	/work/hdd/bdau/mbanisharifdehkordi/E2E/3d/results_decomp_fixed_proper/decomp_fixed_proper.nc4	/work	lustre
POSIX	22	13957123037057497223	POSIX_SIZE_WRITE_100_1K	1	/work/hdd/bdau/mbanisharifdehkordi/E2E/3d/results_decomp_fixed_proper/decomp_fixed_proper.nc4	/work	lustre
POSIX	22	13957123037057497223	POSIX_SIZE_WRITE_1K_10K	0	/work/hdd/bdau/mbanisharifdehkordi/E2E/3d/results_decomp_fixed_proper/decomp_fixed_proper.nc4	/work	lustre
POSIX	22	13957123037057497223	POSIX_SIZE_WRITE_10K_100K	0	/work/hdd/bdau/mbanisharifdehkordi/E2E/3d/results_decomp_fixed_proper/decomp_fixed_proper.nc4	/work	lustre
POSIX	22	13957123037057497223	POSIX_SIZE_WRITE_100K_1M	0	/work/hdd/bdau/mbanisharifdehkordi/E2E/3d/results_decomp_fixed_proper/decomp_fixed_proper.nc4	/work	lustre
POSIX	22	13957123037057497223	POSIX_SIZE_WRITE_1M_4M	0	/work/hdd/bdau/mbanisharifdehkordi/E2E/3d/results_decomp_fixed_proper/decomp_fixed_proper.nc4	/work	lustre
POSIX	22	13957123037057497223	POSIX_SIZE_WRITE_4M_10M	0	/work/hdd/bdau/mbanisharifdehkordi/E2E/3d/results_decomp_fixed_proper/decomp_fixed_proper.nc4	/work	lustre
POSIX	22	13957123037057497223	POSIX_SIZE_WRITE_10M_100M	0	/work/hdd/bdau/mbanisharifdehkordi/E2E/3d/results_decomp_fixed_proper/decomp_fixed_proper.nc4	/work	lustre
POSIX	22	13957123037057497223	POSIX_SIZE_WRITE_100M_1G	0	/work/hdd/bdau/mbanisharifdehkordi/E2E/3d/results_decomp_fixed_proper/decomp_fixed_proper.nc4	/work	lustre
POSIX	22	13957123037057497223	POSIX_SIZE_WRITE_1G_PLUS	0	/work/hdd/bdau/mbanisharifdehkordi/E2E/3d/results_decomp_fixed_proper/decomp_fixed_proper.nc4	/work	lustre
POSIX	23	13957123037057497223	POSIX_WRITES	161	/work/hdd/bdau/mbanisharifdehkordi/E2E/3d/results_decomp_fixed_proper/decomp_fixed_proper.nc4	/work	lustre
POSIX	23	13957123037057497223	POSIX_FILE_NOT_ALIGNED	161	/work/hdd/bdau/mbanisharifdehkordi/E2E/3d/results_decomp_fixed_proper/decomp_fixed_proper.nc4	/work	lustre
POSIX	23	13957123037057497223	POSIX_SIZE_WRITE_0_100	160	/work/hdd/bdau/mbanisharifdehkordi/E2E/3d/results_decomp_fixed_proper/decomp_fixed_proper.nc4	/work	lustre
POSIX	23	13957123037057497223	POSIX_SIZE_WRITE_100_1K	1	/work/hdd/bdau/mbanisharifdehkordi/E2E/3d/results_decomp_fixed_proper/decomp_fixed_proper.nc4	/work	lustre
POSIX	23	13957123037057497223	POSIX_SIZE_WRITE_1K_10K	0	/work/hdd/bdau/mbanisharifdehkordi/E2E/3d/results_decomp_fixed_proper/decomp_fixed_proper.nc4	/work	lustre
POSIX	23	13957123037057497223	POSIX_SIZE_WRITE_10K_100K	0	/work/hdd/bdau/mbanisharifdehkordi/E2E/3d/results_decomp_fixed_proper/decomp_fixed_proper.nc4	/work	lustre
POSIX	23	13957123037057497223	POSIX_SIZE_WRITE_100K_1M	0	/work/hdd/bdau/mbanisharifdehkordi/E2E/3d/results_decomp_fixed_proper/decomp_fixed_proper.nc4	/work	lustre
POSIX	23	13957123037057497223	POSIX_SIZE_WRITE_1M_4M	0	/work/hdd/bdau/mbanisharifdehkordi/E2E/3d/results_decomp_fixed_proper/decomp_fixed_proper.nc4	/work	lustre
POSIX	23	13957123037057497223	POSIX_SIZE_WRITE_4M_10M	0	/work/hdd/bdau/mbanisharifdehkordi/E2E/3d/results_decomp_fixed_proper/decomp_fixed_proper.nc4	/work	lustre
POSIX	23	13957123037057497223	POSIX_SIZE_WRITE_10M_100M	0	/work/hdd/bdau/mbanisharifdehkordi/E2E/3d/results_decomp_fixed_proper/decomp_fixed_proper.nc4	/work	lustre
POSIX	23	13957123037057497223	POSIX_SIZE_WRITE_100M_1G	0	/work/hdd/bdau/mbanisharifdehkordi/E2E/3d/results_decomp_fixed_proper/decomp_fixed_proper.nc4	/work	lustre
POSIX	23	13957123037057497223	POSIX_SIZE_WRITE_1G_PLUS	0	/work/hdd/bdau/mbanisharifdehkordi/E2E/3d/results_decomp_fixed_proper/decomp_fixed_proper.nc4	/work	lustre
POSIX	24	13957123037057497223	POSIX_WRITES	161	/work/hdd/bdau/mbanisharifdehkordi/E2E/3d/results_decomp_fixed_proper/decomp_fixed_proper.nc4	/work	lustre
POSIX	24	13957123037057497223	POSIX_FILE_NOT_ALIGNED	161	/work/hdd/bdau/mbanisharifdehkordi/E2E/3d/results_decomp_fixed_proper/decomp_fixed_proper.nc4	/work	lustre
POSIX	24	13957123037057497223	POSIX_SIZE_WRITE_0_100	160	/work/hdd/bdau/mbanisharifdehkordi/E2E/3d/results_decomp_fixed_proper/decomp_fixed_proper.nc4	/work	lustre
POSIX	24	13957123037057497223	POSIX_SIZE_WRITE_100_1K	0	/work/hdd/bdau/mbanisharifdehkordi/E2E/3d/results_decomp_fixed_proper/decomp_fixed_proper.nc4	/work	lustre
POSIX	24	13957123037057497223	POSIX_SIZE_WRITE_1K_10K	1	/work/hdd/bdau/mbanisharifdehkordi/E2E/3d/results_decomp_fixed_proper/decomp_fixed_proper.nc4	/work	lustre
POSIX	24	13957123037057497223	POSIX_SIZE_WRITE_10K_100K	0	/work/hdd/bdau/mbanisharifdehkordi/E2E/3d/results_decomp_fixed_proper/decomp_fixed_proper.nc4	/work	lustre
POSIX	24	13957123037057497223	POSIX_SIZE_WRITE_100K_1M	0	/work/hdd/bdau/mbanisharifdehkordi/E2E/3d/results_decomp_fixed_proper/decomp_fixed_proper.nc4	/work	lustre
POSIX	24	13957123037057497223	POSIX_SIZE_WRITE_1M_4M	0	/work/hdd/bdau/mbanisharifdehkordi/E2E/3d/results_decomp_fixed_proper/decomp_fixed_proper.nc4	/work	lustre
POSIX	24	13957123037057497223	POSIX_SIZE_WRITE_4M_10M	0	/work/hdd/bdau/mbanisharifdehkordi/E2E/3d/results_decomp_fixed_proper/decomp_fixed_proper.nc4	/work	lustre
POSIX	24	13957123037057497223	POSIX_SIZE_WRITE_10M_100M	0	/work/hdd/bdau/mbanisharifdehkordi/E2E/3d/results_decomp_fixed_proper/decomp_fixed_proper.nc4	/work	lustre
POSIX	24	13957123037057497223	POSIX_SIZE_WRITE_100M_1G	0	/work/hdd/bdau/mbanisharifdehkordi/E2E/3d/results_decomp_fixed_proper/decomp_fixed_proper.nc4	/work	lustre
POSIX	24	13957123037057497223	POSIX_SIZE_WRITE_1G_PLUS	0	/work/hdd/bdau/mbanisharifdehkordi/E2E/3d/results_decomp_fixed_proper/decomp_fixed_proper.nc4	/work	lustre
POSIX	25	13957123037057497223	POSIX_WRITES	161	/work/hdd/bdau/mbanisharifdehkordi/E2E/3d/results_decomp_fixed_proper/decomp_fixed_proper.nc4	/work	lustre
POSIX	25	13957123037057497223	POSIX_FILE_NOT_ALIGNED	161	/work/hdd/bdau/mbanisharifdehkordi/E2E/3d/results_decomp_fixed_proper/decomp_fixed_proper.nc4	/work	lustre
POSIX	25	13957123037057497223	POSIX_SIZE_WRITE_0_100	160	/work/hdd/bdau/mbanisharifdehkordi/E2E/3d/results_decomp_fixed_proper/decomp_fixed_proper.nc4	/work	lustre
POSIX	25	13957123037057497223	POSIX_SIZE_WRITE_100_1K	1	/work/hdd/bdau/mbanisharifdehkordi/E2E/3d/results_decomp_fixed_proper/decomp_fixed_proper.nc4	/work	lustre
POSIX	25	13957123037057497223	POSIX_SIZE_WRITE_1K_10K	0	/work/hdd/bdau/mbanisharifdehkordi/E2E/3d/results_decomp_fixed_proper/decomp_fixed_proper.nc4	/work	lustre
POSIX	25	13957123037057497223	POSIX_SIZE_WRITE_10K_100K	0	/work/hdd/bdau/mbanisharifdehkordi/E2E/3d/results_decomp_fixed_proper/decomp_fixed_proper.nc4	/work	lustre
POSIX	25	13957123037057497223	POSIX_SIZE_WRITE_100K_1M	0	/work/hdd/bdau/mbanisharifdehkordi/E2E/3d/results_decomp_fixed_proper/decomp_fixed_proper.nc4	/work	lustre
POSIX	25	13957123037057497223	POSIX_SIZE_WRITE_1M_4M	0	/work/hdd/bdau/mbanisharifdehkordi/E2E/3d/results_decomp_fixed_proper/decomp_fixed_proper.nc4	/work	lustre
POSIX	25	13957123037057497223	POSIX_SIZE_WRITE_4M_10M	0	/work/hdd/bdau/mbanisharifdehkordi/E2E/3d/results_decomp_fixed_proper/decomp_fixed_proper.nc4	/work	lustre
POSIX	25	13957123037057497223	POSIX_SIZE_WRITE_10M_100M	0	/work/hdd/bdau/mbanisharifdehkordi/E2E/3d/results_decomp_fixed_proper/decomp_fixed_proper.nc4	/work	lustre
POSIX	25	13957123037057497223	POSIX_SIZE_WRITE_100M_1G	0	/work/hdd/bdau/mbanisharifdehkordi/E2E/3d/results_decomp_fixed_proper/decomp_fixed_proper.nc4	/work	lustre
POSIX	25	13957123037057497223	POSIX_SIZE_WRITE_1G_PLUS	0	/work/hdd/bdau/mbanisharifdehkordi/E2E/3d/results_decomp_fixed_proper/decomp_fixed_proper.nc4	/work	lustre
POSIX	26	13957123037057497223	POSIX_WRITES	161	/work/hdd/bdau/mbanisharifdehkordi/E2E/3d/results_decomp_fixed_proper/decomp_fixed_proper.nc4	/work	lustre
POSIX	26	13957123037057497223	POSIX_FILE_NOT_ALIGNED	161	/work/hdd/bdau/mbanisharifdehkordi/E2E/3d/results_decomp_fixed_proper/decomp_fixed_proper.nc4	/work	lustre
POSIX	26	13957123037057497223	POSIX_SIZE_WRITE_0_100	160	/work/hdd/bdau/mbanisharifdehkordi/E2E/3d/results_decomp_fixed_proper/decomp_fixed_proper.nc4	/work	lustre
POSIX	26	13957123037057497223	POSIX_SIZE_WRITE_100_1K	1	/work/hdd/bdau/mbanisharifdehkordi/E2E/3d/results_decomp_fixed_proper/decomp_fixed_proper.nc4	/work	lustre
POSIX	26	13957123037057497223	POSIX_SIZE_WRITE_1K_10K	0	/work/hdd/bdau/mbanisharifdehkordi/E2E/3d/results_decomp_fixed_proper/decomp_fixed_proper.nc4	/work	lustre
POSIX	26	13957123037057497223	POSIX_SIZE_WRITE_10K_100K	0	/work/hdd/bdau/mbanisharifdehkordi/E2E/3d/results_decomp_fixed_proper/decomp_fixed_proper.nc4	/work	lustre
POSIX	26	13957123037057497223	POSIX_SIZE_WRITE_100K_1M	0	/work/hdd/bdau/mbanisharifdehkordi/E2E/3d/results_decomp_fixed_proper/decomp_fixed_proper.nc4	/work	lustre
POSIX	26	13957123037057497223	POSIX_SIZE_WRITE_1M_4M	0	/work/hdd/bdau/mbanisharifdehkordi/E2E/3d/results_decomp_fixed_proper/decomp_fixed_proper.nc4	/work	lustre
POSIX	26	13957123037057497223	POSIX_SIZE_WRITE_4M_10M	0	/work/hdd/bdau/mbanisharifdehkordi/E2E/3d/results_decomp_fixed_proper/decomp_fixed_proper.nc4	/work	lustre
POSIX	26	13957123037057497223	POSIX_SIZE_WRITE_10M_100M	0	/work/hdd/bdau/mbanisharifdehkordi/E2E/3d/results_decomp_fixed_proper/decomp_fixed_proper.nc4	/work	lustre
POSIX	26	13957123037057497223	POSIX_SIZE_WRITE_100M_1G	0	/work/hdd/bdau/mbanisharifdehkordi/E2E/3d/results_decomp_fixed_proper/decomp_fixed_proper.nc4	/work	lustre
POSIX	26	13957123037057497223	POSIX_SIZE_WRITE_1G_PLUS	0	/work/hdd/bdau/mbanisharifdehkordi/E2E/3d/results_decomp_fixed_proper/decomp_fixed_proper.nc4	/work	lustre
POSIX	27	13957123037057497223	POSIX_WRITES	161	/work/hdd/bdau/mbanisharifdehkordi/E2E/3d/results_decomp_fixed_proper/decomp_fixed_proper.nc4	/work	lustre
POSIX	27	13957123037057497223	POSIX_FILE_NOT_ALIGNED	161	/work/hdd/bdau/mbanisharifdehkordi/E2E/3d/results_decomp_fixed_proper/decomp_fixed_proper.nc4	/work	lustre
POSIX	27	13957123037057497223	POSIX_SIZE_WRITE_0_100	160	/work/hdd/bdau/mbanisharifdehkordi/E2E/3d/results_decomp_fixed_proper/decomp_fixed_proper.nc4	/work	lustre
POSIX	27	13957123037057497223	POSIX_SIZE_WRITE_100_1K	1	/work/hdd/bdau/mbanisharifdehkordi/E2E/3d/results_decomp_fixed_proper/decomp_fixed_proper.nc4	/work	lustre
POSIX	27	13957123037057497223	POSIX_SIZE_WRITE_1K_10K	0	/work/hdd/bdau/mbanisharifdehkordi/E2E/3d/results_decomp_fixed_proper/decomp_fixed_proper.nc4	/work	lustre
POSIX	27	13957123037057497223	POSIX_SIZE_WRITE_10K_100K	0	/work/hdd/bdau/mbanisharifdehkordi/E2E/3d/results_decomp_fixed_proper/decomp_fixed_proper.nc4	/work	lustre
POSIX	27	13957123037057497223	POSIX_SIZE_WRITE_100K_1M	0	/work/hdd/bdau/mbanisharifdehkordi/E2E/3d/results_decomp_fixed_proper/decomp_fixed_proper.nc4	/work	lustre
POSIX	27	13957123037057497223	POSIX_SIZE_WRITE_1M_4M	0	/work/hdd/bdau/mbanisharifdehkordi/E2E/3d/results_decomp_fixed_proper/decomp_fixed_proper.nc4	/work	lustre
POSIX	27	13957123037057497223	POSIX_SIZE_WRITE_4M_10M	0	/work/hdd/bdau/mbanisharifdehkordi/E2E/3d/results_decomp_fixed_proper/decomp_fixed_proper.nc4	/work	lustre
POSIX	27	13957123037057497223	POSIX_SIZE_WRITE_10M_100M	0	/work/hdd/bdau/mbanisharifdehkordi/E2E/3d/results_decomp_fixed_proper/decomp_fixed_proper.nc4	/work	lustre
POSIX	27	13957123037057497223	POSIX_SIZE_WRITE_100M_1G	0	/work/hdd/bdau/mbanisharifdehkordi/E2E/3d/results_decomp_fixed_proper/decomp_fixed_proper.nc4	/work	lustre
POSIX	27	13957123037057497223	POSIX_SIZE_WRITE_1G_PLUS	0	/work/hdd/bdau/mbanisharifdehkordi/E2E/3d/results_decomp_fixed_proper/decomp_fixed_proper.nc4	/work	lustre
POSIX	28	13957123037057497223	POSIX_WRITES	161	/work/hdd/bdau/mbanisharifdehkordi/E2E/3d/results_decomp_fixed_proper/decomp_fixed_proper.nc4	/work	lustre
POSIX	28	13957123037057497223	POSIX_FILE_NOT_ALIGNED	161	/work/hdd/bdau/mbanisharifdehkordi/E2E/3d/results_decomp_fixed_proper/decomp_fixed_proper.nc4	/work	lustre
POSIX	28	13957123037057497223	POSIX_SIZE_WRITE_0_100	160	/work/hdd/bdau/mbanisharifdehkordi/E2E/3d/results_decomp_fixed_proper/decomp_fixed_proper.nc4	/work	lustre
POSIX	28	13957123037057497223	POSIX_SIZE_WRITE_100_1K	1	/work/hdd/bdau/mbanisharifdehkordi/E2E/3d/results_decomp_fixed_proper/decomp_fixed_proper.nc4	/work	lustre
POSIX	28	13957123037057497223	POSIX_SIZE_WRITE_1K_10K	0	/work/hdd/bdau/mbanisharifdehkordi/E2E/3d/results_decomp_fixed_proper/decomp_fixed_proper.nc4	/work	lustre
POSIX	28	13957123037057497223	POSIX_SIZE_WRITE_10K_100K	0	/work/hdd/bdau/mbanisharifdehkordi/E2E/3d/results_decomp_fixed_proper/decomp_fixed_proper.nc4	/work	lustre
POSIX	28	13957123037057497223	POSIX_SIZE_WRITE_100K_1M	0	/work/hdd/bdau/mbanisharifdehkordi/E2E/3d/results_decomp_fixed_proper/decomp_fixed_proper.nc4	/work	lustre
POSIX	28	13957123037057497223	POSIX_SIZE_WRITE_1M_4M	0	/work/hdd/bdau/mbanisharifdehkordi/E2E/3d/results_decomp_fixed_proper/decomp_fixed_proper.nc4	/work	lustre
POSIX	28	13957123037057497223	POSIX_SIZE_WRITE_4M_10M	0	/work/hdd/bdau/mbanisharifdehkordi/E2E/3d/results_decomp_fixed_proper/decomp_fixed_proper.nc4	/work	lustre
POSIX	28	13957123037057497223	POSIX_SIZE_WRITE_10M_100M	0	/work/hdd/bdau/mbanisharifdehkordi/E2E/3d/results_decomp_fixed_proper/decomp_fixed_proper.nc4	/work	lustre
POSIX	28	13957123037057497223	POSIX_SIZE_WRITE_100M_1G	0	/work/hdd/bdau/mbanisharifdehkordi/E2E/3d/results_decomp_fixed_proper/decomp_fixed_proper.nc4	/work	lustre
POSIX	28	13957123037057497223	POSIX_SIZE_WRITE_1G_PLUS	0	/work/hdd/bdau/mbanisharifdehkordi/E2E/3d/results_decomp_fixed_proper/decomp_fixed_proper.nc4	/work	lustre
POSIX	29	13957123037057497223	POSIX_WRITES	161	/work/hdd/bdau/mbanisharifdehkordi/E2E/3d/results_decomp_fixed_proper/decomp_fixed_proper.nc4	/work	lustre
POSIX	29	13957123037057497223	POSIX_FILE_NOT_ALIGNED	161	/work/hdd/bdau/mbanisharifdehkordi/E2E/3d/results_decomp_fixed_proper/decomp_fixed_proper.nc4	/work	lustre
POSIX	29	13957123037057497223	POSIX_SIZE_WRITE_0_100	160	/work/hdd/bdau/mbanisharifdehkordi/E2E/3d/results_decomp_fixed_proper/decomp_fixed_proper.nc4	/work	lustre
POSIX	29	13957123037057497223	POSIX_SIZE_WRITE_100_1K	1	/work/hdd/bdau/mbanisharifdehkordi/E2E/3d/results_decomp_fixed_proper/decomp_fixed_proper.nc4	/work	lustre
POSIX	29	13957123037057497223	POSIX_SIZE_WRITE_1K_10K	0	/work/hdd/bdau/mbanisharifdehkordi/E2E/3d/results_decomp_fixed_proper/decomp_fixed_proper.nc4	/work	lustre
POSIX	29	13957123037057497223	POSIX_SIZE_WRITE_10K_100K	0	/work/hdd/bdau/mbanisharifdehkordi/E2E/3d/results_decomp_fixed_proper/decomp_fixed_proper.nc4	/work	lustre
POSIX	29	13957123037057497223	POSIX_SIZE_WRITE_100K_1M	0	/work/hdd/bdau/mbanisharifdehkordi/E2E/3d/results_decomp_fixed_proper/decomp_fixed_proper.nc4	/work	lustre
POSIX	29	13957123037057497223	POSIX_SIZE_WRITE_1M_4M	0	/work/hdd/bdau/mbanisharifdehkordi/E2E/3d/results_decomp_fixed_proper/decomp_fixed_proper.nc4	/work	lustre
POSIX	29	13957123037057497223	POSIX_SIZE_WRITE_4M_10M	0	/work/hdd/bdau/mbanisharifdehkordi/E2E/3d/results_decomp_fixed_proper/decomp_fixed_proper.nc4	/work	lustre
POSIX	29	13957123037057497223	POSIX_SIZE_WRITE_10M_100M	0	/work/hdd/bdau/mbanisharifdehkordi/E2E/3d/results_decomp_fixed_proper/decomp_fixed_proper.nc4	/work	lustre
POSIX	29	13957123037057497223	POSIX_SIZE_WRITE_100M_1G	0	/work/hdd/bdau/mbanisharifdehkordi/E2E/3d/results_decomp_fixed_proper/decomp_fixed_proper.nc4	/work	lustre
POSIX	29	13957123037057497223	POSIX_SIZE_WRITE_1G_PLUS	0	/work/hdd/bdau/mbanisharifdehkordi/E2E/3d/results_decomp_fixed_proper/decomp_fixed_proper.nc4	/work	lustre
POSIX	30	13957123037057497223	POSIX_WRITES	161	/work/hdd/bdau/mbanisharifdehkordi/E2E/3d/results_decomp_fixed_proper/decomp_fixed_proper.nc4	/work	lustre
POSIX	30	13957123037057497223	POSIX_FILE_NOT_ALIGNED	161	/work/hdd/bdau/mbanisharifdehkordi/E2E/3d/results_decomp_fixed_proper/decomp_fixed_proper.nc4	/work	lustre
POSIX	30	13957123037057497223	POSIX_SIZE_WRITE_0_100	160	/work/hdd/bdau/mbanisharifdehkordi/E2E/3d/results_decomp_fixed_proper/decomp_fixed_proper.nc4	/work	lustre
POSIX	30	13957123037057497223	POSIX_SIZE_WRITE_100_1K	1	/work/hdd/bdau/mbanisharifdehkordi/E2E/3d/results_decomp_fixed_proper/decomp_fixed_proper.nc4	/work	lustre
POSIX	30	13957123037057497223	POSIX_SIZE_WRITE_1K_10K	0	/work/hdd/bdau/mbanisharifdehkordi/E2E/3d/results_decomp_fixed_proper/decomp_fixed_proper.nc4	/work	lustre
POSIX	30	13957123037057497223	POSIX_SIZE_WRITE_10K_100K	0	/work/hdd/bdau/mbanisharifdehkordi/E2E/3d/results_decomp_fixed_proper/decomp_fixed_proper.nc4	/work	lustre
POSIX	30	13957123037057497223	POSIX_SIZE_WRITE_100K_1M	0	/work/hdd/bdau/mbanisharifdehkordi/E2E/3d/results_decomp_fixed_proper/decomp_fixed_proper.nc4	/work	lustre
POSIX	30	13957123037057497223	POSIX_SIZE_WRITE_1M_4M	0	/work/hdd/bdau/mbanisharifdehkordi/E2E/3d/results_decomp_fixed_proper/decomp_fixed_proper.nc4	/work	lustre
POSIX	30	13957123037057497223	POSIX_SIZE_WRITE_4M_10M	0	/work/hdd/bdau/mbanisharifdehkordi/E2E/3d/results_decomp_fixed_proper/decomp_fixed_proper.nc4	/work	lustre
POSIX	30	13957123037057497223	POSIX_SIZE_WRITE_10M_100M	0	/work/hdd/bdau/mbanisharifdehkordi/E2E/3d/results_decomp_fixed_proper/decomp_fixed_proper.nc4	/work	lustre
POSIX	30	13957123037057497223	POSIX_SIZE_WRITE_100M_1G	0	/work/hdd/bdau/mbanisharifdehkordi/E2E/3d/results_decomp_fixed_proper/decomp_fixed_proper.nc4	/work	lustre
POSIX	30	13957123037057497223	POSIX_SIZE_WRITE_1G_PLUS	0	/work/hdd/bdau/mbanisharifdehkordi/E2E/3d/results_decomp_fixed_proper/decomp_fixed_proper.nc4	/work	lustre
POSIX	31	13957123037057497223	POSIX_WRITES	161	/work/hdd/bdau/mbanisharifdehkordi/E2E/3d/results_decomp_fixed_proper/decomp_fixed_proper.nc4	/work	lustre
POSIX	31	13957123037057497223	POSIX_FILE_NOT_ALIGNED	161	/work/hdd/bdau/mbanisharifdehkordi/E2E/3d/results_decomp_fixed_proper/decomp_fixed_proper.nc4	/work	lustre
POSIX	31	13957123037057497223	POSIX_SIZE_WRITE_0_100	160	/work/hdd/bdau/mbanisharifdehkordi/E2E/3d/results_decomp_fixed_proper/decomp_fixed_proper.nc4	/work	lustre
POSIX	31	13957123037057497223	POSIX_SIZE_WRITE_100_1K	1	/work/hdd/bdau/mbanisharifdehkordi/E2E/3d/results_decomp_fixed_proper/decomp_fixed_proper.nc4	/work	lustre
POSIX	31	13957123037057497223	POSIX_SIZE_WRITE_1K_10K	0	/work/hdd/bdau/mbanisharifdehkordi/E2E/3d/results_decomp_fixed_proper/decomp_fixed_proper.nc4	/work	lustre
POSIX	31	13957123037057497223	POSIX_SIZE_WRITE_10K_100K	0	/work/hdd/bdau/mbanisharifdehkordi/E2E/3d/results_decomp_fixed_proper/decomp_fixed_proper.nc4	/work	lustre
POSIX	31	13957123037057497223	POSIX_SIZE_WRITE_100K_1M	0	/work/hdd/bdau/mbanisharifdehkordi/E2E/3d/results_decomp_fixed_proper/decomp_fixed_proper.nc4	/work	lustre
POSIX	31	13957123037057497223	POSIX_SIZE_WRITE_1M_4M	0	/work/hdd/bdau/mbanisharifdehkordi/E2E/3d/results_decomp_fixed_proper/decomp_fixed_proper.nc4	/work	lustre
POSIX	31	13957123037057497223	POSIX_SIZE_WRITE_4M_10M	0	/work/hdd/bdau/mbanisharifdehkordi/E2E/3d/results_decomp_fixed_proper/decomp_fixed_proper.nc4	/work	lustre
POSIX	31	13957123037057497223	POSIX_SIZE_WRITE_10M_100M	0	/work/hdd/bdau/mbanisharifdehkordi/E2E/3d/results_decomp_fixed_proper/decomp_fixed_proper.nc4	/work	lustre
POSIX	31	13957123037057497223	POSIX_SIZE_WRITE_100M_1G	0	/work/hdd/bdau/mbanisharifdehkordi/E2E/3d/results_decomp_fixed_proper/decomp_fixed_proper.nc4	/work	lustre
POSIX	31	13957123037057497223	POSIX_SIZE_WRITE_1G_PLUS	0	/work/hdd/bdau/mbanisharifdehkordi/E2E/3d/results_decomp_fixed_proper/decomp_fixed_proper.nc4	/work	lustre
POSIX	32	13957123037057497223	POSIX_WRITES	161	/work/hdd/bdau/mbanisharifdehkordi/E2E/3d/results_decomp_fixed_proper/decomp_fixed_proper.nc4	/work	lustre
POSIX	32	13957123037057497223	POSIX_FILE_NOT_ALIGNED	161	/work/hdd/bdau/mbanisharifdehkordi/E2E/3d/results_decomp_fixed_proper/decomp_fixed_proper.nc4	/work	lustre
POSIX	32	13957123037057497223	POSIX_SIZE_WRITE_0_100	160	/work/hdd/bdau/mbanisharifdehkordi/E2E/3d/results_decomp_fixed_proper/decomp_fixed_proper.nc4	/work	lustre
POSIX	32	13957123037057497223	POSIX_SIZE_WRITE_100_1K	1	/work/hdd/bdau/mbanisharifdehkordi/E2E/3d/results_decomp_fixed_proper/decomp_fixed_proper.nc4	/work	lustre
POSIX	32	13957123037057497223	POSIX_SIZE_WRITE_1K_10K	0	/work/hdd/bdau/mbanisharifdehkordi/E2E/3d/results_decomp_fixed_proper/decomp_fixed_proper.nc4	/work	lustre
POSIX	32	13957123037057497223	POSIX_SIZE_WRITE_10K_100K	0	/work/hdd/bdau/mbanisharifdehkordi/E2E/3d/results_decomp_fixed_proper/decomp_fixed_proper.nc4	/work	lustre
POSIX	32	13957123037057497223	POSIX_SIZE_WRITE_100K_1M	0	/work/hdd/bdau/mbanisharifdehkordi/E2E/3d/results_decomp_fixed_proper/decomp_fixed_proper.nc4	/work	lustre
POSIX	32	13957123037057497223	POSIX_SIZE_WRITE_1M_4M	0	/work/hdd/bdau/mbanisharifdehkordi/E2E/3d/results_decomp_fixed_proper/decomp_fixed_proper.nc4	/work	lustre
POSIX	32	13957123037057497223	POSIX_SIZE_WRITE_4M_10M	0	/work/hdd/bdau/mbanisharifdehkordi/E2E/3d/results_decomp_fixed_proper/decomp_fixed_proper.nc4	/work	lustre
POSIX	32	13957123037057497223	POSIX_SIZE_WRITE_10M_100M	0	/work/hdd/bdau/mbanisharifdehkordi/E2E/3d/results_decomp_fixed_proper/decomp_fixed_proper.nc4	/work	lustre
POSIX	32	13957123037057497223	POSIX_SIZE_WRITE_100M_1G	0	/work/hdd/bdau/mbanisharifdehkordi/E2E/3d/results_decomp_fixed_proper/decomp_fixed_proper.nc4	/work	lustre
POSIX	32	13957123037057497223	POSIX_SIZE_WRITE_1G_PLUS	0	/work/hdd/bdau/mbanisharifdehkordi/E2E/3d/results_decomp_fixed_proper/decomp_fixed_proper.nc4	/work	lustre
POSIX	33	13957123037057497223	POSIX_WRITES	161	/work/hdd/bdau/mbanisharifdehkordi/E2E/3d/results_decomp_fixed_proper/decomp_fixed_proper.nc4	/work	lustre
POSIX	33	13957123037057497223	POSIX_FILE_NOT_ALIGNED	161	/work/hdd/bdau/mbanisharifdehkordi/E2E/3d/results_decomp_fixed_proper/decomp_fixed_proper.nc4	/work	lustre
POSIX	33	13957123037057497223	POSIX_SIZE_WRITE_0_100	160	/work/hdd/bdau/mbanisharifdehkordi/E2E/3d/results_decomp_fixed_proper/decomp_fixed_proper.nc4	/work	lustre
POSIX	33	13957123037057497223	POSIX_SIZE_WRITE_100_1K	1	/work/hdd/bdau/mbanisharifdehkordi/E2E/3d/results_decomp_fixed_proper/decomp_fixed_proper.nc4	/work	lustre
POSIX	33	13957123037057497223	POSIX_SIZE_WRITE_1K_10K	0	/work/hdd/bdau/mbanisharifdehkordi/E2E/3d/results_decomp_fixed_proper/decomp_fixed_proper.nc4	/work	lustre
POSIX	33	13957123037057497223	POSIX_SIZE_WRITE_10K_100K	0	/work/hdd/bdau/mbanisharifdehkordi/E2E/3d/results_decomp_fixed_proper/decomp_fixed_proper.nc4	/work	lustre
POSIX	33	13957123037057497223	POSIX_SIZE_WRITE_100K_1M	0	/work/hdd/bdau/mbanisharifdehkordi/E2E/3d/results_decomp_fixed_proper/decomp_fixed_proper.nc4	/work	lustre
POSIX	33	13957123037057497223	POSIX_SIZE_WRITE_1M_4M	0	/work/hdd/bdau/mbanisharifdehkordi/E2E/3d/results_decomp_fixed_proper/decomp_fixed_proper.nc4	/work	lustre
POSIX	33	13957123037057497223	POSIX_SIZE_WRITE_4M_10M	0	/work/hdd/bdau/mbanisharifdehkordi/E2E/3d/results_decomp_fixed_proper/decomp_fixed_proper.nc4	/work	lustre
POSIX	33	13957123037057497223	POSIX_SIZE_WRITE_10M_100M	0	/work/hdd/bdau/mbanisharifdehkordi/E2E/3d/results_decomp_fixed_proper/decomp_fixed_proper.nc4	/work	lustre
POSIX	33	13957123037057497223	POSIX_SIZE_WRITE_100M_1G	0	/work/hdd/bdau/mbanisharifdehkordi/E2E/3d/results_decomp_fixed_proper/decomp_fixed_proper.nc4	/work	lustre
POSIX	33	13957123037057497223	POSIX_SIZE_WRITE_1G_PLUS	0	/work/hdd/bdau/mbanisharifdehkordi/E2E/3d/results_decomp_fixed_proper/decomp_fixed_proper.nc4	/work	lustre
POSIX	34	13957123037057497223	POSIX_WRITES	161	/work/hdd/bdau/mbanisharifdehkordi/E2E/3d/results_decomp_fixed_proper/decomp_fixed_proper.nc4	/work	lustre
POSIX	34	13957123037057497223	POSIX_FILE_NOT_ALIGNED	161	/work/hdd/bdau/mbanisharifdehkordi/E2E/3d/results_decomp_fixed_proper/decomp_fixed_proper.nc4	/work	lustre
POSIX	34	13957123037057497223	POSIX_SIZE_WRITE_0_100	160	/work/hdd/bdau/mbanisharifdehkordi/E2E/3d/results_decomp_fixed_proper/decomp_fixed_proper.nc4	/work	lustre
POSIX	34	13957123037057497223	POSIX_SIZE_WRITE_100_1K	1	/work/hdd/bdau/mbanisharifdehkordi/E2E/3d/results_decomp_fixed_proper/decomp_fixed_proper.nc4	/work	lustre
POSIX	34	13957123037057497223	POSIX_SIZE_WRITE_1K_10K	0	/work/hdd/bdau/mbanisharifdehkordi/E2E/3d/results_decomp_fixed_proper/decomp_fixed_proper.nc4	/work	lustre
POSIX	34	13957123037057497223	POSIX_SIZE_WRITE_10K_100K	0	/work/hdd/bdau/mbanisharifdehkordi/E2E/3d/results_decomp_fixed_proper/decomp_fixed_proper.nc4	/work	lustre
POSIX	34	13957123037057497223	POSIX_SIZE_WRITE_100K_1M	0	/work/hdd/bdau/mbanisharifdehkordi/E2E/3d/results_decomp_fixed_proper/decomp_fixed_proper.nc4	/work	lustre
POSIX	34	13957123037057497223	POSIX_SIZE_WRITE_1M_4M	0	/work/hdd/bdau/mbanisharifdehkordi/E2E/3d/results_decomp_fixed_proper/decomp_fixed_proper.nc4	/work	lustre
POSIX	34	13957123037057497223	POSIX_SIZE_WRITE_4M_10M	0	/work/hdd/bdau/mbanisharifdehkordi/E2E/3d/results_decomp_fixed_proper/decomp_fixed_proper.nc4	/work	lustre
POSIX	34	13957123037057497223	POSIX_SIZE_WRITE_10M_100M	0	/work/hdd/bdau/mbanisharifdehkordi/E2E/3d/results_decomp_fixed_proper/decomp_fixed_proper.nc4	/work	lustre
POSIX	34	13957123037057497223	POSIX_SIZE_WRITE_100M_1G	0	/work/hdd/bdau/mbanisharifdehkordi/E2E/3d/results_decomp_fixed_proper/decomp_fixed_proper.nc4	/work	lustre
POSIX	34	13957123037057497223	POSIX_SIZE_WRITE_1G_PLUS	0	/work/hdd/bdau/mbanisharifdehkordi/E2E/3d/results_decomp_fixed_proper/decomp_fixed_proper.nc4	/work	lustre
POSIX	35	13957123037057497223	POSIX_WRITES	161	/work/hdd/bdau/mbanisharifdehkordi/E2E/3d/results_decomp_fixed_proper/decomp_fixed_proper.nc4	/work	lustre
POSIX	35	13957123037057497223	POSIX_FILE_NOT_ALIGNED	161	/work/hdd/bdau/mbanisharifdehkordi/E2E/3d/results_decomp_fixed_proper/decomp_fixed_proper.nc4	/work	lustre
POSIX	35	13957123037057497223	POSIX_SIZE_WRITE_0_100	160	/work/hdd/bdau/mbanisharifdehkordi/E2E/3d/results_decomp_fixed_proper/decomp_fixed_proper.nc4	/work	lustre
POSIX	35	13957123037057497223	POSIX_SIZE_WRITE_100_1K	1	/work/hdd/bdau/mbanisharifdehkordi/E2E/3d/results_decomp_fixed_proper/decomp_fixed_proper.nc4	/work	lustre
POSIX	35	13957123037057497223	POSIX_SIZE_WRITE_1K_10K	0	/work/hdd/bdau/mbanisharifdehkordi/E2E/3d/results_decomp_fixed_proper/decomp_fixed_proper.nc4	/work	lustre
POSIX	35	13957123037057497223	POSIX_SIZE_WRITE_10K_100K	0	/work/hdd/bdau/mbanisharifdehkordi/E2E/3d/results_decomp_fixed_proper/decomp_fixed_proper.nc4	/work	lustre
POSIX	35	13957123037057497223	POSIX_SIZE_WRITE_100K_1M	0	/work/hdd/bdau/mbanisharifdehkordi/E2E/3d/results_decomp_fixed_proper/decomp_fixed_proper.nc4	/work	lustre
POSIX	35	13957123037057497223	POSIX_SIZE_WRITE_1M_4M	0	/work/hdd/bdau/mbanisharifdehkordi/E2E/3d/results_decomp_fixed_proper/decomp_fixed_proper.nc4	/work	lustre
POSIX	35	13957123037057497223	POSIX_SIZE_WRITE_4M_10M	0	/work/hdd/bdau/mbanisharifdehkordi/E2E/3d/results_decomp_fixed_proper/decomp_fixed_proper.nc4	/work	lustre
POSIX	35	13957123037057497223	POSIX_SIZE_WRITE_10M_100M	0	/work/hdd/bdau/mbanisharifdehkordi/E2E/3d/results_decomp_fixed_proper/decomp_fixed_proper.nc4	/work	lustre
POSIX	35	13957123037057497223	POSIX_SIZE_WRITE_100M_1G	0	/work/hdd/bdau/mbanisharifdehkordi/E2E/3d/results_decomp_fixed_proper/decomp_fixed_proper.nc4	/work	lustre
POSIX	35	13957123037057497223	POSIX_SIZE_WRITE_1G_PLUS	0	/work/hdd/bdau/mbanisharifdehkordi/E2E/3d/results_decomp_fixed_proper/decomp_fixed_proper.nc4	/work	lustre
POSIX	36	13957123037057497223	POSIX_WRITES	160	/work/hdd/bdau/mbanisharifdehkordi/E2E/3d/results_decomp_fixed_proper/decomp_fixed_proper.nc4	/work	lustre
POSIX	36	13957123037057497223	POSIX_FILE_NOT_ALIGNED	160	/work/hdd/bdau/mbanisharifdehkordi/E2E/3d/results_decomp_fixed_proper/decomp_fixed_proper.nc4	/work	lustre
POSIX	36	13957123037057497223	POSIX_SIZE_WRITE_0_100	160	/work/hdd/bdau/mbanisharifdehkordi/E2E/3d/results_decomp_fixed_proper/decomp_fixed_proper.nc4	/work	lustre
POSIX	36	13957123037057497223	POSIX_SIZE_WRITE_100_1K	0	/work/hdd/bdau/mbanisharifdehkordi/E2E/3d/results_decomp_fixed_proper/decomp_fixed_proper.nc4	/work	lustre
POSIX	36	13957123037057497223	POSIX_SIZE_WRITE_1K_10K	0	/work/hdd/bdau/mbanisharifdehkordi/E2E/3d/results_decomp_fixed_proper/decomp_fixed_proper.nc4	/work	lustre
POSIX	36	13957123037057497223	POSIX_SIZE_WRITE_10K_100K	0	/work/hdd/bdau/mbanisharifdehkordi/E2E/3d/results_decomp_fixed_proper/decomp_fixed_proper.nc4	/work	lustre
POSIX	36	13957123037057497223	POSIX_SIZE_WRITE_100K_1M	0	/work/hdd/bdau/mbanisharifdehkordi/E2E/3d/results_decomp_fixed_proper/decomp_fixed_proper.nc4	/work	lustre
POSIX	36	13957123037057497223	POSIX_SIZE_WRITE_1M_4M	0	/work/hdd/bdau/mbanisharifdehkordi/E2E/3d/results_decomp_fixed_proper/decomp_fixed_proper.nc4	/work	lustre
POSIX	36	13957123037057497223	POSIX_SIZE_WRITE_4M_10M	0	/work/hdd/bdau/mbanisharifdehkordi/E2E/3d/results_decomp_fixed_proper/decomp_fixed_proper.nc4	/work	lustre
POSIX	36	13957123037057497223	POSIX_SIZE_WRITE_10M_100M	0	/work/hdd/bdau/mbanisharifdehkordi/E2E/3d/results_decomp_fixed_proper/decomp_fixed_proper.nc4	/work	lustre
POSIX	36	13957123037057497223	POSIX_SIZE_WRITE_100M_1G	0	/work/hdd/bdau/mbanisharifdehkordi/E2E/3d/results_decomp_fixed_proper/decomp_fixed_proper.nc4	/work	lustre
POSIX	36	13957123037057497223	POSIX_SIZE_WRITE_1G_PLUS	0	/work/hdd/bdau/mbanisharifdehkordi/E2E/3d/results_decomp_fixed_proper/decomp_fixed_proper.nc4	/work	lustre
POSIX	37	13957123037057497223	POSIX_WRITES	160	/work/hdd/bdau/mbanisharifdehkordi/E2E/3d/results_decomp_fixed_proper/decomp_fixed_proper.nc4	/work	lustre
POSIX	37	13957123037057497223	POSIX_FILE_NOT_ALIGNED	160	/work/hdd/bdau/mbanisharifdehkordi/E2E/3d/results_decomp_fixed_proper/decomp_fixed_proper.nc4	/work	lustre
POSIX	37	13957123037057497223	POSIX_SIZE_WRITE_0_100	160	/work/hdd/bdau/mbanisharifdehkordi/E2E/3d/results_decomp_fixed_proper/decomp_fixed_proper.nc4	/work	lustre
POSIX	37	13957123037057497223	POSIX_SIZE_WRITE_100_1K	0	/work/hdd/bdau/mbanisharifdehkordi/E2E/3d/results_decomp_fixed_proper/decomp_fixed_proper.nc4	/work	lustre
POSIX	37	13957123037057497223	POSIX_SIZE_WRITE_1K_10K	0	/work/hdd/bdau/mbanisharifdehkordi/E2E/3d/results_decomp_fixed_proper/decomp_fixed_proper.nc4	/work	lustre
POSIX	37	13957123037057497223	POSIX_SIZE_WRITE_10K_100K	0	/work/hdd/bdau/mbanisharifdehkordi/E2E/3d/results_decomp_fixed_proper/decomp_fixed_proper.nc4	/work	lustre
POSIX	37	13957123037057497223	POSIX_SIZE_WRITE_100K_1M	0	/work/hdd/bdau/mbanisharifdehkordi/E2E/3d/results_decomp_fixed_proper/decomp_fixed_proper.nc4	/work	lustre
POSIX	37	13957123037057497223	POSIX_SIZE_WRITE_1M_4M	0	/work/hdd/bdau/mbanisharifdehkordi/E2E/3d/results_decomp_fixed_proper/decomp_fixed_proper.nc4	/work	lustre
POSIX	37	13957123037057497223	POSIX_SIZE_WRITE_4M_10M	0	/work/hdd/bdau/mbanisharifdehkordi/E2E/3d/results_decomp_fixed_proper/decomp_fixed_proper.nc4	/work	lustre
POSIX	37	13957123037057497223	POSIX_SIZE_WRITE_10M_100M	0	/work/hdd/bdau/mbanisharifdehkordi/E2E/3d/results_decomp_fixed_proper/decomp_fixed_proper.nc4	/work	lustre
POSIX	37	13957123037057497223	POSIX_SIZE_WRITE_100M_1G	0	/work/hdd/bdau/mbanisharifdehkordi/E2E/3d/results_decomp_fixed_proper/decomp_fixed_proper.nc4	/work	lustre
POSIX	37	13957123037057497223	POSIX_SIZE_WRITE_1G_PLUS	0	/work/hdd/bdau/mbanisharifdehkordi/E2E/3d/results_decomp_fixed_proper/decomp_fixed_proper.nc4	/work	lustre
POSIX	38	13957123037057497223	POSIX_WRITES	160	/work/hdd/bdau/mbanisharifdehkordi/E2E/3d/results_decomp_fixed_proper/decomp_fixed_proper.nc4	/work	lustre
POSIX	38	13957123037057497223	POSIX_FILE_NOT_ALIGNED	160	/work/hdd/bdau/mbanisharifdehkordi/E2E/3d/results_decomp_fixed_proper/decomp_fixed_proper.nc4	/work	lustre
POSIX	38	13957123037057497223	POSIX_SIZE_WRITE_0_100	160	/work/hdd/bdau/mbanisharifdehkordi/E2E/3d/results_decomp_fixed_proper/decomp_fixed_proper.nc4	/work	lustre
POSIX	38	13957123037057497223	POSIX_SIZE_WRITE_100_1K	0	/work/hdd/bdau/mbanisharifdehkordi/E2E/3d/results_decomp_fixed_proper/decomp_fixed_proper.nc4	/work	lustre
POSIX	38	13957123037057497223	POSIX_SIZE_WRITE_1K_10K	0	/work/hdd/bdau/mbanisharifdehkordi/E2E/3d/results_decomp_fixed_proper/decomp_fixed_proper.nc4	/work	lustre
POSIX	38	13957123037057497223	POSIX_SIZE_WRITE_10K_100K	0	/work/hdd/bdau/mbanisharifdehkordi/E2E/3d/results_decomp_fixed_proper/decomp_fixed_proper.nc4	/work	lustre
POSIX	38	13957123037057497223	POSIX_SIZE_WRITE_100K_1M	0	/work/hdd/bdau/mbanisharifdehkordi/E2E/3d/results_decomp_fixed_proper/decomp_fixed_proper.nc4	/work	lustre
POSIX	38	13957123037057497223	POSIX_SIZE_WRITE_1M_4M	0	/work/hdd/bdau/mbanisharifdehkordi/E2E/3d/results_decomp_fixed_proper/decomp_fixed_proper.nc4	/work	lustre
POSIX	38	13957123037057497223	POSIX_SIZE_WRITE_4M_10M	0	/work/hdd/bdau/mbanisharifdehkordi/E2E/3d/results_decomp_fixed_proper/decomp_fixed_proper.nc4	/work	lustre
POSIX	38	13957123037057497223	POSIX_SIZE_WRITE_10M_100M	0	/work/hdd/bdau/mbanisharifdehkordi/E2E/3d/results_decomp_fixed_proper/decomp_fixed_proper.nc4	/work	lustre
POSIX	38	13957123037057497223	POSIX_SIZE_WRITE_100M_1G	0	/work/hdd/bdau/mbanisharifdehkordi/E2E/3d/results_decomp_fixed_proper/decomp_fixed_proper.nc4	/work	lustre
POSIX	38	13957123037057497223	POSIX_SIZE_WRITE_1G_PLUS	0	/work/hdd/bdau/mbanisharifdehkordi/E2E/3d/results_decomp_fixed_proper/decomp_fixed_proper.nc4	/work	lustre
POSIX	39	13957123037057497223	POSIX_WRITES	160	/work/hdd/bdau/mbanisharifdehkordi/E2E/3d/results_decomp_fixed_proper/decomp_fixed_proper.nc4	/work	lustre
POSIX	39	13957123037057497223	POSIX_FILE_NOT_ALIGNED	160	/work/hdd/bdau/mbanisharifdehkordi/E2E/3d/results_decomp_fixed_proper/decomp_fixed_proper.nc4	/work	lustre
POSIX	39	13957123037057497223	POSIX_SIZE_WRITE_0_100	160	/work/hdd/bdau/mbanisharifdehkordi/E2E/3d/results_decomp_fixed_proper/decomp_fixed_proper.nc4	/work	lustre
POSIX	39	13957123037057497223	POSIX_SIZE_WRITE_100_1K	0	/work/hdd/bdau/mbanisharifdehkordi/E2E/3d/results_decomp_fixed_proper/decomp_fixed_proper.nc4	/work	lustre
POSIX	39	13957123037057497223	POSIX_SIZE_WRITE_1K_10K	0	/work/hdd/bdau/mbanisharifdehkordi/E2E/3d/results_decomp_fixed_proper/decomp_fixed_proper.nc4	/work	lustre
POSIX	39	13957123037057497223	POSIX_SIZE_WRITE_10K_100K	0	/work/hdd/bdau/mbanisharifdehkordi/E2E/3d/results_decomp_fixed_proper/decomp_fixed_proper.nc4	/work	lustre
POSIX	39	13957123037057497223	POSIX_SIZE_WRITE_100K_1M	0	/work/hdd/bdau/mbanisharifdehkordi/E2E/3d/results_decomp_fixed_proper/decomp_fixed_proper.nc4	/work	lustre
POSIX	39	13957123037057497223	POSIX_SIZE_WRITE_1M_4M	0	/work/hdd/bdau/mbanisharifdehkordi/E2E/3d/results_decomp_fixed_proper/decomp_fixed_proper.nc4	/work	lustre
POSIX	39	13957123037057497223	POSIX_SIZE_WRITE_4M_10M	0	/work/hdd/bdau/mbanisharifdehkordi/E2E/3d/results_decomp_fixed_proper/decomp_fixed_proper.nc4	/work	lustre
POSIX	39	13957123037057497223	POSIX_SIZE_WRITE_10M_100M	0	/work/hdd/bdau/mbanisharifdehkordi/E2E/3d/results_decomp_fixed_proper/decomp_fixed_proper.nc4	/work	lustre
POSIX	39	13957123037057497223	POSIX_SIZE_WRITE_100M_1G	0	/work/hdd/bdau/mbanisharifdehkordi/E2E/3d/results_decomp_fixed_proper/decomp_fixed_proper.nc4	/work	lustre
POSIX	39	13957123037057497223	POSIX_SIZE_WRITE_1G_PLUS	0	/work/hdd/bdau/mbanisharifdehkordi/E2E/3d/results_decomp_fixed_proper/decomp_fixed_proper.nc4	/work	lustre
POSIX	40	13957123037057497223	POSIX_WRITES	160	/work/hdd/bdau/mbanisharifdehkordi/E2E/3d/results_decomp_fixed_proper/decomp_fixed_proper.nc4	/work	lustre
POSIX	40	13957123037057497223	POSIX_FILE_NOT_ALIGNED	160	/work/hdd/bdau/mbanisharifdehkordi/E2E/3d/results_decomp_fixed_proper/decomp_fixed_proper.nc4	/work	lustre
POSIX	40	13957123037057497223	POSIX_SIZE_WRITE_0_100	160	/work/hdd/bdau/mbanisharifdehkordi/E2E/3d/results_decomp_fixed_proper/decomp_fixed_proper.nc4	/work	lustre
POSIX	40	13957123037057497223	POSIX_SIZE_WRITE_100_1K	0	/work/hdd/bdau/mbanisharifdehkordi/E2E/3d/results_decomp_fixed_proper/decomp_fixed_proper.nc4	/work	lustre
POSIX	40	13957123037057497223	POSIX_SIZE_WRITE_1K_10K	0	/work/hdd/bdau/mbanisharifdehkordi/E2E/3d/results_decomp_fixed_proper/decomp_fixed_proper.nc4	/work	lustre
POSIX	40	13957123037057497223	POSIX_SIZE_WRITE_10K_100K	0	/work/hdd/bdau/mbanisharifdehkordi/E2E/3d/results_decomp_fixed_proper/decomp_fixed_proper.nc4	/work	lustre
POSIX	40	13957123037057497223	POSIX_SIZE_WRITE_100K_1M	0	/work/hdd/bdau/mbanisharifdehkordi/E2E/3d/results_decomp_fixed_proper/decomp_fixed_proper.nc4	/work	lustre
POSIX	40	13957123037057497223	POSIX_SIZE_WRITE_1M_4M	0	/work/hdd/bdau/mbanisharifdehkordi/E2E/3d/results_decomp_fixed_proper/decomp_fixed_proper.nc4	/work	lustre
POSIX	40	13957123037057497223	POSIX_SIZE_WRITE_4M_10M	0	/work/hdd/bdau/mbanisharifdehkordi/E2E/3d/results_decomp_fixed_proper/decomp_fixed_proper.nc4	/work	lustre
POSIX	40	13957123037057497223	POSIX_SIZE_WRITE_10M_100M	0	/work/hdd/bdau/mbanisharifdehkordi/E2E/3d/results_decomp_fixed_proper/decomp_fixed_proper.nc4	/work	lustre
POSIX	40	13957123037057497223	POSIX_SIZE_WRITE_100M_1G	0	/work/hdd/bdau/mbanisharifdehkordi/E2E/3d/results_decomp_fixed_proper/decomp_fixed_proper.nc4	/work	lustre
POSIX	40	13957123037057497223	POSIX_SIZE_WRITE_1G_PLUS	0	/work/hdd/bdau/mbanisharifdehkordi/E2E/3d/results_decomp_fixed_proper/decomp_fixed_proper.nc4	/work	lustre
POSIX	41	13957123037057497223	POSIX_WRITES	160	/work/hdd/bdau/mbanisharifdehkordi/E2E/3d/results_decomp_fixed_proper/decomp_fixed_proper.nc4	/work	lustre
POSIX	41	13957123037057497223	POSIX_FILE_NOT_ALIGNED	160	/work/hdd/bdau/mbanisharifdehkordi/E2E/3d/results_decomp_fixed_proper/decomp_fixed_proper.nc4	/work	lustre
POSIX	41	13957123037057497223	POSIX_SIZE_WRITE_0_100	160	/work/hdd/bdau/mbanisharifdehkordi/E2E/3d/results_decomp_fixed_proper/decomp_fixed_proper.nc4	/work	lustre
POSIX	41	13957123037057497223	POSIX_SIZE_WRITE_100_1K	0	/work/hdd/bdau/mbanisharifdehkordi/E2E/3d/results_decomp_fixed_proper/decomp_fixed_proper.nc4	/work	lustre
POSIX	41	13957123037057497223	POSIX_SIZE_WRITE_1K_10K	0	/work/hdd/bdau/mbanisharifdehkordi/E2E/3d/results_decomp_fixed_proper/decomp_fixed_proper.nc4	/work	lustre
POSIX	41	13957123037057497223	POSIX_SIZE_WRITE_10K_100K	0	/work/hdd/bdau/mbanisharifdehkordi/E2E/3d/results_decomp_fixed_proper/decomp_fixed_proper.nc4	/work	lustre
POSIX	41	13957123037057497223	POSIX_SIZE_WRITE_100K_1M	0	/work/hdd/bdau/mbanisharifdehkordi/E2E/3d/results_decomp_fixed_proper/decomp_fixed_proper.nc4	/work	lustre
POSIX	41	13957123037057497223	POSIX_SIZE_WRITE_1M_4M	0	/work/hdd/bdau/mbanisharifdehkordi/E2E/3d/results_decomp_fixed_proper/decomp_fixed_proper.nc4	/work	lustre
POSIX	41	13957123037057497223	POSIX_SIZE_WRITE_4M_10M	0	/work/hdd/bdau/mbanisharifdehkordi/E2E/3d/results_decomp_fixed_proper/decomp_fixed_proper.nc4	/work	lustre
POSIX	41	13957123037057497223	POSIX_SIZE_WRITE_10M_100M	0	/work/hdd/bdau/mbanisharifdehkordi/E2E/3d/results_decomp_fixed_proper/decomp_fixed_proper.nc4	/work	lustre
POSIX	41	13957123037057497223	POSIX_SIZE_WRITE_100M_1G	0	/work/hdd/bdau/mbanisharifdehkordi/E2E/3d/results_decomp_fixed_proper/decomp_fixed_proper.nc4	/work	lustre
POSIX	41	13957123037057497223	POSIX_SIZE_WRITE_1G_PLUS	0	/work/hdd/bdau/mbanisharifdehkordi/E2E/3d/results_decomp_fixed_proper/decomp_fixed_proper.nc4	/work	lustre
POSIX	42	13957123037057497223	POSIX_WRITES	160	/work/hdd/bdau/mbanisharifdehkordi/E2E/3d/results_decomp_fixed_proper/decomp_fixed_proper.nc4	/work	lustre
POSIX	42	13957123037057497223	POSIX_FILE_NOT_ALIGNED	160	/work/hdd/bdau/mbanisharifdehkordi/E2E/3d/results_decomp_fixed_proper/decomp_fixed_proper.nc4	/work	lustre
POSIX	42	13957123037057497223	POSIX_SIZE_WRITE_0_100	160	/work/hdd/bdau/mbanisharifdehkordi/E2E/3d/results_decomp_fixed_proper/decomp_fixed_proper.nc4	/work	lustre
POSIX	42	13957123037057497223	POSIX_SIZE_WRITE_100_1K	0	/work/hdd/bdau/mbanisharifdehkordi/E2E/3d/results_decomp_fixed_proper/decomp_fixed_proper.nc4	/work	lustre
POSIX	42	13957123037057497223	POSIX_SIZE_WRITE_1K_10K	0	/work/hdd/bdau/mbanisharifdehkordi/E2E/3d/results_decomp_fixed_proper/decomp_fixed_proper.nc4	/work	lustre
POSIX	42	13957123037057497223	POSIX_SIZE_WRITE_10K_100K	0	/work/hdd/bdau/mbanisharifdehkordi/E2E/3d/results_decomp_fixed_proper/decomp_fixed_proper.nc4	/work	lustre
POSIX	42	13957123037057497223	POSIX_SIZE_WRITE_100K_1M	0	/work/hdd/bdau/mbanisharifdehkordi/E2E/3d/results_decomp_fixed_proper/decomp_fixed_proper.nc4	/work	lustre
POSIX	42	13957123037057497223	POSIX_SIZE_WRITE_1M_4M	0	/work/hdd/bdau/mbanisharifdehkordi/E2E/3d/results_decomp_fixed_proper/decomp_fixed_proper.nc4	/work	lustre
POSIX	42	13957123037057497223	POSIX_SIZE_WRITE_4M_10M	0	/work/hdd/bdau/mbanisharifdehkordi/E2E/3d/results_decomp_fixed_proper/decomp_fixed_proper.nc4	/work	lustre
POSIX	42	13957123037057497223	POSIX_SIZE_WRITE_10M_100M	0	/work/hdd/bdau/mbanisharifdehkordi/E2E/3d/results_decomp_fixed_proper/decomp_fixed_proper.nc4	/work	lustre
POSIX	42	13957123037057497223	POSIX_SIZE_WRITE_100M_1G	0	/work/hdd/bdau/mbanisharifdehkordi/E2E/3d/results_decomp_fixed_proper/decomp_fixed_proper.nc4	/work	lustre
POSIX	42	13957123037057497223	POSIX_SIZE_WRITE_1G_PLUS	0	/work/hdd/bdau/mbanisharifdehkordi/E2E/3d/results_decomp_fixed_proper/decomp_fixed_proper.nc4	/work	lustre
POSIX	43	13957123037057497223	POSIX_WRITES	160	/work/hdd/bdau/mbanisharifdehkordi/E2E/3d/results_decomp_fixed_proper/decomp_fixed_proper.nc4	/work	lustre
POSIX	43	13957123037057497223	POSIX_FILE_NOT_ALIGNED	160	/work/hdd/bdau/mbanisharifdehkordi/E2E/3d/results_decomp_fixed_proper/decomp_fixed_proper.nc4	/work	lustre
POSIX	43	13957123037057497223	POSIX_SIZE_WRITE_0_100	160	/work/hdd/bdau/mbanisharifdehkordi/E2E/3d/results_decomp_fixed_proper/decomp_fixed_proper.nc4	/work	lustre
POSIX	43	13957123037057497223	POSIX_SIZE_WRITE_100_1K	0	/work/hdd/bdau/mbanisharifdehkordi/E2E/3d/results_decomp_fixed_proper/decomp_fixed_proper.nc4	/work	lustre
POSIX	43	13957123037057497223	POSIX_SIZE_WRITE_1K_10K	0	/work/hdd/bdau/mbanisharifdehkordi/E2E/3d/results_decomp_fixed_proper/decomp_fixed_proper.nc4	/work	lustre
POSIX	43	13957123037057497223	POSIX_SIZE_WRITE_10K_100K	0	/work/hdd/bdau/mbanisharifdehkordi/E2E/3d/results_decomp_fixed_proper/decomp_fixed_proper.nc4	/work	lustre
POSIX	43	13957123037057497223	POSIX_SIZE_WRITE_100K_1M	0	/work/hdd/bdau/mbanisharifdehkordi/E2E/3d/results_decomp_fixed_proper/decomp_fixed_proper.nc4	/work	lustre
POSIX	43	13957123037057497223	POSIX_SIZE_WRITE_1M_4M	0	/work/hdd/bdau/mbanisharifdehkordi/E2E/3d/results_decomp_fixed_proper/decomp_fixed_proper.nc4	/work	lustre
POSIX	43	13957123037057497223	POSIX_SIZE_WRITE_4M_10M	0	/work/hdd/bdau/mbanisharifdehkordi/E2E/3d/results_decomp_fixed_proper/decomp_fixed_proper.nc4	/work	lustre
POSIX	43	13957123037057497223	POSIX_SIZE_WRITE_10M_100M	0	/work/hdd/bdau/mbanisharifdehkordi/E2E/3d/results_decomp_fixed_proper/decomp_fixed_proper.nc4	/work	lustre
POSIX	43	13957123037057497223	POSIX_SIZE_WRITE_100M_1G	0	/work/hdd/bdau/mbanisharifdehkordi/E2E/3d/results_decomp_fixed_proper/decomp_fixed_proper.nc4	/work	lustre
POSIX	43	13957123037057497223	POSIX_SIZE_WRITE_1G_PLUS	0	/work/hdd/bdau/mbanisharifdehkordi/E2E/3d/results_decomp_fixed_proper/decomp_fixed_proper.nc4	/work	lustre
POSIX	44	13957123037057497223	POSIX_WRITES	160	/work/hdd/bdau/mbanisharifdehkordi/E2E/3d/results_decomp_fixed_proper/decomp_fixed_proper.nc4	/work	lustre
POSIX	44	13957123037057497223	POSIX_FILE_NOT_ALIGNED	160	/work/hdd/bdau/mbanisharifdehkordi/E2E/3d/results_decomp_fixed_proper/decomp_fixed_proper.nc4	/work	lustre
POSIX	44	13957123037057497223	POSIX_SIZE_WRITE_0_100	160	/work/hdd/bdau/mbanisharifdehkordi/E2E/3d/results_decomp_fixed_proper/decomp_fixed_proper.nc4	/work	lustre
POSIX	44	13957123037057497223	POSIX_SIZE_WRITE_100_1K	0	/work/hdd/bdau/mbanisharifdehkordi/E2E/3d/results_decomp_fixed_proper/decomp_fixed_proper.nc4	/work	lustre
POSIX	44	13957123037057497223	POSIX_SIZE_WRITE_1K_10K	0	/work/hdd/bdau/mbanisharifdehkordi/E2E/3d/results_decomp_fixed_proper/decomp_fixed_proper.nc4	/work	lustre
POSIX	44	13957123037057497223	POSIX_SIZE_WRITE_10K_100K	0	/work/hdd/bdau/mbanisharifdehkordi/E2E/3d/results_decomp_fixed_proper/decomp_fixed_proper.nc4	/work	lustre
POSIX	44	13957123037057497223	POSIX_SIZE_WRITE_100K_1M	0	/work/hdd/bdau/mbanisharifdehkordi/E2E/3d/results_decomp_fixed_proper/decomp_fixed_proper.nc4	/work	lustre
POSIX	44	13957123037057497223	POSIX_SIZE_WRITE_1M_4M	0	/work/hdd/bdau/mbanisharifdehkordi/E2E/3d/results_decomp_fixed_proper/decomp_fixed_proper.nc4	/work	lustre
POSIX	44	13957123037057497223	POSIX_SIZE_WRITE_4M_10M	0	/work/hdd/bdau/mbanisharifdehkordi/E2E/3d/results_decomp_fixed_proper/decomp_fixed_proper.nc4	/work	lustre
POSIX	44	13957123037057497223	POSIX_SIZE_WRITE_10M_100M	0	/work/hdd/bdau/mbanisharifdehkordi/E2E/3d/results_decomp_fixed_proper/decomp_fixed_proper.nc4	/work	lustre
POSIX	44	13957123037057497223	POSIX_SIZE_WRITE_100M_1G	0	/work/hdd/bdau/mbanisharifdehkordi/E2E/3d/results_decomp_fixed_proper/decomp_fixed_proper.nc4	/work	lustre
POSIX	44	13957123037057497223	POSIX_SIZE_WRITE_1G_PLUS	0	/work/hdd/bdau/mbanisharifdehkordi/E2E/3d/results_decomp_fixed_proper/decomp_fixed_proper.nc4	/work	lustre
POSIX	45	13957123037057497223	POSIX_WRITES	160	/work/hdd/bdau/mbanisharifdehkordi/E2E/3d/results_decomp_fixed_proper/decomp_fixed_proper.nc4	/work	lustre
POSIX	45	13957123037057497223	POSIX_FILE_NOT_ALIGNED	160	/work/hdd/bdau/mbanisharifdehkordi/E2E/3d/results_decomp_fixed_proper/decomp_fixed_proper.nc4	/work	lustre
POSIX	45	13957123037057497223	POSIX_SIZE_WRITE_0_100	160	/work/hdd/bdau/mbanisharifdehkordi/E2E/3d/results_decomp_fixed_proper/decomp_fixed_proper.nc4	/work	lustre
POSIX	45	13957123037057497223	POSIX_SIZE_WRITE_100_1K	0	/work/hdd/bdau/mbanisharifdehkordi/E2E/3d/results_decomp_fixed_proper/decomp_fixed_proper.nc4	/work	lustre
POSIX	45	13957123037057497223	POSIX_SIZE_WRITE_1K_10K	0	/work/hdd/bdau/mbanisharifdehkordi/E2E/3d/results_decomp_fixed_proper/decomp_fixed_proper.nc4	/work	lustre
POSIX	45	13957123037057497223	POSIX_SIZE_WRITE_10K_100K	0	/work/hdd/bdau/mbanisharifdehkordi/E2E/3d/results_decomp_fixed_proper/decomp_fixed_proper.nc4	/work	lustre
POSIX	45	13957123037057497223	POSIX_SIZE_WRITE_100K_1M	0	/work/hdd/bdau/mbanisharifdehkordi/E2E/3d/results_decomp_fixed_proper/decomp_fixed_proper.nc4	/work	lustre
POSIX	45	13957123037057497223	POSIX_SIZE_WRITE_1M_4M	0	/work/hdd/bdau/mbanisharifdehkordi/E2E/3d/results_decomp_fixed_proper/decomp_fixed_proper.nc4	/work	lustre
POSIX	45	13957123037057497223	POSIX_SIZE_WRITE_4M_10M	0	/work/hdd/bdau/mbanisharifdehkordi/E2E/3d/results_decomp_fixed_proper/decomp_fixed_proper.nc4	/work	lustre
POSIX	45	13957123037057497223	POSIX_SIZE_WRITE_10M_100M	0	/work/hdd/bdau/mbanisharifdehkordi/E2E/3d/results_decomp_fixed_proper/decomp_fixed_proper.nc4	/work	lustre
POSIX	45	13957123037057497223	POSIX_SIZE_WRITE_100M_1G	0	/work/hdd/bdau/mbanisharifdehkordi/E2E/3d/results_decomp_fixed_proper/decomp_fixed_proper.nc4	/work	lustre
POSIX	45	13957123037057497223	POSIX_SIZE_WRITE_1G_PLUS	0	/work/hdd/bdau/mbanisharifdehkordi/E2E/3d/results_decomp_fixed_proper/decomp_fixed_proper.nc4	/work	lustre
POSIX	46	13957123037057497223	POSIX_WRITES	160	/work/hdd/bdau/mbanisharifdehkordi/E2E/3d/results_decomp_fixed_proper/decomp_fixed_proper.nc4	/work	lustre
POSIX	46	13957123037057497223	POSIX_FILE_NOT_ALIGNED	160	/work/hdd/bdau/mbanisharifdehkordi/E2E/3d/results_decomp_fixed_proper/decomp_fixed_proper.nc4	/work	lustre
POSIX	46	13957123037057497223	POSIX_SIZE_WRITE_0_100	160	/work/hdd/bdau/mbanisharifdehkordi/E2E/3d/results_decomp_fixed_proper/decomp_fixed_proper.nc4	/work	lustre
POSIX	46	13957123037057497223	POSIX_SIZE_WRITE_100_1K	0	/work/hdd/bdau/mbanisharifdehkordi/E2E/3d/results_decomp_fixed_proper/decomp_fixed_proper.nc4	/work	lustre
POSIX	46	13957123037057497223	POSIX_SIZE_WRITE_1K_10K	0	/work/hdd/bdau/mbanisharifdehkordi/E2E/3d/results_decomp_fixed_proper/decomp_fixed_proper.nc4	/work	lustre
POSIX	46	13957123037057497223	POSIX_SIZE_WRITE_10K_100K	0	/work/hdd/bdau/mbanisharifdehkordi/E2E/3d/results_decomp_fixed_proper/decomp_fixed_proper.nc4	/work	lustre
POSIX	46	13957123037057497223	POSIX_SIZE_WRITE_100K_1M	0	/work/hdd/bdau/mbanisharifdehkordi/E2E/3d/results_decomp_fixed_proper/decomp_fixed_proper.nc4	/work	lustre
POSIX	46	13957123037057497223	POSIX_SIZE_WRITE_1M_4M	0	/work/hdd/bdau/mbanisharifdehkordi/E2E/3d/results_decomp_fixed_proper/decomp_fixed_proper.nc4	/work	lustre
POSIX	46	13957123037057497223	POSIX_SIZE_WRITE_4M_10M	0	/work/hdd/bdau/mbanisharifdehkordi/E2E/3d/results_decomp_fixed_proper/decomp_fixed_proper.nc4	/work	lustre
POSIX	46	13957123037057497223	POSIX_SIZE_WRITE_10M_100M	0	/work/hdd/bdau/mbanisharifdehkordi/E2E/3d/results_decomp_fixed_proper/decomp_fixed_proper.nc4	/work	lustre
POSIX	46	13957123037057497223	POSIX_SIZE_WRITE_100M_1G	0	/work/hdd/bdau/mbanisharifdehkordi/E2E/3d/results_decomp_fixed_proper/decomp_fixed_proper.nc4	/work	lustre
POSIX	46	13957123037057497223	POSIX_SIZE_WRITE_1G_PLUS	0	/work/hdd/bdau/mbanisharifdehkordi/E2E/3d/results_decomp_fixed_proper/decomp_fixed_proper.nc4	/work	lustre
POSIX	47	13957123037057497223	POSIX_WRITES	160	/work/hdd/bdau/mbanisharifdehkordi/E2E/3d/results_decomp_fixed_proper/decomp_fixed_proper.nc4	/work	lustre
POSIX	47	13957123037057497223	POSIX_FILE_NOT_ALIGNED	160	/work/hdd/bdau/mbanisharifdehkordi/E2E/3d/results_decomp_fixed_proper/decomp_fixed_proper.nc4	/work	lustre
POSIX	47	13957123037057497223	POSIX_SIZE_WRITE_0_100	160	/work/hdd/bdau/mbanisharifdehkordi/E2E/3d/results_decomp_fixed_proper/decomp_fixed_proper.nc4	/work	lustre
POSIX	47	13957123037057497223	POSIX_SIZE_WRITE_100_1K	0	/work/hdd/bdau/mbanisharifdehkordi/E2E/3d/results_decomp_fixed_proper/decomp_fixed_proper.nc4	/work	lustre
POSIX	47	13957123037057497223	POSIX_SIZE_WRITE_1K_10K	0	/work/hdd/bdau/mbanisharifdehkordi/E2E/3d/results_decomp_fixed_proper/decomp_fixed_proper.nc4	/work	lustre
POSIX	47	13957123037057497223	POSIX_SIZE_WRITE_10K_100K	0	/work/hdd/bdau/mbanisharifdehkordi/E2E/3d/results_decomp_fixed_proper/decomp_fixed_proper.nc4	/work	lustre
POSIX	47	13957123037057497223	POSIX_SIZE_WRITE_100K_1M	0	/work/hdd/bdau/mbanisharifdehkordi/E2E/3d/results_decomp_fixed_proper/decomp_fixed_proper.nc4	/work	lustre
POSIX	47	13957123037057497223	POSIX_SIZE_WRITE_1M_4M	0	/work/hdd/bdau/mbanisharifdehkordi/E2E/3d/results_decomp_fixed_proper/decomp_fixed_proper.nc4	/work	lustre
POSIX	47	13957123037057497223	POSIX_SIZE_WRITE_4M_10M	0	/work/hdd/bdau/mbanisharifdehkordi/E2E/3d/results_decomp_fixed_proper/decomp_fixed_proper.nc4	/work	lustre
POSIX	47	13957123037057497223	POSIX_SIZE_WRITE_10M_100M	0	/work/hdd/bdau/mbanisharifdehkordi/E2E/3d/results_decomp_fixed_proper/decomp_fixed_proper.nc4	/work	lustre
POSIX	47	13957123037057497223	POSIX_SIZE_WRITE_100M_1G	0	/work/hdd/bdau/mbanisharifdehkordi/E2E/3d/results_decomp_fixed_proper/decomp_fixed_proper.nc4	/work	lustre
POSIX	47	13957123037057497223	POSIX_SIZE_WRITE_1G_PLUS	0	/work/hdd/bdau/mbanisharifdehkordi/E2E/3d/results_decomp_fixed_proper/decomp_fixed_proper.nc4	/work	lustre
POSIX	48	13957123037057497223	POSIX_WRITES	160	/work/hdd/bdau/mbanisharifdehkordi/E2E/3d/results_decomp_fixed_proper/decomp_fixed_proper.nc4	/work	lustre
POSIX	48	13957123037057497223	POSIX_FILE_NOT_ALIGNED	160	/work/hdd/bdau/mbanisharifdehkordi/E2E/3d/results_decomp_fixed_proper/decomp_fixed_proper.nc4	/work	lustre
POSIX	48	13957123037057497223	POSIX_SIZE_WRITE_0_100	160	/work/hdd/bdau/mbanisharifdehkordi/E2E/3d/results_decomp_fixed_proper/decomp_fixed_proper.nc4	/work	lustre
POSIX	48	13957123037057497223	POSIX_SIZE_WRITE_100_1K	0	/work/hdd/bdau/mbanisharifdehkordi/E2E/3d/results_decomp_fixed_proper/decomp_fixed_proper.nc4	/work	lustre
POSIX	48	13957123037057497223	POSIX_SIZE_WRITE_1K_10K	0	/work/hdd/bdau/mbanisharifdehkordi/E2E/3d/results_decomp_fixed_proper/decomp_fixed_proper.nc4	/work	lustre
POSIX	48	13957123037057497223	POSIX_SIZE_WRITE_10K_100K	0	/work/hdd/bdau/mbanisharifdehkordi/E2E/3d/results_decomp_fixed_proper/decomp_fixed_proper.nc4	/work	lustre
POSIX	48	13957123037057497223	POSIX_SIZE_WRITE_100K_1M	0	/work/hdd/bdau/mbanisharifdehkordi/E2E/3d/results_decomp_fixed_proper/decomp_fixed_proper.nc4	/work	lustre
POSIX	48	13957123037057497223	POSIX_SIZE_WRITE_1M_4M	0	/work/hdd/bdau/mbanisharifdehkordi/E2E/3d/results_decomp_fixed_proper/decomp_fixed_proper.nc4	/work	lustre
POSIX	48	13957123037057497223	POSIX_SIZE_WRITE_4M_10M	0	/work/hdd/bdau/mbanisharifdehkordi/E2E/3d/results_decomp_fixed_proper/decomp_fixed_proper.nc4	/work	lustre
POSIX	48	13957123037057497223	POSIX_SIZE_WRITE_10M_100M	0	/work/hdd/bdau/mbanisharifdehkordi/E2E/3d/results_decomp_fixed_proper/decomp_fixed_proper.nc4	/work	lustre
POSIX	48	13957123037057497223	POSIX_SIZE_WRITE_100M_1G	0	/work/hdd/bdau/mbanisharifdehkordi/E2E/3d/results_decomp_fixed_proper/decomp_fixed_proper.nc4	/work	lustre
POSIX	48	13957123037057497223	POSIX_SIZE_WRITE_1G_PLUS	0	/work/hdd/bdau/mbanisharifdehkordi/E2E/3d/results_decomp_fixed_proper/decomp_fixed_proper.nc4	/work	lustre
POSIX	49	13957123037057497223	POSIX_WRITES	160	/work/hdd/bdau/mbanisharifdehkordi/E2E/3d/results_decomp_fixed_proper/decomp_fixed_proper.nc4	/work	lustre
POSIX	49	13957123037057497223	POSIX_FILE_NOT_ALIGNED	160	/work/hdd/bdau/mbanisharifdehkordi/E2E/3d/results_decomp_fixed_proper/decomp_fixed_proper.nc4	/work	lustre
POSIX	49	13957123037057497223	POSIX_SIZE_WRITE_0_100	160	/work/hdd/bdau/mbanisharifdehkordi/E2E/3d/results_decomp_fixed_proper/decomp_fixed_proper.nc4	/work	lustre
POSIX	49	13957123037057497223	POSIX_SIZE_WRITE_100_1K	0	/work/hdd/bdau/mbanisharifdehkordi/E2E/3d/results_decomp_fixed_proper/decomp_fixed_proper.nc4	/work	lustre
POSIX	49	13957123037057497223	POSIX_SIZE_WRITE_1K_10K	0	/work/hdd/bdau/mbanisharifdehkordi/E2E/3d/results_decomp_fixed_proper/decomp_fixed_proper.nc4	/work	lustre
POSIX	49	13957123037057497223	POSIX_SIZE_WRITE_10K_100K	0	/work/hdd/bdau/mbanisharifdehkordi/E2E/3d/results_decomp_fixed_proper/decomp_fixed_proper.nc4	/work	lustre
POSIX	49	13957123037057497223	POSIX_SIZE_WRITE_100K_1M	0	/work/hdd/bdau/mbanisharifdehkordi/E2E/3d/results_decomp_fixed_proper/decomp_fixed_proper.nc4	/work	lustre
POSIX	49	13957123037057497223	POSIX_SIZE_WRITE_1M_4M	0	/work/hdd/bdau/mbanisharifdehkordi/E2E/3d/results_decomp_fixed_proper/decomp_fixed_proper.nc4	/work	lustre
POSIX	49	13957123037057497223	POSIX_SIZE_WRITE_4M_10M	0	/work/hdd/bdau/mbanisharifdehkordi/E2E/3d/results_decomp_fixed_proper/decomp_fixed_proper.nc4	/work	lustre
POSIX	49	13957123037057497223	POSIX_SIZE_WRITE_10M_100M	0	/work/hdd/bdau/mbanisharifdehkordi/E2E/3d/results_decomp_fixed_proper/decomp_fixed_proper.nc4	/work	lustre
POSIX	49	13957123037057497223	POSIX_SIZE_WRITE_100M_1G	0	/work/hdd/bdau/mbanisharifdehkordi/E2E/3d/results_decomp_fixed_proper/decomp_fixed_proper.nc4	/work	lustre
POSIX	49	13957123037057497223	POSIX_SIZE_WRITE_1G_PLUS	0	/work/hdd/bdau/mbanisharifdehkordi/E2E/3d/results_decomp_fixed_proper/decomp_fixed_proper.nc4	/work	lustre
POSIX	50	13957123037057497223	POSIX_WRITES	160	/work/hdd/bdau/mbanisharifdehkordi/E2E/3d/results_decomp_fixed_proper/decomp_fixed_proper.nc4	/work	lustre
POSIX	50	13957123037057497223	POSIX_FILE_NOT_ALIGNED	160	/work/hdd/bdau/mbanisharifdehkordi/E2E/3d/results_decomp_fixed_proper/decomp_fixed_proper.nc4	/work	lustre
POSIX	50	13957123037057497223	POSIX_SIZE_WRITE_0_100	160	/work/hdd/bdau/mbanisharifdehkordi/E2E/3d/results_decomp_fixed_proper/decomp_fixed_proper.nc4	/work	lustre
POSIX	50	13957123037057497223	POSIX_SIZE_WRITE_100_1K	0	/work/hdd/bdau/mbanisharifdehkordi/E2E/3d/results_decomp_fixed_proper/decomp_fixed_proper.nc4	/work	lustre
POSIX	50	13957123037057497223	POSIX_SIZE_WRITE_1K_10K	0	/work/hdd/bdau/mbanisharifdehkordi/E2E/3d/results_decomp_fixed_proper/decomp_fixed_proper.nc4	/work	lustre
POSIX	50	13957123037057497223	POSIX_SIZE_WRITE_10K_100K	0	/work/hdd/bdau/mbanisharifdehkordi/E2E/3d/results_decomp_fixed_proper/decomp_fixed_proper.nc4	/work	lustre
POSIX	50	13957123037057497223	POSIX_SIZE_WRITE_100K_1M	0	/work/hdd/bdau/mbanisharifdehkordi/E2E/3d/results_decomp_fixed_proper/decomp_fixed_proper.nc4	/work	lustre
POSIX	50	13957123037057497223	POSIX_SIZE_WRITE_1M_4M	0	/work/hdd/bdau/mbanisharifdehkordi/E2E/3d/results_decomp_fixed_proper/decomp_fixed_proper.nc4	/work	lustre
POSIX	50	13957123037057497223	POSIX_SIZE_WRITE_4M_10M	0	/work/hdd/bdau/mbanisharifdehkordi/E2E/3d/results_decomp_fixed_proper/decomp_fixed_proper.nc4	/work	lustre
POSIX	50	13957123037057497223	POSIX_SIZE_WRITE_10M_100M	0	/work/hdd/bdau/mbanisharifdehkordi/E2E/3d/results_decomp_fixed_proper/decomp_fixed_proper.nc4	/work	lustre
POSIX	50	13957123037057497223	POSIX_SIZE_WRITE_100M_1G	0	/work/hdd/bdau/mbanisharifdehkordi/E2E/3d/results_decomp_fixed_proper/decomp_fixed_proper.nc4	/work	lustre
POSIX	50	13957123037057497223	POSIX_SIZE_WRITE_1G_PLUS	0	/work/hdd/bdau/mbanisharifdehkordi/E2E/3d/results_decomp_fixed_proper/decomp_fixed_proper.nc4	/work	lustre
POSIX	51	13957123037057497223	POSIX_WRITES	160	/work/hdd/bdau/mbanisharifdehkordi/E2E/3d/results_decomp_fixed_proper/decomp_fixed_proper.nc4	/work	lustre
POSIX	51	13957123037057497223	POSIX_FILE_NOT_ALIGNED	160	/work/hdd/bdau/mbanisharifdehkordi/E2E/3d/results_decomp_fixed_proper/decomp_fixed_proper.nc4	/work	lustre
POSIX	51	13957123037057497223	POSIX_SIZE_WRITE_0_100	160	/work/hdd/bdau/mbanisharifdehkordi/E2E/3d/results_decomp_fixed_proper/decomp_fixed_proper.nc4	/work	lustre
POSIX	51	13957123037057497223	POSIX_SIZE_WRITE_100_1K	0	/work/hdd/bdau/mbanisharifdehkordi/E2E/3d/results_decomp_fixed_proper/decomp_fixed_proper.nc4	/work	lustre
POSIX	51	13957123037057497223	POSIX_SIZE_WRITE_1K_10K	0	/work/hdd/bdau/mbanisharifdehkordi/E2E/3d/results_decomp_fixed_proper/decomp_fixed_proper.nc4	/work	lustre
POSIX	51	13957123037057497223	POSIX_SIZE_WRITE_10K_100K	0	/work/hdd/bdau/mbanisharifdehkordi/E2E/3d/results_decomp_fixed_proper/decomp_fixed_proper.nc4	/work	lustre
POSIX	51	13957123037057497223	POSIX_SIZE_WRITE_100K_1M	0	/work/hdd/bdau/mbanisharifdehkordi/E2E/3d/results_decomp_fixed_proper/decomp_fixed_proper.nc4	/work	lustre
POSIX	51	13957123037057497223	POSIX_SIZE_WRITE_1M_4M	0	/work/hdd/bdau/mbanisharifdehkordi/E2E/3d/results_decomp_fixed_proper/decomp_fixed_proper.nc4	/work	lustre
POSIX	51	13957123037057497223	POSIX_SIZE_WRITE_4M_10M	0	/work/hdd/bdau/mbanisharifdehkordi/E2E/3d/results_decomp_fixed_proper/decomp_fixed_proper.nc4	/work	lustre
POSIX	51	13957123037057497223	POSIX_SIZE_WRITE_10M_100M	0	/work/hdd/bdau/mbanisharifdehkordi/E2E/3d/results_decomp_fixed_proper/decomp_fixed_proper.nc4	/work	lustre
POSIX	51	13957123037057497223	POSIX_SIZE_WRITE_100M_1G	0	/work/hdd/bdau/mbanisharifdehkordi/E2E/3d/results_decomp_fixed_proper/decomp_fixed_proper.nc4	/work	lustre
POSIX	51	13957123037057497223	POSIX_SIZE_WRITE_1G_PLUS	0	/work/hdd/bdau/mbanisharifdehkordi/E2E/3d/results_decomp_fixed_proper/decomp_fixed_proper.nc4	/work	lustre
POSIX	52	13957123037057497223	POSIX_WRITES	160	/work/hdd/bdau/mbanisharifdehkordi/E2E/3d/results_decomp_fixed_proper/decomp_fixed_proper.nc4	/work	lustre
POSIX	52	13957123037057497223	POSIX_FILE_NOT_ALIGNED	160	/work/hdd/bdau/mbanisharifdehkordi/E2E/3d/results_decomp_fixed_proper/decomp_fixed_proper.nc4	/work	lustre
POSIX	52	13957123037057497223	POSIX_SIZE_WRITE_0_100	160	/work/hdd/bdau/mbanisharifdehkordi/E2E/3d/results_decomp_fixed_proper/decomp_fixed_proper.nc4	/work	lustre
POSIX	52	13957123037057497223	POSIX_SIZE_WRITE_100_1K	0	/work/hdd/bdau/mbanisharifdehkordi/E2E/3d/results_decomp_fixed_proper/decomp_fixed_proper.nc4	/work	lustre
POSIX	52	13957123037057497223	POSIX_SIZE_WRITE_1K_10K	0	/work/hdd/bdau/mbanisharifdehkordi/E2E/3d/results_decomp_fixed_proper/decomp_fixed_proper.nc4	/work	lustre
POSIX	52	13957123037057497223	POSIX_SIZE_WRITE_10K_100K	0	/work/hdd/bdau/mbanisharifdehkordi/E2E/3d/results_decomp_fixed_proper/decomp_fixed_proper.nc4	/work	lustre
POSIX	52	13957123037057497223	POSIX_SIZE_WRITE_100K_1M	0	/work/hdd/bdau/mbanisharifdehkordi/E2E/3d/results_decomp_fixed_proper/decomp_fixed_proper.nc4	/work	lustre
POSIX	52	13957123037057497223	POSIX_SIZE_WRITE_1M_4M	0	/work/hdd/bdau/mbanisharifdehkordi/E2E/3d/results_decomp_fixed_proper/decomp_fixed_proper.nc4	/work	lustre
POSIX	52	13957123037057497223	POSIX_SIZE_WRITE_4M_10M	0	/work/hdd/bdau/mbanisharifdehkordi/E2E/3d/results_decomp_fixed_proper/decomp_fixed_proper.nc4	/work	lustre
POSIX	52	13957123037057497223	POSIX_SIZE_WRITE_10M_100M	0	/work/hdd/bdau/mbanisharifdehkordi/E2E/3d/results_decomp_fixed_proper/decomp_fixed_proper.nc4	/work	lustre
POSIX	52	13957123037057497223	POSIX_SIZE_WRITE_100M_1G	0	/work/hdd/bdau/mbanisharifdehkordi/E2E/3d/results_decomp_fixed_proper/decomp_fixed_proper.nc4	/work	lustre
POSIX	52	13957123037057497223	POSIX_SIZE_WRITE_1G_PLUS	0	/work/hdd/bdau/mbanisharifdehkordi/E2E/3d/results_decomp_fixed_proper/decomp_fixed_proper.nc4	/work	lustre
POSIX	53	13957123037057497223	POSIX_WRITES	160	/work/hdd/bdau/mbanisharifdehkordi/E2E/3d/results_decomp_fixed_proper/decomp_fixed_proper.nc4	/work	lustre
POSIX	53	13957123037057497223	POSIX_FILE_NOT_ALIGNED	160	/work/hdd/bdau/mbanisharifdehkordi/E2E/3d/results_decomp_fixed_proper/decomp_fixed_proper.nc4	/work	lustre
POSIX	53	13957123037057497223	POSIX_SIZE_WRITE_0_100	160	/work/hdd/bdau/mbanisharifdehkordi/E2E/3d/results_decomp_fixed_proper/decomp_fixed_proper.nc4	/work	lustre
POSIX	53	13957123037057497223	POSIX_SIZE_WRITE_100_1K	0	/work/hdd/bdau/mbanisharifdehkordi/E2E/3d/results_decomp_fixed_proper/decomp_fixed_proper.nc4	/work	lustre
POSIX	53	13957123037057497223	POSIX_SIZE_WRITE_1K_10K	0	/work/hdd/bdau/mbanisharifdehkordi/E2E/3d/results_decomp_fixed_proper/decomp_fixed_proper.nc4	/work	lustre
POSIX	53	13957123037057497223	POSIX_SIZE_WRITE_10K_100K	0	/work/hdd/bdau/mbanisharifdehkordi/E2E/3d/results_decomp_fixed_proper/decomp_fixed_proper.nc4	/work	lustre
POSIX	53	13957123037057497223	POSIX_SIZE_WRITE_100K_1M	0	/work/hdd/bdau/mbanisharifdehkordi/E2E/3d/results_decomp_fixed_proper/decomp_fixed_proper.nc4	/work	lustre
POSIX	53	13957123037057497223	POSIX_SIZE_WRITE_1M_4M	0	/work/hdd/bdau/mbanisharifdehkordi/E2E/3d/results_decomp_fixed_proper/decomp_fixed_proper.nc4	/work	lustre
POSIX	53	13957123037057497223	POSIX_SIZE_WRITE_4M_10M	0	/work/hdd/bdau/mbanisharifdehkordi/E2E/3d/results_decomp_fixed_proper/decomp_fixed_proper.nc4	/work	lustre
POSIX	53	13957123037057497223	POSIX_SIZE_WRITE_10M_100M	0	/work/hdd/bdau/mbanisharifdehkordi/E2E/3d/results_decomp_fixed_proper/decomp_fixed_proper.nc4	/work	lustre
POSIX	53	13957123037057497223	POSIX_SIZE_WRITE_100M_1G	0	/work/hdd/bdau/mbanisharifdehkordi/E2E/3d/results_decomp_fixed_proper/decomp_fixed_proper.nc4	/work	lustre
POSIX	53	13957123037057497223	POSIX_SIZE_WRITE_1G_PLUS	0	/work/hdd/bdau/mbanisharifdehkordi/E2E/3d/results_decomp_fixed_proper/decomp_fixed_proper.nc4	/work	lustre
POSIX	54	13957123037057497223	POSIX_WRITES	160	/work/hdd/bdau/mbanisharifdehkordi/E2E/3d/results_decomp_fixed_proper/decomp_fixed_proper.nc4	/work	lustre
POSIX	54	13957123037057497223	POSIX_FILE_NOT_ALIGNED	160	/work/hdd/bdau/mbanisharifdehkordi/E2E/3d/results_decomp_fixed_proper/decomp_fixed_proper.nc4	/work	lustre
POSIX	54	13957123037057497223	POSIX_SIZE_WRITE_0_100	160	/work/hdd/bdau/mbanisharifdehkordi/E2E/3d/results_decomp_fixed_proper/decomp_fixed_proper.nc4	/work	lustre
POSIX	54	13957123037057497223	POSIX_SIZE_WRITE_100_1K	0	/work/hdd/bdau/mbanisharifdehkordi/E2E/3d/results_decomp_fixed_proper/decomp_fixed_proper.nc4	/work	lustre
POSIX	54	13957123037057497223	POSIX_SIZE_WRITE_1K_10K	0	/work/hdd/bdau/mbanisharifdehkordi/E2E/3d/results_decomp_fixed_proper/decomp_fixed_proper.nc4	/work	lustre
POSIX	54	13957123037057497223	POSIX_SIZE_WRITE_10K_100K	0	/work/hdd/bdau/mbanisharifdehkordi/E2E/3d/results_decomp_fixed_proper/decomp_fixed_proper.nc4	/work	lustre
POSIX	54	13957123037057497223	POSIX_SIZE_WRITE_100K_1M	0	/work/hdd/bdau/mbanisharifdehkordi/E2E/3d/results_decomp_fixed_proper/decomp_fixed_proper.nc4	/work	lustre
POSIX	54	13957123037057497223	POSIX_SIZE_WRITE_1M_4M	0	/work/hdd/bdau/mbanisharifdehkordi/E2E/3d/results_decomp_fixed_proper/decomp_fixed_proper.nc4	/work	lustre
POSIX	54	13957123037057497223	POSIX_SIZE_WRITE_4M_10M	0	/work/hdd/bdau/mbanisharifdehkordi/E2E/3d/results_decomp_fixed_proper/decomp_fixed_proper.nc4	/work	lustre
POSIX	54	13957123037057497223	POSIX_SIZE_WRITE_10M_100M	0	/work/hdd/bdau/mbanisharifdehkordi/E2E/3d/results_decomp_fixed_proper/decomp_fixed_proper.nc4	/work	lustre
POSIX	54	13957123037057497223	POSIX_SIZE_WRITE_100M_1G	0	/work/hdd/bdau/mbanisharifdehkordi/E2E/3d/results_decomp_fixed_proper/decomp_fixed_proper.nc4	/work	lustre
POSIX	54	13957123037057497223	POSIX_SIZE_WRITE_1G_PLUS	0	/work/hdd/bdau/mbanisharifdehkordi/E2E/3d/results_decomp_fixed_proper/decomp_fixed_proper.nc4	/work	lustre
POSIX	55	13957123037057497223	POSIX_WRITES	160	/work/hdd/bdau/mbanisharifdehkordi/E2E/3d/results_decomp_fixed_proper/decomp_fixed_proper.nc4	/work	lustre
POSIX	55	13957123037057497223	POSIX_FILE_NOT_ALIGNED	160	/work/hdd/bdau/mbanisharifdehkordi/E2E/3d/results_decomp_fixed_proper/decomp_fixed_proper.nc4	/work	lustre
POSIX	55	13957123037057497223	POSIX_SIZE_WRITE_0_100	160	/work/hdd/bdau/mbanisharifdehkordi/E2E/3d/results_decomp_fixed_proper/decomp_fixed_proper.nc4	/work	lustre
POSIX	55	13957123037057497223	POSIX_SIZE_WRITE_100_1K	0	/work/hdd/bdau/mbanisharifdehkordi/E2E/3d/results_decomp_fixed_proper/decomp_fixed_proper.nc4	/work	lustre
POSIX	55	13957123037057497223	POSIX_SIZE_WRITE_1K_10K	0	/work/hdd/bdau/mbanisharifdehkordi/E2E/3d/results_decomp_fixed_proper/decomp_fixed_proper.nc4	/work	lustre
POSIX	55	13957123037057497223	POSIX_SIZE_WRITE_10K_100K	0	/work/hdd/bdau/mbanisharifdehkordi/E2E/3d/results_decomp_fixed_proper/decomp_fixed_proper.nc4	/work	lustre
POSIX	55	13957123037057497223	POSIX_SIZE_WRITE_100K_1M	0	/work/hdd/bdau/mbanisharifdehkordi/E2E/3d/results_decomp_fixed_proper/decomp_fixed_proper.nc4	/work	lustre
POSIX	55	13957123037057497223	POSIX_SIZE_WRITE_1M_4M	0	/work/hdd/bdau/mbanisharifdehkordi/E2E/3d/results_decomp_fixed_proper/decomp_fixed_proper.nc4	/work	lustre
POSIX	55	13957123037057497223	POSIX_SIZE_WRITE_4M_10M	0	/work/hdd/bdau/mbanisharifdehkordi/E2E/3d/results_decomp_fixed_proper/decomp_fixed_proper.nc4	/work	lustre
POSIX	55	13957123037057497223	POSIX_SIZE_WRITE_10M_100M	0	/work/hdd/bdau/mbanisharifdehkordi/E2E/3d/results_decomp_fixed_proper/decomp_fixed_proper.nc4	/work	lustre
POSIX	55	13957123037057497223	POSIX_SIZE_WRITE_100M_1G	0	/work/hdd/bdau/mbanisharifdehkordi/E2E/3d/results_decomp_fixed_proper/decomp_fixed_proper.nc4	/work	lustre
POSIX	55	13957123037057497223	POSIX_SIZE_WRITE_1G_PLUS	0	/work/hdd/bdau/mbanisharifdehkordi/E2E/3d/results_decomp_fixed_proper/decomp_fixed_proper.nc4	/work	lustre
POSIX	56	13957123037057497223	POSIX_WRITES	160	/work/hdd/bdau/mbanisharifdehkordi/E2E/3d/results_decomp_fixed_proper/decomp_fixed_proper.nc4	/work	lustre
POSIX	56	13957123037057497223	POSIX_FILE_NOT_ALIGNED	160	/work/hdd/bdau/mbanisharifdehkordi/E2E/3d/results_decomp_fixed_proper/decomp_fixed_proper.nc4	/work	lustre
POSIX	56	13957123037057497223	POSIX_SIZE_WRITE_0_100	160	/work/hdd/bdau/mbanisharifdehkordi/E2E/3d/results_decomp_fixed_proper/decomp_fixed_proper.nc4	/work	lustre
POSIX	56	13957123037057497223	POSIX_SIZE_WRITE_100_1K	0	/work/hdd/bdau/mbanisharifdehkordi/E2E/3d/results_decomp_fixed_proper/decomp_fixed_proper.nc4	/work	lustre
POSIX	56	13957123037057497223	POSIX_SIZE_WRITE_1K_10K	0	/work/hdd/bdau/mbanisharifdehkordi/E2E/3d/results_decomp_fixed_proper/decomp_fixed_proper.nc4	/work	lustre
POSIX	56	13957123037057497223	POSIX_SIZE_WRITE_10K_100K	0	/work/hdd/bdau/mbanisharifdehkordi/E2E/3d/results_decomp_fixed_proper/decomp_fixed_proper.nc4	/work	lustre
POSIX	56	13957123037057497223	POSIX_SIZE_WRITE_100K_1M	0	/work/hdd/bdau/mbanisharifdehkordi/E2E/3d/results_decomp_fixed_proper/decomp_fixed_proper.nc4	/work	lustre
POSIX	56	13957123037057497223	POSIX_SIZE_WRITE_1M_4M	0	/work/hdd/bdau/mbanisharifdehkordi/E2E/3d/results_decomp_fixed_proper/decomp_fixed_proper.nc4	/work	lustre
POSIX	56	13957123037057497223	POSIX_SIZE_WRITE_4M_10M	0	/work/hdd/bdau/mbanisharifdehkordi/E2E/3d/results_decomp_fixed_proper/decomp_fixed_proper.nc4	/work	lustre
POSIX	56	13957123037057497223	POSIX_SIZE_WRITE_10M_100M	0	/work/hdd/bdau/mbanisharifdehkordi/E2E/3d/results_decomp_fixed_proper/decomp_fixed_proper.nc4	/work	lustre
POSIX	56	13957123037057497223	POSIX_SIZE_WRITE_100M_1G	0	/work/hdd/bdau/mbanisharifdehkordi/E2E/3d/results_decomp_fixed_proper/decomp_fixed_proper.nc4	/work	lustre
POSIX	56	13957123037057497223	POSIX_SIZE_WRITE_1G_PLUS	0	/work/hdd/bdau/mbanisharifdehkordi/E2E/3d/results_decomp_fixed_proper/decomp_fixed_proper.nc4	/work	lustre
POSIX	57	13957123037057497223	POSIX_WRITES	160	/work/hdd/bdau/mbanisharifdehkordi/E2E/3d/results_decomp_fixed_proper/decomp_fixed_proper.nc4	/work	lustre
POSIX	57	13957123037057497223	POSIX_FILE_NOT_ALIGNED	160	/work/hdd/bdau/mbanisharifdehkordi/E2E/3d/results_decomp_fixed_proper/decomp_fixed_proper.nc4	/work	lustre
POSIX	57	13957123037057497223	POSIX_SIZE_WRITE_0_100	160	/work/hdd/bdau/mbanisharifdehkordi/E2E/3d/results_decomp_fixed_proper/decomp_fixed_proper.nc4	/work	lustre
POSIX	57	13957123037057497223	POSIX_SIZE_WRITE_100_1K	0	/work/hdd/bdau/mbanisharifdehkordi/E2E/3d/results_decomp_fixed_proper/decomp_fixed_proper.nc4	/work	lustre
POSIX	57	13957123037057497223	POSIX_SIZE_WRITE_1K_10K	0	/work/hdd/bdau/mbanisharifdehkordi/E2E/3d/results_decomp_fixed_proper/decomp_fixed_proper.nc4	/work	lustre
POSIX	57	13957123037057497223	POSIX_SIZE_WRITE_10K_100K	0	/work/hdd/bdau/mbanisharifdehkordi/E2E/3d/results_decomp_fixed_proper/decomp_fixed_proper.nc4	/work	lustre
POSIX	57	13957123037057497223	POSIX_SIZE_WRITE_100K_1M	0	/work/hdd/bdau/mbanisharifdehkordi/E2E/3d/results_decomp_fixed_proper/decomp_fixed_proper.nc4	/work	lustre
POSIX	57	13957123037057497223	POSIX_SIZE_WRITE_1M_4M	0	/work/hdd/bdau/mbanisharifdehkordi/E2E/3d/results_decomp_fixed_proper/decomp_fixed_proper.nc4	/work	lustre
POSIX	57	13957123037057497223	POSIX_SIZE_WRITE_4M_10M	0	/work/hdd/bdau/mbanisharifdehkordi/E2E/3d/results_decomp_fixed_proper/decomp_fixed_proper.nc4	/work	lustre
POSIX	57	13957123037057497223	POSIX_SIZE_WRITE_10M_100M	0	/work/hdd/bdau/mbanisharifdehkordi/E2E/3d/results_decomp_fixed_proper/decomp_fixed_proper.nc4	/work	lustre
POSIX	57	13957123037057497223	POSIX_SIZE_WRITE_100M_1G	0	/work/hdd/bdau/mbanisharifdehkordi/E2E/3d/results_decomp_fixed_proper/decomp_fixed_proper.nc4	/work	lustre
POSIX	57	13957123037057497223	POSIX_SIZE_WRITE_1G_PLUS	0	/work/hdd/bdau/mbanisharifdehkordi/E2E/3d/results_decomp_fixed_proper/decomp_fixed_proper.nc4	/work	lustre
POSIX	58	13957123037057497223	POSIX_WRITES	160	/work/hdd/bdau/mbanisharifdehkordi/E2E/3d/results_decomp_fixed_proper/decomp_fixed_proper.nc4	/work	lustre
POSIX	58	13957123037057497223	POSIX_FILE_NOT_ALIGNED	160	/work/hdd/bdau/mbanisharifdehkordi/E2E/3d/results_decomp_fixed_proper/decomp_fixed_proper.nc4	/work	lustre
POSIX	58	13957123037057497223	POSIX_SIZE_WRITE_0_100	160	/work/hdd/bdau/mbanisharifdehkordi/E2E/3d/results_decomp_fixed_proper/decomp_fixed_proper.nc4	/work	lustre
POSIX	58	13957123037057497223	POSIX_SIZE_WRITE_100_1K	0	/work/hdd/bdau/mbanisharifdehkordi/E2E/3d/results_decomp_fixed_proper/decomp_fixed_proper.nc4	/work	lustre
POSIX	58	13957123037057497223	POSIX_SIZE_WRITE_1K_10K	0	/work/hdd/bdau/mbanisharifdehkordi/E2E/3d/results_decomp_fixed_proper/decomp_fixed_proper.nc4	/work	lustre
POSIX	58	13957123037057497223	POSIX_SIZE_WRITE_10K_100K	0	/work/hdd/bdau/mbanisharifdehkordi/E2E/3d/results_decomp_fixed_proper/decomp_fixed_proper.nc4	/work	lustre
POSIX	58	13957123037057497223	POSIX_SIZE_WRITE_100K_1M	0	/work/hdd/bdau/mbanisharifdehkordi/E2E/3d/results_decomp_fixed_proper/decomp_fixed_proper.nc4	/work	lustre
POSIX	58	13957123037057497223	POSIX_SIZE_WRITE_1M_4M	0	/work/hdd/bdau/mbanisharifdehkordi/E2E/3d/results_decomp_fixed_proper/decomp_fixed_proper.nc4	/work	lustre
POSIX	58	13957123037057497223	POSIX_SIZE_WRITE_4M_10M	0	/work/hdd/bdau/mbanisharifdehkordi/E2E/3d/results_decomp_fixed_proper/decomp_fixed_proper.nc4	/work	lustre
POSIX	58	13957123037057497223	POSIX_SIZE_WRITE_10M_100M	0	/work/hdd/bdau/mbanisharifdehkordi/E2E/3d/results_decomp_fixed_proper/decomp_fixed_proper.nc4	/work	lustre
POSIX	58	13957123037057497223	POSIX_SIZE_WRITE_100M_1G	0	/work/hdd/bdau/mbanisharifdehkordi/E2E/3d/results_decomp_fixed_proper/decomp_fixed_proper.nc4	/work	lustre
POSIX	58	13957123037057497223	POSIX_SIZE_WRITE_1G_PLUS	0	/work/hdd/bdau/mbanisharifdehkordi/E2E/3d/results_decomp_fixed_proper/decomp_fixed_proper.nc4	/work	lustre
POSIX	59	13957123037057497223	POSIX_WRITES	160	/work/hdd/bdau/mbanisharifdehkordi/E2E/3d/results_decomp_fixed_proper/decomp_fixed_proper.nc4	/work	lustre
POSIX	59	13957123037057497223	POSIX_FILE_NOT_ALIGNED	160	/work/hdd/bdau/mbanisharifdehkordi/E2E/3d/results_decomp_fixed_proper/decomp_fixed_proper.nc4	/work	lustre
POSIX	59	13957123037057497223	POSIX_SIZE_WRITE_0_100	160	/work/hdd/bdau/mbanisharifdehkordi/E2E/3d/results_decomp_fixed_proper/decomp_fixed_proper.nc4	/work	lustre
POSIX	59	13957123037057497223	POSIX_SIZE_WRITE_100_1K	0	/work/hdd/bdau/mbanisharifdehkordi/E2E/3d/results_decomp_fixed_proper/decomp_fixed_proper.nc4	/work	lustre
POSIX	59	13957123037057497223	POSIX_SIZE_WRITE_1K_10K	0	/work/hdd/bdau/mbanisharifdehkordi/E2E/3d/results_decomp_fixed_proper/decomp_fixed_proper.nc4	/work	lustre
POSIX	59	13957123037057497223	POSIX_SIZE_WRITE_10K_100K	0	/work/hdd/bdau/mbanisharifdehkordi/E2E/3d/results_decomp_fixed_proper/decomp_fixed_proper.nc4	/work	lustre
POSIX	59	13957123037057497223	POSIX_SIZE_WRITE_100K_1M	0	/work/hdd/bdau/mbanisharifdehkordi/E2E/3d/results_decomp_fixed_proper/decomp_fixed_proper.nc4	/work	lustre
POSIX	59	13957123037057497223	POSIX_SIZE_WRITE_1M_4M	0	/work/hdd/bdau/mbanisharifdehkordi/E2E/3d/results_decomp_fixed_proper/decomp_fixed_proper.nc4	/work	lustre
POSIX	59	13957123037057497223	POSIX_SIZE_WRITE_4M_10M	0	/work/hdd/bdau/mbanisharifdehkordi/E2E/3d/results_decomp_fixed_proper/decomp_fixed_proper.nc4	/work	lustre
POSIX	59	13957123037057497223	POSIX_SIZE_WRITE_10M_100M	0	/work/hdd/bdau/mbanisharifdehkordi/E2E/3d/results_decomp_fixed_proper/decomp_fixed_proper.nc4	/work	lustre
POSIX	59	13957123037057497223	POSIX_SIZE_WRITE_100M_1G	0	/work/hdd/bdau/mbanisharifdehkordi/E2E/3d/results_decomp_fixed_proper/decomp_fixed_proper.nc4	/work	lustre
POSIX	59	13957123037057497223	POSIX_SIZE_WRITE_1G_PLUS	0	/work/hdd/bdau/mbanisharifdehkordi/E2E/3d/results_decomp_fixed_proper/decomp_fixed_proper.nc4	/work	lustre
POSIX	60	13957123037057497223	POSIX_WRITES	160	/work/hdd/bdau/mbanisharifdehkordi/E2E/3d/results_decomp_fixed_proper/decomp_fixed_proper.nc4	/work	lustre
POSIX	60	13957123037057497223	POSIX_FILE_NOT_ALIGNED	160	/work/hdd/bdau/mbanisharifdehkordi/E2E/3d/results_decomp_fixed_proper/decomp_fixed_proper.nc4	/work	lustre
POSIX	60	13957123037057497223	POSIX_SIZE_WRITE_0_100	160	/work/hdd/bdau/mbanisharifdehkordi/E2E/3d/results_decomp_fixed_proper/decomp_fixed_proper.nc4	/work	lustre
POSIX	60	13957123037057497223	POSIX_SIZE_WRITE_100_1K	0	/work/hdd/bdau/mbanisharifdehkordi/E2E/3d/results_decomp_fixed_proper/decomp_fixed_proper.nc4	/work	lustre
POSIX	60	13957123037057497223	POSIX_SIZE_WRITE_1K_10K	0	/work/hdd/bdau/mbanisharifdehkordi/E2E/3d/results_decomp_fixed_proper/decomp_fixed_proper.nc4	/work	lustre
POSIX	60	13957123037057497223	POSIX_SIZE_WRITE_10K_100K	0	/work/hdd/bdau/mbanisharifdehkordi/E2E/3d/results_decomp_fixed_proper/decomp_fixed_proper.nc4	/work	lustre
POSIX	60	13957123037057497223	POSIX_SIZE_WRITE_100K_1M	0	/work/hdd/bdau/mbanisharifdehkordi/E2E/3d/results_decomp_fixed_proper/decomp_fixed_proper.nc4	/work	lustre
POSIX	60	13957123037057497223	POSIX_SIZE_WRITE_1M_4M	0	/work/hdd/bdau/mbanisharifdehkordi/E2E/3d/results_decomp_fixed_proper/decomp_fixed_proper.nc4	/work	lustre
POSIX	60	13957123037057497223	POSIX_SIZE_WRITE_4M_10M	0	/work/hdd/bdau/mbanisharifdehkordi/E2E/3d/results_decomp_fixed_proper/decomp_fixed_proper.nc4	/work	lustre
POSIX	60	13957123037057497223	POSIX_SIZE_WRITE_10M_100M	0	/work/hdd/bdau/mbanisharifdehkordi/E2E/3d/results_decomp_fixed_proper/decomp_fixed_proper.nc4	/work	lustre
POSIX	60	13957123037057497223	POSIX_SIZE_WRITE_100M_1G	0	/work/hdd/bdau/mbanisharifdehkordi/E2E/3d/results_decomp_fixed_proper/decomp_fixed_proper.nc4	/work	lustre
POSIX	60	13957123037057497223	POSIX_SIZE_WRITE_1G_PLUS	0	/work/hdd/bdau/mbanisharifdehkordi/E2E/3d/results_decomp_fixed_proper/decomp_fixed_proper.nc4	/work	lustre
POSIX	61	13957123037057497223	POSIX_WRITES	160	/work/hdd/bdau/mbanisharifdehkordi/E2E/3d/results_decomp_fixed_proper/decomp_fixed_proper.nc4	/work	lustre
POSIX	61	13957123037057497223	POSIX_FILE_NOT_ALIGNED	160	/work/hdd/bdau/mbanisharifdehkordi/E2E/3d/results_decomp_fixed_proper/decomp_fixed_proper.nc4	/work	lustre
POSIX	61	13957123037057497223	POSIX_SIZE_WRITE_0_100	160	/work/hdd/bdau/mbanisharifdehkordi/E2E/3d/results_decomp_fixed_proper/decomp_fixed_proper.nc4	/work	lustre
POSIX	61	13957123037057497223	POSIX_SIZE_WRITE_100_1K	0	/work/hdd/bdau/mbanisharifdehkordi/E2E/3d/results_decomp_fixed_proper/decomp_fixed_proper.nc4	/work	lustre
POSIX	61	13957123037057497223	POSIX_SIZE_WRITE_1K_10K	0	/work/hdd/bdau/mbanisharifdehkordi/E2E/3d/results_decomp_fixed_proper/decomp_fixed_proper.nc4	/work	lustre
POSIX	61	13957123037057497223	POSIX_SIZE_WRITE_10K_100K	0	/work/hdd/bdau/mbanisharifdehkordi/E2E/3d/results_decomp_fixed_proper/decomp_fixed_proper.nc4	/work	lustre
POSIX	61	13957123037057497223	POSIX_SIZE_WRITE_100K_1M	0	/work/hdd/bdau/mbanisharifdehkordi/E2E/3d/results_decomp_fixed_proper/decomp_fixed_proper.nc4	/work	lustre
POSIX	61	13957123037057497223	POSIX_SIZE_WRITE_1M_4M	0	/work/hdd/bdau/mbanisharifdehkordi/E2E/3d/results_decomp_fixed_proper/decomp_fixed_proper.nc4	/work	lustre
POSIX	61	13957123037057497223	POSIX_SIZE_WRITE_4M_10M	0	/work/hdd/bdau/mbanisharifdehkordi/E2E/3d/results_decomp_fixed_proper/decomp_fixed_proper.nc4	/work	lustre
POSIX	61	13957123037057497223	POSIX_SIZE_WRITE_10M_100M	0	/work/hdd/bdau/mbanisharifdehkordi/E2E/3d/results_decomp_fixed_proper/decomp_fixed_proper.nc4	/work	lustre
POSIX	61	13957123037057497223	POSIX_SIZE_WRITE_100M_1G	0	/work/hdd/bdau/mbanisharifdehkordi/E2E/3d/results_decomp_fixed_proper/decomp_fixed_proper.nc4	/work	lustre
POSIX	61	13957123037057497223	POSIX_SIZE_WRITE_1G_PLUS	0	/work/hdd/bdau/mbanisharifdehkordi/E2E/3d/results_decomp_fixed_proper/decomp_fixed_proper.nc4	/work	lustre
POSIX	62	13957123037057497223	POSIX_WRITES	160	/work/hdd/bdau/mbanisharifdehkordi/E2E/3d/results_decomp_fixed_proper/decomp_fixed_proper.nc4	/work	lustre
POSIX	62	13957123037057497223	POSIX_FILE_NOT_ALIGNED	160	/work/hdd/bdau/mbanisharifdehkordi/E2E/3d/results_decomp_fixed_proper/decomp_fixed_proper.nc4	/work	lustre
POSIX	62	13957123037057497223	POSIX_SIZE_WRITE_0_100	160	/work/hdd/bdau/mbanisharifdehkordi/E2E/3d/results_decomp_fixed_proper/decomp_fixed_proper.nc4	/work	lustre
POSIX	62	13957123037057497223	POSIX_SIZE_WRITE_100_1K	0	/work/hdd/bdau/mbanisharifdehkordi/E2E/3d/results_decomp_fixed_proper/decomp_fixed_proper.nc4	/work	lustre
POSIX	62	13957123037057497223	POSIX_SIZE_WRITE_1K_10K	0	/work/hdd/bdau/mbanisharifdehkordi/E2E/3d/results_decomp_fixed_proper/decomp_fixed_proper.nc4	/work	lustre
POSIX	62	13957123037057497223	POSIX_SIZE_WRITE_10K_100K	0	/work/hdd/bdau/mbanisharifdehkordi/E2E/3d/results_decomp_fixed_proper/decomp_fixed_proper.nc4	/work	lustre
POSIX	62	13957123037057497223	POSIX_SIZE_WRITE_100K_1M	0	/work/hdd/bdau/mbanisharifdehkordi/E2E/3d/results_decomp_fixed_proper/decomp_fixed_proper.nc4	/work	lustre
POSIX	62	13957123037057497223	POSIX_SIZE_WRITE_1M_4M	0	/work/hdd/bdau/mbanisharifdehkordi/E2E/3d/results_decomp_fixed_proper/decomp_fixed_proper.nc4	/work	lustre
POSIX	62	13957123037057497223	POSIX_SIZE_WRITE_4M_10M	0	/work/hdd/bdau/mbanisharifdehkordi/E2E/3d/results_decomp_fixed_proper/decomp_fixed_proper.nc4	/work	lustre
POSIX	62	13957123037057497223	POSIX_SIZE_WRITE_10M_100M	0	/work/hdd/bdau/mbanisharifdehkordi/E2E/3d/results_decomp_fixed_proper/decomp_fixed_proper.nc4	/work	lustre
POSIX	62	13957123037057497223	POSIX_SIZE_WRITE_100M_1G	0	/work/hdd/bdau/mbanisharifdehkordi/E2E/3d/results_decomp_fixed_proper/decomp_fixed_proper.nc4	/work	lustre
POSIX	62	13957123037057497223	POSIX_SIZE_WRITE_1G_PLUS	0	/work/hdd/bdau/mbanisharifdehkordi/E2E/3d/results_decomp_fixed_proper/decomp_fixed_proper.nc4	/work	lustre
POSIX	63	13957123037057497223	POSIX_WRITES	160	/work/hdd/bdau/mbanisharifdehkordi/E2E/3d/results_decomp_fixed_proper/decomp_fixed_proper.nc4	/work	lustre
POSIX	63	13957123037057497223	POSIX_FILE_NOT_ALIGNED	160	/work/hdd/bdau/mbanisharifdehkordi/E2E/3d/results_decomp_fixed_proper/decomp_fixed_proper.nc4	/work	lustre
POSIX	63	13957123037057497223	POSIX_SIZE_WRITE_0_100	160	/work/hdd/bdau/mbanisharifdehkordi/E2E/3d/results_decomp_fixed_proper/decomp_fixed_proper.nc4	/work	lustre
POSIX	63	13957123037057497223	POSIX_SIZE_WRITE_100_1K	0	/work/hdd/bdau/mbanisharifdehkordi/E2E/3d/results_decomp_fixed_proper/decomp_fixed_proper.nc4	/work	lustre
POSIX	63	13957123037057497223	POSIX_SIZE_WRITE_1K_10K	0	/work/hdd/bdau/mbanisharifdehkordi/E2E/3d/results_decomp_fixed_proper/decomp_fixed_proper.nc4	/work	lustre
POSIX	63	13957123037057497223	POSIX_SIZE_WRITE_10K_100K	0	/work/hdd/bdau/mbanisharifdehkordi/E2E/3d/results_decomp_fixed_proper/decomp_fixed_proper.nc4	/work	lustre
POSIX	63	13957123037057497223	POSIX_SIZE_WRITE_100K_1M	0	/work/hdd/bdau/mbanisharifdehkordi/E2E/3d/results_decomp_fixed_proper/decomp_fixed_proper.nc4	/work	lustre
POSIX	63	13957123037057497223	POSIX_SIZE_WRITE_1M_4M	0	/work/hdd/bdau/mbanisharifdehkordi/E2E/3d/results_decomp_fixed_proper/decomp_fixed_proper.nc4	/work	lustre
POSIX	63	13957123037057497223	POSIX_SIZE_WRITE_4M_10M	0	/work/hdd/bdau/mbanisharifdehkordi/E2E/3d/results_decomp_fixed_proper/decomp_fixed_proper.nc4	/work	lustre
POSIX	63	13957123037057497223	POSIX_SIZE_WRITE_10M_100M	0	/work/hdd/bdau/mbanisharifdehkordi/E2E/3d/results_decomp_fixed_proper/decomp_fixed_proper.nc4	/work	lustre
POSIX	63	13957123037057497223	POSIX_SIZE_WRITE_100M_1G	0	/work/hdd/bdau/mbanisharifdehkordi/E2E/3d/results_decomp_fixed_proper/decomp_fixed_proper.nc4	/work	lustre
POSIX	63	13957123037057497223	POSIX_SIZE_WRITE_1G_PLUS	0	/work/hdd/bdau/mbanisharifdehkordi/E2E/3d/results_decomp_fixed_proper/decomp_fixed_proper.nc4	/work	lustre
