{
  "test_metrics": {
    "rmse": 0.3591427379504344,
    "mae": 0.29231954856959697,
    "r2": 0.8643415644600947
  },
  "comparison_with_aiio": {
    "XGBoost": {
      "aiio_rmse": 0.5634,
      "our_rmse": 0.3591427379504344,
      "improvement_percent": 36.25439510996905,
      "is_better": true
    },
    "LightGBM": {
      "aiio_rmse": 0.2632,
      "our_rmse": 0.3591427379504344,
      "improvement_percent": -36.45240803587933,
      "is_better": false
    },
    "CatBoost": {
      "aiio_rmse": 0.2686,
      "our_rmse": 0.3591427379504344,
      "improvement_percent": -33.70913549904482,
      "is_better": false
    },
    "MLP": {
      "aiio_rmse": 0.5416,
      "our_rmse": 0.3591427379504344,
      "improvement_percent": 33.68856389393752,
      "is_better": true
    },
    "TabNet": {
      "aiio_rmse": 0.3078,
      "our_rmse": 0.3591427379504344,
      "improvement_percent": -16.680551640816883,
      "is_better": false
    },
    "Closest_Method": {
      "aiio_rmse": 0.186,
      "our_rmse": 0.3591427379504344,
      "improvement_percent": -93.08749352173892,
      "is_better": false
    },
    "Average_Method": {
      "aiio_rmse": 0.2405,
      "our_rmse": 0.3591427379504344,
      "improvement_percent": -49.33169977149039,
      "is_better": false
    }
  },
  "best_val_rmse": 0.35958316373018884,
  "best_epoch": 72,
  "training_history": {
    "train_loss": [
      3.9350601017024642,
      0.7939239917834675,
      0.7263529324328208,
      0.6080060733483575,
      0.6203987558652805,
      0.550736456641352,
      0.4950689675391373,
      0.5233592279777486,
      0.47970599288892657,
      0.46311864783377243,
      0.47207065364366574,
      0.47951405073033804,
      0.4334876792990698,
      0.4219172571209052,
      0.41810571376397054,
      0.4162902003214489,
      0.4139041951103815,
      0.4070668650196531,
      0.40297564490754423,
      0.3983347267496054,
      0.39465721987308955,
      0.3923596499414116,
      0.39147054403735826,
      0.38930545818213935,
      0.3843996800491261,
      0.382181743853373,
      0.37739209211402336,
      0.3737753611586107,
      0.3750395021359575,
      0.3761591463139086,
      0.37593494046783105,
      0.36779872993371826,
      0.36749065030555444,
      0.3681901501565729,
      0.36613304481279224,
      0.3676763201336331,
      0.3596971825270187,
      0.35878297772410944,
      0.3563709785281799,
      0.35624603166078633,
      0.3524193293414023,
      0.3523201790222561,
      0.3487545671781836,
      0.34993497605616447,
      0.3476952625229759,
      0.3470542834315206,
      0.34731833691451813,
      0.3456026436118108,
      0.34534370988608765,
      0.3439147461140099,
      0.34355787627390527,
      0.34264325006707325,
      0.34222723607523137,
      0.34161734495767404,
      0.3421714695913428,
      0.3413911423868383,
      0.34050663217246224,
      0.33968999874272443,
      0.33994981440783667,
      0.3392007092245186,
      0.33824026475807106,
      0.3379889001372099,
      0.3375472462919306,
      0.3385337783076663,
      0.33632599457001666,
      0.3353848191104995,
      0.335788562238903,
      0.3350863276479691,
      0.3348802936736228,
      0.33476187334380697,
      0.33345231910298967,
      0.33292598310218174,
      0.33269582292634803,
      0.3329611535617299,
      0.3311156674993947,
      0.33121839714083995,
      0.33067659245549774,
      0.329687084225257,
      0.3292477435885991,
      0.3299087767617873,
      0.328938699740171,
      0.32906452582994505,
      0.3295247553878453,
      0.328756492942447,
      0.3272027751845553,
      0.32614862634051095,
      0.32605139466134897,
      0.32571154061512786,
      0.32574096185567764,
      0.32546447466029027,
      0.32531205934858953,
      0.3250158338216354,
      0.324839800848616,
      0.3248941557191366,
      0.3242254845383998,
      0.3236606507775282,
      0.3235844752414162,
      0.32377355132968166,
      0.32340295210806747,
      0.3228189306362789,
      0.3230722059356258,
      0.3230734674952117,
      0.322914130051543
    ],
    "train_rmse": [
      3.9350601017024642,
      0.7939239917834675,
      0.7263529324328208,
      0.6080060733483575,
      0.6203987558652805,
      0.550736456641352,
      0.4950689675391373,
      0.5233592279777486,
      0.47970599288892657,
      0.46311864783377243,
      0.47207065364366574,
      0.47951405073033804,
      0.4334876792990698,
      0.4219172571209052,
      0.41810571376397054,
      0.4162902003214489,
      0.4139041951103815,
      0.4070668650196531,
      0.40297564490754423,
      0.3983347267496054,
      0.39465721987308955,
      0.3923596499414116,
      0.39147054403735826,
      0.38930545818213935,
      0.3843996800491261,
      0.382181743853373,
      0.37739209211402336,
      0.3737753611586107,
      0.3750395021359575,
      0.3761591463139086,
      0.37593494046783105,
      0.36779872993371826,
      0.36749065030555444,
      0.3681901501565729,
      0.36613304481279224,
      0.3676763201336331,
      0.3596971825270187,
      0.35878297772410944,
      0.3563709785281799,
      0.35624603166078633,
      0.3524193293414023,
      0.3523201790222561,
      0.3487545671781836,
      0.34993497605616447,
      0.3476952625229759,
      0.3470542834315206,
      0.34731833691451813,
      0.3456026436118108,
      0.34534370988608765,
      0.3439147461140099,
      0.34355787627390527,
      0.34264325006707325,
      0.34222723607523137,
      0.34161734495767404,
      0.3421714695913428,
      0.3413911423868383,
      0.34050663217246224,
      0.33968999874272443,
      0.33994981440783667,
      0.3392007092245186,
      0.33824026475807106,
      0.3379889001372099,
      0.3375472462919306,
      0.3385337783076663,
      0.33632599457001666,
      0.3353848191104995,
      0.335788562238903,
      0.3350863276479691,
      0.3348802936736228,
      0.33476187334380697,
      0.33345231910298967,
      0.33292598310218174,
      0.33269582292634803,
      0.3329611535617299,
      0.3311156674993947,
      0.33121839714083995,
      0.33067659245549774,
      0.329687084225257,
      0.3292477435885991,
      0.3299087767617873,
      0.328938699740171,
      0.32906452582994505,
      0.3295247553878453,
      0.328756492942447,
      0.3272027751845553,
      0.32614862634051095,
      0.32605139466134897,
      0.32571154061512786,
      0.32574096185567764,
      0.32546447466029027,
      0.32531205934858953,
      0.3250158338216354,
      0.324839800848616,
      0.3248941557191366,
      0.3242254845383998,
      0.3236606507775282,
      0.3235844752414162,
      0.32377355132968166,
      0.32340295210806747,
      0.3228189306362789,
      0.3230722059356258,
      0.3230734674952117,
      0.322914130051543
    ],