{
  "performance": {
    "predicted_mbps": 7.14267904515045,
    "actual_mbps": 583.7711617046119,
    "error_mbps": 576.6284826594615,
    "relative_error_percent": 98.77645907956574
  },
  "bottlenecks": {
    "attention": {
      "POSIX_ACCESS1_COUNT": 0.03183596953749657,
      "POSIX_SIZE_WRITE_1K_10K": 0.03154103085398674,
      "POSIX_SIZE_WRITE_100_1K": 0.03129573538899422,
      "POSIX_ACCESS4_COUNT": 0.02705301158130169,
      "POSIX_CONSEC_WRITES": 0.027012456208467484,
      "POSIX_ACCESS2_ACCESS": 0.026396216824650764,
      "POSIX_ACCESS1_ACCESS": 0.026396216824650764,
      "POSIX_SEQ_READS": 0.025756286457180977,
      "POSIX_SIZE_WRITE_10K_100K": 0.025695249438285828,
      "POSIX_STRIDE2_COUNT": 0.025619246065616608
    },
    "gnn_explainer": {
      "POSIX_SEQ_WRITES": 0.5290446877479553,
      "POSIX_ACCESS1_COUNT": 0.5250340700149536,
      "POSIX_ACCESS3_ACCESS": 0.524124026298523,
      "POSIX_CONSEC_WRITES": 0.5117102265357971,
      "POSIX_MEM_ALIGNMENT": 0.5073266625404358,
      "POSIX_ACCESS2_COUNT": 0.49944666028022766,
      "LUSTRE_STRIPE_SIZE": 0.4956987500190735,
      "nprocs": 0.4916883409023285,
      "POSIX_FILE_ALIGNMENT": 0.4890027940273285,
      "POSIX_ACCESS1_ACCESS": 0.46843668818473816
    },
    "gradients": {
      "POSIX_BYTES_WRITTEN": 0.2339359074831009,
      "POSIX_MEM_ALIGNMENT": 0.09550515562295914,
      "POSIX_CONSEC_WRITES": 0.07377707958221436,
      "POSIX_SIZE_WRITE_100_1K": 0.06745747476816177,
      "POSIX_SEEKS": 0.06348420679569244,
      "POSIX_WRITES": 0.057922910898923874,
      "POSIX_FILE_ALIGNMENT": 0.052271101623773575,
      "POSIX_ACCESS1_ACCESS": 0.04528652876615524,
      "POSIX_SEQ_WRITES": 0.03813798725605011,
      "POSIX_OPENS": 0.02127664163708687
    },
    "consensus": {
      "POSIX_BYTES_WRITTEN": 2.8080013294777433,
      "POSIX_MEM_ALIGNMENT": 1.4706418053800394,
      "POSIX_SIZE_WRITE_100_1K": 0.9681151738591689,
      "POSIX_SEQ_WRITES": 0.9305389877591759,
      "POSIX_ACCESS1_COUNT": 0.8671799344383744,
      "POSIX_FILE_ALIGNMENT": 0.8028540656865699,
      "POSIX_CONSEC_WRITES": 0.7103450135687712,
      "POSIX_SIZE_WRITE_1K_10K": 0.5335357609384497,
      "POSIX_WRITES": 0.4864144759487991,
      "POSIX_ACCESS3_ACCESS": 0.4259711984600719
    }
  },
  "primary_bottleneck": {
    "feature": "POSIX_BYTES_WRITTEN",
    "consensus_score": 2.8080013294777433,
    "recommendation": "Optimize total data written, consider compression"
  }
}