{
  "performance": {
    "predicted_mbps": 7.14267904515045,
    "actual_mbps": 5.17,
    "error_mbps": 1.97267904515045,
    "relative_error_percent": 38.15626779788104
  },
  "bottlenecks": {
    "attention": {},
    "gnn_explainer": {
      "POSIX_BYTES_WRITTEN": 0.5594842433929443,
      "POSIX_ACCESS1_COUNT": 0.5464946627616882,
      "POSIX_SEQ_WRITES": 0.5175550580024719,
      "POSIX_FILENOS": 0.5174338221549988,
      "POSIX_FILE_NOT_ALIGNED": 0.514273464679718,
      "POSIX_FILE_ALIGNMENT": 0.5097932815551758,
      "POSIX_OPENS": 0.49441227316856384,
      "POSIX_BYTES_READ": 0.4901511073112488,
      "POSIX_SIZE_WRITE_100_1K": 0.4882708191871643,
      "POSIX_ACCESS4_ACCESS": 0.48589590191841125
    },
    "gradients": {
      "POSIX_BYTES_WRITTEN": 0.2339359074831009,
      "POSIX_MEM_ALIGNMENT": 0.09550515562295914,
      "POSIX_CONSEC_WRITES": 0.07377707958221436,
      "POSIX_SIZE_WRITE_100_1K": 0.06745747476816177,
      "POSIX_SEEKS": 0.06348420679569244,
      "POSIX_WRITES": 0.057922910898923874,
      "POSIX_FILE_ALIGNMENT": 0.052271101623773575,
      "POSIX_ACCESS1_ACCESS": 0.04528652876615524,
      "POSIX_SEQ_WRITES": 0.03813798725605011,
      "POSIX_OPENS": 0.02127664163708687
    },
    "consensus": {
      "POSIX_BYTES_WRITTEN": 3.408031224094576,
      "POSIX_CONSEC_WRITES": 0.9324702170258985,
      "POSIX_SIZE_WRITE_100_1K": 0.8863893701185896,
      "POSIX_FILE_ALIGNMENT": 0.8454386712989546,
      "POSIX_MEM_ALIGNMENT": 0.8058279633526484,
      "POSIX_SEEKS": 0.7898648107646639,
      "POSIX_SEQ_WRITES": 0.7245407624995589,
      "POSIX_ACCESS1_ACCESS": 0.565461580261196,
      "POSIX_ACCESS1_COUNT": 0.5149962439656172,
      "POSIX_WRITES": 0.38579674728718255
    }
  },
  "primary_bottleneck": {
    "feature": "POSIX_BYTES_WRITTEN",
    "consensus_score": 3.408031224094576,
    "recommendation": "Optimize I/O pattern for better performance"
  }
}