{
  "performance": {
    "predicted_mbps": 7.653415405812325,
    "actual_mbps": 1096.4912280701756,
    "error_mbps": 1088.8378126643634,
    "relative_error_percent": 99.30200851498992
  },
  "bottlenecks": {
    "attention": {
      "POSIX_MEM_ALIGNMENT": 0.03752085939049721,
      "LUSTRE_STRIPE_WIDTH": 0.03752085939049721,
      "POSIX_SIZE_READ_1K_10K": 0.037520743906497955,
      "POSIX_SIZE_READ_100K_1M": 0.037520743906497955,
      "POSIX_SIZE_WRITE_0_100": 0.037520743906497955,
      "POSIX_SIZE_WRITE_100_1K": 0.037520743906497955,
      "POSIX_SIZE_WRITE_1K_10K": 0.037520743906497955,
      "POSIX_ACCESS1_COUNT": 0.03752068057656288,
      "POSIX_ACCESS4_ACCESS": 0.03752067685127258,
      "POSIX_ACCESS3_ACCESS": 0.03752067685127258
    },
    "gnn_explainer": {
      "nprocs": 0.6653106212615967,
      "POSIX_ACCESS1_ACCESS": 0.6008235216140747,
      "POSIX_FILE_ALIGNMENT": 0.5778313279151917,
      "POSIX_ACCESS1_COUNT": 0.5532264113426208,
      "POSIX_BYTES_READ": 0.5503039956092834,
      "POSIX_CONSEC_READS": 0.5482352375984192,
      "POSIX_SEEKS": 0.5320723652839661,
      "LUSTRE_STRIPE_WIDTH": 0.5091251134872437,
      "POSIX_SIZE_READ_100_1K": 0.45118069648742676,
      "POSIX_READS": 0.42314621806144714
    },
    "gradients": {
      "POSIX_BYTES_READ": 0.298027902841568,
      "POSIX_SIZE_READ_100_1K": 0.09566310048103333,
      "POSIX_MEM_ALIGNMENT": 0.07501893490552902,
      "POSIX_ACCESS1_ACCESS": 0.05227010324597359,
      "POSIX_FILE_NOT_ALIGNED": 0.0498160757124424,
      "POSIX_ACCESS1_COUNT": 0.044568147510290146,
      "POSIX_SEEKS": 0.04069006070494652,
      "POSIX_READS": 0.026004038751125336,
      "nprocs": 0.017864087596535683,
      "POSIX_STATS": 0.0138518325984478
    },
    "consensus": {
      "POSIX_BYTES_READ": 3.315765197856543,
      "POSIX_ACCESS1_ACCESS": 0.9984131382057413,
      "nprocs": 0.9803055110458371,
      "POSIX_MEM_ALIGNMENT": 0.7235769058297984,
      "POSIX_SIZE_READ_100_1K": 0.6567908526412798,
      "LUSTRE_STRIPE_WIDTH": 0.566878958799649,
      "POSIX_SEEKS": 0.5097140622373085,
      "POSIX_FILE_ALIGNMENT": 0.43880188273723847,
      "POSIX_CONSEC_READS": 0.2573832710966898,
      "POSIX_ACCESS1_COUNT": 0.08888621865332902
    }
  },
  "primary_bottleneck": {
    "feature": "POSIX_BYTES_READ",
    "consensus_score": 3.315765197856543,
    "recommendation": "Optimize I/O pattern for better performance"
  }
}