{
  "performance": {
    "predicted_mbps": 7.14267904515045,
    "actual_mbps": 5.17,
    "error_mbps": 1.97267904515045,
    "relative_error_percent": 38.15626779788104
  },
  "bottlenecks": {
    "attention": {
      "POSIX_ACCESS1_COUNT": 0.03183596953749657,
      "POSIX_SIZE_WRITE_1K_10K": 0.03154103085398674,
      "POSIX_SIZE_WRITE_100_1K": 0.03129573538899422,
      "POSIX_ACCESS4_COUNT": 0.02705301158130169,
      "POSIX_CONSEC_WRITES": 0.027012456208467484,
      "POSIX_ACCESS2_ACCESS": 0.026396216824650764,
      "POSIX_ACCESS1_ACCESS": 0.026396216824650764,
      "POSIX_SEQ_READS": 0.025756286457180977,
      "POSIX_SIZE_WRITE_10K_100K": 0.025695249438285828,
      "POSIX_STRIDE2_COUNT": 0.025619246065616608
    },
    "gnn_explainer": {
      "POSIX_SIZE_WRITE_100_1K": 0.5102525353431702,
      "POSIX_OPENS": 0.5065737962722778,
      "POSIX_BYTES_WRITTEN": 0.49018147587776184,
      "POSIX_FILENOS": 0.48881426453590393,
      "POSIX_FILE_ALIGNMENT": 0.4833199977874756,
      "POSIX_CONSEC_WRITES": 0.48307281732559204,
      "POSIX_ACCESS1_COUNT": 0.4601428210735321,
      "POSIX_SEQ_WRITES": 0.4557182490825653,
      "nprocs": 0.45357170701026917,
      "POSIX_BYTES_READ": 0.4362955689430237
    },
    "gradients": {
      "POSIX_BYTES_WRITTEN": 0.2339359074831009,
      "POSIX_MEM_ALIGNMENT": 0.09550515562295914,
      "POSIX_CONSEC_WRITES": 0.07377707958221436,
      "POSIX_SIZE_WRITE_100_1K": 0.06745747476816177,
      "POSIX_SEEKS": 0.06348420679569244,
      "POSIX_WRITES": 0.057922910898923874,
      "POSIX_FILE_ALIGNMENT": 0.052271101623773575,
      "POSIX_ACCESS1_ACCESS": 0.04528652876615524,
      "POSIX_SEQ_WRITES": 0.03813798725605011,
      "POSIX_OPENS": 0.02127664163708687
    },
    "consensus": {
      "POSIX_BYTES_WRITTEN": 3.2086065188794652,
      "POSIX_SIZE_WRITE_100_1K": 1.299683626020987,
      "POSIX_FILE_ALIGNMENT": 0.9518740052330285,
      "POSIX_SEEKS": 0.7260011628887351,
      "POSIX_ACCESS1_COUNT": 0.7196254823983351,
      "POSIX_CONSEC_WRITES": 0.6952021912718686,
      "POSIX_OPENS": 0.6717364079704349,
      "POSIX_SEQ_WRITES": 0.660061459329752,
      "POSIX_WRITES": 0.6509878473346395,
      "POSIX_MEM_ALIGNMENT": 0.6418606632577205
    }
  },
  "primary_bottleneck": {
    "feature": "POSIX_BYTES_WRITTEN",
    "consensus_score": 3.2086065188794652,
    "recommendation": "Optimize total data written, consider compression"
  }
}