{
  "performance": {
    "predicted_mbps": 7.5360066455745205,
    "actual_mbps": 866.0820612753063,
    "error_mbps": 858.5460546297318,
    "relative_error_percent": 99.12987383268536
  },
  "bottlenecks": {
    "attention": {
      "POSIX_SIZE_WRITE_0_100": 0.031828057020902634,
      "POSIX_CONSEC_WRITES": 0.03175179660320282,
      "POSIX_SEQ_READS": 0.03175179660320282,
      "POSIX_MEM_ALIGNMENT": 0.027671638876199722,
      "POSIX_BYTES_READ": 0.02699876017868519,
      "POSIX_STATS": 0.02699876017868519,
      "POSIX_FILE_ALIGNMENT": 0.025200769305229187,
      "nprocs": 0.02438114397227764,
      "POSIX_OPENS": 0.02438114397227764,
      "POSIX_BYTES_WRITTEN": 0.024241823703050613
    },
    "gnn_explainer": {
      "POSIX_ACCESS1_COUNT": 0.6443976163864136,
      "POSIX_ACCESS1_ACCESS": 0.6113654375076294,
      "POSIX_SEQ_WRITES": 0.6056510806083679,
      "POSIX_OPENS": 0.5847023725509644,
      "POSIX_STATS": 0.5797451734542847,
      "POSIX_SEEKS": 0.5591116547584534,
      "POSIX_CONSEC_WRITES": 0.5468299388885498,
      "POSIX_WRITES": 0.5233491659164429,
      "LUSTRE_STRIPE_SIZE": 0.5194335579872131,
      "LUSTRE_STRIPE_WIDTH": 0.5112045407295227
    },
    "gradients": {
      "POSIX_BYTES_WRITTEN": 0.10815050452947617,
      "POSIX_CONSEC_WRITES": 0.07256051898002625,
      "POSIX_MEM_ALIGNMENT": 0.07225219905376434,
      "POSIX_FILE_ALIGNMENT": 0.06610603630542755,
      "POSIX_ACCESS1_ACCESS": 0.041521649807691574,
      "nprocs": 0.033206816762685776,
      "POSIX_WRITES": 0.025614837184548378,
      "POSIX_SEQ_WRITES": 0.024958746507763863,
      "POSIX_ACCESS1_COUNT": 0.017221076413989067,
      "POSIX_SIZE_WRITE_100K_1M": 0.015297353267669678
    },
    "consensus": {
      "POSIX_CONSEC_WRITES": 1.3330305696876696,
      "POSIX_ACCESS1_ACCESS": 1.2807690606829283,
      "POSIX_ACCESS1_COUNT": 1.0974282206026302,
      "POSIX_SEQ_WRITES": 0.8808946573522178,
      "POSIX_BYTES_WRITTEN": 0.6330114656367319,
      "POSIX_SIZE_WRITE_0_100": 0.49237997273956813,
      "POSIX_SEQ_READS": 0.4797240696745997,
      "POSIX_MEM_ALIGNMENT": 0.3488535343636816,
      "POSIX_SIZE_WRITE_100K_1M": 0.1908934139012416,
      "POSIX_FILE_ALIGNMENT": 0.16480465265851438
    }
  },
  "primary_bottleneck": {
    "feature": "POSIX_CONSEC_WRITES",
    "consensus_score": 1.3330305696876696,
    "recommendation": "Improve write sequentiality"
  }
}