{
  "test_metrics": {
    "rmse": 0.29681202314110355,
    "mae": 0.22267229511399667,
    "r2": 0.9092328092817851
  },
  "comparison_with_aiio": {
    "XGBoost": {
      "aiio_rmse": 0.5634,
      "our_rmse": 0.29681202314110355,
      "improvement_percent": 47.317709772612076,
      "is_better": true
    },
    "LightGBM": {
      "aiio_rmse": 0.2632,
      "our_rmse": 0.29681202314110355,
      "improvement_percent": -12.770525509537828,
      "is_better": false
    },
    "CatBoost": {
      "aiio_rmse": 0.2686,
      "our_rmse": 0.29681202314110355,
      "improvement_percent": -10.50335932282336,
      "is_better": false
    },
    "MLP": {
      "aiio_rmse": 0.5416,
      "our_rmse": 0.29681202314110355,
      "improvement_percent": 45.197189228008945,
      "is_better": true
    },
    "TabNet": {
      "aiio_rmse": 0.3078,
      "our_rmse": 0.29681202314110355,
      "improvement_percent": 3.569843034079423,
      "is_better": true
    },
    "Closest_Method": {
      "aiio_rmse": 0.186,
      "our_rmse": 0.29681202314110355,
      "improvement_percent": -59.57635652747503,
      "is_better": false
    },
    "Average_Method": {
      "aiio_rmse": 0.2405,
      "our_rmse": 0.29681202314110355,
      "improvement_percent": -23.414562636633498,
      "is_better": false
    }
  },
  "best_val_rmse": 0.2968342127267072,
  "best_epoch": 72,
  "training_history": {
    "train_loss": [
      0.8899227517309635,
      0.42925112399876053,
      0.3932082149097643,
      0.37280951111441446,
      0.36035660024545685,
      0.3520800594225431,
      0.344356185445435,
      0.33810646069852485,
      0.33303758223819135,
      0.32895089368883973,
      0.32513154604588146,
      0.3223115768990701,
      0.3189812775999095,
      0.3168871832000223,
      0.315039046661352,
      0.3134730768171521,
      0.3114261800693359,
      0.31002555001282667,
      0.3088597180829177,
      0.3081027433232948,
      0.3066822271342342,
      0.30551555615525816,
      0.3050116898336885,
      0.30390441035318394,
      0.3032597518701683,
      0.3032835740301028,
      0.302037238088667,
      0.3013612312630274,
      0.3009039392341392,
      0.30035869062691867,
      0.29986619925895447,
      0.29944833005976706,
      0.29900878728494623,
      0.2987166635349637,
      0.29831397704584867,
      0.29779428473960495,
      0.2974348828479864,
      0.29726831926041913,
      0.29673930357638983,
      0.2966656055504406,
      0.29619927228152326,
      0.29635364853690266,
      0.2958229339568908,
      0.295658755343549,
      0.2954796506523575,
      0.29508513490866356,
      0.29462285135576954,
      0.29460599210514177,
      0.294383175335338,
      0.2944751979626741,
      0.2941644515293068,
      0.293733647527922,
      0.2939358679217174,
      0.2934908937750807,
      0.29177823964095123,
      0.2915037515258328,
      0.29131339040114257,
      0.2912973022812726,
      0.29124794190604486,
      0.2911894036531517,
      0.2911349630936358,
      0.2909729940702464,
      0.29088038948870115,
      0.2907209107459882,
      0.29062126579911884,
      0.2904625663432832,
      0.2904520036269707,
      0.2903108127766956,
      0.2895358629908281,
      0.28942868575361774,
      0.2893615485192495,
      0.2893983234062955,
      0.28924121997218555,
      0.2891791466566961,
      0.28913409732464573,
      0.2891355884830299,
      0.2889951889549056,
      0.289095103877221,
      0.288894065760955,
      0.28896483121770467,
      0.2889048466707921,
      0.2888149048040363,
      0.28888389196063463,
      0.2887451505395844,
      0.28831729515630994,
      0.2883013278086569,
      0.2882657392589043,
      0.2882537563873172,
      0.2882441030230676,
      0.28818962001231546,
      0.28811863072763944,
      0.2880421248144048,
      0.2879691974895224,
      0.2880315274187641,
      0.2880195965972308,
      0.2879378706461932,
      0.2877636570506623,
      0.2878428800321639,
      0.2877900925918193,
      0.2877818978687433,
      0.28772911238961923,
      0.28766114455959974,
      0.28765364234455204
    ],
    "train_rmse": [
      0.8899227517309635,
      0.42925112399876053,
      0.3932082149097643,
      0.37280951111441446,
      0.36035660024545685,
      0.3520800594225431,
      0.344356185445435,
      0.33810646069852485,
      0.33303758223819135,
      0.32895089368883973,
      0.32513154604588146,
      0.3223115768990701,
      0.3189812775999095,
      0.3168871832000223,
      0.315039046661352,
      0.3134730768171521,
      0.3114261800693359,
      0.31002555001282667,
      0.3088597180829177,
      0.3081027433232948,
      0.3066822271342342,
      0.30551555615525816,
      0.3050116898336885,
      0.30390441035318394,
      0.3032597518701683,
      0.3032835740301028,
      0.302037238088667,
      0.3013612312630274,
      0.3009039392341392,
      0.30035869062691867,
      0.29986619925895447,
      0.29944833005976706,
      0.29900878728494623,
      0.2987166635349637,
      0.29831397704584867,
      0.29779428473960495,
      0.2974348828479864,
      0.29726831926041913,
      0.29673930357638983,
      0.2966656055504406,
      0.29619927228152326,
      0.29635364853690266,
      0.2958229339568908,
      0.295658755343549,
      0.2954796506523575,
      0.29508513490866356,
      0.29462285135576954,
      0.29460599210514177,
      0.294383175335338,
      0.2944751979626741,
      0.2941644515293068,
      0.293733647527922,
      0.2939358679217174,
      0.2934908937750807,
      0.29177823964095123,
      0.2915037515258328,
      0.29131339040114257,
      0.2912973022812726,
      0.29124794190604486,
      0.2911894036531517,
      0.2911349630936358,
      0.2909729940702464,
      0.29088038948870115,
      0.2907209107459882,
      0.29062126579911884,
      0.2904625663432832,
      0.2904520036269707,
      0.2903108127766956,
      0.2895358629908281,
      0.28942868575361774,
      0.2893615485192495,
      0.2893983234062955,
      0.28924121997218555,
      0.2891791466566961,
      0.28913409732464573,
      0.2891355884830299,
      0.2889951889549056,
      0.289095103877221,
      0.288894065760955,
      0.28896483121770467,
      0.2889048466707921,
      0.2888149048040363,
      0.28888389196063463,
      0.2887451505395844,
      0.28831729515630994,
      0.2883013278086569,
      0.2882657392589043,
      0.2882537563873172,
      0.2882441030230676,
      0.28818962001231546,
      0.28811863072763944,
      0.2880421248144048,
      0.2879691974895224,
      0.2880315274187641,
      0.2880195965972308,
      0.2879378706461932,
      0.2877636570506623,
      0.2878428800321639,
      0.2877900925918193,
      0.2877818978687433,
      0.28772911238961923,
      0.28766114455959974,
      0.28765364234455204
    ],