=== E2E COMBINED ISSUES (Multiple Real Application Problems) ===
Issues: Poor decomposition + Checkpoint pattern + Default stripe config
This represents a realistic scenario where scientist uses defaults
Start time: Mon Sep 15 21:52:24 CDT 2025
Checkpoint X with poor decomposition and default stripe

======================   ALLOCATED NODES   ======================
	cn062: flags=0x11 slots=27 max_slots=0 slots_inuse=0 state=UP
	cn063: flags=0x10 slots=37 max_slots=0 slots_inuse=0 state=UP
=================================================================
combined_ckpt1.nc4 64 32 32 32 32.000000 117.483148 0.272379
Simulating computation...
Checkpoint 2 with poor decomposition and bad stripe

======================   ALLOCATED NODES   ======================
	cn062: flags=0x11 slots=27 max_slots=0 slots_inuse=0 state=UP
	cn063: flags=0x10 slots=37 max_slots=0 slots_inuse=0 state=UP
=================================================================
combined_ckpt2.nc4 64 32 32 32 32.000000 95.467236 0.335194
Simulating computation...
Checkpoint 3 with poor decomposition and bad stripe

======================   ALLOCATED NODES   ======================
	cn062: flags=0x11 slots=27 max_slots=0 slots_inuse=0 state=UP
	cn063: flags=0x10 slots=37 max_slots=0 slots_inuse=0 state=UP
=================================================================
combined_ckpt3.nc4 64 32 32 32 32.000000 117.140633 0.273176
End time: Mon Sep 15 21:58:12 CDT 2025
-rw-r-----+ 1 mbanisharifdehkordi delta_bdau 41G Sep 15 21:54 combined_ckpt1.nc4
-rw-r-----+ 1 mbanisharifdehkordi delta_bdau 41G Sep 15 21:56 combined_ckpt2.nc4
-rw-r-----+ 1 mbanisharifdehkordi delta_bdau 41G Sep 15 21:58 combined_ckpt3.nc4
Looking for Darshan log...
Darshan log saved as: /work/hdd/bdau/mbanisharifdehkordi/E2E/darshan_logs/e2e_combined_12235671.darshan

=== Darshan Log Summary ===
# darshan log version: 3.41
# compression method: ZLIB
# exe: ../write_3d_nc4 combined_ckpt3 32 32 16 32 32 32
# uid: 73528
# jobid: 12235671
# start_time: 1757991373
# start_time_asci: Mon Sep 15 21:56:13 2025
# end_time: 1757991491
# end_time_asci: Mon Sep 15 21:58:11 2025
# nprocs: 64
# run time: 117.3278
# metadata: lib_ver = 3.4.4
# metadata: h = romio_no_indep_rw=true;cb_nodes=4

# log file regions
# -------------------------------------------------------
# header: 1328 bytes (uncompressed)
# job data: 367 bytes (compressed)
# record table: 6477 bytes (compressed)
# POSIX module: 13723 bytes (compressed), ver=4
# MPI-IO module: 7696 bytes (compressed), ver=3
# LUSTRE module: 4201 bytes (compressed), ver=1
# STDIO module: 51 bytes (compressed), ver=2
# DXT_POSIX module: 432769 bytes (compressed), ver=1
# DXT_MPIIO module: 287875 bytes (compressed), ver=2
# HEATMAP module: 5834 bytes (compressed), ver=1

# mounted file systems (mount point and fs type)
# -------------------------------------------------------
# mount entry:	/sys/firmware/efi/efivars	efivarfs
# mount entry:	/local/slurmjobs/12206753	xfs
# mount entry:	/local/slurmjobs/12208482	xfs
# mount entry:	/local/slurmjobs/12215277	xfs
# mount entry:	/local/slurmjobs/12216543	xfs
# mount entry:	/local/slurmjobs/12217524	xfs
# mount entry:	/local/slurmjobs/12217552	xfs
# mount entry:	/local/slurmjobs/12218388	xfs
# mount entry:	/local/slurmjobs/12220806	xfs
# mount entry:	/proc/sys/fs/binfmt_misc	autofs
# mount entry:	/sys/kernel/config	configfs
# mount entry:	/sys/fs/pstore	pstore
# mount entry:	/run/cxi/cxi0	fuse
# mount entry:	/opt/cray/pe	nfs
# mount entry:	/sys/fs/bpf	bpf
# mount entry:	/dev/mqueue	mqueue
# mount entry:	/work/nvme	lustre
# mount entry:	/projects	lustre
# mount entry:	/scratch	lustre
# mount entry:	/local	xfs
# mount entry:	/taiga	lustre

=== Expected Multiple Issues ===
1. Decomposition: High POSIX_FILE_NOT_ALIGNED, small writes
2. Checkpoint: Burst pattern (from 3 runs)
3. Stripe: Default LUSTRE_STRIPE_WIDTH (1), could benefit from multiple stripes

=== POSIX Counters ===
POSIX	0	5159131363050728233	POSIX_BYTES_WRITTEN	0	/work/hdd/bdau/mbanisharifdehkordi/E2E/3d/results_combined/combined_ckpt3.nc4.locktest.0	/work	lustre
POSIX	0	5159131363050728233	POSIX_FILE_NOT_ALIGNED	0	/work/hdd/bdau/mbanisharifdehkordi/E2E/3d/results_combined/combined_ckpt3.nc4.locktest.0	/work	lustre
POSIX	0	5159131363050728233	POSIX_SIZE_WRITE_0_100	0	/work/hdd/bdau/mbanisharifdehkordi/E2E/3d/results_combined/combined_ckpt3.nc4.locktest.0	/work	lustre
POSIX	0	5159131363050728233	POSIX_SIZE_WRITE_100_1K	0	/work/hdd/bdau/mbanisharifdehkordi/E2E/3d/results_combined/combined_ckpt3.nc4.locktest.0	/work	lustre
POSIX	0	5159131363050728233	POSIX_SIZE_WRITE_1K_10K	0	/work/hdd/bdau/mbanisharifdehkordi/E2E/3d/results_combined/combined_ckpt3.nc4.locktest.0	/work	lustre
POSIX	0	5159131363050728233	POSIX_SIZE_WRITE_10K_100K	0	/work/hdd/bdau/mbanisharifdehkordi/E2E/3d/results_combined/combined_ckpt3.nc4.locktest.0	/work	lustre
POSIX	0	5159131363050728233	POSIX_SIZE_WRITE_100K_1M	0	/work/hdd/bdau/mbanisharifdehkordi/E2E/3d/results_combined/combined_ckpt3.nc4.locktest.0	/work	lustre
POSIX	0	5159131363050728233	POSIX_SIZE_WRITE_1M_4M	0	/work/hdd/bdau/mbanisharifdehkordi/E2E/3d/results_combined/combined_ckpt3.nc4.locktest.0	/work	lustre
POSIX	0	5159131363050728233	POSIX_SIZE_WRITE_4M_10M	0	/work/hdd/bdau/mbanisharifdehkordi/E2E/3d/results_combined/combined_ckpt3.nc4.locktest.0	/work	lustre
POSIX	0	5159131363050728233	POSIX_SIZE_WRITE_10M_100M	0	/work/hdd/bdau/mbanisharifdehkordi/E2E/3d/results_combined/combined_ckpt3.nc4.locktest.0	/work	lustre
POSIX	0	5159131363050728233	POSIX_SIZE_WRITE_100M_1G	0	/work/hdd/bdau/mbanisharifdehkordi/E2E/3d/results_combined/combined_ckpt3.nc4.locktest.0	/work	lustre
POSIX	0	5159131363050728233	POSIX_SIZE_WRITE_1G_PLUS	0	/work/hdd/bdau/mbanisharifdehkordi/E2E/3d/results_combined/combined_ckpt3.nc4.locktest.0	/work	lustre
POSIX	0	3531888601709092091	POSIX_BYTES_WRITTEN	45594718939	/work/hdd/bdau/mbanisharifdehkordi/E2E/3d/results_combined/combined_ckpt3.nc4	/work	lustre
POSIX	0	3531888601709092091	POSIX_FILE_NOT_ALIGNED	61444	/work/hdd/bdau/mbanisharifdehkordi/E2E/3d/results_combined/combined_ckpt3.nc4	/work	lustre
POSIX	0	3531888601709092091	POSIX_SIZE_WRITE_0_100	1	/work/hdd/bdau/mbanisharifdehkordi/E2E/3d/results_combined/combined_ckpt3.nc4	/work	lustre
POSIX	0	3531888601709092091	POSIX_SIZE_WRITE_100_1K	0	/work/hdd/bdau/mbanisharifdehkordi/E2E/3d/results_combined/combined_ckpt3.nc4	/work	lustre
POSIX	0	3531888601709092091	POSIX_SIZE_WRITE_1K_10K	4	/work/hdd/bdau/mbanisharifdehkordi/E2E/3d/results_combined/combined_ckpt3.nc4	/work	lustre
POSIX	0	3531888601709092091	POSIX_SIZE_WRITE_10K_100K	0	/work/hdd/bdau/mbanisharifdehkordi/E2E/3d/results_combined/combined_ckpt3.nc4	/work	lustre
POSIX	0	3531888601709092091	POSIX_SIZE_WRITE_100K_1M	51200	/work/hdd/bdau/mbanisharifdehkordi/E2E/3d/results_combined/combined_ckpt3.nc4	/work	lustre
POSIX	0	3531888601709092091	POSIX_SIZE_WRITE_1M_4M	0	/work/hdd/bdau/mbanisharifdehkordi/E2E/3d/results_combined/combined_ckpt3.nc4	/work	lustre
POSIX	0	3531888601709092091	POSIX_SIZE_WRITE_4M_10M	0	/work/hdd/bdau/mbanisharifdehkordi/E2E/3d/results_combined/combined_ckpt3.nc4	/work	lustre
POSIX	0	3531888601709092091	POSIX_SIZE_WRITE_10M_100M	0	/work/hdd/bdau/mbanisharifdehkordi/E2E/3d/results_combined/combined_ckpt3.nc4	/work	lustre
POSIX	0	3531888601709092091	POSIX_SIZE_WRITE_100M_1G	0	/work/hdd/bdau/mbanisharifdehkordi/E2E/3d/results_combined/combined_ckpt3.nc4	/work	lustre
POSIX	0	3531888601709092091	POSIX_SIZE_WRITE_1G_PLUS	0	/work/hdd/bdau/mbanisharifdehkordi/E2E/3d/results_combined/combined_ckpt3.nc4	/work	lustre
POSIX	0	7794184631446446289	POSIX_BYTES_WRITTEN	0	/work/hdd/bdau/mbanisharifdehkordi/E2E/3d/results_combined/.	/work	lustre
POSIX	0	7794184631446446289	POSIX_FILE_NOT_ALIGNED	0	/work/hdd/bdau/mbanisharifdehkordi/E2E/3d/results_combined/.	/work	lustre
POSIX	0	7794184631446446289	POSIX_SIZE_WRITE_0_100	0	/work/hdd/bdau/mbanisharifdehkordi/E2E/3d/results_combined/.	/work	lustre
POSIX	0	7794184631446446289	POSIX_SIZE_WRITE_100_1K	0	/work/hdd/bdau/mbanisharifdehkordi/E2E/3d/results_combined/.	/work	lustre
POSIX	0	7794184631446446289	POSIX_SIZE_WRITE_1K_10K	0	/work/hdd/bdau/mbanisharifdehkordi/E2E/3d/results_combined/.	/work	lustre
POSIX	0	7794184631446446289	POSIX_SIZE_WRITE_10K_100K	0	/work/hdd/bdau/mbanisharifdehkordi/E2E/3d/results_combined/.	/work	lustre
POSIX	0	7794184631446446289	POSIX_SIZE_WRITE_100K_1M	0	/work/hdd/bdau/mbanisharifdehkordi/E2E/3d/results_combined/.	/work	lustre
POSIX	0	7794184631446446289	POSIX_SIZE_WRITE_1M_4M	0	/work/hdd/bdau/mbanisharifdehkordi/E2E/3d/results_combined/.	/work	lustre
POSIX	0	7794184631446446289	POSIX_SIZE_WRITE_4M_10M	0	/work/hdd/bdau/mbanisharifdehkordi/E2E/3d/results_combined/.	/work	lustre
POSIX	0	7794184631446446289	POSIX_SIZE_WRITE_10M_100M	0	/work/hdd/bdau/mbanisharifdehkordi/E2E/3d/results_combined/.	/work	lustre
POSIX	0	7794184631446446289	POSIX_SIZE_WRITE_100M_1G	0	/work/hdd/bdau/mbanisharifdehkordi/E2E/3d/results_combined/.	/work	lustre
POSIX	0	7794184631446446289	POSIX_SIZE_WRITE_1G_PLUS	0	/work/hdd/bdau/mbanisharifdehkordi/E2E/3d/results_combined/.	/work	lustre
POSIX	0	1607752630872201620	POSIX_BYTES_WRITTEN	208	/work/hdd/bdau/mbanisharifdehkordi/E2E/3d/results_combined/combined_ckpt3.nc4-3240427521-1102025.loc	/work	lustre
POSIX	0	1607752630872201620	POSIX_FILE_NOT_ALIGNED	0	/work/hdd/bdau/mbanisharifdehkordi/E2E/3d/results_combined/combined_ckpt3.nc4-3240427521-1102025.loc	/work	lustre
POSIX	0	1607752630872201620	POSIX_SIZE_WRITE_0_100	26	/work/hdd/bdau/mbanisharifdehkordi/E2E/3d/results_combined/combined_ckpt3.nc4-3240427521-1102025.loc	/work	lustre
POSIX	0	1607752630872201620	POSIX_SIZE_WRITE_100_1K	0	/work/hdd/bdau/mbanisharifdehkordi/E2E/3d/results_combined/combined_ckpt3.nc4-3240427521-1102025.loc	/work	lustre
POSIX	0	1607752630872201620	POSIX_SIZE_WRITE_1K_10K	0	/work/hdd/bdau/mbanisharifdehkordi/E2E/3d/results_combined/combined_ckpt3.nc4-3240427521-1102025.loc	/work	lustre
POSIX	0	1607752630872201620	POSIX_SIZE_WRITE_10K_100K	0	/work/hdd/bdau/mbanisharifdehkordi/E2E/3d/results_combined/combined_ckpt3.nc4-3240427521-1102025.loc	/work	lustre
POSIX	0	1607752630872201620	POSIX_SIZE_WRITE_100K_1M	0	/work/hdd/bdau/mbanisharifdehkordi/E2E/3d/results_combined/combined_ckpt3.nc4-3240427521-1102025.loc	/work	lustre
POSIX	0	1607752630872201620	POSIX_SIZE_WRITE_1M_4M	0	/work/hdd/bdau/mbanisharifdehkordi/E2E/3d/results_combined/combined_ckpt3.nc4-3240427521-1102025.loc	/work	lustre
POSIX	0	1607752630872201620	POSIX_SIZE_WRITE_4M_10M	0	/work/hdd/bdau/mbanisharifdehkordi/E2E/3d/results_combined/combined_ckpt3.nc4-3240427521-1102025.loc	/work	lustre
POSIX	0	1607752630872201620	POSIX_SIZE_WRITE_10M_100M	0	/work/hdd/bdau/mbanisharifdehkordi/E2E/3d/results_combined/combined_ckpt3.nc4-3240427521-1102025.loc	/work	lustre
POSIX	0	1607752630872201620	POSIX_SIZE_WRITE_100M_1G	0	/work/hdd/bdau/mbanisharifdehkordi/E2E/3d/results_combined/combined_ckpt3.nc4-3240427521-1102025.loc	/work	lustre
POSIX	0	1607752630872201620	POSIX_SIZE_WRITE_1G_PLUS	0	/work/hdd/bdau/mbanisharifdehkordi/E2E/3d/results_combined/combined_ckpt3.nc4-3240427521-1102025.loc	/work	lustre
POSIX	1	18336363355582430	POSIX_BYTES_WRITTEN	0	/work/hdd/bdau/mbanisharifdehkordi/E2E/3d/results_combined/combined_ckpt3.nc4.locktest.1	/work	lustre
POSIX	1	18336363355582430	POSIX_FILE_NOT_ALIGNED	0	/work/hdd/bdau/mbanisharifdehkordi/E2E/3d/results_combined/combined_ckpt3.nc4.locktest.1	/work	lustre
POSIX	1	18336363355582430	POSIX_SIZE_WRITE_0_100	0	/work/hdd/bdau/mbanisharifdehkordi/E2E/3d/results_combined/combined_ckpt3.nc4.locktest.1	/work	lustre
POSIX	1	18336363355582430	POSIX_SIZE_WRITE_100_1K	0	/work/hdd/bdau/mbanisharifdehkordi/E2E/3d/results_combined/combined_ckpt3.nc4.locktest.1	/work	lustre
POSIX	1	18336363355582430	POSIX_SIZE_WRITE_1K_10K	0	/work/hdd/bdau/mbanisharifdehkordi/E2E/3d/results_combined/combined_ckpt3.nc4.locktest.1	/work	lustre
POSIX	1	18336363355582430	POSIX_SIZE_WRITE_10K_100K	0	/work/hdd/bdau/mbanisharifdehkordi/E2E/3d/results_combined/combined_ckpt3.nc4.locktest.1	/work	lustre
POSIX	1	18336363355582430	POSIX_SIZE_WRITE_100K_1M	0	/work/hdd/bdau/mbanisharifdehkordi/E2E/3d/results_combined/combined_ckpt3.nc4.locktest.1	/work	lustre
POSIX	1	18336363355582430	POSIX_SIZE_WRITE_1M_4M	0	/work/hdd/bdau/mbanisharifdehkordi/E2E/3d/results_combined/combined_ckpt3.nc4.locktest.1	/work	lustre
POSIX	1	18336363355582430	POSIX_SIZE_WRITE_4M_10M	0	/work/hdd/bdau/mbanisharifdehkordi/E2E/3d/results_combined/combined_ckpt3.nc4.locktest.1	/work	lustre
POSIX	1	18336363355582430	POSIX_SIZE_WRITE_10M_100M	0	/work/hdd/bdau/mbanisharifdehkordi/E2E/3d/results_combined/combined_ckpt3.nc4.locktest.1	/work	lustre
POSIX	1	18336363355582430	POSIX_SIZE_WRITE_100M_1G	0	/work/hdd/bdau/mbanisharifdehkordi/E2E/3d/results_combined/combined_ckpt3.nc4.locktest.1	/work	lustre
POSIX	1	18336363355582430	POSIX_SIZE_WRITE_1G_PLUS	0	/work/hdd/bdau/mbanisharifdehkordi/E2E/3d/results_combined/combined_ckpt3.nc4.locktest.1	/work	lustre
POSIX	1	3531888601709092091	POSIX_BYTES_WRITTEN	0	/work/hdd/bdau/mbanisharifdehkordi/E2E/3d/results_combined/combined_ckpt3.nc4	/work	lustre
POSIX	1	3531888601709092091	POSIX_FILE_NOT_ALIGNED	0	/work/hdd/bdau/mbanisharifdehkordi/E2E/3d/results_combined/combined_ckpt3.nc4	/work	lustre
POSIX	1	3531888601709092091	POSIX_SIZE_WRITE_0_100	0	/work/hdd/bdau/mbanisharifdehkordi/E2E/3d/results_combined/combined_ckpt3.nc4	/work	lustre
POSIX	1	3531888601709092091	POSIX_SIZE_WRITE_100_1K	0	/work/hdd/bdau/mbanisharifdehkordi/E2E/3d/results_combined/combined_ckpt3.nc4	/work	lustre
POSIX	1	3531888601709092091	POSIX_SIZE_WRITE_1K_10K	0	/work/hdd/bdau/mbanisharifdehkordi/E2E/3d/results_combined/combined_ckpt3.nc4	/work	lustre
POSIX	1	3531888601709092091	POSIX_SIZE_WRITE_10K_100K	0	/work/hdd/bdau/mbanisharifdehkordi/E2E/3d/results_combined/combined_ckpt3.nc4	/work	lustre
POSIX	1	3531888601709092091	POSIX_SIZE_WRITE_100K_1M	0	/work/hdd/bdau/mbanisharifdehkordi/E2E/3d/results_combined/combined_ckpt3.nc4	/work	lustre
POSIX	1	3531888601709092091	POSIX_SIZE_WRITE_1M_4M	0	/work/hdd/bdau/mbanisharifdehkordi/E2E/3d/results_combined/combined_ckpt3.nc4	/work	lustre
POSIX	1	3531888601709092091	POSIX_SIZE_WRITE_4M_10M	0	/work/hdd/bdau/mbanisharifdehkordi/E2E/3d/results_combined/combined_ckpt3.nc4	/work	lustre
POSIX	1	3531888601709092091	POSIX_SIZE_WRITE_10M_100M	0	/work/hdd/bdau/mbanisharifdehkordi/E2E/3d/results_combined/combined_ckpt3.nc4	/work	lustre
POSIX	1	3531888601709092091	POSIX_SIZE_WRITE_100M_1G	0	/work/hdd/bdau/mbanisharifdehkordi/E2E/3d/results_combined/combined_ckpt3.nc4	/work	lustre
POSIX	1	3531888601709092091	POSIX_SIZE_WRITE_1G_PLUS	0	/work/hdd/bdau/mbanisharifdehkordi/E2E/3d/results_combined/combined_ckpt3.nc4	/work	lustre
POSIX	1	7794184631446446289	POSIX_BYTES_WRITTEN	0	/work/hdd/bdau/mbanisharifdehkordi/E2E/3d/results_combined/.	/work	lustre
POSIX	1	7794184631446446289	POSIX_FILE_NOT_ALIGNED	0	/work/hdd/bdau/mbanisharifdehkordi/E2E/3d/results_combined/.	/work	lustre
POSIX	1	7794184631446446289	POSIX_SIZE_WRITE_0_100	0	/work/hdd/bdau/mbanisharifdehkordi/E2E/3d/results_combined/.	/work	lustre
POSIX	1	7794184631446446289	POSIX_SIZE_WRITE_100_1K	0	/work/hdd/bdau/mbanisharifdehkordi/E2E/3d/results_combined/.	/work	lustre
POSIX	1	7794184631446446289	POSIX_SIZE_WRITE_1K_10K	0	/work/hdd/bdau/mbanisharifdehkordi/E2E/3d/results_combined/.	/work	lustre
POSIX	1	7794184631446446289	POSIX_SIZE_WRITE_10K_100K	0	/work/hdd/bdau/mbanisharifdehkordi/E2E/3d/results_combined/.	/work	lustre
POSIX	1	7794184631446446289	POSIX_SIZE_WRITE_100K_1M	0	/work/hdd/bdau/mbanisharifdehkordi/E2E/3d/results_combined/.	/work	lustre
POSIX	1	7794184631446446289	POSIX_SIZE_WRITE_1M_4M	0	/work/hdd/bdau/mbanisharifdehkordi/E2E/3d/results_combined/.	/work	lustre
POSIX	1	7794184631446446289	POSIX_SIZE_WRITE_4M_10M	0	/work/hdd/bdau/mbanisharifdehkordi/E2E/3d/results_combined/.	/work	lustre
POSIX	1	7794184631446446289	POSIX_SIZE_WRITE_10M_100M	0	/work/hdd/bdau/mbanisharifdehkordi/E2E/3d/results_combined/.	/work	lustre
POSIX	1	7794184631446446289	POSIX_SIZE_WRITE_100M_1G	0	/work/hdd/bdau/mbanisharifdehkordi/E2E/3d/results_combined/.	/work	lustre
POSIX	1	7794184631446446289	POSIX_SIZE_WRITE_1G_PLUS	0	/work/hdd/bdau/mbanisharifdehkordi/E2E/3d/results_combined/.	/work	lustre
POSIX	1	1607752630872201620	POSIX_BYTES_WRITTEN	0	/work/hdd/bdau/mbanisharifdehkordi/E2E/3d/results_combined/combined_ckpt3.nc4-3240427521-1102025.loc	/work	lustre
POSIX	1	1607752630872201620	POSIX_FILE_NOT_ALIGNED	0	/work/hdd/bdau/mbanisharifdehkordi/E2E/3d/results_combined/combined_ckpt3.nc4-3240427521-1102025.loc	/work	lustre
POSIX	1	1607752630872201620	POSIX_SIZE_WRITE_0_100	0	/work/hdd/bdau/mbanisharifdehkordi/E2E/3d/results_combined/combined_ckpt3.nc4-3240427521-1102025.loc	/work	lustre
POSIX	1	1607752630872201620	POSIX_SIZE_WRITE_100_1K	0	/work/hdd/bdau/mbanisharifdehkordi/E2E/3d/results_combined/combined_ckpt3.nc4-3240427521-1102025.loc	/work	lustre
POSIX	1	1607752630872201620	POSIX_SIZE_WRITE_1K_10K	0	/work/hdd/bdau/mbanisharifdehkordi/E2E/3d/results_combined/combined_ckpt3.nc4-3240427521-1102025.loc	/work	lustre
POSIX	1	1607752630872201620	POSIX_SIZE_WRITE_10K_100K	0	/work/hdd/bdau/mbanisharifdehkordi/E2E/3d/results_combined/combined_ckpt3.nc4-3240427521-1102025.loc	/work	lustre
POSIX	1	1607752630872201620	POSIX_SIZE_WRITE_100K_1M	0	/work/hdd/bdau/mbanisharifdehkordi/E2E/3d/results_combined/combined_ckpt3.nc4-3240427521-1102025.loc	/work	lustre
POSIX	1	1607752630872201620	POSIX_SIZE_WRITE_1M_4M	0	/work/hdd/bdau/mbanisharifdehkordi/E2E/3d/results_combined/combined_ckpt3.nc4-3240427521-1102025.loc	/work	lustre
POSIX	1	1607752630872201620	POSIX_SIZE_WRITE_4M_10M	0	/work/hdd/bdau/mbanisharifdehkordi/E2E/3d/results_combined/combined_ckpt3.nc4-3240427521-1102025.loc	/work	lustre
POSIX	1	1607752630872201620	POSIX_SIZE_WRITE_10M_100M	0	/work/hdd/bdau/mbanisharifdehkordi/E2E/3d/results_combined/combined_ckpt3.nc4-3240427521-1102025.loc	/work	lustre
POSIX	1	1607752630872201620	POSIX_SIZE_WRITE_100M_1G	0	/work/hdd/bdau/mbanisharifdehkordi/E2E/3d/results_combined/combined_ckpt3.nc4-3240427521-1102025.loc	/work	lustre
POSIX	1	1607752630872201620	POSIX_SIZE_WRITE_1G_PLUS	0	/work/hdd/bdau/mbanisharifdehkordi/E2E/3d/results_combined/combined_ckpt3.nc4-3240427521-1102025.loc	/work	lustre
POSIX	2	13940670780153921973	POSIX_BYTES_WRITTEN	0	/work/hdd/bdau/mbanisharifdehkordi/E2E/3d/results_combined/combined_ckpt3.nc4.locktest.2	/work	lustre
POSIX	2	13940670780153921973	POSIX_FILE_NOT_ALIGNED	0	/work/hdd/bdau/mbanisharifdehkordi/E2E/3d/results_combined/combined_ckpt3.nc4.locktest.2	/work	lustre
POSIX	2	13940670780153921973	POSIX_SIZE_WRITE_0_100	0	/work/hdd/bdau/mbanisharifdehkordi/E2E/3d/results_combined/combined_ckpt3.nc4.locktest.2	/work	lustre
POSIX	2	13940670780153921973	POSIX_SIZE_WRITE_100_1K	0	/work/hdd/bdau/mbanisharifdehkordi/E2E/3d/results_combined/combined_ckpt3.nc4.locktest.2	/work	lustre
POSIX	2	13940670780153921973	POSIX_SIZE_WRITE_1K_10K	0	/work/hdd/bdau/mbanisharifdehkordi/E2E/3d/results_combined/combined_ckpt3.nc4.locktest.2	/work	lustre
POSIX	2	13940670780153921973	POSIX_SIZE_WRITE_10K_100K	0	/work/hdd/bdau/mbanisharifdehkordi/E2E/3d/results_combined/combined_ckpt3.nc4.locktest.2	/work	lustre
POSIX	2	13940670780153921973	POSIX_SIZE_WRITE_100K_1M	0	/work/hdd/bdau/mbanisharifdehkordi/E2E/3d/results_combined/combined_ckpt3.nc4.locktest.2	/work	lustre
POSIX	2	13940670780153921973	POSIX_SIZE_WRITE_1M_4M	0	/work/hdd/bdau/mbanisharifdehkordi/E2E/3d/results_combined/combined_ckpt3.nc4.locktest.2	/work	lustre
POSIX	2	13940670780153921973	POSIX_SIZE_WRITE_4M_10M	0	/work/hdd/bdau/mbanisharifdehkordi/E2E/3d/results_combined/combined_ckpt3.nc4.locktest.2	/work	lustre
POSIX	2	13940670780153921973	POSIX_SIZE_WRITE_10M_100M	0	/work/hdd/bdau/mbanisharifdehkordi/E2E/3d/results_combined/combined_ckpt3.nc4.locktest.2	/work	lustre
POSIX	2	13940670780153921973	POSIX_SIZE_WRITE_100M_1G	0	/work/hdd/bdau/mbanisharifdehkordi/E2E/3d/results_combined/combined_ckpt3.nc4.locktest.2	/work	lustre
POSIX	2	13940670780153921973	POSIX_SIZE_WRITE_1G_PLUS	0	/work/hdd/bdau/mbanisharifdehkordi/E2E/3d/results_combined/combined_ckpt3.nc4.locktest.2	/work	lustre
POSIX	2	3531888601709092091	POSIX_BYTES_WRITTEN	0	/work/hdd/bdau/mbanisharifdehkordi/E2E/3d/results_combined/combined_ckpt3.nc4	/work	lustre
POSIX	2	3531888601709092091	POSIX_FILE_NOT_ALIGNED	0	/work/hdd/bdau/mbanisharifdehkordi/E2E/3d/results_combined/combined_ckpt3.nc4	/work	lustre
POSIX	2	3531888601709092091	POSIX_SIZE_WRITE_0_100	0	/work/hdd/bdau/mbanisharifdehkordi/E2E/3d/results_combined/combined_ckpt3.nc4	/work	lustre
POSIX	2	3531888601709092091	POSIX_SIZE_WRITE_100_1K	0	/work/hdd/bdau/mbanisharifdehkordi/E2E/3d/results_combined/combined_ckpt3.nc4	/work	lustre
POSIX	2	3531888601709092091	POSIX_SIZE_WRITE_1K_10K	0	/work/hdd/bdau/mbanisharifdehkordi/E2E/3d/results_combined/combined_ckpt3.nc4	/work	lustre
POSIX	2	3531888601709092091	POSIX_SIZE_WRITE_10K_100K	0	/work/hdd/bdau/mbanisharifdehkordi/E2E/3d/results_combined/combined_ckpt3.nc4	/work	lustre
POSIX	2	3531888601709092091	POSIX_SIZE_WRITE_100K_1M	0	/work/hdd/bdau/mbanisharifdehkordi/E2E/3d/results_combined/combined_ckpt3.nc4	/work	lustre
POSIX	2	3531888601709092091	POSIX_SIZE_WRITE_1M_4M	0	/work/hdd/bdau/mbanisharifdehkordi/E2E/3d/results_combined/combined_ckpt3.nc4	/work	lustre
POSIX	2	3531888601709092091	POSIX_SIZE_WRITE_4M_10M	0	/work/hdd/bdau/mbanisharifdehkordi/E2E/3d/results_combined/combined_ckpt3.nc4	/work	lustre
POSIX	2	3531888601709092091	POSIX_SIZE_WRITE_10M_100M	0	/work/hdd/bdau/mbanisharifdehkordi/E2E/3d/results_combined/combined_ckpt3.nc4	/work	lustre
POSIX	2	3531888601709092091	POSIX_SIZE_WRITE_100M_1G	0	/work/hdd/bdau/mbanisharifdehkordi/E2E/3d/results_combined/combined_ckpt3.nc4	/work	lustre
POSIX	2	3531888601709092091	POSIX_SIZE_WRITE_1G_PLUS	0	/work/hdd/bdau/mbanisharifdehkordi/E2E/3d/results_combined/combined_ckpt3.nc4	/work	lustre
POSIX	2	7794184631446446289	POSIX_BYTES_WRITTEN	0	/work/hdd/bdau/mbanisharifdehkordi/E2E/3d/results_combined/.	/work	lustre
POSIX	2	7794184631446446289	POSIX_FILE_NOT_ALIGNED	0	/work/hdd/bdau/mbanisharifdehkordi/E2E/3d/results_combined/.	/work	lustre
POSIX	2	7794184631446446289	POSIX_SIZE_WRITE_0_100	0	/work/hdd/bdau/mbanisharifdehkordi/E2E/3d/results_combined/.	/work	lustre
POSIX	2	7794184631446446289	POSIX_SIZE_WRITE_100_1K	0	/work/hdd/bdau/mbanisharifdehkordi/E2E/3d/results_combined/.	/work	lustre
POSIX	2	7794184631446446289	POSIX_SIZE_WRITE_1K_10K	0	/work/hdd/bdau/mbanisharifdehkordi/E2E/3d/results_combined/.	/work	lustre
POSIX	2	7794184631446446289	POSIX_SIZE_WRITE_10K_100K	0	/work/hdd/bdau/mbanisharifdehkordi/E2E/3d/results_combined/.	/work	lustre
POSIX	2	7794184631446446289	POSIX_SIZE_WRITE_100K_1M	0	/work/hdd/bdau/mbanisharifdehkordi/E2E/3d/results_combined/.	/work	lustre
POSIX	2	7794184631446446289	POSIX_SIZE_WRITE_1M_4M	0	/work/hdd/bdau/mbanisharifdehkordi/E2E/3d/results_combined/.	/work	lustre
POSIX	2	7794184631446446289	POSIX_SIZE_WRITE_4M_10M	0	/work/hdd/bdau/mbanisharifdehkordi/E2E/3d/results_combined/.	/work	lustre
POSIX	2	7794184631446446289	POSIX_SIZE_WRITE_10M_100M	0	/work/hdd/bdau/mbanisharifdehkordi/E2E/3d/results_combined/.	/work	lustre
POSIX	2	7794184631446446289	POSIX_SIZE_WRITE_100M_1G	0	/work/hdd/bdau/mbanisharifdehkordi/E2E/3d/results_combined/.	/work	lustre
POSIX	2	7794184631446446289	POSIX_SIZE_WRITE_1G_PLUS	0	/work/hdd/bdau/mbanisharifdehkordi/E2E/3d/results_combined/.	/work	lustre
POSIX	2	1607752630872201620	POSIX_BYTES_WRITTEN	0	/work/hdd/bdau/mbanisharifdehkordi/E2E/3d/results_combined/combined_ckpt3.nc4-3240427521-1102025.loc	/work	lustre
POSIX	2	1607752630872201620	POSIX_FILE_NOT_ALIGNED	0	/work/hdd/bdau/mbanisharifdehkordi/E2E/3d/results_combined/combined_ckpt3.nc4-3240427521-1102025.loc	/work	lustre
POSIX	2	1607752630872201620	POSIX_SIZE_WRITE_0_100	0	/work/hdd/bdau/mbanisharifdehkordi/E2E/3d/results_combined/combined_ckpt3.nc4-3240427521-1102025.loc	/work	lustre
POSIX	2	1607752630872201620	POSIX_SIZE_WRITE_100_1K	0	/work/hdd/bdau/mbanisharifdehkordi/E2E/3d/results_combined/combined_ckpt3.nc4-3240427521-1102025.loc	/work	lustre
POSIX	2	1607752630872201620	POSIX_SIZE_WRITE_1K_10K	0	/work/hdd/bdau/mbanisharifdehkordi/E2E/3d/results_combined/combined_ckpt3.nc4-3240427521-1102025.loc	/work	lustre
POSIX	2	1607752630872201620	POSIX_SIZE_WRITE_10K_100K	0	/work/hdd/bdau/mbanisharifdehkordi/E2E/3d/results_combined/combined_ckpt3.nc4-3240427521-1102025.loc	/work	lustre
POSIX	2	1607752630872201620	POSIX_SIZE_WRITE_100K_1M	0	/work/hdd/bdau/mbanisharifdehkordi/E2E/3d/results_combined/combined_ckpt3.nc4-3240427521-1102025.loc	/work	lustre
POSIX	2	1607752630872201620	POSIX_SIZE_WRITE_1M_4M	0	/work/hdd/bdau/mbanisharifdehkordi/E2E/3d/results_combined/combined_ckpt3.nc4-3240427521-1102025.loc	/work	lustre
POSIX	2	1607752630872201620	POSIX_SIZE_WRITE_4M_10M	0	/work/hdd/bdau/mbanisharifdehkordi/E2E/3d/results_combined/combined_ckpt3.nc4-3240427521-1102025.loc	/work	lustre
POSIX	2	1607752630872201620	POSIX_SIZE_WRITE_10M_100M	0	/work/hdd/bdau/mbanisharifdehkordi/E2E/3d/results_combined/combined_ckpt3.nc4-3240427521-1102025.loc	/work	lustre
POSIX	2	1607752630872201620	POSIX_SIZE_WRITE_100M_1G	0	/work/hdd/bdau/mbanisharifdehkordi/E2E/3d/results_combined/combined_ckpt3.nc4-3240427521-1102025.loc	/work	lustre
POSIX	2	1607752630872201620	POSIX_SIZE_WRITE_1G_PLUS	0	/work/hdd/bdau/mbanisharifdehkordi/E2E/3d/results_combined/combined_ckpt3.nc4-3240427521-1102025.loc	/work	lustre
POSIX	3	14561867433728639508	POSIX_BYTES_WRITTEN	0	/work/hdd/bdau/mbanisharifdehkordi/E2E/3d/results_combined/combined_ckpt3.nc4.locktest.3	/work	lustre
POSIX	3	14561867433728639508	POSIX_FILE_NOT_ALIGNED	0	/work/hdd/bdau/mbanisharifdehkordi/E2E/3d/results_combined/combined_ckpt3.nc4.locktest.3	/work	lustre
POSIX	3	14561867433728639508	POSIX_SIZE_WRITE_0_100	0	/work/hdd/bdau/mbanisharifdehkordi/E2E/3d/results_combined/combined_ckpt3.nc4.locktest.3	/work	lustre
POSIX	3	14561867433728639508	POSIX_SIZE_WRITE_100_1K	0	/work/hdd/bdau/mbanisharifdehkordi/E2E/3d/results_combined/combined_ckpt3.nc4.locktest.3	/work	lustre
POSIX	3	14561867433728639508	POSIX_SIZE_WRITE_1K_10K	0	/work/hdd/bdau/mbanisharifdehkordi/E2E/3d/results_combined/combined_ckpt3.nc4.locktest.3	/work	lustre
POSIX	3	14561867433728639508	POSIX_SIZE_WRITE_10K_100K	0	/work/hdd/bdau/mbanisharifdehkordi/E2E/3d/results_combined/combined_ckpt3.nc4.locktest.3	/work	lustre
POSIX	3	14561867433728639508	POSIX_SIZE_WRITE_100K_1M	0	/work/hdd/bdau/mbanisharifdehkordi/E2E/3d/results_combined/combined_ckpt3.nc4.locktest.3	/work	lustre
POSIX	3	14561867433728639508	POSIX_SIZE_WRITE_1M_4M	0	/work/hdd/bdau/mbanisharifdehkordi/E2E/3d/results_combined/combined_ckpt3.nc4.locktest.3	/work	lustre
POSIX	3	14561867433728639508	POSIX_SIZE_WRITE_4M_10M	0	/work/hdd/bdau/mbanisharifdehkordi/E2E/3d/results_combined/combined_ckpt3.nc4.locktest.3	/work	lustre
POSIX	3	14561867433728639508	POSIX_SIZE_WRITE_10M_100M	0	/work/hdd/bdau/mbanisharifdehkordi/E2E/3d/results_combined/combined_ckpt3.nc4.locktest.3	/work	lustre
POSIX	3	14561867433728639508	POSIX_SIZE_WRITE_100M_1G	0	/work/hdd/bdau/mbanisharifdehkordi/E2E/3d/results_combined/combined_ckpt3.nc4.locktest.3	/work	lustre
POSIX	3	14561867433728639508	POSIX_SIZE_WRITE_1G_PLUS	0	/work/hdd/bdau/mbanisharifdehkordi/E2E/3d/results_combined/combined_ckpt3.nc4.locktest.3	/work	lustre
POSIX	3	3531888601709092091	POSIX_BYTES_WRITTEN	0	/work/hdd/bdau/mbanisharifdehkordi/E2E/3d/results_combined/combined_ckpt3.nc4	/work	lustre
POSIX	3	3531888601709092091	POSIX_FILE_NOT_ALIGNED	0	/work/hdd/bdau/mbanisharifdehkordi/E2E/3d/results_combined/combined_ckpt3.nc4	/work	lustre
POSIX	3	3531888601709092091	POSIX_SIZE_WRITE_0_100	0	/work/hdd/bdau/mbanisharifdehkordi/E2E/3d/results_combined/combined_ckpt3.nc4	/work	lustre
POSIX	3	3531888601709092091	POSIX_SIZE_WRITE_100_1K	0	/work/hdd/bdau/mbanisharifdehkordi/E2E/3d/results_combined/combined_ckpt3.nc4	/work	lustre
POSIX	3	3531888601709092091	POSIX_SIZE_WRITE_1K_10K	0	/work/hdd/bdau/mbanisharifdehkordi/E2E/3d/results_combined/combined_ckpt3.nc4	/work	lustre
POSIX	3	3531888601709092091	POSIX_SIZE_WRITE_10K_100K	0	/work/hdd/bdau/mbanisharifdehkordi/E2E/3d/results_combined/combined_ckpt3.nc4	/work	lustre
POSIX	3	3531888601709092091	POSIX_SIZE_WRITE_100K_1M	0	/work/hdd/bdau/mbanisharifdehkordi/E2E/3d/results_combined/combined_ckpt3.nc4	/work	lustre
POSIX	3	3531888601709092091	POSIX_SIZE_WRITE_1M_4M	0	/work/hdd/bdau/mbanisharifdehkordi/E2E/3d/results_combined/combined_ckpt3.nc4	/work	lustre
POSIX	3	3531888601709092091	POSIX_SIZE_WRITE_4M_10M	0	/work/hdd/bdau/mbanisharifdehkordi/E2E/3d/results_combined/combined_ckpt3.nc4	/work	lustre
POSIX	3	3531888601709092091	POSIX_SIZE_WRITE_10M_100M	0	/work/hdd/bdau/mbanisharifdehkordi/E2E/3d/results_combined/combined_ckpt3.nc4	/work	lustre
POSIX	3	3531888601709092091	POSIX_SIZE_WRITE_100M_1G	0	/work/hdd/bdau/mbanisharifdehkordi/E2E/3d/results_combined/combined_ckpt3.nc4	/work	lustre
POSIX	3	3531888601709092091	POSIX_SIZE_WRITE_1G_PLUS	0	/work/hdd/bdau/mbanisharifdehkordi/E2E/3d/results_combined/combined_ckpt3.nc4	/work	lustre
POSIX	3	7794184631446446289	POSIX_BYTES_WRITTEN	0	/work/hdd/bdau/mbanisharifdehkordi/E2E/3d/results_combined/.	/work	lustre
POSIX	3	7794184631446446289	POSIX_FILE_NOT_ALIGNED	0	/work/hdd/bdau/mbanisharifdehkordi/E2E/3d/results_combined/.	/work	lustre
POSIX	3	7794184631446446289	POSIX_SIZE_WRITE_0_100	0	/work/hdd/bdau/mbanisharifdehkordi/E2E/3d/results_combined/.	/work	lustre
POSIX	3	7794184631446446289	POSIX_SIZE_WRITE_100_1K	0	/work/hdd/bdau/mbanisharifdehkordi/E2E/3d/results_combined/.	/work	lustre
POSIX	3	7794184631446446289	POSIX_SIZE_WRITE_1K_10K	0	/work/hdd/bdau/mbanisharifdehkordi/E2E/3d/results_combined/.	/work	lustre
POSIX	3	7794184631446446289	POSIX_SIZE_WRITE_10K_100K	0	/work/hdd/bdau/mbanisharifdehkordi/E2E/3d/results_combined/.	/work	lustre
POSIX	3	7794184631446446289	POSIX_SIZE_WRITE_100K_1M	0	/work/hdd/bdau/mbanisharifdehkordi/E2E/3d/results_combined/.	/work	lustre
POSIX	3	7794184631446446289	POSIX_SIZE_WRITE_1M_4M	0	/work/hdd/bdau/mbanisharifdehkordi/E2E/3d/results_combined/.	/work	lustre
POSIX	3	7794184631446446289	POSIX_SIZE_WRITE_4M_10M	0	/work/hdd/bdau/mbanisharifdehkordi/E2E/3d/results_combined/.	/work	lustre
POSIX	3	7794184631446446289	POSIX_SIZE_WRITE_10M_100M	0	/work/hdd/bdau/mbanisharifdehkordi/E2E/3d/results_combined/.	/work	lustre
POSIX	3	7794184631446446289	POSIX_SIZE_WRITE_100M_1G	0	/work/hdd/bdau/mbanisharifdehkordi/E2E/3d/results_combined/.	/work	lustre
POSIX	3	7794184631446446289	POSIX_SIZE_WRITE_1G_PLUS	0	/work/hdd/bdau/mbanisharifdehkordi/E2E/3d/results_combined/.	/work	lustre
POSIX	3	1607752630872201620	POSIX_BYTES_WRITTEN	0	/work/hdd/bdau/mbanisharifdehkordi/E2E/3d/results_combined/combined_ckpt3.nc4-3240427521-1102025.loc	/work	lustre
POSIX	3	1607752630872201620	POSIX_FILE_NOT_ALIGNED	0	/work/hdd/bdau/mbanisharifdehkordi/E2E/3d/results_combined/combined_ckpt3.nc4-3240427521-1102025.loc	/work	lustre
POSIX	3	1607752630872201620	POSIX_SIZE_WRITE_0_100	0	/work/hdd/bdau/mbanisharifdehkordi/E2E/3d/results_combined/combined_ckpt3.nc4-3240427521-1102025.loc	/work	lustre
POSIX	3	1607752630872201620	POSIX_SIZE_WRITE_100_1K	0	/work/hdd/bdau/mbanisharifdehkordi/E2E/3d/results_combined/combined_ckpt3.nc4-3240427521-1102025.loc	/work	lustre
POSIX	3	1607752630872201620	POSIX_SIZE_WRITE_1K_10K	0	/work/hdd/bdau/mbanisharifdehkordi/E2E/3d/results_combined/combined_ckpt3.nc4-3240427521-1102025.loc	/work	lustre
POSIX	3	1607752630872201620	POSIX_SIZE_WRITE_10K_100K	0	/work/hdd/bdau/mbanisharifdehkordi/E2E/3d/results_combined/combined_ckpt3.nc4-3240427521-1102025.loc	/work	lustre
POSIX	3	1607752630872201620	POSIX_SIZE_WRITE_100K_1M	0	/work/hdd/bdau/mbanisharifdehkordi/E2E/3d/results_combined/combined_ckpt3.nc4-3240427521-1102025.loc	/work	lustre
POSIX	3	1607752630872201620	POSIX_SIZE_WRITE_1M_4M	0	/work/hdd/bdau/mbanisharifdehkordi/E2E/3d/results_combined/combined_ckpt3.nc4-3240427521-1102025.loc	/work	lustre
POSIX	3	1607752630872201620	POSIX_SIZE_WRITE_4M_10M	0	/work/hdd/bdau/mbanisharifdehkordi/E2E/3d/results_combined/combined_ckpt3.nc4-3240427521-1102025.loc	/work	lustre
POSIX	3	1607752630872201620	POSIX_SIZE_WRITE_10M_100M	0	/work/hdd/bdau/mbanisharifdehkordi/E2E/3d/results_combined/combined_ckpt3.nc4-3240427521-1102025.loc	/work	lustre
POSIX	3	1607752630872201620	POSIX_SIZE_WRITE_100M_1G	0	/work/hdd/bdau/mbanisharifdehkordi/E2E/3d/results_combined/combined_ckpt3.nc4-3240427521-1102025.loc	/work	lustre
POSIX	3	1607752630872201620	POSIX_SIZE_WRITE_1G_PLUS	0	/work/hdd/bdau/mbanisharifdehkordi/E2E/3d/results_combined/combined_ckpt3.nc4-3240427521-1102025.loc	/work	lustre
POSIX	4	14086142433138088005	POSIX_BYTES_WRITTEN	0	/work/hdd/bdau/mbanisharifdehkordi/E2E/3d/results_combined/combined_ckpt3.nc4.locktest.4	/work	lustre
POSIX	4	14086142433138088005	POSIX_FILE_NOT_ALIGNED	0	/work/hdd/bdau/mbanisharifdehkordi/E2E/3d/results_combined/combined_ckpt3.nc4.locktest.4	/work	lustre
POSIX	4	14086142433138088005	POSIX_SIZE_WRITE_0_100	0	/work/hdd/bdau/mbanisharifdehkordi/E2E/3d/results_combined/combined_ckpt3.nc4.locktest.4	/work	lustre
POSIX	4	14086142433138088005	POSIX_SIZE_WRITE_100_1K	0	/work/hdd/bdau/mbanisharifdehkordi/E2E/3d/results_combined/combined_ckpt3.nc4.locktest.4	/work	lustre
POSIX	4	14086142433138088005	POSIX_SIZE_WRITE_1K_10K	0	/work/hdd/bdau/mbanisharifdehkordi/E2E/3d/results_combined/combined_ckpt3.nc4.locktest.4	/work	lustre
POSIX	4	14086142433138088005	POSIX_SIZE_WRITE_10K_100K	0	/work/hdd/bdau/mbanisharifdehkordi/E2E/3d/results_combined/combined_ckpt3.nc4.locktest.4	/work	lustre
POSIX	4	14086142433138088005	POSIX_SIZE_WRITE_100K_1M	0	/work/hdd/bdau/mbanisharifdehkordi/E2E/3d/results_combined/combined_ckpt3.nc4.locktest.4	/work	lustre
POSIX	4	14086142433138088005	POSIX_SIZE_WRITE_1M_4M	0	/work/hdd/bdau/mbanisharifdehkordi/E2E/3d/results_combined/combined_ckpt3.nc4.locktest.4	/work	lustre
POSIX	4	14086142433138088005	POSIX_SIZE_WRITE_4M_10M	0	/work/hdd/bdau/mbanisharifdehkordi/E2E/3d/results_combined/combined_ckpt3.nc4.locktest.4	/work	lustre
POSIX	4	14086142433138088005	POSIX_SIZE_WRITE_10M_100M	0	/work/hdd/bdau/mbanisharifdehkordi/E2E/3d/results_combined/combined_ckpt3.nc4.locktest.4	/work	lustre
POSIX	4	14086142433138088005	POSIX_SIZE_WRITE_100M_1G	0	/work/hdd/bdau/mbanisharifdehkordi/E2E/3d/results_combined/combined_ckpt3.nc4.locktest.4	/work	lustre
POSIX	4	14086142433138088005	POSIX_SIZE_WRITE_1G_PLUS	0	/work/hdd/bdau/mbanisharifdehkordi/E2E/3d/results_combined/combined_ckpt3.nc4.locktest.4	/work	lustre
POSIX	4	3531888601709092091	POSIX_BYTES_WRITTEN	0	/work/hdd/bdau/mbanisharifdehkordi/E2E/3d/results_combined/combined_ckpt3.nc4	/work	lustre
POSIX	4	3531888601709092091	POSIX_FILE_NOT_ALIGNED	0	/work/hdd/bdau/mbanisharifdehkordi/E2E/3d/results_combined/combined_ckpt3.nc4	/work	lustre
POSIX	4	3531888601709092091	POSIX_SIZE_WRITE_0_100	0	/work/hdd/bdau/mbanisharifdehkordi/E2E/3d/results_combined/combined_ckpt3.nc4	/work	lustre
POSIX	4	3531888601709092091	POSIX_SIZE_WRITE_100_1K	0	/work/hdd/bdau/mbanisharifdehkordi/E2E/3d/results_combined/combined_ckpt3.nc4	/work	lustre
POSIX	4	3531888601709092091	POSIX_SIZE_WRITE_1K_10K	0	/work/hdd/bdau/mbanisharifdehkordi/E2E/3d/results_combined/combined_ckpt3.nc4	/work	lustre
POSIX	4	3531888601709092091	POSIX_SIZE_WRITE_10K_100K	0	/work/hdd/bdau/mbanisharifdehkordi/E2E/3d/results_combined/combined_ckpt3.nc4	/work	lustre
POSIX	4	3531888601709092091	POSIX_SIZE_WRITE_100K_1M	0	/work/hdd/bdau/mbanisharifdehkordi/E2E/3d/results_combined/combined_ckpt3.nc4	/work	lustre
POSIX	4	3531888601709092091	POSIX_SIZE_WRITE_1M_4M	0	/work/hdd/bdau/mbanisharifdehkordi/E2E/3d/results_combined/combined_ckpt3.nc4	/work	lustre
POSIX	4	3531888601709092091	POSIX_SIZE_WRITE_4M_10M	0	/work/hdd/bdau/mbanisharifdehkordi/E2E/3d/results_combined/combined_ckpt3.nc4	/work	lustre
POSIX	4	3531888601709092091	POSIX_SIZE_WRITE_10M_100M	0	/work/hdd/bdau/mbanisharifdehkordi/E2E/3d/results_combined/combined_ckpt3.nc4	/work	lustre
POSIX	4	3531888601709092091	POSIX_SIZE_WRITE_100M_1G	0	/work/hdd/bdau/mbanisharifdehkordi/E2E/3d/results_combined/combined_ckpt3.nc4	/work	lustre
POSIX	4	3531888601709092091	POSIX_SIZE_WRITE_1G_PLUS	0	/work/hdd/bdau/mbanisharifdehkordi/E2E/3d/results_combined/combined_ckpt3.nc4	/work	lustre
POSIX	4	7794184631446446289	POSIX_BYTES_WRITTEN	0	/work/hdd/bdau/mbanisharifdehkordi/E2E/3d/results_combined/.	/work	lustre
POSIX	4	7794184631446446289	POSIX_FILE_NOT_ALIGNED	0	/work/hdd/bdau/mbanisharifdehkordi/E2E/3d/results_combined/.	/work	lustre
POSIX	4	7794184631446446289	POSIX_SIZE_WRITE_0_100	0	/work/hdd/bdau/mbanisharifdehkordi/E2E/3d/results_combined/.	/work	lustre
POSIX	4	7794184631446446289	POSIX_SIZE_WRITE_100_1K	0	/work/hdd/bdau/mbanisharifdehkordi/E2E/3d/results_combined/.	/work	lustre
POSIX	4	7794184631446446289	POSIX_SIZE_WRITE_1K_10K	0	/work/hdd/bdau/mbanisharifdehkordi/E2E/3d/results_combined/.	/work	lustre
POSIX	4	7794184631446446289	POSIX_SIZE_WRITE_10K_100K	0	/work/hdd/bdau/mbanisharifdehkordi/E2E/3d/results_combined/.	/work	lustre
POSIX	4	7794184631446446289	POSIX_SIZE_WRITE_100K_1M	0	/work/hdd/bdau/mbanisharifdehkordi/E2E/3d/results_combined/.	/work	lustre
POSIX	4	7794184631446446289	POSIX_SIZE_WRITE_1M_4M	0	/work/hdd/bdau/mbanisharifdehkordi/E2E/3d/results_combined/.	/work	lustre
POSIX	4	7794184631446446289	POSIX_SIZE_WRITE_4M_10M	0	/work/hdd/bdau/mbanisharifdehkordi/E2E/3d/results_combined/.	/work	lustre
POSIX	4	7794184631446446289	POSIX_SIZE_WRITE_10M_100M	0	/work/hdd/bdau/mbanisharifdehkordi/E2E/3d/results_combined/.	/work	lustre
POSIX	4	7794184631446446289	POSIX_SIZE_WRITE_100M_1G	0	/work/hdd/bdau/mbanisharifdehkordi/E2E/3d/results_combined/.	/work	lustre
POSIX	4	7794184631446446289	POSIX_SIZE_WRITE_1G_PLUS	0	/work/hdd/bdau/mbanisharifdehkordi/E2E/3d/results_combined/.	/work	lustre
POSIX	4	1607752630872201620	POSIX_BYTES_WRITTEN	0	/work/hdd/bdau/mbanisharifdehkordi/E2E/3d/results_combined/combined_ckpt3.nc4-3240427521-1102025.loc	/work	lustre
POSIX	4	1607752630872201620	POSIX_FILE_NOT_ALIGNED	0	/work/hdd/bdau/mbanisharifdehkordi/E2E/3d/results_combined/combined_ckpt3.nc4-3240427521-1102025.loc	/work	lustre
POSIX	4	1607752630872201620	POSIX_SIZE_WRITE_0_100	0	/work/hdd/bdau/mbanisharifdehkordi/E2E/3d/results_combined/combined_ckpt3.nc4-3240427521-1102025.loc	/work	lustre
POSIX	4	1607752630872201620	POSIX_SIZE_WRITE_100_1K	0	/work/hdd/bdau/mbanisharifdehkordi/E2E/3d/results_combined/combined_ckpt3.nc4-3240427521-1102025.loc	/work	lustre
POSIX	4	1607752630872201620	POSIX_SIZE_WRITE_1K_10K	0	/work/hdd/bdau/mbanisharifdehkordi/E2E/3d/results_combined/combined_ckpt3.nc4-3240427521-1102025.loc	/work	lustre
POSIX	4	1607752630872201620	POSIX_SIZE_WRITE_10K_100K	0	/work/hdd/bdau/mbanisharifdehkordi/E2E/3d/results_combined/combined_ckpt3.nc4-3240427521-1102025.loc	/work	lustre
POSIX	4	1607752630872201620	POSIX_SIZE_WRITE_100K_1M	0	/work/hdd/bdau/mbanisharifdehkordi/E2E/3d/results_combined/combined_ckpt3.nc4-3240427521-1102025.loc	/work	lustre
POSIX	4	1607752630872201620	POSIX_SIZE_WRITE_1M_4M	0	/work/hdd/bdau/mbanisharifdehkordi/E2E/3d/results_combined/combined_ckpt3.nc4-3240427521-1102025.loc	/work	lustre
POSIX	4	1607752630872201620	POSIX_SIZE_WRITE_4M_10M	0	/work/hdd/bdau/mbanisharifdehkordi/E2E/3d/results_combined/combined_ckpt3.nc4-3240427521-1102025.loc	/work	lustre
POSIX	4	1607752630872201620	POSIX_SIZE_WRITE_10M_100M	0	/work/hdd/bdau/mbanisharifdehkordi/E2E/3d/results_combined/combined_ckpt3.nc4-3240427521-1102025.loc	/work	lustre
POSIX	4	1607752630872201620	POSIX_SIZE_WRITE_100M_1G	0	/work/hdd/bdau/mbanisharifdehkordi/E2E/3d/results_combined/combined_ckpt3.nc4-3240427521-1102025.loc	/work	lustre
POSIX	4	1607752630872201620	POSIX_SIZE_WRITE_1G_PLUS	0	/work/hdd/bdau/mbanisharifdehkordi/E2E/3d/results_combined/combined_ckpt3.nc4-3240427521-1102025.loc	/work	lustre
POSIX	5	3589666204734004697	POSIX_BYTES_WRITTEN	0	/work/hdd/bdau/mbanisharifdehkordi/E2E/3d/results_combined/combined_ckpt3.nc4.locktest.5	/work	lustre
POSIX	5	3589666204734004697	POSIX_FILE_NOT_ALIGNED	0	/work/hdd/bdau/mbanisharifdehkordi/E2E/3d/results_combined/combined_ckpt3.nc4.locktest.5	/work	lustre
POSIX	5	3589666204734004697	POSIX_SIZE_WRITE_0_100	0	/work/hdd/bdau/mbanisharifdehkordi/E2E/3d/results_combined/combined_ckpt3.nc4.locktest.5	/work	lustre
POSIX	5	3589666204734004697	POSIX_SIZE_WRITE_100_1K	0	/work/hdd/bdau/mbanisharifdehkordi/E2E/3d/results_combined/combined_ckpt3.nc4.locktest.5	/work	lustre
POSIX	5	3589666204734004697	POSIX_SIZE_WRITE_1K_10K	0	/work/hdd/bdau/mbanisharifdehkordi/E2E/3d/results_combined/combined_ckpt3.nc4.locktest.5	/work	lustre
POSIX	5	3589666204734004697	POSIX_SIZE_WRITE_10K_100K	0	/work/hdd/bdau/mbanisharifdehkordi/E2E/3d/results_combined/combined_ckpt3.nc4.locktest.5	/work	lustre
POSIX	5	3589666204734004697	POSIX_SIZE_WRITE_100K_1M	0	/work/hdd/bdau/mbanisharifdehkordi/E2E/3d/results_combined/combined_ckpt3.nc4.locktest.5	/work	lustre
POSIX	5	3589666204734004697	POSIX_SIZE_WRITE_1M_4M	0	/work/hdd/bdau/mbanisharifdehkordi/E2E/3d/results_combined/combined_ckpt3.nc4.locktest.5	/work	lustre
POSIX	5	3589666204734004697	POSIX_SIZE_WRITE_4M_10M	0	/work/hdd/bdau/mbanisharifdehkordi/E2E/3d/results_combined/combined_ckpt3.nc4.locktest.5	/work	lustre
POSIX	5	3589666204734004697	POSIX_SIZE_WRITE_10M_100M	0	/work/hdd/bdau/mbanisharifdehkordi/E2E/3d/results_combined/combined_ckpt3.nc4.locktest.5	/work	lustre
POSIX	5	3589666204734004697	POSIX_SIZE_WRITE_100M_1G	0	/work/hdd/bdau/mbanisharifdehkordi/E2E/3d/results_combined/combined_ckpt3.nc4.locktest.5	/work	lustre
POSIX	5	3589666204734004697	POSIX_SIZE_WRITE_1G_PLUS	0	/work/hdd/bdau/mbanisharifdehkordi/E2E/3d/results_combined/combined_ckpt3.nc4.locktest.5	/work	lustre
POSIX	5	3531888601709092091	POSIX_BYTES_WRITTEN	0	/work/hdd/bdau/mbanisharifdehkordi/E2E/3d/results_combined/combined_ckpt3.nc4	/work	lustre
POSIX	5	3531888601709092091	POSIX_FILE_NOT_ALIGNED	0	/work/hdd/bdau/mbanisharifdehkordi/E2E/3d/results_combined/combined_ckpt3.nc4	/work	lustre
POSIX	5	3531888601709092091	POSIX_SIZE_WRITE_0_100	0	/work/hdd/bdau/mbanisharifdehkordi/E2E/3d/results_combined/combined_ckpt3.nc4	/work	lustre
POSIX	5	3531888601709092091	POSIX_SIZE_WRITE_100_1K	0	/work/hdd/bdau/mbanisharifdehkordi/E2E/3d/results_combined/combined_ckpt3.nc4	/work	lustre
POSIX	5	3531888601709092091	POSIX_SIZE_WRITE_1K_10K	0	/work/hdd/bdau/mbanisharifdehkordi/E2E/3d/results_combined/combined_ckpt3.nc4	/work	lustre
POSIX	5	3531888601709092091	POSIX_SIZE_WRITE_10K_100K	0	/work/hdd/bdau/mbanisharifdehkordi/E2E/3d/results_combined/combined_ckpt3.nc4	/work	lustre
POSIX	5	3531888601709092091	POSIX_SIZE_WRITE_100K_1M	0	/work/hdd/bdau/mbanisharifdehkordi/E2E/3d/results_combined/combined_ckpt3.nc4	/work	lustre
POSIX	5	3531888601709092091	POSIX_SIZE_WRITE_1M_4M	0	/work/hdd/bdau/mbanisharifdehkordi/E2E/3d/results_combined/combined_ckpt3.nc4	/work	lustre
POSIX	5	3531888601709092091	POSIX_SIZE_WRITE_4M_10M	0	/work/hdd/bdau/mbanisharifdehkordi/E2E/3d/results_combined/combined_ckpt3.nc4	/work	lustre
POSIX	5	3531888601709092091	POSIX_SIZE_WRITE_10M_100M	0	/work/hdd/bdau/mbanisharifdehkordi/E2E/3d/results_combined/combined_ckpt3.nc4	/work	lustre
POSIX	5	3531888601709092091	POSIX_SIZE_WRITE_100M_1G	0	/work/hdd/bdau/mbanisharifdehkordi/E2E/3d/results_combined/combined_ckpt3.nc4	/work	lustre
POSIX	5	3531888601709092091	POSIX_SIZE_WRITE_1G_PLUS	0	/work/hdd/bdau/mbanisharifdehkordi/E2E/3d/results_combined/combined_ckpt3.nc4	/work	lustre
POSIX	5	7794184631446446289	POSIX_BYTES_WRITTEN	0	/work/hdd/bdau/mbanisharifdehkordi/E2E/3d/results_combined/.	/work	lustre
POSIX	5	7794184631446446289	POSIX_FILE_NOT_ALIGNED	0	/work/hdd/bdau/mbanisharifdehkordi/E2E/3d/results_combined/.	/work	lustre
POSIX	5	7794184631446446289	POSIX_SIZE_WRITE_0_100	0	/work/hdd/bdau/mbanisharifdehkordi/E2E/3d/results_combined/.	/work	lustre
POSIX	5	7794184631446446289	POSIX_SIZE_WRITE_100_1K	0	/work/hdd/bdau/mbanisharifdehkordi/E2E/3d/results_combined/.	/work	lustre
POSIX	5	7794184631446446289	POSIX_SIZE_WRITE_1K_10K	0	/work/hdd/bdau/mbanisharifdehkordi/E2E/3d/results_combined/.	/work	lustre
POSIX	5	7794184631446446289	POSIX_SIZE_WRITE_10K_100K	0	/work/hdd/bdau/mbanisharifdehkordi/E2E/3d/results_combined/.	/work	lustre
POSIX	5	7794184631446446289	POSIX_SIZE_WRITE_100K_1M	0	/work/hdd/bdau/mbanisharifdehkordi/E2E/3d/results_combined/.	/work	lustre
POSIX	5	7794184631446446289	POSIX_SIZE_WRITE_1M_4M	0	/work/hdd/bdau/mbanisharifdehkordi/E2E/3d/results_combined/.	/work	lustre
POSIX	5	7794184631446446289	POSIX_SIZE_WRITE_4M_10M	0	/work/hdd/bdau/mbanisharifdehkordi/E2E/3d/results_combined/.	/work	lustre
POSIX	5	7794184631446446289	POSIX_SIZE_WRITE_10M_100M	0	/work/hdd/bdau/mbanisharifdehkordi/E2E/3d/results_combined/.	/work	lustre
POSIX	5	7794184631446446289	POSIX_SIZE_WRITE_100M_1G	0	/work/hdd/bdau/mbanisharifdehkordi/E2E/3d/results_combined/.	/work	lustre
POSIX	5	7794184631446446289	POSIX_SIZE_WRITE_1G_PLUS	0	/work/hdd/bdau/mbanisharifdehkordi/E2E/3d/results_combined/.	/work	lustre
POSIX	5	1607752630872201620	POSIX_BYTES_WRITTEN	0	/work/hdd/bdau/mbanisharifdehkordi/E2E/3d/results_combined/combined_ckpt3.nc4-3240427521-1102025.loc	/work	lustre
POSIX	5	1607752630872201620	POSIX_FILE_NOT_ALIGNED	0	/work/hdd/bdau/mbanisharifdehkordi/E2E/3d/results_combined/combined_ckpt3.nc4-3240427521-1102025.loc	/work	lustre
POSIX	5	1607752630872201620	POSIX_SIZE_WRITE_0_100	0	/work/hdd/bdau/mbanisharifdehkordi/E2E/3d/results_combined/combined_ckpt3.nc4-3240427521-1102025.loc	/work	lustre
POSIX	5	1607752630872201620	POSIX_SIZE_WRITE_100_1K	0	/work/hdd/bdau/mbanisharifdehkordi/E2E/3d/results_combined/combined_ckpt3.nc4-3240427521-1102025.loc	/work	lustre
POSIX	5	1607752630872201620	POSIX_SIZE_WRITE_1K_10K	0	/work/hdd/bdau/mbanisharifdehkordi/E2E/3d/results_combined/combined_ckpt3.nc4-3240427521-1102025.loc	/work	lustre
POSIX	5	1607752630872201620	POSIX_SIZE_WRITE_10K_100K	0	/work/hdd/bdau/mbanisharifdehkordi/E2E/3d/results_combined/combined_ckpt3.nc4-3240427521-1102025.loc	/work	lustre
POSIX	5	1607752630872201620	POSIX_SIZE_WRITE_100K_1M	0	/work/hdd/bdau/mbanisharifdehkordi/E2E/3d/results_combined/combined_ckpt3.nc4-3240427521-1102025.loc	/work	lustre
POSIX	5	1607752630872201620	POSIX_SIZE_WRITE_1M_4M	0	/work/hdd/bdau/mbanisharifdehkordi/E2E/3d/results_combined/combined_ckpt3.nc4-3240427521-1102025.loc	/work	lustre
POSIX	5	1607752630872201620	POSIX_SIZE_WRITE_4M_10M	0	/work/hdd/bdau/mbanisharifdehkordi/E2E/3d/results_combined/combined_ckpt3.nc4-3240427521-1102025.loc	/work	lustre
POSIX	5	1607752630872201620	POSIX_SIZE_WRITE_10M_100M	0	/work/hdd/bdau/mbanisharifdehkordi/E2E/3d/results_combined/combined_ckpt3.nc4-3240427521-1102025.loc	/work	lustre
POSIX	5	1607752630872201620	POSIX_SIZE_WRITE_100M_1G	0	/work/hdd/bdau/mbanisharifdehkordi/E2E/3d/results_combined/combined_ckpt3.nc4-3240427521-1102025.loc	/work	lustre
POSIX	5	1607752630872201620	POSIX_SIZE_WRITE_1G_PLUS	0	/work/hdd/bdau/mbanisharifdehkordi/E2E/3d/results_combined/combined_ckpt3.nc4-3240427521-1102025.loc	/work	lustre
POSIX	6	8108507176343251137	POSIX_BYTES_WRITTEN	0	/work/hdd/bdau/mbanisharifdehkordi/E2E/3d/results_combined/combined_ckpt3.nc4.locktest.6	/work	lustre
POSIX	6	8108507176343251137	POSIX_FILE_NOT_ALIGNED	0	/work/hdd/bdau/mbanisharifdehkordi/E2E/3d/results_combined/combined_ckpt3.nc4.locktest.6	/work	lustre
POSIX	6	8108507176343251137	POSIX_SIZE_WRITE_0_100	0	/work/hdd/bdau/mbanisharifdehkordi/E2E/3d/results_combined/combined_ckpt3.nc4.locktest.6	/work	lustre
POSIX	6	8108507176343251137	POSIX_SIZE_WRITE_100_1K	0	/work/hdd/bdau/mbanisharifdehkordi/E2E/3d/results_combined/combined_ckpt3.nc4.locktest.6	/work	lustre
POSIX	6	8108507176343251137	POSIX_SIZE_WRITE_1K_10K	0	/work/hdd/bdau/mbanisharifdehkordi/E2E/3d/results_combined/combined_ckpt3.nc4.locktest.6	/work	lustre
POSIX	6	8108507176343251137	POSIX_SIZE_WRITE_10K_100K	0	/work/hdd/bdau/mbanisharifdehkordi/E2E/3d/results_combined/combined_ckpt3.nc4.locktest.6	/work	lustre
POSIX	6	8108507176343251137	POSIX_SIZE_WRITE_100K_1M	0	/work/hdd/bdau/mbanisharifdehkordi/E2E/3d/results_combined/combined_ckpt3.nc4.locktest.6	/work	lustre
POSIX	6	8108507176343251137	POSIX_SIZE_WRITE_1M_4M	0	/work/hdd/bdau/mbanisharifdehkordi/E2E/3d/results_combined/combined_ckpt3.nc4.locktest.6	/work	lustre
POSIX	6	8108507176343251137	POSIX_SIZE_WRITE_4M_10M	0	/work/hdd/bdau/mbanisharifdehkordi/E2E/3d/results_combined/combined_ckpt3.nc4.locktest.6	/work	lustre
POSIX	6	8108507176343251137	POSIX_SIZE_WRITE_10M_100M	0	/work/hdd/bdau/mbanisharifdehkordi/E2E/3d/results_combined/combined_ckpt3.nc4.locktest.6	/work	lustre
POSIX	6	8108507176343251137	POSIX_SIZE_WRITE_100M_1G	0	/work/hdd/bdau/mbanisharifdehkordi/E2E/3d/results_combined/combined_ckpt3.nc4.locktest.6	/work	lustre
POSIX	6	8108507176343251137	POSIX_SIZE_WRITE_1G_PLUS	0	/work/hdd/bdau/mbanisharifdehkordi/E2E/3d/results_combined/combined_ckpt3.nc4.locktest.6	/work	lustre
POSIX	6	3531888601709092091	POSIX_BYTES_WRITTEN	0	/work/hdd/bdau/mbanisharifdehkordi/E2E/3d/results_combined/combined_ckpt3.nc4	/work	lustre
POSIX	6	3531888601709092091	POSIX_FILE_NOT_ALIGNED	0	/work/hdd/bdau/mbanisharifdehkordi/E2E/3d/results_combined/combined_ckpt3.nc4	/work	lustre
POSIX	6	3531888601709092091	POSIX_SIZE_WRITE_0_100	0	/work/hdd/bdau/mbanisharifdehkordi/E2E/3d/results_combined/combined_ckpt3.nc4	/work	lustre
POSIX	6	3531888601709092091	POSIX_SIZE_WRITE_100_1K	0	/work/hdd/bdau/mbanisharifdehkordi/E2E/3d/results_combined/combined_ckpt3.nc4	/work	lustre
POSIX	6	3531888601709092091	POSIX_SIZE_WRITE_1K_10K	0	/work/hdd/bdau/mbanisharifdehkordi/E2E/3d/results_combined/combined_ckpt3.nc4	/work	lustre
POSIX	6	3531888601709092091	POSIX_SIZE_WRITE_10K_100K	0	/work/hdd/bdau/mbanisharifdehkordi/E2E/3d/results_combined/combined_ckpt3.nc4	/work	lustre
POSIX	6	3531888601709092091	POSIX_SIZE_WRITE_100K_1M	0	/work/hdd/bdau/mbanisharifdehkordi/E2E/3d/results_combined/combined_ckpt3.nc4	/work	lustre
POSIX	6	3531888601709092091	POSIX_SIZE_WRITE_1M_4M	0	/work/hdd/bdau/mbanisharifdehkordi/E2E/3d/results_combined/combined_ckpt3.nc4	/work	lustre
POSIX	6	3531888601709092091	POSIX_SIZE_WRITE_4M_10M	0	/work/hdd/bdau/mbanisharifdehkordi/E2E/3d/results_combined/combined_ckpt3.nc4	/work	lustre
POSIX	6	3531888601709092091	POSIX_SIZE_WRITE_10M_100M	0	/work/hdd/bdau/mbanisharifdehkordi/E2E/3d/results_combined/combined_ckpt3.nc4	/work	lustre
POSIX	6	3531888601709092091	POSIX_SIZE_WRITE_100M_1G	0	/work/hdd/bdau/mbanisharifdehkordi/E2E/3d/results_combined/combined_ckpt3.nc4	/work	lustre
POSIX	6	3531888601709092091	POSIX_SIZE_WRITE_1G_PLUS	0	/work/hdd/bdau/mbanisharifdehkordi/E2E/3d/results_combined/combined_ckpt3.nc4	/work	lustre
POSIX	6	7794184631446446289	POSIX_BYTES_WRITTEN	0	/work/hdd/bdau/mbanisharifdehkordi/E2E/3d/results_combined/.	/work	lustre
POSIX	6	7794184631446446289	POSIX_FILE_NOT_ALIGNED	0	/work/hdd/bdau/mbanisharifdehkordi/E2E/3d/results_combined/.	/work	lustre
POSIX	6	7794184631446446289	POSIX_SIZE_WRITE_0_100	0	/work/hdd/bdau/mbanisharifdehkordi/E2E/3d/results_combined/.	/work	lustre
POSIX	6	7794184631446446289	POSIX_SIZE_WRITE_100_1K	0	/work/hdd/bdau/mbanisharifdehkordi/E2E/3d/results_combined/.	/work	lustre
POSIX	6	7794184631446446289	POSIX_SIZE_WRITE_1K_10K	0	/work/hdd/bdau/mbanisharifdehkordi/E2E/3d/results_combined/.	/work	lustre
POSIX	6	7794184631446446289	POSIX_SIZE_WRITE_10K_100K	0	/work/hdd/bdau/mbanisharifdehkordi/E2E/3d/results_combined/.	/work	lustre
POSIX	6	7794184631446446289	POSIX_SIZE_WRITE_100K_1M	0	/work/hdd/bdau/mbanisharifdehkordi/E2E/3d/results_combined/.	/work	lustre
POSIX	6	7794184631446446289	POSIX_SIZE_WRITE_1M_4M	0	/work/hdd/bdau/mbanisharifdehkordi/E2E/3d/results_combined/.	/work	lustre
POSIX	6	7794184631446446289	POSIX_SIZE_WRITE_4M_10M	0	/work/hdd/bdau/mbanisharifdehkordi/E2E/3d/results_combined/.	/work	lustre
POSIX	6	7794184631446446289	POSIX_SIZE_WRITE_10M_100M	0	/work/hdd/bdau/mbanisharifdehkordi/E2E/3d/results_combined/.	/work	lustre
POSIX	6	7794184631446446289	POSIX_SIZE_WRITE_100M_1G	0	/work/hdd/bdau/mbanisharifdehkordi/E2E/3d/results_combined/.	/work	lustre
POSIX	6	7794184631446446289	POSIX_SIZE_WRITE_1G_PLUS	0	/work/hdd/bdau/mbanisharifdehkordi/E2E/3d/results_combined/.	/work	lustre
POSIX	6	1607752630872201620	POSIX_BYTES_WRITTEN	0	/work/hdd/bdau/mbanisharifdehkordi/E2E/3d/results_combined/combined_ckpt3.nc4-3240427521-1102025.loc	/work	lustre
POSIX	6	1607752630872201620	POSIX_FILE_NOT_ALIGNED	0	/work/hdd/bdau/mbanisharifdehkordi/E2E/3d/results_combined/combined_ckpt3.nc4-3240427521-1102025.loc	/work	lustre
POSIX	6	1607752630872201620	POSIX_SIZE_WRITE_0_100	0	/work/hdd/bdau/mbanisharifdehkordi/E2E/3d/results_combined/combined_ckpt3.nc4-3240427521-1102025.loc	/work	lustre
POSIX	6	1607752630872201620	POSIX_SIZE_WRITE_100_1K	0	/work/hdd/bdau/mbanisharifdehkordi/E2E/3d/results_combined/combined_ckpt3.nc4-3240427521-1102025.loc	/work	lustre
POSIX	6	1607752630872201620	POSIX_SIZE_WRITE_1K_10K	0	/work/hdd/bdau/mbanisharifdehkordi/E2E/3d/results_combined/combined_ckpt3.nc4-3240427521-1102025.loc	/work	lustre
POSIX	6	1607752630872201620	POSIX_SIZE_WRITE_10K_100K	0	/work/hdd/bdau/mbanisharifdehkordi/E2E/3d/results_combined/combined_ckpt3.nc4-3240427521-1102025.loc	/work	lustre
POSIX	6	1607752630872201620	POSIX_SIZE_WRITE_100K_1M	0	/work/hdd/bdau/mbanisharifdehkordi/E2E/3d/results_combined/combined_ckpt3.nc4-3240427521-1102025.loc	/work	lustre
POSIX	6	1607752630872201620	POSIX_SIZE_WRITE_1M_4M	0	/work/hdd/bdau/mbanisharifdehkordi/E2E/3d/results_combined/combined_ckpt3.nc4-3240427521-1102025.loc	/work	lustre
POSIX	6	1607752630872201620	POSIX_SIZE_WRITE_4M_10M	0	/work/hdd/bdau/mbanisharifdehkordi/E2E/3d/results_combined/combined_ckpt3.nc4-3240427521-1102025.loc	/work	lustre
POSIX	6	1607752630872201620	POSIX_SIZE_WRITE_10M_100M	0	/work/hdd/bdau/mbanisharifdehkordi/E2E/3d/results_combined/combined_ckpt3.nc4-3240427521-1102025.loc	/work	lustre
POSIX	6	1607752630872201620	POSIX_SIZE_WRITE_100M_1G	0	/work/hdd/bdau/mbanisharifdehkordi/E2E/3d/results_combined/combined_ckpt3.nc4-3240427521-1102025.loc	/work	lustre
POSIX	6	1607752630872201620	POSIX_SIZE_WRITE_1G_PLUS	0	/work/hdd/bdau/mbanisharifdehkordi/E2E/3d/results_combined/combined_ckpt3.nc4-3240427521-1102025.loc	/work	lustre
POSIX	7	46215469545532535	POSIX_BYTES_WRITTEN	0	/work/hdd/bdau/mbanisharifdehkordi/E2E/3d/results_combined/combined_ckpt3.nc4.locktest.7	/work	lustre
POSIX	7	46215469545532535	POSIX_FILE_NOT_ALIGNED	0	/work/hdd/bdau/mbanisharifdehkordi/E2E/3d/results_combined/combined_ckpt3.nc4.locktest.7	/work	lustre
POSIX	7	46215469545532535	POSIX_SIZE_WRITE_0_100	0	/work/hdd/bdau/mbanisharifdehkordi/E2E/3d/results_combined/combined_ckpt3.nc4.locktest.7	/work	lustre
POSIX	7	46215469545532535	POSIX_SIZE_WRITE_100_1K	0	/work/hdd/bdau/mbanisharifdehkordi/E2E/3d/results_combined/combined_ckpt3.nc4.locktest.7	/work	lustre
POSIX	7	46215469545532535	POSIX_SIZE_WRITE_1K_10K	0	/work/hdd/bdau/mbanisharifdehkordi/E2E/3d/results_combined/combined_ckpt3.nc4.locktest.7	/work	lustre
POSIX	7	46215469545532535	POSIX_SIZE_WRITE_10K_100K	0	/work/hdd/bdau/mbanisharifdehkordi/E2E/3d/results_combined/combined_ckpt3.nc4.locktest.7	/work	lustre
POSIX	7	46215469545532535	POSIX_SIZE_WRITE_100K_1M	0	/work/hdd/bdau/mbanisharifdehkordi/E2E/3d/results_combined/combined_ckpt3.nc4.locktest.7	/work	lustre
POSIX	7	46215469545532535	POSIX_SIZE_WRITE_1M_4M	0	/work/hdd/bdau/mbanisharifdehkordi/E2E/3d/results_combined/combined_ckpt3.nc4.locktest.7	/work	lustre
POSIX	7	46215469545532535	POSIX_SIZE_WRITE_4M_10M	0	/work/hdd/bdau/mbanisharifdehkordi/E2E/3d/results_combined/combined_ckpt3.nc4.locktest.7	/work	lustre
POSIX	7	46215469545532535	POSIX_SIZE_WRITE_10M_100M	0	/work/hdd/bdau/mbanisharifdehkordi/E2E/3d/results_combined/combined_ckpt3.nc4.locktest.7	/work	lustre
POSIX	7	46215469545532535	POSIX_SIZE_WRITE_100M_1G	0	/work/hdd/bdau/mbanisharifdehkordi/E2E/3d/results_combined/combined_ckpt3.nc4.locktest.7	/work	lustre
POSIX	7	46215469545532535	POSIX_SIZE_WRITE_1G_PLUS	0	/work/hdd/bdau/mbanisharifdehkordi/E2E/3d/results_combined/combined_ckpt3.nc4.locktest.7	/work	lustre
POSIX	7	3531888601709092091	POSIX_BYTES_WRITTEN	0	/work/hdd/bdau/mbanisharifdehkordi/E2E/3d/results_combined/combined_ckpt3.nc4	/work	lustre
POSIX	7	3531888601709092091	POSIX_FILE_NOT_ALIGNED	0	/work/hdd/bdau/mbanisharifdehkordi/E2E/3d/results_combined/combined_ckpt3.nc4	/work	lustre
POSIX	7	3531888601709092091	POSIX_SIZE_WRITE_0_100	0	/work/hdd/bdau/mbanisharifdehkordi/E2E/3d/results_combined/combined_ckpt3.nc4	/work	lustre
POSIX	7	3531888601709092091	POSIX_SIZE_WRITE_100_1K	0	/work/hdd/bdau/mbanisharifdehkordi/E2E/3d/results_combined/combined_ckpt3.nc4	/work	lustre
POSIX	7	3531888601709092091	POSIX_SIZE_WRITE_1K_10K	0	/work/hdd/bdau/mbanisharifdehkordi/E2E/3d/results_combined/combined_ckpt3.nc4	/work	lustre
POSIX	7	3531888601709092091	POSIX_SIZE_WRITE_10K_100K	0	/work/hdd/bdau/mbanisharifdehkordi/E2E/3d/results_combined/combined_ckpt3.nc4	/work	lustre
POSIX	7	3531888601709092091	POSIX_SIZE_WRITE_100K_1M	0	/work/hdd/bdau/mbanisharifdehkordi/E2E/3d/results_combined/combined_ckpt3.nc4	/work	lustre
POSIX	7	3531888601709092091	POSIX_SIZE_WRITE_1M_4M	0	/work/hdd/bdau/mbanisharifdehkordi/E2E/3d/results_combined/combined_ckpt3.nc4	/work	lustre
POSIX	7	3531888601709092091	POSIX_SIZE_WRITE_4M_10M	0	/work/hdd/bdau/mbanisharifdehkordi/E2E/3d/results_combined/combined_ckpt3.nc4	/work	lustre
POSIX	7	3531888601709092091	POSIX_SIZE_WRITE_10M_100M	0	/work/hdd/bdau/mbanisharifdehkordi/E2E/3d/results_combined/combined_ckpt3.nc4	/work	lustre
POSIX	7	3531888601709092091	POSIX_SIZE_WRITE_100M_1G	0	/work/hdd/bdau/mbanisharifdehkordi/E2E/3d/results_combined/combined_ckpt3.nc4	/work	lustre
POSIX	7	3531888601709092091	POSIX_SIZE_WRITE_1G_PLUS	0	/work/hdd/bdau/mbanisharifdehkordi/E2E/3d/results_combined/combined_ckpt3.nc4	/work	lustre
POSIX	7	7794184631446446289	POSIX_BYTES_WRITTEN	0	/work/hdd/bdau/mbanisharifdehkordi/E2E/3d/results_combined/.	/work	lustre
POSIX	7	7794184631446446289	POSIX_FILE_NOT_ALIGNED	0	/work/hdd/bdau/mbanisharifdehkordi/E2E/3d/results_combined/.	/work	lustre
POSIX	7	7794184631446446289	POSIX_SIZE_WRITE_0_100	0	/work/hdd/bdau/mbanisharifdehkordi/E2E/3d/results_combined/.	/work	lustre
POSIX	7	7794184631446446289	POSIX_SIZE_WRITE_100_1K	0	/work/hdd/bdau/mbanisharifdehkordi/E2E/3d/results_combined/.	/work	lustre
POSIX	7	7794184631446446289	POSIX_SIZE_WRITE_1K_10K	0	/work/hdd/bdau/mbanisharifdehkordi/E2E/3d/results_combined/.	/work	lustre
POSIX	7	7794184631446446289	POSIX_SIZE_WRITE_10K_100K	0	/work/hdd/bdau/mbanisharifdehkordi/E2E/3d/results_combined/.	/work	lustre
POSIX	7	7794184631446446289	POSIX_SIZE_WRITE_100K_1M	0	/work/hdd/bdau/mbanisharifdehkordi/E2E/3d/results_combined/.	/work	lustre
POSIX	7	7794184631446446289	POSIX_SIZE_WRITE_1M_4M	0	/work/hdd/bdau/mbanisharifdehkordi/E2E/3d/results_combined/.	/work	lustre
POSIX	7	7794184631446446289	POSIX_SIZE_WRITE_4M_10M	0	/work/hdd/bdau/mbanisharifdehkordi/E2E/3d/results_combined/.	/work	lustre
POSIX	7	7794184631446446289	POSIX_SIZE_WRITE_10M_100M	0	/work/hdd/bdau/mbanisharifdehkordi/E2E/3d/results_combined/.	/work	lustre
POSIX	7	7794184631446446289	POSIX_SIZE_WRITE_100M_1G	0	/work/hdd/bdau/mbanisharifdehkordi/E2E/3d/results_combined/.	/work	lustre
POSIX	7	7794184631446446289	POSIX_SIZE_WRITE_1G_PLUS	0	/work/hdd/bdau/mbanisharifdehkordi/E2E/3d/results_combined/.	/work	lustre
POSIX	7	1607752630872201620	POSIX_BYTES_WRITTEN	0	/work/hdd/bdau/mbanisharifdehkordi/E2E/3d/results_combined/combined_ckpt3.nc4-3240427521-1102025.loc	/work	lustre
POSIX	7	1607752630872201620	POSIX_FILE_NOT_ALIGNED	0	/work/hdd/bdau/mbanisharifdehkordi/E2E/3d/results_combined/combined_ckpt3.nc4-3240427521-1102025.loc	/work	lustre
POSIX	7	1607752630872201620	POSIX_SIZE_WRITE_0_100	0	/work/hdd/bdau/mbanisharifdehkordi/E2E/3d/results_combined/combined_ckpt3.nc4-3240427521-1102025.loc	/work	lustre
POSIX	7	1607752630872201620	POSIX_SIZE_WRITE_100_1K	0	/work/hdd/bdau/mbanisharifdehkordi/E2E/3d/results_combined/combined_ckpt3.nc4-3240427521-1102025.loc	/work	lustre
POSIX	7	1607752630872201620	POSIX_SIZE_WRITE_1K_10K	0	/work/hdd/bdau/mbanisharifdehkordi/E2E/3d/results_combined/combined_ckpt3.nc4-3240427521-1102025.loc	/work	lustre
POSIX	7	1607752630872201620	POSIX_SIZE_WRITE_10K_100K	0	/work/hdd/bdau/mbanisharifdehkordi/E2E/3d/results_combined/combined_ckpt3.nc4-3240427521-1102025.loc	/work	lustre
POSIX	7	1607752630872201620	POSIX_SIZE_WRITE_100K_1M	0	/work/hdd/bdau/mbanisharifdehkordi/E2E/3d/results_combined/combined_ckpt3.nc4-3240427521-1102025.loc	/work	lustre
POSIX	7	1607752630872201620	POSIX_SIZE_WRITE_1M_4M	0	/work/hdd/bdau/mbanisharifdehkordi/E2E/3d/results_combined/combined_ckpt3.nc4-3240427521-1102025.loc	/work	lustre
POSIX	7	1607752630872201620	POSIX_SIZE_WRITE_4M_10M	0	/work/hdd/bdau/mbanisharifdehkordi/E2E/3d/results_combined/combined_ckpt3.nc4-3240427521-1102025.loc	/work	lustre
POSIX	7	1607752630872201620	POSIX_SIZE_WRITE_10M_100M	0	/work/hdd/bdau/mbanisharifdehkordi/E2E/3d/results_combined/combined_ckpt3.nc4-3240427521-1102025.loc	/work	lustre
POSIX	7	1607752630872201620	POSIX_SIZE_WRITE_100M_1G	0	/work/hdd/bdau/mbanisharifdehkordi/E2E/3d/results_combined/combined_ckpt3.nc4-3240427521-1102025.loc	/work	lustre
POSIX	7	1607752630872201620	POSIX_SIZE_WRITE_1G_PLUS	0	/work/hdd/bdau/mbanisharifdehkordi/E2E/3d/results_combined/combined_ckpt3.nc4-3240427521-1102025.loc	/work	lustre
POSIX	8	512793719801134039	POSIX_BYTES_WRITTEN	0	/work/hdd/bdau/mbanisharifdehkordi/E2E/3d/results_combined/combined_ckpt3.nc4.locktest.8	/work	lustre
POSIX	8	512793719801134039	POSIX_FILE_NOT_ALIGNED	0	/work/hdd/bdau/mbanisharifdehkordi/E2E/3d/results_combined/combined_ckpt3.nc4.locktest.8	/work	lustre
POSIX	8	512793719801134039	POSIX_SIZE_WRITE_0_100	0	/work/hdd/bdau/mbanisharifdehkordi/E2E/3d/results_combined/combined_ckpt3.nc4.locktest.8	/work	lustre
POSIX	8	512793719801134039	POSIX_SIZE_WRITE_100_1K	0	/work/hdd/bdau/mbanisharifdehkordi/E2E/3d/results_combined/combined_ckpt3.nc4.locktest.8	/work	lustre
POSIX	8	512793719801134039	POSIX_SIZE_WRITE_1K_10K	0	/work/hdd/bdau/mbanisharifdehkordi/E2E/3d/results_combined/combined_ckpt3.nc4.locktest.8	/work	lustre
POSIX	8	512793719801134039	POSIX_SIZE_WRITE_10K_100K	0	/work/hdd/bdau/mbanisharifdehkordi/E2E/3d/results_combined/combined_ckpt3.nc4.locktest.8	/work	lustre
POSIX	8	512793719801134039	POSIX_SIZE_WRITE_100K_1M	0	/work/hdd/bdau/mbanisharifdehkordi/E2E/3d/results_combined/combined_ckpt3.nc4.locktest.8	/work	lustre
POSIX	8	512793719801134039	POSIX_SIZE_WRITE_1M_4M	0	/work/hdd/bdau/mbanisharifdehkordi/E2E/3d/results_combined/combined_ckpt3.nc4.locktest.8	/work	lustre
POSIX	8	512793719801134039	POSIX_SIZE_WRITE_4M_10M	0	/work/hdd/bdau/mbanisharifdehkordi/E2E/3d/results_combined/combined_ckpt3.nc4.locktest.8	/work	lustre
POSIX	8	512793719801134039	POSIX_SIZE_WRITE_10M_100M	0	/work/hdd/bdau/mbanisharifdehkordi/E2E/3d/results_combined/combined_ckpt3.nc4.locktest.8	/work	lustre
POSIX	8	512793719801134039	POSIX_SIZE_WRITE_100M_1G	0	/work/hdd/bdau/mbanisharifdehkordi/E2E/3d/results_combined/combined_ckpt3.nc4.locktest.8	/work	lustre
POSIX	8	512793719801134039	POSIX_SIZE_WRITE_1G_PLUS	0	/work/hdd/bdau/mbanisharifdehkordi/E2E/3d/results_combined/combined_ckpt3.nc4.locktest.8	/work	lustre
POSIX	8	3531888601709092091	POSIX_BYTES_WRITTEN	0	/work/hdd/bdau/mbanisharifdehkordi/E2E/3d/results_combined/combined_ckpt3.nc4	/work	lustre
POSIX	8	3531888601709092091	POSIX_FILE_NOT_ALIGNED	0	/work/hdd/bdau/mbanisharifdehkordi/E2E/3d/results_combined/combined_ckpt3.nc4	/work	lustre
POSIX	8	3531888601709092091	POSIX_SIZE_WRITE_0_100	0	/work/hdd/bdau/mbanisharifdehkordi/E2E/3d/results_combined/combined_ckpt3.nc4	/work	lustre
POSIX	8	3531888601709092091	POSIX_SIZE_WRITE_100_1K	0	/work/hdd/bdau/mbanisharifdehkordi/E2E/3d/results_combined/combined_ckpt3.nc4	/work	lustre
POSIX	8	3531888601709092091	POSIX_SIZE_WRITE_1K_10K	0	/work/hdd/bdau/mbanisharifdehkordi/E2E/3d/results_combined/combined_ckpt3.nc4	/work	lustre
POSIX	8	3531888601709092091	POSIX_SIZE_WRITE_10K_100K	0	/work/hdd/bdau/mbanisharifdehkordi/E2E/3d/results_combined/combined_ckpt3.nc4	/work	lustre
POSIX	8	3531888601709092091	POSIX_SIZE_WRITE_100K_1M	0	/work/hdd/bdau/mbanisharifdehkordi/E2E/3d/results_combined/combined_ckpt3.nc4	/work	lustre
POSIX	8	3531888601709092091	POSIX_SIZE_WRITE_1M_4M	0	/work/hdd/bdau/mbanisharifdehkordi/E2E/3d/results_combined/combined_ckpt3.nc4	/work	lustre
POSIX	8	3531888601709092091	POSIX_SIZE_WRITE_4M_10M	0	/work/hdd/bdau/mbanisharifdehkordi/E2E/3d/results_combined/combined_ckpt3.nc4	/work	lustre
POSIX	8	3531888601709092091	POSIX_SIZE_WRITE_10M_100M	0	/work/hdd/bdau/mbanisharifdehkordi/E2E/3d/results_combined/combined_ckpt3.nc4	/work	lustre
POSIX	8	3531888601709092091	POSIX_SIZE_WRITE_100M_1G	0	/work/hdd/bdau/mbanisharifdehkordi/E2E/3d/results_combined/combined_ckpt3.nc4	/work	lustre
POSIX	8	3531888601709092091	POSIX_SIZE_WRITE_1G_PLUS	0	/work/hdd/bdau/mbanisharifdehkordi/E2E/3d/results_combined/combined_ckpt3.nc4	/work	lustre
POSIX	8	7794184631446446289	POSIX_BYTES_WRITTEN	0	/work/hdd/bdau/mbanisharifdehkordi/E2E/3d/results_combined/.	/work	lustre
POSIX	8	7794184631446446289	POSIX_FILE_NOT_ALIGNED	0	/work/hdd/bdau/mbanisharifdehkordi/E2E/3d/results_combined/.	/work	lustre
POSIX	8	7794184631446446289	POSIX_SIZE_WRITE_0_100	0	/work/hdd/bdau/mbanisharifdehkordi/E2E/3d/results_combined/.	/work	lustre
POSIX	8	7794184631446446289	POSIX_SIZE_WRITE_100_1K	0	/work/hdd/bdau/mbanisharifdehkordi/E2E/3d/results_combined/.	/work	lustre
POSIX	8	7794184631446446289	POSIX_SIZE_WRITE_1K_10K	0	/work/hdd/bdau/mbanisharifdehkordi/E2E/3d/results_combined/.	/work	lustre
POSIX	8	7794184631446446289	POSIX_SIZE_WRITE_10K_100K	0	/work/hdd/bdau/mbanisharifdehkordi/E2E/3d/results_combined/.	/work	lustre
POSIX	8	7794184631446446289	POSIX_SIZE_WRITE_100K_1M	0	/work/hdd/bdau/mbanisharifdehkordi/E2E/3d/results_combined/.	/work	lustre
POSIX	8	7794184631446446289	POSIX_SIZE_WRITE_1M_4M	0	/work/hdd/bdau/mbanisharifdehkordi/E2E/3d/results_combined/.	/work	lustre
POSIX	8	7794184631446446289	POSIX_SIZE_WRITE_4M_10M	0	/work/hdd/bdau/mbanisharifdehkordi/E2E/3d/results_combined/.	/work	lustre
POSIX	8	7794184631446446289	POSIX_SIZE_WRITE_10M_100M	0	/work/hdd/bdau/mbanisharifdehkordi/E2E/3d/results_combined/.	/work	lustre
POSIX	8	7794184631446446289	POSIX_SIZE_WRITE_100M_1G	0	/work/hdd/bdau/mbanisharifdehkordi/E2E/3d/results_combined/.	/work	lustre
POSIX	8	7794184631446446289	POSIX_SIZE_WRITE_1G_PLUS	0	/work/hdd/bdau/mbanisharifdehkordi/E2E/3d/results_combined/.	/work	lustre
POSIX	8	1607752630872201620	POSIX_BYTES_WRITTEN	0	/work/hdd/bdau/mbanisharifdehkordi/E2E/3d/results_combined/combined_ckpt3.nc4-3240427521-1102025.loc	/work	lustre
POSIX	8	1607752630872201620	POSIX_FILE_NOT_ALIGNED	0	/work/hdd/bdau/mbanisharifdehkordi/E2E/3d/results_combined/combined_ckpt3.nc4-3240427521-1102025.loc	/work	lustre
POSIX	8	1607752630872201620	POSIX_SIZE_WRITE_0_100	0	/work/hdd/bdau/mbanisharifdehkordi/E2E/3d/results_combined/combined_ckpt3.nc4-3240427521-1102025.loc	/work	lustre
POSIX	8	1607752630872201620	POSIX_SIZE_WRITE_100_1K	0	/work/hdd/bdau/mbanisharifdehkordi/E2E/3d/results_combined/combined_ckpt3.nc4-3240427521-1102025.loc	/work	lustre
POSIX	8	1607752630872201620	POSIX_SIZE_WRITE_1K_10K	0	/work/hdd/bdau/mbanisharifdehkordi/E2E/3d/results_combined/combined_ckpt3.nc4-3240427521-1102025.loc	/work	lustre
POSIX	8	1607752630872201620	POSIX_SIZE_WRITE_10K_100K	0	/work/hdd/bdau/mbanisharifdehkordi/E2E/3d/results_combined/combined_ckpt3.nc4-3240427521-1102025.loc	/work	lustre
POSIX	8	1607752630872201620	POSIX_SIZE_WRITE_100K_1M	0	/work/hdd/bdau/mbanisharifdehkordi/E2E/3d/results_combined/combined_ckpt3.nc4-3240427521-1102025.loc	/work	lustre
POSIX	8	1607752630872201620	POSIX_SIZE_WRITE_1M_4M	0	/work/hdd/bdau/mbanisharifdehkordi/E2E/3d/results_combined/combined_ckpt3.nc4-3240427521-1102025.loc	/work	lustre
POSIX	8	1607752630872201620	POSIX_SIZE_WRITE_4M_10M	0	/work/hdd/bdau/mbanisharifdehkordi/E2E/3d/results_combined/combined_ckpt3.nc4-3240427521-1102025.loc	/work	lustre
POSIX	8	1607752630872201620	POSIX_SIZE_WRITE_10M_100M	0	/work/hdd/bdau/mbanisharifdehkordi/E2E/3d/results_combined/combined_ckpt3.nc4-3240427521-1102025.loc	/work	lustre
POSIX	8	1607752630872201620	POSIX_SIZE_WRITE_100M_1G	0	/work/hdd/bdau/mbanisharifdehkordi/E2E/3d/results_combined/combined_ckpt3.nc4-3240427521-1102025.loc	/work	lustre
POSIX	8	1607752630872201620	POSIX_SIZE_WRITE_1G_PLUS	0	/work/hdd/bdau/mbanisharifdehkordi/E2E/3d/results_combined/combined_ckpt3.nc4-3240427521-1102025.loc	/work	lustre
POSIX	9	16425692352597348566	POSIX_BYTES_WRITTEN	0	/work/hdd/bdau/mbanisharifdehkordi/E2E/3d/results_combined/combined_ckpt3.nc4.locktest.9	/work	lustre
POSIX	9	16425692352597348566	POSIX_FILE_NOT_ALIGNED	0	/work/hdd/bdau/mbanisharifdehkordi/E2E/3d/results_combined/combined_ckpt3.nc4.locktest.9	/work	lustre
POSIX	9	16425692352597348566	POSIX_SIZE_WRITE_0_100	0	/work/hdd/bdau/mbanisharifdehkordi/E2E/3d/results_combined/combined_ckpt3.nc4.locktest.9	/work	lustre
POSIX	9	16425692352597348566	POSIX_SIZE_WRITE_100_1K	0	/work/hdd/bdau/mbanisharifdehkordi/E2E/3d/results_combined/combined_ckpt3.nc4.locktest.9	/work	lustre
POSIX	9	16425692352597348566	POSIX_SIZE_WRITE_1K_10K	0	/work/hdd/bdau/mbanisharifdehkordi/E2E/3d/results_combined/combined_ckpt3.nc4.locktest.9	/work	lustre
POSIX	9	16425692352597348566	POSIX_SIZE_WRITE_10K_100K	0	/work/hdd/bdau/mbanisharifdehkordi/E2E/3d/results_combined/combined_ckpt3.nc4.locktest.9	/work	lustre
POSIX	9	16425692352597348566	POSIX_SIZE_WRITE_100K_1M	0	/work/hdd/bdau/mbanisharifdehkordi/E2E/3d/results_combined/combined_ckpt3.nc4.locktest.9	/work	lustre
POSIX	9	16425692352597348566	POSIX_SIZE_WRITE_1M_4M	0	/work/hdd/bdau/mbanisharifdehkordi/E2E/3d/results_combined/combined_ckpt3.nc4.locktest.9	/work	lustre
POSIX	9	16425692352597348566	POSIX_SIZE_WRITE_4M_10M	0	/work/hdd/bdau/mbanisharifdehkordi/E2E/3d/results_combined/combined_ckpt3.nc4.locktest.9	/work	lustre
POSIX	9	16425692352597348566	POSIX_SIZE_WRITE_10M_100M	0	/work/hdd/bdau/mbanisharifdehkordi/E2E/3d/results_combined/combined_ckpt3.nc4.locktest.9	/work	lustre
POSIX	9	16425692352597348566	POSIX_SIZE_WRITE_100M_1G	0	/work/hdd/bdau/mbanisharifdehkordi/E2E/3d/results_combined/combined_ckpt3.nc4.locktest.9	/work	lustre
POSIX	9	16425692352597348566	POSIX_SIZE_WRITE_1G_PLUS	0	/work/hdd/bdau/mbanisharifdehkordi/E2E/3d/results_combined/combined_ckpt3.nc4.locktest.9	/work	lustre
POSIX	9	3531888601709092091	POSIX_BYTES_WRITTEN	0	/work/hdd/bdau/mbanisharifdehkordi/E2E/3d/results_combined/combined_ckpt3.nc4	/work	lustre
POSIX	9	3531888601709092091	POSIX_FILE_NOT_ALIGNED	0	/work/hdd/bdau/mbanisharifdehkordi/E2E/3d/results_combined/combined_ckpt3.nc4	/work	lustre
POSIX	9	3531888601709092091	POSIX_SIZE_WRITE_0_100	0	/work/hdd/bdau/mbanisharifdehkordi/E2E/3d/results_combined/combined_ckpt3.nc4	/work	lustre
POSIX	9	3531888601709092091	POSIX_SIZE_WRITE_100_1K	0	/work/hdd/bdau/mbanisharifdehkordi/E2E/3d/results_combined/combined_ckpt3.nc4	/work	lustre
POSIX	9	3531888601709092091	POSIX_SIZE_WRITE_1K_10K	0	/work/hdd/bdau/mbanisharifdehkordi/E2E/3d/results_combined/combined_ckpt3.nc4	/work	lustre
POSIX	9	3531888601709092091	POSIX_SIZE_WRITE_10K_100K	0	/work/hdd/bdau/mbanisharifdehkordi/E2E/3d/results_combined/combined_ckpt3.nc4	/work	lustre
POSIX	9	3531888601709092091	POSIX_SIZE_WRITE_100K_1M	0	/work/hdd/bdau/mbanisharifdehkordi/E2E/3d/results_combined/combined_ckpt3.nc4	/work	lustre
POSIX	9	3531888601709092091	POSIX_SIZE_WRITE_1M_4M	0	/work/hdd/bdau/mbanisharifdehkordi/E2E/3d/results_combined/combined_ckpt3.nc4	/work	lustre
POSIX	9	3531888601709092091	POSIX_SIZE_WRITE_4M_10M	0	/work/hdd/bdau/mbanisharifdehkordi/E2E/3d/results_combined/combined_ckpt3.nc4	/work	lustre
POSIX	9	3531888601709092091	POSIX_SIZE_WRITE_10M_100M	0	/work/hdd/bdau/mbanisharifdehkordi/E2E/3d/results_combined/combined_ckpt3.nc4	/work	lustre
POSIX	9	3531888601709092091	POSIX_SIZE_WRITE_100M_1G	0	/work/hdd/bdau/mbanisharifdehkordi/E2E/3d/results_combined/combined_ckpt3.nc4	/work	lustre
POSIX	9	3531888601709092091	POSIX_SIZE_WRITE_1G_PLUS	0	/work/hdd/bdau/mbanisharifdehkordi/E2E/3d/results_combined/combined_ckpt3.nc4	/work	lustre
POSIX	9	7794184631446446289	POSIX_BYTES_WRITTEN	0	/work/hdd/bdau/mbanisharifdehkordi/E2E/3d/results_combined/.	/work	lustre
POSIX	9	7794184631446446289	POSIX_FILE_NOT_ALIGNED	0	/work/hdd/bdau/mbanisharifdehkordi/E2E/3d/results_combined/.	/work	lustre
POSIX	9	7794184631446446289	POSIX_SIZE_WRITE_0_100	0	/work/hdd/bdau/mbanisharifdehkordi/E2E/3d/results_combined/.	/work	lustre
POSIX	9	7794184631446446289	POSIX_SIZE_WRITE_100_1K	0	/work/hdd/bdau/mbanisharifdehkordi/E2E/3d/results_combined/.	/work	lustre
POSIX	9	7794184631446446289	POSIX_SIZE_WRITE_1K_10K	0	/work/hdd/bdau/mbanisharifdehkordi/E2E/3d/results_combined/.	/work	lustre
POSIX	9	7794184631446446289	POSIX_SIZE_WRITE_10K_100K	0	/work/hdd/bdau/mbanisharifdehkordi/E2E/3d/results_combined/.	/work	lustre
POSIX	9	7794184631446446289	POSIX_SIZE_WRITE_100K_1M	0	/work/hdd/bdau/mbanisharifdehkordi/E2E/3d/results_combined/.	/work	lustre
POSIX	9	7794184631446446289	POSIX_SIZE_WRITE_1M_4M	0	/work/hdd/bdau/mbanisharifdehkordi/E2E/3d/results_combined/.	/work	lustre
POSIX	9	7794184631446446289	POSIX_SIZE_WRITE_4M_10M	0	/work/hdd/bdau/mbanisharifdehkordi/E2E/3d/results_combined/.	/work	lustre
POSIX	9	7794184631446446289	POSIX_SIZE_WRITE_10M_100M	0	/work/hdd/bdau/mbanisharifdehkordi/E2E/3d/results_combined/.	/work	lustre
POSIX	9	7794184631446446289	POSIX_SIZE_WRITE_100M_1G	0	/work/hdd/bdau/mbanisharifdehkordi/E2E/3d/results_combined/.	/work	lustre
POSIX	9	7794184631446446289	POSIX_SIZE_WRITE_1G_PLUS	0	/work/hdd/bdau/mbanisharifdehkordi/E2E/3d/results_combined/.	/work	lustre
POSIX	9	1607752630872201620	POSIX_BYTES_WRITTEN	0	/work/hdd/bdau/mbanisharifdehkordi/E2E/3d/results_combined/combined_ckpt3.nc4-3240427521-1102025.loc	/work	lustre
POSIX	9	1607752630872201620	POSIX_FILE_NOT_ALIGNED	0	/work/hdd/bdau/mbanisharifdehkordi/E2E/3d/results_combined/combined_ckpt3.nc4-3240427521-1102025.loc	/work	lustre
POSIX	9	1607752630872201620	POSIX_SIZE_WRITE_0_100	0	/work/hdd/bdau/mbanisharifdehkordi/E2E/3d/results_combined/combined_ckpt3.nc4-3240427521-1102025.loc	/work	lustre
POSIX	9	1607752630872201620	POSIX_SIZE_WRITE_100_1K	0	/work/hdd/bdau/mbanisharifdehkordi/E2E/3d/results_combined/combined_ckpt3.nc4-3240427521-1102025.loc	/work	lustre
POSIX	9	1607752630872201620	POSIX_SIZE_WRITE_1K_10K	0	/work/hdd/bdau/mbanisharifdehkordi/E2E/3d/results_combined/combined_ckpt3.nc4-3240427521-1102025.loc	/work	lustre
POSIX	9	1607752630872201620	POSIX_SIZE_WRITE_10K_100K	0	/work/hdd/bdau/mbanisharifdehkordi/E2E/3d/results_combined/combined_ckpt3.nc4-3240427521-1102025.loc	/work	lustre
POSIX	9	1607752630872201620	POSIX_SIZE_WRITE_100K_1M	0	/work/hdd/bdau/mbanisharifdehkordi/E2E/3d/results_combined/combined_ckpt3.nc4-3240427521-1102025.loc	/work	lustre
POSIX	9	1607752630872201620	POSIX_SIZE_WRITE_1M_4M	0	/work/hdd/bdau/mbanisharifdehkordi/E2E/3d/results_combined/combined_ckpt3.nc4-3240427521-1102025.loc	/work	lustre
POSIX	9	1607752630872201620	POSIX_SIZE_WRITE_4M_10M	0	/work/hdd/bdau/mbanisharifdehkordi/E2E/3d/results_combined/combined_ckpt3.nc4-3240427521-1102025.loc	/work	lustre
POSIX	9	1607752630872201620	POSIX_SIZE_WRITE_10M_100M	0	/work/hdd/bdau/mbanisharifdehkordi/E2E/3d/results_combined/combined_ckpt3.nc4-3240427521-1102025.loc	/work	lustre
POSIX	9	1607752630872201620	POSIX_SIZE_WRITE_100M_1G	0	/work/hdd/bdau/mbanisharifdehkordi/E2E/3d/results_combined/combined_ckpt3.nc4-3240427521-1102025.loc	/work	lustre
POSIX	9	1607752630872201620	POSIX_SIZE_WRITE_1G_PLUS	0	/work/hdd/bdau/mbanisharifdehkordi/E2E/3d/results_combined/combined_ckpt3.nc4-3240427521-1102025.loc	/work	lustre
POSIX	10	2305400836719929183	POSIX_BYTES_WRITTEN	0	/work/hdd/bdau/mbanisharifdehkordi/E2E/3d/results_combined/combined_ckpt3.nc4.locktest.10	/work	lustre
POSIX	10	2305400836719929183	POSIX_FILE_NOT_ALIGNED	0	/work/hdd/bdau/mbanisharifdehkordi/E2E/3d/results_combined/combined_ckpt3.nc4.locktest.10	/work	lustre
POSIX	10	2305400836719929183	POSIX_SIZE_WRITE_0_100	0	/work/hdd/bdau/mbanisharifdehkordi/E2E/3d/results_combined/combined_ckpt3.nc4.locktest.10	/work	lustre
POSIX	10	2305400836719929183	POSIX_SIZE_WRITE_100_1K	0	/work/hdd/bdau/mbanisharifdehkordi/E2E/3d/results_combined/combined_ckpt3.nc4.locktest.10	/work	lustre
POSIX	10	2305400836719929183	POSIX_SIZE_WRITE_1K_10K	0	/work/hdd/bdau/mbanisharifdehkordi/E2E/3d/results_combined/combined_ckpt3.nc4.locktest.10	/work	lustre
POSIX	10	2305400836719929183	POSIX_SIZE_WRITE_10K_100K	0	/work/hdd/bdau/mbanisharifdehkordi/E2E/3d/results_combined/combined_ckpt3.nc4.locktest.10	/work	lustre
POSIX	10	2305400836719929183	POSIX_SIZE_WRITE_100K_1M	0	/work/hdd/bdau/mbanisharifdehkordi/E2E/3d/results_combined/combined_ckpt3.nc4.locktest.10	/work	lustre
POSIX	10	2305400836719929183	POSIX_SIZE_WRITE_1M_4M	0	/work/hdd/bdau/mbanisharifdehkordi/E2E/3d/results_combined/combined_ckpt3.nc4.locktest.10	/work	lustre
POSIX	10	2305400836719929183	POSIX_SIZE_WRITE_4M_10M	0	/work/hdd/bdau/mbanisharifdehkordi/E2E/3d/results_combined/combined_ckpt3.nc4.locktest.10	/work	lustre
POSIX	10	2305400836719929183	POSIX_SIZE_WRITE_10M_100M	0	/work/hdd/bdau/mbanisharifdehkordi/E2E/3d/results_combined/combined_ckpt3.nc4.locktest.10	/work	lustre
POSIX	10	2305400836719929183	POSIX_SIZE_WRITE_100M_1G	0	/work/hdd/bdau/mbanisharifdehkordi/E2E/3d/results_combined/combined_ckpt3.nc4.locktest.10	/work	lustre
POSIX	10	2305400836719929183	POSIX_SIZE_WRITE_1G_PLUS	0	/work/hdd/bdau/mbanisharifdehkordi/E2E/3d/results_combined/combined_ckpt3.nc4.locktest.10	/work	lustre
POSIX	10	3531888601709092091	POSIX_BYTES_WRITTEN	0	/work/hdd/bdau/mbanisharifdehkordi/E2E/3d/results_combined/combined_ckpt3.nc4	/work	lustre
POSIX	10	3531888601709092091	POSIX_FILE_NOT_ALIGNED	0	/work/hdd/bdau/mbanisharifdehkordi/E2E/3d/results_combined/combined_ckpt3.nc4	/work	lustre
POSIX	10	3531888601709092091	POSIX_SIZE_WRITE_0_100	0	/work/hdd/bdau/mbanisharifdehkordi/E2E/3d/results_combined/combined_ckpt3.nc4	/work	lustre
POSIX	10	3531888601709092091	POSIX_SIZE_WRITE_100_1K	0	/work/hdd/bdau/mbanisharifdehkordi/E2E/3d/results_combined/combined_ckpt3.nc4	/work	lustre
POSIX	10	3531888601709092091	POSIX_SIZE_WRITE_1K_10K	0	/work/hdd/bdau/mbanisharifdehkordi/E2E/3d/results_combined/combined_ckpt3.nc4	/work	lustre
POSIX	10	3531888601709092091	POSIX_SIZE_WRITE_10K_100K	0	/work/hdd/bdau/mbanisharifdehkordi/E2E/3d/results_combined/combined_ckpt3.nc4	/work	lustre
POSIX	10	3531888601709092091	POSIX_SIZE_WRITE_100K_1M	0	/work/hdd/bdau/mbanisharifdehkordi/E2E/3d/results_combined/combined_ckpt3.nc4	/work	lustre
POSIX	10	3531888601709092091	POSIX_SIZE_WRITE_1M_4M	0	/work/hdd/bdau/mbanisharifdehkordi/E2E/3d/results_combined/combined_ckpt3.nc4	/work	lustre
POSIX	10	3531888601709092091	POSIX_SIZE_WRITE_4M_10M	0	/work/hdd/bdau/mbanisharifdehkordi/E2E/3d/results_combined/combined_ckpt3.nc4	/work	lustre
POSIX	10	3531888601709092091	POSIX_SIZE_WRITE_10M_100M	0	/work/hdd/bdau/mbanisharifdehkordi/E2E/3d/results_combined/combined_ckpt3.nc4	/work	lustre
POSIX	10	3531888601709092091	POSIX_SIZE_WRITE_100M_1G	0	/work/hdd/bdau/mbanisharifdehkordi/E2E/3d/results_combined/combined_ckpt3.nc4	/work	lustre
POSIX	10	3531888601709092091	POSIX_SIZE_WRITE_1G_PLUS	0	/work/hdd/bdau/mbanisharifdehkordi/E2E/3d/results_combined/combined_ckpt3.nc4	/work	lustre
POSIX	10	7794184631446446289	POSIX_BYTES_WRITTEN	0	/work/hdd/bdau/mbanisharifdehkordi/E2E/3d/results_combined/.	/work	lustre
POSIX	10	7794184631446446289	POSIX_FILE_NOT_ALIGNED	0	/work/hdd/bdau/mbanisharifdehkordi/E2E/3d/results_combined/.	/work	lustre
POSIX	10	7794184631446446289	POSIX_SIZE_WRITE_0_100	0	/work/hdd/bdau/mbanisharifdehkordi/E2E/3d/results_combined/.	/work	lustre
POSIX	10	7794184631446446289	POSIX_SIZE_WRITE_100_1K	0	/work/hdd/bdau/mbanisharifdehkordi/E2E/3d/results_combined/.	/work	lustre
POSIX	10	7794184631446446289	POSIX_SIZE_WRITE_1K_10K	0	/work/hdd/bdau/mbanisharifdehkordi/E2E/3d/results_combined/.	/work	lustre
POSIX	10	7794184631446446289	POSIX_SIZE_WRITE_10K_100K	0	/work/hdd/bdau/mbanisharifdehkordi/E2E/3d/results_combined/.	/work	lustre
POSIX	10	7794184631446446289	POSIX_SIZE_WRITE_100K_1M	0	/work/hdd/bdau/mbanisharifdehkordi/E2E/3d/results_combined/.	/work	lustre
POSIX	10	7794184631446446289	POSIX_SIZE_WRITE_1M_4M	0	/work/hdd/bdau/mbanisharifdehkordi/E2E/3d/results_combined/.	/work	lustre
POSIX	10	7794184631446446289	POSIX_SIZE_WRITE_4M_10M	0	/work/hdd/bdau/mbanisharifdehkordi/E2E/3d/results_combined/.	/work	lustre
POSIX	10	7794184631446446289	POSIX_SIZE_WRITE_10M_100M	0	/work/hdd/bdau/mbanisharifdehkordi/E2E/3d/results_combined/.	/work	lustre
POSIX	10	7794184631446446289	POSIX_SIZE_WRITE_100M_1G	0	/work/hdd/bdau/mbanisharifdehkordi/E2E/3d/results_combined/.	/work	lustre
POSIX	10	7794184631446446289	POSIX_SIZE_WRITE_1G_PLUS	0	/work/hdd/bdau/mbanisharifdehkordi/E2E/3d/results_combined/.	/work	lustre
POSIX	10	1607752630872201620	POSIX_BYTES_WRITTEN	0	/work/hdd/bdau/mbanisharifdehkordi/E2E/3d/results_combined/combined_ckpt3.nc4-3240427521-1102025.loc	/work	lustre
POSIX	10	1607752630872201620	POSIX_FILE_NOT_ALIGNED	0	/work/hdd/bdau/mbanisharifdehkordi/E2E/3d/results_combined/combined_ckpt3.nc4-3240427521-1102025.loc	/work	lustre
POSIX	10	1607752630872201620	POSIX_SIZE_WRITE_0_100	0	/work/hdd/bdau/mbanisharifdehkordi/E2E/3d/results_combined/combined_ckpt3.nc4-3240427521-1102025.loc	/work	lustre
POSIX	10	1607752630872201620	POSIX_SIZE_WRITE_100_1K	0	/work/hdd/bdau/mbanisharifdehkordi/E2E/3d/results_combined/combined_ckpt3.nc4-3240427521-1102025.loc	/work	lustre
POSIX	10	1607752630872201620	POSIX_SIZE_WRITE_1K_10K	0	/work/hdd/bdau/mbanisharifdehkordi/E2E/3d/results_combined/combined_ckpt3.nc4-3240427521-1102025.loc	/work	lustre
POSIX	10	1607752630872201620	POSIX_SIZE_WRITE_10K_100K	0	/work/hdd/bdau/mbanisharifdehkordi/E2E/3d/results_combined/combined_ckpt3.nc4-3240427521-1102025.loc	/work	lustre
POSIX	10	1607752630872201620	POSIX_SIZE_WRITE_100K_1M	0	/work/hdd/bdau/mbanisharifdehkordi/E2E/3d/results_combined/combined_ckpt3.nc4-3240427521-1102025.loc	/work	lustre
POSIX	10	1607752630872201620	POSIX_SIZE_WRITE_1M_4M	0	/work/hdd/bdau/mbanisharifdehkordi/E2E/3d/results_combined/combined_ckpt3.nc4-3240427521-1102025.loc	/work	lustre
POSIX	10	1607752630872201620	POSIX_SIZE_WRITE_4M_10M	0	/work/hdd/bdau/mbanisharifdehkordi/E2E/3d/results_combined/combined_ckpt3.nc4-3240427521-1102025.loc	/work	lustre
POSIX	10	1607752630872201620	POSIX_SIZE_WRITE_10M_100M	0	/work/hdd/bdau/mbanisharifdehkordi/E2E/3d/results_combined/combined_ckpt3.nc4-3240427521-1102025.loc	/work	lustre
POSIX	10	1607752630872201620	POSIX_SIZE_WRITE_100M_1G	0	/work/hdd/bdau/mbanisharifdehkordi/E2E/3d/results_combined/combined_ckpt3.nc4-3240427521-1102025.loc	/work	lustre
POSIX	10	1607752630872201620	POSIX_SIZE_WRITE_1G_PLUS	0	/work/hdd/bdau/mbanisharifdehkordi/E2E/3d/results_combined/combined_ckpt3.nc4-3240427521-1102025.loc	/work	lustre
POSIX	11	4319299269310906431	POSIX_BYTES_WRITTEN	0	/work/hdd/bdau/mbanisharifdehkordi/E2E/3d/results_combined/combined_ckpt3.nc4.locktest.11	/work	lustre
POSIX	11	4319299269310906431	POSIX_FILE_NOT_ALIGNED	0	/work/hdd/bdau/mbanisharifdehkordi/E2E/3d/results_combined/combined_ckpt3.nc4.locktest.11	/work	lustre
POSIX	11	4319299269310906431	POSIX_SIZE_WRITE_0_100	0	/work/hdd/bdau/mbanisharifdehkordi/E2E/3d/results_combined/combined_ckpt3.nc4.locktest.11	/work	lustre
POSIX	11	4319299269310906431	POSIX_SIZE_WRITE_100_1K	0	/work/hdd/bdau/mbanisharifdehkordi/E2E/3d/results_combined/combined_ckpt3.nc4.locktest.11	/work	lustre
POSIX	11	4319299269310906431	POSIX_SIZE_WRITE_1K_10K	0	/work/hdd/bdau/mbanisharifdehkordi/E2E/3d/results_combined/combined_ckpt3.nc4.locktest.11	/work	lustre
POSIX	11	4319299269310906431	POSIX_SIZE_WRITE_10K_100K	0	/work/hdd/bdau/mbanisharifdehkordi/E2E/3d/results_combined/combined_ckpt3.nc4.locktest.11	/work	lustre
POSIX	11	4319299269310906431	POSIX_SIZE_WRITE_100K_1M	0	/work/hdd/bdau/mbanisharifdehkordi/E2E/3d/results_combined/combined_ckpt3.nc4.locktest.11	/work	lustre
POSIX	11	4319299269310906431	POSIX_SIZE_WRITE_1M_4M	0	/work/hdd/bdau/mbanisharifdehkordi/E2E/3d/results_combined/combined_ckpt3.nc4.locktest.11	/work	lustre
POSIX	11	4319299269310906431	POSIX_SIZE_WRITE_4M_10M	0	/work/hdd/bdau/mbanisharifdehkordi/E2E/3d/results_combined/combined_ckpt3.nc4.locktest.11	/work	lustre
POSIX	11	4319299269310906431	POSIX_SIZE_WRITE_10M_100M	0	/work/hdd/bdau/mbanisharifdehkordi/E2E/3d/results_combined/combined_ckpt3.nc4.locktest.11	/work	lustre
POSIX	11	4319299269310906431	POSIX_SIZE_WRITE_100M_1G	0	/work/hdd/bdau/mbanisharifdehkordi/E2E/3d/results_combined/combined_ckpt3.nc4.locktest.11	/work	lustre
POSIX	11	4319299269310906431	POSIX_SIZE_WRITE_1G_PLUS	0	/work/hdd/bdau/mbanisharifdehkordi/E2E/3d/results_combined/combined_ckpt3.nc4.locktest.11	/work	lustre
POSIX	11	3531888601709092091	POSIX_BYTES_WRITTEN	0	/work/hdd/bdau/mbanisharifdehkordi/E2E/3d/results_combined/combined_ckpt3.nc4	/work	lustre
POSIX	11	3531888601709092091	POSIX_FILE_NOT_ALIGNED	0	/work/hdd/bdau/mbanisharifdehkordi/E2E/3d/results_combined/combined_ckpt3.nc4	/work	lustre
POSIX	11	3531888601709092091	POSIX_SIZE_WRITE_0_100	0	/work/hdd/bdau/mbanisharifdehkordi/E2E/3d/results_combined/combined_ckpt3.nc4	/work	lustre
POSIX	11	3531888601709092091	POSIX_SIZE_WRITE_100_1K	0	/work/hdd/bdau/mbanisharifdehkordi/E2E/3d/results_combined/combined_ckpt3.nc4	/work	lustre
POSIX	11	3531888601709092091	POSIX_SIZE_WRITE_1K_10K	0	/work/hdd/bdau/mbanisharifdehkordi/E2E/3d/results_combined/combined_ckpt3.nc4	/work	lustre
POSIX	11	3531888601709092091	POSIX_SIZE_WRITE_10K_100K	0	/work/hdd/bdau/mbanisharifdehkordi/E2E/3d/results_combined/combined_ckpt3.nc4	/work	lustre
POSIX	11	3531888601709092091	POSIX_SIZE_WRITE_100K_1M	0	/work/hdd/bdau/mbanisharifdehkordi/E2E/3d/results_combined/combined_ckpt3.nc4	/work	lustre
POSIX	11	3531888601709092091	POSIX_SIZE_WRITE_1M_4M	0	/work/hdd/bdau/mbanisharifdehkordi/E2E/3d/results_combined/combined_ckpt3.nc4	/work	lustre
POSIX	11	3531888601709092091	POSIX_SIZE_WRITE_4M_10M	0	/work/hdd/bdau/mbanisharifdehkordi/E2E/3d/results_combined/combined_ckpt3.nc4	/work	lustre
POSIX	11	3531888601709092091	POSIX_SIZE_WRITE_10M_100M	0	/work/hdd/bdau/mbanisharifdehkordi/E2E/3d/results_combined/combined_ckpt3.nc4	/work	lustre
POSIX	11	3531888601709092091	POSIX_SIZE_WRITE_100M_1G	0	/work/hdd/bdau/mbanisharifdehkordi/E2E/3d/results_combined/combined_ckpt3.nc4	/work	lustre
POSIX	11	3531888601709092091	POSIX_SIZE_WRITE_1G_PLUS	0	/work/hdd/bdau/mbanisharifdehkordi/E2E/3d/results_combined/combined_ckpt3.nc4	/work	lustre
POSIX	11	7794184631446446289	POSIX_BYTES_WRITTEN	0	/work/hdd/bdau/mbanisharifdehkordi/E2E/3d/results_combined/.	/work	lustre
POSIX	11	7794184631446446289	POSIX_FILE_NOT_ALIGNED	0	/work/hdd/bdau/mbanisharifdehkordi/E2E/3d/results_combined/.	/work	lustre
POSIX	11	7794184631446446289	POSIX_SIZE_WRITE_0_100	0	/work/hdd/bdau/mbanisharifdehkordi/E2E/3d/results_combined/.	/work	lustre
POSIX	11	7794184631446446289	POSIX_SIZE_WRITE_100_1K	0	/work/hdd/bdau/mbanisharifdehkordi/E2E/3d/results_combined/.	/work	lustre
POSIX	11	7794184631446446289	POSIX_SIZE_WRITE_1K_10K	0	/work/hdd/bdau/mbanisharifdehkordi/E2E/3d/results_combined/.	/work	lustre
POSIX	11	7794184631446446289	POSIX_SIZE_WRITE_10K_100K	0	/work/hdd/bdau/mbanisharifdehkordi/E2E/3d/results_combined/.	/work	lustre
POSIX	11	7794184631446446289	POSIX_SIZE_WRITE_100K_1M	0	/work/hdd/bdau/mbanisharifdehkordi/E2E/3d/results_combined/.	/work	lustre
POSIX	11	7794184631446446289	POSIX_SIZE_WRITE_1M_4M	0	/work/hdd/bdau/mbanisharifdehkordi/E2E/3d/results_combined/.	/work	lustre
POSIX	11	7794184631446446289	POSIX_SIZE_WRITE_4M_10M	0	/work/hdd/bdau/mbanisharifdehkordi/E2E/3d/results_combined/.	/work	lustre
POSIX	11	7794184631446446289	POSIX_SIZE_WRITE_10M_100M	0	/work/hdd/bdau/mbanisharifdehkordi/E2E/3d/results_combined/.	/work	lustre
POSIX	11	7794184631446446289	POSIX_SIZE_WRITE_100M_1G	0	/work/hdd/bdau/mbanisharifdehkordi/E2E/3d/results_combined/.	/work	lustre
POSIX	11	7794184631446446289	POSIX_SIZE_WRITE_1G_PLUS	0	/work/hdd/bdau/mbanisharifdehkordi/E2E/3d/results_combined/.	/work	lustre
POSIX	11	1607752630872201620	POSIX_BYTES_WRITTEN	0	/work/hdd/bdau/mbanisharifdehkordi/E2E/3d/results_combined/combined_ckpt3.nc4-3240427521-1102025.loc	/work	lustre
POSIX	11	1607752630872201620	POSIX_FILE_NOT_ALIGNED	0	/work/hdd/bdau/mbanisharifdehkordi/E2E/3d/results_combined/combined_ckpt3.nc4-3240427521-1102025.loc	/work	lustre
POSIX	11	1607752630872201620	POSIX_SIZE_WRITE_0_100	0	/work/hdd/bdau/mbanisharifdehkordi/E2E/3d/results_combined/combined_ckpt3.nc4-3240427521-1102025.loc	/work	lustre
POSIX	11	1607752630872201620	POSIX_SIZE_WRITE_100_1K	0	/work/hdd/bdau/mbanisharifdehkordi/E2E/3d/results_combined/combined_ckpt3.nc4-3240427521-1102025.loc	/work	lustre
POSIX	11	1607752630872201620	POSIX_SIZE_WRITE_1K_10K	0	/work/hdd/bdau/mbanisharifdehkordi/E2E/3d/results_combined/combined_ckpt3.nc4-3240427521-1102025.loc	/work	lustre
POSIX	11	1607752630872201620	POSIX_SIZE_WRITE_10K_100K	0	/work/hdd/bdau/mbanisharifdehkordi/E2E/3d/results_combined/combined_ckpt3.nc4-3240427521-1102025.loc	/work	lustre
POSIX	11	1607752630872201620	POSIX_SIZE_WRITE_100K_1M	0	/work/hdd/bdau/mbanisharifdehkordi/E2E/3d/results_combined/combined_ckpt3.nc4-3240427521-1102025.loc	/work	lustre
POSIX	11	1607752630872201620	POSIX_SIZE_WRITE_1M_4M	0	/work/hdd/bdau/mbanisharifdehkordi/E2E/3d/results_combined/combined_ckpt3.nc4-3240427521-1102025.loc	/work	lustre
POSIX	11	1607752630872201620	POSIX_SIZE_WRITE_4M_10M	0	/work/hdd/bdau/mbanisharifdehkordi/E2E/3d/results_combined/combined_ckpt3.nc4-3240427521-1102025.loc	/work	lustre
POSIX	11	1607752630872201620	POSIX_SIZE_WRITE_10M_100M	0	/work/hdd/bdau/mbanisharifdehkordi/E2E/3d/results_combined/combined_ckpt3.nc4-3240427521-1102025.loc	/work	lustre
POSIX	11	1607752630872201620	POSIX_SIZE_WRITE_100M_1G	0	/work/hdd/bdau/mbanisharifdehkordi/E2E/3d/results_combined/combined_ckpt3.nc4-3240427521-1102025.loc	/work	lustre
POSIX	11	1607752630872201620	POSIX_SIZE_WRITE_1G_PLUS	0	/work/hdd/bdau/mbanisharifdehkordi/E2E/3d/results_combined/combined_ckpt3.nc4-3240427521-1102025.loc	/work	lustre
POSIX	12	8728517824976909350	POSIX_BYTES_WRITTEN	0	/work/hdd/bdau/mbanisharifdehkordi/E2E/3d/results_combined/combined_ckpt3.nc4.locktest.12	/work	lustre
POSIX	12	8728517824976909350	POSIX_FILE_NOT_ALIGNED	0	/work/hdd/bdau/mbanisharifdehkordi/E2E/3d/results_combined/combined_ckpt3.nc4.locktest.12	/work	lustre
POSIX	12	8728517824976909350	POSIX_SIZE_WRITE_0_100	0	/work/hdd/bdau/mbanisharifdehkordi/E2E/3d/results_combined/combined_ckpt3.nc4.locktest.12	/work	lustre
POSIX	12	8728517824976909350	POSIX_SIZE_WRITE_100_1K	0	/work/hdd/bdau/mbanisharifdehkordi/E2E/3d/results_combined/combined_ckpt3.nc4.locktest.12	/work	lustre
POSIX	12	8728517824976909350	POSIX_SIZE_WRITE_1K_10K	0	/work/hdd/bdau/mbanisharifdehkordi/E2E/3d/results_combined/combined_ckpt3.nc4.locktest.12	/work	lustre
POSIX	12	8728517824976909350	POSIX_SIZE_WRITE_10K_100K	0	/work/hdd/bdau/mbanisharifdehkordi/E2E/3d/results_combined/combined_ckpt3.nc4.locktest.12	/work	lustre
POSIX	12	8728517824976909350	POSIX_SIZE_WRITE_100K_1M	0	/work/hdd/bdau/mbanisharifdehkordi/E2E/3d/results_combined/combined_ckpt3.nc4.locktest.12	/work	lustre
POSIX	12	8728517824976909350	POSIX_SIZE_WRITE_1M_4M	0	/work/hdd/bdau/mbanisharifdehkordi/E2E/3d/results_combined/combined_ckpt3.nc4.locktest.12	/work	lustre
POSIX	12	8728517824976909350	POSIX_SIZE_WRITE_4M_10M	0	/work/hdd/bdau/mbanisharifdehkordi/E2E/3d/results_combined/combined_ckpt3.nc4.locktest.12	/work	lustre
POSIX	12	8728517824976909350	POSIX_SIZE_WRITE_10M_100M	0	/work/hdd/bdau/mbanisharifdehkordi/E2E/3d/results_combined/combined_ckpt3.nc4.locktest.12	/work	lustre
POSIX	12	8728517824976909350	POSIX_SIZE_WRITE_100M_1G	0	/work/hdd/bdau/mbanisharifdehkordi/E2E/3d/results_combined/combined_ckpt3.nc4.locktest.12	/work	lustre
POSIX	12	8728517824976909350	POSIX_SIZE_WRITE_1G_PLUS	0	/work/hdd/bdau/mbanisharifdehkordi/E2E/3d/results_combined/combined_ckpt3.nc4.locktest.12	/work	lustre
POSIX	12	3531888601709092091	POSIX_BYTES_WRITTEN	0	/work/hdd/bdau/mbanisharifdehkordi/E2E/3d/results_combined/combined_ckpt3.nc4	/work	lustre
POSIX	12	3531888601709092091	POSIX_FILE_NOT_ALIGNED	0	/work/hdd/bdau/mbanisharifdehkordi/E2E/3d/results_combined/combined_ckpt3.nc4	/work	lustre
POSIX	12	3531888601709092091	POSIX_SIZE_WRITE_0_100	0	/work/hdd/bdau/mbanisharifdehkordi/E2E/3d/results_combined/combined_ckpt3.nc4	/work	lustre
POSIX	12	3531888601709092091	POSIX_SIZE_WRITE_100_1K	0	/work/hdd/bdau/mbanisharifdehkordi/E2E/3d/results_combined/combined_ckpt3.nc4	/work	lustre
POSIX	12	3531888601709092091	POSIX_SIZE_WRITE_1K_10K	0	/work/hdd/bdau/mbanisharifdehkordi/E2E/3d/results_combined/combined_ckpt3.nc4	/work	lustre
POSIX	12	3531888601709092091	POSIX_SIZE_WRITE_10K_100K	0	/work/hdd/bdau/mbanisharifdehkordi/E2E/3d/results_combined/combined_ckpt3.nc4	/work	lustre
POSIX	12	3531888601709092091	POSIX_SIZE_WRITE_100K_1M	0	/work/hdd/bdau/mbanisharifdehkordi/E2E/3d/results_combined/combined_ckpt3.nc4	/work	lustre
POSIX	12	3531888601709092091	POSIX_SIZE_WRITE_1M_4M	0	/work/hdd/bdau/mbanisharifdehkordi/E2E/3d/results_combined/combined_ckpt3.nc4	/work	lustre
POSIX	12	3531888601709092091	POSIX_SIZE_WRITE_4M_10M	0	/work/hdd/bdau/mbanisharifdehkordi/E2E/3d/results_combined/combined_ckpt3.nc4	/work	lustre
POSIX	12	3531888601709092091	POSIX_SIZE_WRITE_10M_100M	0	/work/hdd/bdau/mbanisharifdehkordi/E2E/3d/results_combined/combined_ckpt3.nc4	/work	lustre
POSIX	12	3531888601709092091	POSIX_SIZE_WRITE_100M_1G	0	/work/hdd/bdau/mbanisharifdehkordi/E2E/3d/results_combined/combined_ckpt3.nc4	/work	lustre
POSIX	12	3531888601709092091	POSIX_SIZE_WRITE_1G_PLUS	0	/work/hdd/bdau/mbanisharifdehkordi/E2E/3d/results_combined/combined_ckpt3.nc4	/work	lustre
POSIX	12	7794184631446446289	POSIX_BYTES_WRITTEN	0	/work/hdd/bdau/mbanisharifdehkordi/E2E/3d/results_combined/.	/work	lustre
POSIX	12	7794184631446446289	POSIX_FILE_NOT_ALIGNED	0	/work/hdd/bdau/mbanisharifdehkordi/E2E/3d/results_combined/.	/work	lustre
POSIX	12	7794184631446446289	POSIX_SIZE_WRITE_0_100	0	/work/hdd/bdau/mbanisharifdehkordi/E2E/3d/results_combined/.	/work	lustre
POSIX	12	7794184631446446289	POSIX_SIZE_WRITE_100_1K	0	/work/hdd/bdau/mbanisharifdehkordi/E2E/3d/results_combined/.	/work	lustre
POSIX	12	7794184631446446289	POSIX_SIZE_WRITE_1K_10K	0	/work/hdd/bdau/mbanisharifdehkordi/E2E/3d/results_combined/.	/work	lustre
POSIX	12	7794184631446446289	POSIX_SIZE_WRITE_10K_100K	0	/work/hdd/bdau/mbanisharifdehkordi/E2E/3d/results_combined/.	/work	lustre
POSIX	12	7794184631446446289	POSIX_SIZE_WRITE_100K_1M	0	/work/hdd/bdau/mbanisharifdehkordi/E2E/3d/results_combined/.	/work	lustre
POSIX	12	7794184631446446289	POSIX_SIZE_WRITE_1M_4M	0	/work/hdd/bdau/mbanisharifdehkordi/E2E/3d/results_combined/.	/work	lustre
POSIX	12	7794184631446446289	POSIX_SIZE_WRITE_4M_10M	0	/work/hdd/bdau/mbanisharifdehkordi/E2E/3d/results_combined/.	/work	lustre
POSIX	12	7794184631446446289	POSIX_SIZE_WRITE_10M_100M	0	/work/hdd/bdau/mbanisharifdehkordi/E2E/3d/results_combined/.	/work	lustre
POSIX	12	7794184631446446289	POSIX_SIZE_WRITE_100M_1G	0	/work/hdd/bdau/mbanisharifdehkordi/E2E/3d/results_combined/.	/work	lustre
POSIX	12	7794184631446446289	POSIX_SIZE_WRITE_1G_PLUS	0	/work/hdd/bdau/mbanisharifdehkordi/E2E/3d/results_combined/.	/work	lustre
POSIX	12	1607752630872201620	POSIX_BYTES_WRITTEN	0	/work/hdd/bdau/mbanisharifdehkordi/E2E/3d/results_combined/combined_ckpt3.nc4-3240427521-1102025.loc	/work	lustre
POSIX	12	1607752630872201620	POSIX_FILE_NOT_ALIGNED	0	/work/hdd/bdau/mbanisharifdehkordi/E2E/3d/results_combined/combined_ckpt3.nc4-3240427521-1102025.loc	/work	lustre
POSIX	12	1607752630872201620	POSIX_SIZE_WRITE_0_100	0	/work/hdd/bdau/mbanisharifdehkordi/E2E/3d/results_combined/combined_ckpt3.nc4-3240427521-1102025.loc	/work	lustre
POSIX	12	1607752630872201620	POSIX_SIZE_WRITE_100_1K	0	/work/hdd/bdau/mbanisharifdehkordi/E2E/3d/results_combined/combined_ckpt3.nc4-3240427521-1102025.loc	/work	lustre
POSIX	12	1607752630872201620	POSIX_SIZE_WRITE_1K_10K	0	/work/hdd/bdau/mbanisharifdehkordi/E2E/3d/results_combined/combined_ckpt3.nc4-3240427521-1102025.loc	/work	lustre
POSIX	12	1607752630872201620	POSIX_SIZE_WRITE_10K_100K	0	/work/hdd/bdau/mbanisharifdehkordi/E2E/3d/results_combined/combined_ckpt3.nc4-3240427521-1102025.loc	/work	lustre
POSIX	12	1607752630872201620	POSIX_SIZE_WRITE_100K_1M	0	/work/hdd/bdau/mbanisharifdehkordi/E2E/3d/results_combined/combined_ckpt3.nc4-3240427521-1102025.loc	/work	lustre
POSIX	12	1607752630872201620	POSIX_SIZE_WRITE_1M_4M	0	/work/hdd/bdau/mbanisharifdehkordi/E2E/3d/results_combined/combined_ckpt3.nc4-3240427521-1102025.loc	/work	lustre
POSIX	12	1607752630872201620	POSIX_SIZE_WRITE_4M_10M	0	/work/hdd/bdau/mbanisharifdehkordi/E2E/3d/results_combined/combined_ckpt3.nc4-3240427521-1102025.loc	/work	lustre
POSIX	12	1607752630872201620	POSIX_SIZE_WRITE_10M_100M	0	/work/hdd/bdau/mbanisharifdehkordi/E2E/3d/results_combined/combined_ckpt3.nc4-3240427521-1102025.loc	/work	lustre
POSIX	12	1607752630872201620	POSIX_SIZE_WRITE_100M_1G	0	/work/hdd/bdau/mbanisharifdehkordi/E2E/3d/results_combined/combined_ckpt3.nc4-3240427521-1102025.loc	/work	lustre
POSIX	12	1607752630872201620	POSIX_SIZE_WRITE_1G_PLUS	0	/work/hdd/bdau/mbanisharifdehkordi/E2E/3d/results_combined/combined_ckpt3.nc4-3240427521-1102025.loc	/work	lustre
POSIX	13	1448546420287570816	POSIX_BYTES_WRITTEN	0	/work/hdd/bdau/mbanisharifdehkordi/E2E/3d/results_combined/combined_ckpt3.nc4.locktest.13	/work	lustre
POSIX	13	1448546420287570816	POSIX_FILE_NOT_ALIGNED	0	/work/hdd/bdau/mbanisharifdehkordi/E2E/3d/results_combined/combined_ckpt3.nc4.locktest.13	/work	lustre
POSIX	13	1448546420287570816	POSIX_SIZE_WRITE_0_100	0	/work/hdd/bdau/mbanisharifdehkordi/E2E/3d/results_combined/combined_ckpt3.nc4.locktest.13	/work	lustre
POSIX	13	1448546420287570816	POSIX_SIZE_WRITE_100_1K	0	/work/hdd/bdau/mbanisharifdehkordi/E2E/3d/results_combined/combined_ckpt3.nc4.locktest.13	/work	lustre
POSIX	13	1448546420287570816	POSIX_SIZE_WRITE_1K_10K	0	/work/hdd/bdau/mbanisharifdehkordi/E2E/3d/results_combined/combined_ckpt3.nc4.locktest.13	/work	lustre
POSIX	13	1448546420287570816	POSIX_SIZE_WRITE_10K_100K	0	/work/hdd/bdau/mbanisharifdehkordi/E2E/3d/results_combined/combined_ckpt3.nc4.locktest.13	/work	lustre
POSIX	13	1448546420287570816	POSIX_SIZE_WRITE_100K_1M	0	/work/hdd/bdau/mbanisharifdehkordi/E2E/3d/results_combined/combined_ckpt3.nc4.locktest.13	/work	lustre
POSIX	13	1448546420287570816	POSIX_SIZE_WRITE_1M_4M	0	/work/hdd/bdau/mbanisharifdehkordi/E2E/3d/results_combined/combined_ckpt3.nc4.locktest.13	/work	lustre
POSIX	13	1448546420287570816	POSIX_SIZE_WRITE_4M_10M	0	/work/hdd/bdau/mbanisharifdehkordi/E2E/3d/results_combined/combined_ckpt3.nc4.locktest.13	/work	lustre
POSIX	13	1448546420287570816	POSIX_SIZE_WRITE_10M_100M	0	/work/hdd/bdau/mbanisharifdehkordi/E2E/3d/results_combined/combined_ckpt3.nc4.locktest.13	/work	lustre
POSIX	13	1448546420287570816	POSIX_SIZE_WRITE_100M_1G	0	/work/hdd/bdau/mbanisharifdehkordi/E2E/3d/results_combined/combined_ckpt3.nc4.locktest.13	/work	lustre
POSIX	13	1448546420287570816	POSIX_SIZE_WRITE_1G_PLUS	0	/work/hdd/bdau/mbanisharifdehkordi/E2E/3d/results_combined/combined_ckpt3.nc4.locktest.13	/work	lustre
POSIX	13	3531888601709092091	POSIX_BYTES_WRITTEN	0	/work/hdd/bdau/mbanisharifdehkordi/E2E/3d/results_combined/combined_ckpt3.nc4	/work	lustre
POSIX	13	3531888601709092091	POSIX_FILE_NOT_ALIGNED	0	/work/hdd/bdau/mbanisharifdehkordi/E2E/3d/results_combined/combined_ckpt3.nc4	/work	lustre
POSIX	13	3531888601709092091	POSIX_SIZE_WRITE_0_100	0	/work/hdd/bdau/mbanisharifdehkordi/E2E/3d/results_combined/combined_ckpt3.nc4	/work	lustre
POSIX	13	3531888601709092091	POSIX_SIZE_WRITE_100_1K	0	/work/hdd/bdau/mbanisharifdehkordi/E2E/3d/results_combined/combined_ckpt3.nc4	/work	lustre
POSIX	13	3531888601709092091	POSIX_SIZE_WRITE_1K_10K	0	/work/hdd/bdau/mbanisharifdehkordi/E2E/3d/results_combined/combined_ckpt3.nc4	/work	lustre
POSIX	13	3531888601709092091	POSIX_SIZE_WRITE_10K_100K	0	/work/hdd/bdau/mbanisharifdehkordi/E2E/3d/results_combined/combined_ckpt3.nc4	/work	lustre
POSIX	13	3531888601709092091	POSIX_SIZE_WRITE_100K_1M	0	/work/hdd/bdau/mbanisharifdehkordi/E2E/3d/results_combined/combined_ckpt3.nc4	/work	lustre
POSIX	13	3531888601709092091	POSIX_SIZE_WRITE_1M_4M	0	/work/hdd/bdau/mbanisharifdehkordi/E2E/3d/results_combined/combined_ckpt3.nc4	/work	lustre
POSIX	13	3531888601709092091	POSIX_SIZE_WRITE_4M_10M	0	/work/hdd/bdau/mbanisharifdehkordi/E2E/3d/results_combined/combined_ckpt3.nc4	/work	lustre
POSIX	13	3531888601709092091	POSIX_SIZE_WRITE_10M_100M	0	/work/hdd/bdau/mbanisharifdehkordi/E2E/3d/results_combined/combined_ckpt3.nc4	/work	lustre
POSIX	13	3531888601709092091	POSIX_SIZE_WRITE_100M_1G	0	/work/hdd/bdau/mbanisharifdehkordi/E2E/3d/results_combined/combined_ckpt3.nc4	/work	lustre
POSIX	13	3531888601709092091	POSIX_SIZE_WRITE_1G_PLUS	0	/work/hdd/bdau/mbanisharifdehkordi/E2E/3d/results_combined/combined_ckpt3.nc4	/work	lustre
POSIX	13	7794184631446446289	POSIX_BYTES_WRITTEN	0	/work/hdd/bdau/mbanisharifdehkordi/E2E/3d/results_combined/.	/work	lustre
POSIX	13	7794184631446446289	POSIX_FILE_NOT_ALIGNED	0	/work/hdd/bdau/mbanisharifdehkordi/E2E/3d/results_combined/.	/work	lustre
POSIX	13	7794184631446446289	POSIX_SIZE_WRITE_0_100	0	/work/hdd/bdau/mbanisharifdehkordi/E2E/3d/results_combined/.	/work	lustre
POSIX	13	7794184631446446289	POSIX_SIZE_WRITE_100_1K	0	/work/hdd/bdau/mbanisharifdehkordi/E2E/3d/results_combined/.	/work	lustre
POSIX	13	7794184631446446289	POSIX_SIZE_WRITE_1K_10K	0	/work/hdd/bdau/mbanisharifdehkordi/E2E/3d/results_combined/.	/work	lustre
POSIX	13	7794184631446446289	POSIX_SIZE_WRITE_10K_100K	0	/work/hdd/bdau/mbanisharifdehkordi/E2E/3d/results_combined/.	/work	lustre
POSIX	13	7794184631446446289	POSIX_SIZE_WRITE_100K_1M	0	/work/hdd/bdau/mbanisharifdehkordi/E2E/3d/results_combined/.	/work	lustre
POSIX	13	7794184631446446289	POSIX_SIZE_WRITE_1M_4M	0	/work/hdd/bdau/mbanisharifdehkordi/E2E/3d/results_combined/.	/work	lustre
POSIX	13	7794184631446446289	POSIX_SIZE_WRITE_4M_10M	0	/work/hdd/bdau/mbanisharifdehkordi/E2E/3d/results_combined/.	/work	lustre
POSIX	13	7794184631446446289	POSIX_SIZE_WRITE_10M_100M	0	/work/hdd/bdau/mbanisharifdehkordi/E2E/3d/results_combined/.	/work	lustre
POSIX	13	7794184631446446289	POSIX_SIZE_WRITE_100M_1G	0	/work/hdd/bdau/mbanisharifdehkordi/E2E/3d/results_combined/.	/work	lustre
POSIX	13	7794184631446446289	POSIX_SIZE_WRITE_1G_PLUS	0	/work/hdd/bdau/mbanisharifdehkordi/E2E/3d/results_combined/.	/work	lustre
POSIX	13	1607752630872201620	POSIX_BYTES_WRITTEN	0	/work/hdd/bdau/mbanisharifdehkordi/E2E/3d/results_combined/combined_ckpt3.nc4-3240427521-1102025.loc	/work	lustre
POSIX	13	1607752630872201620	POSIX_FILE_NOT_ALIGNED	0	/work/hdd/bdau/mbanisharifdehkordi/E2E/3d/results_combined/combined_ckpt3.nc4-3240427521-1102025.loc	/work	lustre
POSIX	13	1607752630872201620	POSIX_SIZE_WRITE_0_100	0	/work/hdd/bdau/mbanisharifdehkordi/E2E/3d/results_combined/combined_ckpt3.nc4-3240427521-1102025.loc	/work	lustre
POSIX	13	1607752630872201620	POSIX_SIZE_WRITE_100_1K	0	/work/hdd/bdau/mbanisharifdehkordi/E2E/3d/results_combined/combined_ckpt3.nc4-3240427521-1102025.loc	/work	lustre
POSIX	13	1607752630872201620	POSIX_SIZE_WRITE_1K_10K	0	/work/hdd/bdau/mbanisharifdehkordi/E2E/3d/results_combined/combined_ckpt3.nc4-3240427521-1102025.loc	/work	lustre
POSIX	13	1607752630872201620	POSIX_SIZE_WRITE_10K_100K	0	/work/hdd/bdau/mbanisharifdehkordi/E2E/3d/results_combined/combined_ckpt3.nc4-3240427521-1102025.loc	/work	lustre
POSIX	13	1607752630872201620	POSIX_SIZE_WRITE_100K_1M	0	/work/hdd/bdau/mbanisharifdehkordi/E2E/3d/results_combined/combined_ckpt3.nc4-3240427521-1102025.loc	/work	lustre
POSIX	13	1607752630872201620	POSIX_SIZE_WRITE_1M_4M	0	/work/hdd/bdau/mbanisharifdehkordi/E2E/3d/results_combined/combined_ckpt3.nc4-3240427521-1102025.loc	/work	lustre
POSIX	13	1607752630872201620	POSIX_SIZE_WRITE_4M_10M	0	/work/hdd/bdau/mbanisharifdehkordi/E2E/3d/results_combined/combined_ckpt3.nc4-3240427521-1102025.loc	/work	lustre
POSIX	13	1607752630872201620	POSIX_SIZE_WRITE_10M_100M	0	/work/hdd/bdau/mbanisharifdehkordi/E2E/3d/results_combined/combined_ckpt3.nc4-3240427521-1102025.loc	/work	lustre
POSIX	13	1607752630872201620	POSIX_SIZE_WRITE_100M_1G	0	/work/hdd/bdau/mbanisharifdehkordi/E2E/3d/results_combined/combined_ckpt3.nc4-3240427521-1102025.loc	/work	lustre
POSIX	13	1607752630872201620	POSIX_SIZE_WRITE_1G_PLUS	0	/work/hdd/bdau/mbanisharifdehkordi/E2E/3d/results_combined/combined_ckpt3.nc4-3240427521-1102025.loc	/work	lustre
POSIX	14	10119101420950210505	POSIX_BYTES_WRITTEN	0	/work/hdd/bdau/mbanisharifdehkordi/E2E/3d/results_combined/combined_ckpt3.nc4.locktest.14	/work	lustre
POSIX	14	10119101420950210505	POSIX_FILE_NOT_ALIGNED	0	/work/hdd/bdau/mbanisharifdehkordi/E2E/3d/results_combined/combined_ckpt3.nc4.locktest.14	/work	lustre
POSIX	14	10119101420950210505	POSIX_SIZE_WRITE_0_100	0	/work/hdd/bdau/mbanisharifdehkordi/E2E/3d/results_combined/combined_ckpt3.nc4.locktest.14	/work	lustre
POSIX	14	10119101420950210505	POSIX_SIZE_WRITE_100_1K	0	/work/hdd/bdau/mbanisharifdehkordi/E2E/3d/results_combined/combined_ckpt3.nc4.locktest.14	/work	lustre
POSIX	14	10119101420950210505	POSIX_SIZE_WRITE_1K_10K	0	/work/hdd/bdau/mbanisharifdehkordi/E2E/3d/results_combined/combined_ckpt3.nc4.locktest.14	/work	lustre
POSIX	14	10119101420950210505	POSIX_SIZE_WRITE_10K_100K	0	/work/hdd/bdau/mbanisharifdehkordi/E2E/3d/results_combined/combined_ckpt3.nc4.locktest.14	/work	lustre
POSIX	14	10119101420950210505	POSIX_SIZE_WRITE_100K_1M	0	/work/hdd/bdau/mbanisharifdehkordi/E2E/3d/results_combined/combined_ckpt3.nc4.locktest.14	/work	lustre
POSIX	14	10119101420950210505	POSIX_SIZE_WRITE_1M_4M	0	/work/hdd/bdau/mbanisharifdehkordi/E2E/3d/results_combined/combined_ckpt3.nc4.locktest.14	/work	lustre
POSIX	14	10119101420950210505	POSIX_SIZE_WRITE_4M_10M	0	/work/hdd/bdau/mbanisharifdehkordi/E2E/3d/results_combined/combined_ckpt3.nc4.locktest.14	/work	lustre
POSIX	14	10119101420950210505	POSIX_SIZE_WRITE_10M_100M	0	/work/hdd/bdau/mbanisharifdehkordi/E2E/3d/results_combined/combined_ckpt3.nc4.locktest.14	/work	lustre
POSIX	14	10119101420950210505	POSIX_SIZE_WRITE_100M_1G	0	/work/hdd/bdau/mbanisharifdehkordi/E2E/3d/results_combined/combined_ckpt3.nc4.locktest.14	/work	lustre
POSIX	14	10119101420950210505	POSIX_SIZE_WRITE_1G_PLUS	0	/work/hdd/bdau/mbanisharifdehkordi/E2E/3d/results_combined/combined_ckpt3.nc4.locktest.14	/work	lustre
POSIX	14	3531888601709092091	POSIX_BYTES_WRITTEN	0	/work/hdd/bdau/mbanisharifdehkordi/E2E/3d/results_combined/combined_ckpt3.nc4	/work	lustre
POSIX	14	3531888601709092091	POSIX_FILE_NOT_ALIGNED	0	/work/hdd/bdau/mbanisharifdehkordi/E2E/3d/results_combined/combined_ckpt3.nc4	/work	lustre
POSIX	14	3531888601709092091	POSIX_SIZE_WRITE_0_100	0	/work/hdd/bdau/mbanisharifdehkordi/E2E/3d/results_combined/combined_ckpt3.nc4	/work	lustre
POSIX	14	3531888601709092091	POSIX_SIZE_WRITE_100_1K	0	/work/hdd/bdau/mbanisharifdehkordi/E2E/3d/results_combined/combined_ckpt3.nc4	/work	lustre
POSIX	14	3531888601709092091	POSIX_SIZE_WRITE_1K_10K	0	/work/hdd/bdau/mbanisharifdehkordi/E2E/3d/results_combined/combined_ckpt3.nc4	/work	lustre
POSIX	14	3531888601709092091	POSIX_SIZE_WRITE_10K_100K	0	/work/hdd/bdau/mbanisharifdehkordi/E2E/3d/results_combined/combined_ckpt3.nc4	/work	lustre
POSIX	14	3531888601709092091	POSIX_SIZE_WRITE_100K_1M	0	/work/hdd/bdau/mbanisharifdehkordi/E2E/3d/results_combined/combined_ckpt3.nc4	/work	lustre
POSIX	14	3531888601709092091	POSIX_SIZE_WRITE_1M_4M	0	/work/hdd/bdau/mbanisharifdehkordi/E2E/3d/results_combined/combined_ckpt3.nc4	/work	lustre
POSIX	14	3531888601709092091	POSIX_SIZE_WRITE_4M_10M	0	/work/hdd/bdau/mbanisharifdehkordi/E2E/3d/results_combined/combined_ckpt3.nc4	/work	lustre
POSIX	14	3531888601709092091	POSIX_SIZE_WRITE_10M_100M	0	/work/hdd/bdau/mbanisharifdehkordi/E2E/3d/results_combined/combined_ckpt3.nc4	/work	lustre
POSIX	14	3531888601709092091	POSIX_SIZE_WRITE_100M_1G	0	/work/hdd/bdau/mbanisharifdehkordi/E2E/3d/results_combined/combined_ckpt3.nc4	/work	lustre
POSIX	14	3531888601709092091	POSIX_SIZE_WRITE_1G_PLUS	0	/work/hdd/bdau/mbanisharifdehkordi/E2E/3d/results_combined/combined_ckpt3.nc4	/work	lustre
POSIX	14	7794184631446446289	POSIX_BYTES_WRITTEN	0	/work/hdd/bdau/mbanisharifdehkordi/E2E/3d/results_combined/.	/work	lustre
POSIX	14	7794184631446446289	POSIX_FILE_NOT_ALIGNED	0	/work/hdd/bdau/mbanisharifdehkordi/E2E/3d/results_combined/.	/work	lustre
POSIX	14	7794184631446446289	POSIX_SIZE_WRITE_0_100	0	/work/hdd/bdau/mbanisharifdehkordi/E2E/3d/results_combined/.	/work	lustre
POSIX	14	7794184631446446289	POSIX_SIZE_WRITE_100_1K	0	/work/hdd/bdau/mbanisharifdehkordi/E2E/3d/results_combined/.	/work	lustre
POSIX	14	7794184631446446289	POSIX_SIZE_WRITE_1K_10K	0	/work/hdd/bdau/mbanisharifdehkordi/E2E/3d/results_combined/.	/work	lustre
POSIX	14	7794184631446446289	POSIX_SIZE_WRITE_10K_100K	0	/work/hdd/bdau/mbanisharifdehkordi/E2E/3d/results_combined/.	/work	lustre
POSIX	14	7794184631446446289	POSIX_SIZE_WRITE_100K_1M	0	/work/hdd/bdau/mbanisharifdehkordi/E2E/3d/results_combined/.	/work	lustre
POSIX	14	7794184631446446289	POSIX_SIZE_WRITE_1M_4M	0	/work/hdd/bdau/mbanisharifdehkordi/E2E/3d/results_combined/.	/work	lustre
POSIX	14	7794184631446446289	POSIX_SIZE_WRITE_4M_10M	0	/work/hdd/bdau/mbanisharifdehkordi/E2E/3d/results_combined/.	/work	lustre
POSIX	14	7794184631446446289	POSIX_SIZE_WRITE_10M_100M	0	/work/hdd/bdau/mbanisharifdehkordi/E2E/3d/results_combined/.	/work	lustre
POSIX	14	7794184631446446289	POSIX_SIZE_WRITE_100M_1G	0	/work/hdd/bdau/mbanisharifdehkordi/E2E/3d/results_combined/.	/work	lustre
POSIX	14	7794184631446446289	POSIX_SIZE_WRITE_1G_PLUS	0	/work/hdd/bdau/mbanisharifdehkordi/E2E/3d/results_combined/.	/work	lustre
POSIX	14	1607752630872201620	POSIX_BYTES_WRITTEN	0	/work/hdd/bdau/mbanisharifdehkordi/E2E/3d/results_combined/combined_ckpt3.nc4-3240427521-1102025.loc	/work	lustre
POSIX	14	1607752630872201620	POSIX_FILE_NOT_ALIGNED	0	/work/hdd/bdau/mbanisharifdehkordi/E2E/3d/results_combined/combined_ckpt3.nc4-3240427521-1102025.loc	/work	lustre
POSIX	14	1607752630872201620	POSIX_SIZE_WRITE_0_100	0	/work/hdd/bdau/mbanisharifdehkordi/E2E/3d/results_combined/combined_ckpt3.nc4-3240427521-1102025.loc	/work	lustre
POSIX	14	1607752630872201620	POSIX_SIZE_WRITE_100_1K	0	/work/hdd/bdau/mbanisharifdehkordi/E2E/3d/results_combined/combined_ckpt3.nc4-3240427521-1102025.loc	/work	lustre
POSIX	14	1607752630872201620	POSIX_SIZE_WRITE_1K_10K	0	/work/hdd/bdau/mbanisharifdehkordi/E2E/3d/results_combined/combined_ckpt3.nc4-3240427521-1102025.loc	/work	lustre
POSIX	14	1607752630872201620	POSIX_SIZE_WRITE_10K_100K	0	/work/hdd/bdau/mbanisharifdehkordi/E2E/3d/results_combined/combined_ckpt3.nc4-3240427521-1102025.loc	/work	lustre
POSIX	14	1607752630872201620	POSIX_SIZE_WRITE_100K_1M	0	/work/hdd/bdau/mbanisharifdehkordi/E2E/3d/results_combined/combined_ckpt3.nc4-3240427521-1102025.loc	/work	lustre
POSIX	14	1607752630872201620	POSIX_SIZE_WRITE_1M_4M	0	/work/hdd/bdau/mbanisharifdehkordi/E2E/3d/results_combined/combined_ckpt3.nc4-3240427521-1102025.loc	/work	lustre
POSIX	14	1607752630872201620	POSIX_SIZE_WRITE_4M_10M	0	/work/hdd/bdau/mbanisharifdehkordi/E2E/3d/results_combined/combined_ckpt3.nc4-3240427521-1102025.loc	/work	lustre
POSIX	14	1607752630872201620	POSIX_SIZE_WRITE_10M_100M	0	/work/hdd/bdau/mbanisharifdehkordi/E2E/3d/results_combined/combined_ckpt3.nc4-3240427521-1102025.loc	/work	lustre
POSIX	14	1607752630872201620	POSIX_SIZE_WRITE_100M_1G	0	/work/hdd/bdau/mbanisharifdehkordi/E2E/3d/results_combined/combined_ckpt3.nc4-3240427521-1102025.loc	/work	lustre
POSIX	14	1607752630872201620	POSIX_SIZE_WRITE_1G_PLUS	0	/work/hdd/bdau/mbanisharifdehkordi/E2E/3d/results_combined/combined_ckpt3.nc4-3240427521-1102025.loc	/work	lustre
POSIX	15	3854297944953921371	POSIX_BYTES_WRITTEN	0	/work/hdd/bdau/mbanisharifdehkordi/E2E/3d/results_combined/combined_ckpt3.nc4.locktest.15	/work	lustre
POSIX	15	3854297944953921371	POSIX_FILE_NOT_ALIGNED	0	/work/hdd/bdau/mbanisharifdehkordi/E2E/3d/results_combined/combined_ckpt3.nc4.locktest.15	/work	lustre
POSIX	15	3854297944953921371	POSIX_SIZE_WRITE_0_100	0	/work/hdd/bdau/mbanisharifdehkordi/E2E/3d/results_combined/combined_ckpt3.nc4.locktest.15	/work	lustre
POSIX	15	3854297944953921371	POSIX_SIZE_WRITE_100_1K	0	/work/hdd/bdau/mbanisharifdehkordi/E2E/3d/results_combined/combined_ckpt3.nc4.locktest.15	/work	lustre
POSIX	15	3854297944953921371	POSIX_SIZE_WRITE_1K_10K	0	/work/hdd/bdau/mbanisharifdehkordi/E2E/3d/results_combined/combined_ckpt3.nc4.locktest.15	/work	lustre
POSIX	15	3854297944953921371	POSIX_SIZE_WRITE_10K_100K	0	/work/hdd/bdau/mbanisharifdehkordi/E2E/3d/results_combined/combined_ckpt3.nc4.locktest.15	/work	lustre
POSIX	15	3854297944953921371	POSIX_SIZE_WRITE_100K_1M	0	/work/hdd/bdau/mbanisharifdehkordi/E2E/3d/results_combined/combined_ckpt3.nc4.locktest.15	/work	lustre
POSIX	15	3854297944953921371	POSIX_SIZE_WRITE_1M_4M	0	/work/hdd/bdau/mbanisharifdehkordi/E2E/3d/results_combined/combined_ckpt3.nc4.locktest.15	/work	lustre
POSIX	15	3854297944953921371	POSIX_SIZE_WRITE_4M_10M	0	/work/hdd/bdau/mbanisharifdehkordi/E2E/3d/results_combined/combined_ckpt3.nc4.locktest.15	/work	lustre
POSIX	15	3854297944953921371	POSIX_SIZE_WRITE_10M_100M	0	/work/hdd/bdau/mbanisharifdehkordi/E2E/3d/results_combined/combined_ckpt3.nc4.locktest.15	/work	lustre
POSIX	15	3854297944953921371	POSIX_SIZE_WRITE_100M_1G	0	/work/hdd/bdau/mbanisharifdehkordi/E2E/3d/results_combined/combined_ckpt3.nc4.locktest.15	/work	lustre
POSIX	15	3854297944953921371	POSIX_SIZE_WRITE_1G_PLUS	0	/work/hdd/bdau/mbanisharifdehkordi/E2E/3d/results_combined/combined_ckpt3.nc4.locktest.15	/work	lustre
POSIX	15	3531888601709092091	POSIX_BYTES_WRITTEN	0	/work/hdd/bdau/mbanisharifdehkordi/E2E/3d/results_combined/combined_ckpt3.nc4	/work	lustre
POSIX	15	3531888601709092091	POSIX_FILE_NOT_ALIGNED	0	/work/hdd/bdau/mbanisharifdehkordi/E2E/3d/results_combined/combined_ckpt3.nc4	/work	lustre
POSIX	15	3531888601709092091	POSIX_SIZE_WRITE_0_100	0	/work/hdd/bdau/mbanisharifdehkordi/E2E/3d/results_combined/combined_ckpt3.nc4	/work	lustre
POSIX	15	3531888601709092091	POSIX_SIZE_WRITE_100_1K	0	/work/hdd/bdau/mbanisharifdehkordi/E2E/3d/results_combined/combined_ckpt3.nc4	/work	lustre
POSIX	15	3531888601709092091	POSIX_SIZE_WRITE_1K_10K	0	/work/hdd/bdau/mbanisharifdehkordi/E2E/3d/results_combined/combined_ckpt3.nc4	/work	lustre
POSIX	15	3531888601709092091	POSIX_SIZE_WRITE_10K_100K	0	/work/hdd/bdau/mbanisharifdehkordi/E2E/3d/results_combined/combined_ckpt3.nc4	/work	lustre
POSIX	15	3531888601709092091	POSIX_SIZE_WRITE_100K_1M	0	/work/hdd/bdau/mbanisharifdehkordi/E2E/3d/results_combined/combined_ckpt3.nc4	/work	lustre
POSIX	15	3531888601709092091	POSIX_SIZE_WRITE_1M_4M	0	/work/hdd/bdau/mbanisharifdehkordi/E2E/3d/results_combined/combined_ckpt3.nc4	/work	lustre
POSIX	15	3531888601709092091	POSIX_SIZE_WRITE_4M_10M	0	/work/hdd/bdau/mbanisharifdehkordi/E2E/3d/results_combined/combined_ckpt3.nc4	/work	lustre
POSIX	15	3531888601709092091	POSIX_SIZE_WRITE_10M_100M	0	/work/hdd/bdau/mbanisharifdehkordi/E2E/3d/results_combined/combined_ckpt3.nc4	/work	lustre
POSIX	15	3531888601709092091	POSIX_SIZE_WRITE_100M_1G	0	/work/hdd/bdau/mbanisharifdehkordi/E2E/3d/results_combined/combined_ckpt3.nc4	/work	lustre
POSIX	15	3531888601709092091	POSIX_SIZE_WRITE_1G_PLUS	0	/work/hdd/bdau/mbanisharifdehkordi/E2E/3d/results_combined/combined_ckpt3.nc4	/work	lustre
POSIX	15	7794184631446446289	POSIX_BYTES_WRITTEN	0	/work/hdd/bdau/mbanisharifdehkordi/E2E/3d/results_combined/.	/work	lustre
POSIX	15	7794184631446446289	POSIX_FILE_NOT_ALIGNED	0	/work/hdd/bdau/mbanisharifdehkordi/E2E/3d/results_combined/.	/work	lustre
POSIX	15	7794184631446446289	POSIX_SIZE_WRITE_0_100	0	/work/hdd/bdau/mbanisharifdehkordi/E2E/3d/results_combined/.	/work	lustre
POSIX	15	7794184631446446289	POSIX_SIZE_WRITE_100_1K	0	/work/hdd/bdau/mbanisharifdehkordi/E2E/3d/results_combined/.	/work	lustre
POSIX	15	7794184631446446289	POSIX_SIZE_WRITE_1K_10K	0	/work/hdd/bdau/mbanisharifdehkordi/E2E/3d/results_combined/.	/work	lustre
POSIX	15	7794184631446446289	POSIX_SIZE_WRITE_10K_100K	0	/work/hdd/bdau/mbanisharifdehkordi/E2E/3d/results_combined/.	/work	lustre
POSIX	15	7794184631446446289	POSIX_SIZE_WRITE_100K_1M	0	/work/hdd/bdau/mbanisharifdehkordi/E2E/3d/results_combined/.	/work	lustre
POSIX	15	7794184631446446289	POSIX_SIZE_WRITE_1M_4M	0	/work/hdd/bdau/mbanisharifdehkordi/E2E/3d/results_combined/.	/work	lustre
POSIX	15	7794184631446446289	POSIX_SIZE_WRITE_4M_10M	0	/work/hdd/bdau/mbanisharifdehkordi/E2E/3d/results_combined/.	/work	lustre
POSIX	15	7794184631446446289	POSIX_SIZE_WRITE_10M_100M	0	/work/hdd/bdau/mbanisharifdehkordi/E2E/3d/results_combined/.	/work	lustre
POSIX	15	7794184631446446289	POSIX_SIZE_WRITE_100M_1G	0	/work/hdd/bdau/mbanisharifdehkordi/E2E/3d/results_combined/.	/work	lustre
POSIX	15	7794184631446446289	POSIX_SIZE_WRITE_1G_PLUS	0	/work/hdd/bdau/mbanisharifdehkordi/E2E/3d/results_combined/.	/work	lustre
POSIX	15	1607752630872201620	POSIX_BYTES_WRITTEN	0	/work/hdd/bdau/mbanisharifdehkordi/E2E/3d/results_combined/combined_ckpt3.nc4-3240427521-1102025.loc	/work	lustre
POSIX	15	1607752630872201620	POSIX_FILE_NOT_ALIGNED	0	/work/hdd/bdau/mbanisharifdehkordi/E2E/3d/results_combined/combined_ckpt3.nc4-3240427521-1102025.loc	/work	lustre
POSIX	15	1607752630872201620	POSIX_SIZE_WRITE_0_100	0	/work/hdd/bdau/mbanisharifdehkordi/E2E/3d/results_combined/combined_ckpt3.nc4-3240427521-1102025.loc	/work	lustre
POSIX	15	1607752630872201620	POSIX_SIZE_WRITE_100_1K	0	/work/hdd/bdau/mbanisharifdehkordi/E2E/3d/results_combined/combined_ckpt3.nc4-3240427521-1102025.loc	/work	lustre
POSIX	15	1607752630872201620	POSIX_SIZE_WRITE_1K_10K	0	/work/hdd/bdau/mbanisharifdehkordi/E2E/3d/results_combined/combined_ckpt3.nc4-3240427521-1102025.loc	/work	lustre
POSIX	15	1607752630872201620	POSIX_SIZE_WRITE_10K_100K	0	/work/hdd/bdau/mbanisharifdehkordi/E2E/3d/results_combined/combined_ckpt3.nc4-3240427521-1102025.loc	/work	lustre
POSIX	15	1607752630872201620	POSIX_SIZE_WRITE_100K_1M	0	/work/hdd/bdau/mbanisharifdehkordi/E2E/3d/results_combined/combined_ckpt3.nc4-3240427521-1102025.loc	/work	lustre
POSIX	15	1607752630872201620	POSIX_SIZE_WRITE_1M_4M	0	/work/hdd/bdau/mbanisharifdehkordi/E2E/3d/results_combined/combined_ckpt3.nc4-3240427521-1102025.loc	/work	lustre
POSIX	15	1607752630872201620	POSIX_SIZE_WRITE_4M_10M	0	/work/hdd/bdau/mbanisharifdehkordi/E2E/3d/results_combined/combined_ckpt3.nc4-3240427521-1102025.loc	/work	lustre
POSIX	15	1607752630872201620	POSIX_SIZE_WRITE_10M_100M	0	/work/hdd/bdau/mbanisharifdehkordi/E2E/3d/results_combined/combined_ckpt3.nc4-3240427521-1102025.loc	/work	lustre
POSIX	15	1607752630872201620	POSIX_SIZE_WRITE_100M_1G	0	/work/hdd/bdau/mbanisharifdehkordi/E2E/3d/results_combined/combined_ckpt3.nc4-3240427521-1102025.loc	/work	lustre
POSIX	15	1607752630872201620	POSIX_SIZE_WRITE_1G_PLUS	0	/work/hdd/bdau/mbanisharifdehkordi/E2E/3d/results_combined/combined_ckpt3.nc4-3240427521-1102025.loc	/work	lustre
POSIX	16	368007767949005851	POSIX_BYTES_WRITTEN	0	/work/hdd/bdau/mbanisharifdehkordi/E2E/3d/results_combined/combined_ckpt3.nc4.locktest.16	/work	lustre
POSIX	16	368007767949005851	POSIX_FILE_NOT_ALIGNED	0	/work/hdd/bdau/mbanisharifdehkordi/E2E/3d/results_combined/combined_ckpt3.nc4.locktest.16	/work	lustre
POSIX	16	368007767949005851	POSIX_SIZE_WRITE_0_100	0	/work/hdd/bdau/mbanisharifdehkordi/E2E/3d/results_combined/combined_ckpt3.nc4.locktest.16	/work	lustre
POSIX	16	368007767949005851	POSIX_SIZE_WRITE_100_1K	0	/work/hdd/bdau/mbanisharifdehkordi/E2E/3d/results_combined/combined_ckpt3.nc4.locktest.16	/work	lustre
POSIX	16	368007767949005851	POSIX_SIZE_WRITE_1K_10K	0	/work/hdd/bdau/mbanisharifdehkordi/E2E/3d/results_combined/combined_ckpt3.nc4.locktest.16	/work	lustre
POSIX	16	368007767949005851	POSIX_SIZE_WRITE_10K_100K	0	/work/hdd/bdau/mbanisharifdehkordi/E2E/3d/results_combined/combined_ckpt3.nc4.locktest.16	/work	lustre
POSIX	16	368007767949005851	POSIX_SIZE_WRITE_100K_1M	0	/work/hdd/bdau/mbanisharifdehkordi/E2E/3d/results_combined/combined_ckpt3.nc4.locktest.16	/work	lustre
POSIX	16	368007767949005851	POSIX_SIZE_WRITE_1M_4M	0	/work/hdd/bdau/mbanisharifdehkordi/E2E/3d/results_combined/combined_ckpt3.nc4.locktest.16	/work	lustre
POSIX	16	368007767949005851	POSIX_SIZE_WRITE_4M_10M	0	/work/hdd/bdau/mbanisharifdehkordi/E2E/3d/results_combined/combined_ckpt3.nc4.locktest.16	/work	lustre
POSIX	16	368007767949005851	POSIX_SIZE_WRITE_10M_100M	0	/work/hdd/bdau/mbanisharifdehkordi/E2E/3d/results_combined/combined_ckpt3.nc4.locktest.16	/work	lustre
POSIX	16	368007767949005851	POSIX_SIZE_WRITE_100M_1G	0	/work/hdd/bdau/mbanisharifdehkordi/E2E/3d/results_combined/combined_ckpt3.nc4.locktest.16	/work	lustre
POSIX	16	368007767949005851	POSIX_SIZE_WRITE_1G_PLUS	0	/work/hdd/bdau/mbanisharifdehkordi/E2E/3d/results_combined/combined_ckpt3.nc4.locktest.16	/work	lustre
POSIX	16	3531888601709092091	POSIX_BYTES_WRITTEN	0	/work/hdd/bdau/mbanisharifdehkordi/E2E/3d/results_combined/combined_ckpt3.nc4	/work	lustre
POSIX	16	3531888601709092091	POSIX_FILE_NOT_ALIGNED	0	/work/hdd/bdau/mbanisharifdehkordi/E2E/3d/results_combined/combined_ckpt3.nc4	/work	lustre
POSIX	16	3531888601709092091	POSIX_SIZE_WRITE_0_100	0	/work/hdd/bdau/mbanisharifdehkordi/E2E/3d/results_combined/combined_ckpt3.nc4	/work	lustre
POSIX	16	3531888601709092091	POSIX_SIZE_WRITE_100_1K	0	/work/hdd/bdau/mbanisharifdehkordi/E2E/3d/results_combined/combined_ckpt3.nc4	/work	lustre
POSIX	16	3531888601709092091	POSIX_SIZE_WRITE_1K_10K	0	/work/hdd/bdau/mbanisharifdehkordi/E2E/3d/results_combined/combined_ckpt3.nc4	/work	lustre
POSIX	16	3531888601709092091	POSIX_SIZE_WRITE_10K_100K	0	/work/hdd/bdau/mbanisharifdehkordi/E2E/3d/results_combined/combined_ckpt3.nc4	/work	lustre
POSIX	16	3531888601709092091	POSIX_SIZE_WRITE_100K_1M	0	/work/hdd/bdau/mbanisharifdehkordi/E2E/3d/results_combined/combined_ckpt3.nc4	/work	lustre
POSIX	16	3531888601709092091	POSIX_SIZE_WRITE_1M_4M	0	/work/hdd/bdau/mbanisharifdehkordi/E2E/3d/results_combined/combined_ckpt3.nc4	/work	lustre
POSIX	16	3531888601709092091	POSIX_SIZE_WRITE_4M_10M	0	/work/hdd/bdau/mbanisharifdehkordi/E2E/3d/results_combined/combined_ckpt3.nc4	/work	lustre
POSIX	16	3531888601709092091	POSIX_SIZE_WRITE_10M_100M	0	/work/hdd/bdau/mbanisharifdehkordi/E2E/3d/results_combined/combined_ckpt3.nc4	/work	lustre
POSIX	16	3531888601709092091	POSIX_SIZE_WRITE_100M_1G	0	/work/hdd/bdau/mbanisharifdehkordi/E2E/3d/results_combined/combined_ckpt3.nc4	/work	lustre
POSIX	16	3531888601709092091	POSIX_SIZE_WRITE_1G_PLUS	0	/work/hdd/bdau/mbanisharifdehkordi/E2E/3d/results_combined/combined_ckpt3.nc4	/work	lustre
POSIX	16	7794184631446446289	POSIX_BYTES_WRITTEN	0	/work/hdd/bdau/mbanisharifdehkordi/E2E/3d/results_combined/.	/work	lustre
POSIX	16	7794184631446446289	POSIX_FILE_NOT_ALIGNED	0	/work/hdd/bdau/mbanisharifdehkordi/E2E/3d/results_combined/.	/work	lustre
POSIX	16	7794184631446446289	POSIX_SIZE_WRITE_0_100	0	/work/hdd/bdau/mbanisharifdehkordi/E2E/3d/results_combined/.	/work	lustre
POSIX	16	7794184631446446289	POSIX_SIZE_WRITE_100_1K	0	/work/hdd/bdau/mbanisharifdehkordi/E2E/3d/results_combined/.	/work	lustre
POSIX	16	7794184631446446289	POSIX_SIZE_WRITE_1K_10K	0	/work/hdd/bdau/mbanisharifdehkordi/E2E/3d/results_combined/.	/work	lustre
POSIX	16	7794184631446446289	POSIX_SIZE_WRITE_10K_100K	0	/work/hdd/bdau/mbanisharifdehkordi/E2E/3d/results_combined/.	/work	lustre
POSIX	16	7794184631446446289	POSIX_SIZE_WRITE_100K_1M	0	/work/hdd/bdau/mbanisharifdehkordi/E2E/3d/results_combined/.	/work	lustre
POSIX	16	7794184631446446289	POSIX_SIZE_WRITE_1M_4M	0	/work/hdd/bdau/mbanisharifdehkordi/E2E/3d/results_combined/.	/work	lustre
POSIX	16	7794184631446446289	POSIX_SIZE_WRITE_4M_10M	0	/work/hdd/bdau/mbanisharifdehkordi/E2E/3d/results_combined/.	/work	lustre
POSIX	16	7794184631446446289	POSIX_SIZE_WRITE_10M_100M	0	/work/hdd/bdau/mbanisharifdehkordi/E2E/3d/results_combined/.	/work	lustre
POSIX	16	7794184631446446289	POSIX_SIZE_WRITE_100M_1G	0	/work/hdd/bdau/mbanisharifdehkordi/E2E/3d/results_combined/.	/work	lustre
POSIX	16	7794184631446446289	POSIX_SIZE_WRITE_1G_PLUS	0	/work/hdd/bdau/mbanisharifdehkordi/E2E/3d/results_combined/.	/work	lustre
POSIX	16	1607752630872201620	POSIX_BYTES_WRITTEN	0	/work/hdd/bdau/mbanisharifdehkordi/E2E/3d/results_combined/combined_ckpt3.nc4-3240427521-1102025.loc	/work	lustre
POSIX	16	1607752630872201620	POSIX_FILE_NOT_ALIGNED	0	/work/hdd/bdau/mbanisharifdehkordi/E2E/3d/results_combined/combined_ckpt3.nc4-3240427521-1102025.loc	/work	lustre
POSIX	16	1607752630872201620	POSIX_SIZE_WRITE_0_100	0	/work/hdd/bdau/mbanisharifdehkordi/E2E/3d/results_combined/combined_ckpt3.nc4-3240427521-1102025.loc	/work	lustre
POSIX	16	1607752630872201620	POSIX_SIZE_WRITE_100_1K	0	/work/hdd/bdau/mbanisharifdehkordi/E2E/3d/results_combined/combined_ckpt3.nc4-3240427521-1102025.loc	/work	lustre
POSIX	16	1607752630872201620	POSIX_SIZE_WRITE_1K_10K	0	/work/hdd/bdau/mbanisharifdehkordi/E2E/3d/results_combined/combined_ckpt3.nc4-3240427521-1102025.loc	/work	lustre
POSIX	16	1607752630872201620	POSIX_SIZE_WRITE_10K_100K	0	/work/hdd/bdau/mbanisharifdehkordi/E2E/3d/results_combined/combined_ckpt3.nc4-3240427521-1102025.loc	/work	lustre
POSIX	16	1607752630872201620	POSIX_SIZE_WRITE_100K_1M	0	/work/hdd/bdau/mbanisharifdehkordi/E2E/3d/results_combined/combined_ckpt3.nc4-3240427521-1102025.loc	/work	lustre
POSIX	16	1607752630872201620	POSIX_SIZE_WRITE_1M_4M	0	/work/hdd/bdau/mbanisharifdehkordi/E2E/3d/results_combined/combined_ckpt3.nc4-3240427521-1102025.loc	/work	lustre
POSIX	16	1607752630872201620	POSIX_SIZE_WRITE_4M_10M	0	/work/hdd/bdau/mbanisharifdehkordi/E2E/3d/results_combined/combined_ckpt3.nc4-3240427521-1102025.loc	/work	lustre
POSIX	16	1607752630872201620	POSIX_SIZE_WRITE_10M_100M	0	/work/hdd/bdau/mbanisharifdehkordi/E2E/3d/results_combined/combined_ckpt3.nc4-3240427521-1102025.loc	/work	lustre
POSIX	16	1607752630872201620	POSIX_SIZE_WRITE_100M_1G	0	/work/hdd/bdau/mbanisharifdehkordi/E2E/3d/results_combined/combined_ckpt3.nc4-3240427521-1102025.loc	/work	lustre
POSIX	16	1607752630872201620	POSIX_SIZE_WRITE_1G_PLUS	0	/work/hdd/bdau/mbanisharifdehkordi/E2E/3d/results_combined/combined_ckpt3.nc4-3240427521-1102025.loc	/work	lustre
POSIX	17	10834965105168064603	POSIX_BYTES_WRITTEN	0	/work/hdd/bdau/mbanisharifdehkordi/E2E/3d/results_combined/combined_ckpt3.nc4.locktest.17	/work	lustre
POSIX	17	10834965105168064603	POSIX_FILE_NOT_ALIGNED	0	/work/hdd/bdau/mbanisharifdehkordi/E2E/3d/results_combined/combined_ckpt3.nc4.locktest.17	/work	lustre
POSIX	17	10834965105168064603	POSIX_SIZE_WRITE_0_100	0	/work/hdd/bdau/mbanisharifdehkordi/E2E/3d/results_combined/combined_ckpt3.nc4.locktest.17	/work	lustre
POSIX	17	10834965105168064603	POSIX_SIZE_WRITE_100_1K	0	/work/hdd/bdau/mbanisharifdehkordi/E2E/3d/results_combined/combined_ckpt3.nc4.locktest.17	/work	lustre
POSIX	17	10834965105168064603	POSIX_SIZE_WRITE_1K_10K	0	/work/hdd/bdau/mbanisharifdehkordi/E2E/3d/results_combined/combined_ckpt3.nc4.locktest.17	/work	lustre
POSIX	17	10834965105168064603	POSIX_SIZE_WRITE_10K_100K	0	/work/hdd/bdau/mbanisharifdehkordi/E2E/3d/results_combined/combined_ckpt3.nc4.locktest.17	/work	lustre
POSIX	17	10834965105168064603	POSIX_SIZE_WRITE_100K_1M	0	/work/hdd/bdau/mbanisharifdehkordi/E2E/3d/results_combined/combined_ckpt3.nc4.locktest.17	/work	lustre
POSIX	17	10834965105168064603	POSIX_SIZE_WRITE_1M_4M	0	/work/hdd/bdau/mbanisharifdehkordi/E2E/3d/results_combined/combined_ckpt3.nc4.locktest.17	/work	lustre
POSIX	17	10834965105168064603	POSIX_SIZE_WRITE_4M_10M	0	/work/hdd/bdau/mbanisharifdehkordi/E2E/3d/results_combined/combined_ckpt3.nc4.locktest.17	/work	lustre
POSIX	17	10834965105168064603	POSIX_SIZE_WRITE_10M_100M	0	/work/hdd/bdau/mbanisharifdehkordi/E2E/3d/results_combined/combined_ckpt3.nc4.locktest.17	/work	lustre
POSIX	17	10834965105168064603	POSIX_SIZE_WRITE_100M_1G	0	/work/hdd/bdau/mbanisharifdehkordi/E2E/3d/results_combined/combined_ckpt3.nc4.locktest.17	/work	lustre
POSIX	17	10834965105168064603	POSIX_SIZE_WRITE_1G_PLUS	0	/work/hdd/bdau/mbanisharifdehkordi/E2E/3d/results_combined/combined_ckpt3.nc4.locktest.17	/work	lustre
POSIX	17	3531888601709092091	POSIX_BYTES_WRITTEN	0	/work/hdd/bdau/mbanisharifdehkordi/E2E/3d/results_combined/combined_ckpt3.nc4	/work	lustre
POSIX	17	3531888601709092091	POSIX_FILE_NOT_ALIGNED	0	/work/hdd/bdau/mbanisharifdehkordi/E2E/3d/results_combined/combined_ckpt3.nc4	/work	lustre
POSIX	17	3531888601709092091	POSIX_SIZE_WRITE_0_100	0	/work/hdd/bdau/mbanisharifdehkordi/E2E/3d/results_combined/combined_ckpt3.nc4	/work	lustre
POSIX	17	3531888601709092091	POSIX_SIZE_WRITE_100_1K	0	/work/hdd/bdau/mbanisharifdehkordi/E2E/3d/results_combined/combined_ckpt3.nc4	/work	lustre
POSIX	17	3531888601709092091	POSIX_SIZE_WRITE_1K_10K	0	/work/hdd/bdau/mbanisharifdehkordi/E2E/3d/results_combined/combined_ckpt3.nc4	/work	lustre
POSIX	17	3531888601709092091	POSIX_SIZE_WRITE_10K_100K	0	/work/hdd/bdau/mbanisharifdehkordi/E2E/3d/results_combined/combined_ckpt3.nc4	/work	lustre
POSIX	17	3531888601709092091	POSIX_SIZE_WRITE_100K_1M	0	/work/hdd/bdau/mbanisharifdehkordi/E2E/3d/results_combined/combined_ckpt3.nc4	/work	lustre
POSIX	17	3531888601709092091	POSIX_SIZE_WRITE_1M_4M	0	/work/hdd/bdau/mbanisharifdehkordi/E2E/3d/results_combined/combined_ckpt3.nc4	/work	lustre
POSIX	17	3531888601709092091	POSIX_SIZE_WRITE_4M_10M	0	/work/hdd/bdau/mbanisharifdehkordi/E2E/3d/results_combined/combined_ckpt3.nc4	/work	lustre
POSIX	17	3531888601709092091	POSIX_SIZE_WRITE_10M_100M	0	/work/hdd/bdau/mbanisharifdehkordi/E2E/3d/results_combined/combined_ckpt3.nc4	/work	lustre
POSIX	17	3531888601709092091	POSIX_SIZE_WRITE_100M_1G	0	/work/hdd/bdau/mbanisharifdehkordi/E2E/3d/results_combined/combined_ckpt3.nc4	/work	lustre
POSIX	17	3531888601709092091	POSIX_SIZE_WRITE_1G_PLUS	0	/work/hdd/bdau/mbanisharifdehkordi/E2E/3d/results_combined/combined_ckpt3.nc4	/work	lustre
POSIX	17	7794184631446446289	POSIX_BYTES_WRITTEN	0	/work/hdd/bdau/mbanisharifdehkordi/E2E/3d/results_combined/.	/work	lustre
POSIX	17	7794184631446446289	POSIX_FILE_NOT_ALIGNED	0	/work/hdd/bdau/mbanisharifdehkordi/E2E/3d/results_combined/.	/work	lustre
POSIX	17	7794184631446446289	POSIX_SIZE_WRITE_0_100	0	/work/hdd/bdau/mbanisharifdehkordi/E2E/3d/results_combined/.	/work	lustre
POSIX	17	7794184631446446289	POSIX_SIZE_WRITE_100_1K	0	/work/hdd/bdau/mbanisharifdehkordi/E2E/3d/results_combined/.	/work	lustre
POSIX	17	7794184631446446289	POSIX_SIZE_WRITE_1K_10K	0	/work/hdd/bdau/mbanisharifdehkordi/E2E/3d/results_combined/.	/work	lustre
POSIX	17	7794184631446446289	POSIX_SIZE_WRITE_10K_100K	0	/work/hdd/bdau/mbanisharifdehkordi/E2E/3d/results_combined/.	/work	lustre
POSIX	17	7794184631446446289	POSIX_SIZE_WRITE_100K_1M	0	/work/hdd/bdau/mbanisharifdehkordi/E2E/3d/results_combined/.	/work	lustre
POSIX	17	7794184631446446289	POSIX_SIZE_WRITE_1M_4M	0	/work/hdd/bdau/mbanisharifdehkordi/E2E/3d/results_combined/.	/work	lustre
POSIX	17	7794184631446446289	POSIX_SIZE_WRITE_4M_10M	0	/work/hdd/bdau/mbanisharifdehkordi/E2E/3d/results_combined/.	/work	lustre
POSIX	17	7794184631446446289	POSIX_SIZE_WRITE_10M_100M	0	/work/hdd/bdau/mbanisharifdehkordi/E2E/3d/results_combined/.	/work	lustre
POSIX	17	7794184631446446289	POSIX_SIZE_WRITE_100M_1G	0	/work/hdd/bdau/mbanisharifdehkordi/E2E/3d/results_combined/.	/work	lustre
POSIX	17	7794184631446446289	POSIX_SIZE_WRITE_1G_PLUS	0	/work/hdd/bdau/mbanisharifdehkordi/E2E/3d/results_combined/.	/work	lustre
POSIX	17	1607752630872201620	POSIX_BYTES_WRITTEN	0	/work/hdd/bdau/mbanisharifdehkordi/E2E/3d/results_combined/combined_ckpt3.nc4-3240427521-1102025.loc	/work	lustre
POSIX	17	1607752630872201620	POSIX_FILE_NOT_ALIGNED	0	/work/hdd/bdau/mbanisharifdehkordi/E2E/3d/results_combined/combined_ckpt3.nc4-3240427521-1102025.loc	/work	lustre
POSIX	17	1607752630872201620	POSIX_SIZE_WRITE_0_100	0	/work/hdd/bdau/mbanisharifdehkordi/E2E/3d/results_combined/combined_ckpt3.nc4-3240427521-1102025.loc	/work	lustre
POSIX	17	1607752630872201620	POSIX_SIZE_WRITE_100_1K	0	/work/hdd/bdau/mbanisharifdehkordi/E2E/3d/results_combined/combined_ckpt3.nc4-3240427521-1102025.loc	/work	lustre
POSIX	17	1607752630872201620	POSIX_SIZE_WRITE_1K_10K	0	/work/hdd/bdau/mbanisharifdehkordi/E2E/3d/results_combined/combined_ckpt3.nc4-3240427521-1102025.loc	/work	lustre
POSIX	17	1607752630872201620	POSIX_SIZE_WRITE_10K_100K	0	/work/hdd/bdau/mbanisharifdehkordi/E2E/3d/results_combined/combined_ckpt3.nc4-3240427521-1102025.loc	/work	lustre
POSIX	17	1607752630872201620	POSIX_SIZE_WRITE_100K_1M	0	/work/hdd/bdau/mbanisharifdehkordi/E2E/3d/results_combined/combined_ckpt3.nc4-3240427521-1102025.loc	/work	lustre
POSIX	17	1607752630872201620	POSIX_SIZE_WRITE_1M_4M	0	/work/hdd/bdau/mbanisharifdehkordi/E2E/3d/results_combined/combined_ckpt3.nc4-3240427521-1102025.loc	/work	lustre
POSIX	17	1607752630872201620	POSIX_SIZE_WRITE_4M_10M	0	/work/hdd/bdau/mbanisharifdehkordi/E2E/3d/results_combined/combined_ckpt3.nc4-3240427521-1102025.loc	/work	lustre
POSIX	17	1607752630872201620	POSIX_SIZE_WRITE_10M_100M	0	/work/hdd/bdau/mbanisharifdehkordi/E2E/3d/results_combined/combined_ckpt3.nc4-3240427521-1102025.loc	/work	lustre
POSIX	17	1607752630872201620	POSIX_SIZE_WRITE_100M_1G	0	/work/hdd/bdau/mbanisharifdehkordi/E2E/3d/results_combined/combined_ckpt3.nc4-3240427521-1102025.loc	/work	lustre
POSIX	17	1607752630872201620	POSIX_SIZE_WRITE_1G_PLUS	0	/work/hdd/bdau/mbanisharifdehkordi/E2E/3d/results_combined/combined_ckpt3.nc4-3240427521-1102025.loc	/work	lustre
POSIX	18	1373835365899424271	POSIX_BYTES_WRITTEN	0	/work/hdd/bdau/mbanisharifdehkordi/E2E/3d/results_combined/combined_ckpt3.nc4.locktest.18	/work	lustre
POSIX	18	1373835365899424271	POSIX_FILE_NOT_ALIGNED	0	/work/hdd/bdau/mbanisharifdehkordi/E2E/3d/results_combined/combined_ckpt3.nc4.locktest.18	/work	lustre
POSIX	18	1373835365899424271	POSIX_SIZE_WRITE_0_100	0	/work/hdd/bdau/mbanisharifdehkordi/E2E/3d/results_combined/combined_ckpt3.nc4.locktest.18	/work	lustre
POSIX	18	1373835365899424271	POSIX_SIZE_WRITE_100_1K	0	/work/hdd/bdau/mbanisharifdehkordi/E2E/3d/results_combined/combined_ckpt3.nc4.locktest.18	/work	lustre
POSIX	18	1373835365899424271	POSIX_SIZE_WRITE_1K_10K	0	/work/hdd/bdau/mbanisharifdehkordi/E2E/3d/results_combined/combined_ckpt3.nc4.locktest.18	/work	lustre
POSIX	18	1373835365899424271	POSIX_SIZE_WRITE_10K_100K	0	/work/hdd/bdau/mbanisharifdehkordi/E2E/3d/results_combined/combined_ckpt3.nc4.locktest.18	/work	lustre
POSIX	18	1373835365899424271	POSIX_SIZE_WRITE_100K_1M	0	/work/hdd/bdau/mbanisharifdehkordi/E2E/3d/results_combined/combined_ckpt3.nc4.locktest.18	/work	lustre
POSIX	18	1373835365899424271	POSIX_SIZE_WRITE_1M_4M	0	/work/hdd/bdau/mbanisharifdehkordi/E2E/3d/results_combined/combined_ckpt3.nc4.locktest.18	/work	lustre
POSIX	18	1373835365899424271	POSIX_SIZE_WRITE_4M_10M	0	/work/hdd/bdau/mbanisharifdehkordi/E2E/3d/results_combined/combined_ckpt3.nc4.locktest.18	/work	lustre
POSIX	18	1373835365899424271	POSIX_SIZE_WRITE_10M_100M	0	/work/hdd/bdau/mbanisharifdehkordi/E2E/3d/results_combined/combined_ckpt3.nc4.locktest.18	/work	lustre
POSIX	18	1373835365899424271	POSIX_SIZE_WRITE_100M_1G	0	/work/hdd/bdau/mbanisharifdehkordi/E2E/3d/results_combined/combined_ckpt3.nc4.locktest.18	/work	lustre
POSIX	18	1373835365899424271	POSIX_SIZE_WRITE_1G_PLUS	0	/work/hdd/bdau/mbanisharifdehkordi/E2E/3d/results_combined/combined_ckpt3.nc4.locktest.18	/work	lustre
POSIX	18	3531888601709092091	POSIX_BYTES_WRITTEN	0	/work/hdd/bdau/mbanisharifdehkordi/E2E/3d/results_combined/combined_ckpt3.nc4	/work	lustre
POSIX	18	3531888601709092091	POSIX_FILE_NOT_ALIGNED	0	/work/hdd/bdau/mbanisharifdehkordi/E2E/3d/results_combined/combined_ckpt3.nc4	/work	lustre
POSIX	18	3531888601709092091	POSIX_SIZE_WRITE_0_100	0	/work/hdd/bdau/mbanisharifdehkordi/E2E/3d/results_combined/combined_ckpt3.nc4	/work	lustre
POSIX	18	3531888601709092091	POSIX_SIZE_WRITE_100_1K	0	/work/hdd/bdau/mbanisharifdehkordi/E2E/3d/results_combined/combined_ckpt3.nc4	/work	lustre
POSIX	18	3531888601709092091	POSIX_SIZE_WRITE_1K_10K	0	/work/hdd/bdau/mbanisharifdehkordi/E2E/3d/results_combined/combined_ckpt3.nc4	/work	lustre
POSIX	18	3531888601709092091	POSIX_SIZE_WRITE_10K_100K	0	/work/hdd/bdau/mbanisharifdehkordi/E2E/3d/results_combined/combined_ckpt3.nc4	/work	lustre
POSIX	18	3531888601709092091	POSIX_SIZE_WRITE_100K_1M	0	/work/hdd/bdau/mbanisharifdehkordi/E2E/3d/results_combined/combined_ckpt3.nc4	/work	lustre
POSIX	18	3531888601709092091	POSIX_SIZE_WRITE_1M_4M	0	/work/hdd/bdau/mbanisharifdehkordi/E2E/3d/results_combined/combined_ckpt3.nc4	/work	lustre
POSIX	18	3531888601709092091	POSIX_SIZE_WRITE_4M_10M	0	/work/hdd/bdau/mbanisharifdehkordi/E2E/3d/results_combined/combined_ckpt3.nc4	/work	lustre
POSIX	18	3531888601709092091	POSIX_SIZE_WRITE_10M_100M	0	/work/hdd/bdau/mbanisharifdehkordi/E2E/3d/results_combined/combined_ckpt3.nc4	/work	lustre
POSIX	18	3531888601709092091	POSIX_SIZE_WRITE_100M_1G	0	/work/hdd/bdau/mbanisharifdehkordi/E2E/3d/results_combined/combined_ckpt3.nc4	/work	lustre
POSIX	18	3531888601709092091	POSIX_SIZE_WRITE_1G_PLUS	0	/work/hdd/bdau/mbanisharifdehkordi/E2E/3d/results_combined/combined_ckpt3.nc4	/work	lustre
POSIX	18	7794184631446446289	POSIX_BYTES_WRITTEN	0	/work/hdd/bdau/mbanisharifdehkordi/E2E/3d/results_combined/.	/work	lustre
POSIX	18	7794184631446446289	POSIX_FILE_NOT_ALIGNED	0	/work/hdd/bdau/mbanisharifdehkordi/E2E/3d/results_combined/.	/work	lustre
POSIX	18	7794184631446446289	POSIX_SIZE_WRITE_0_100	0	/work/hdd/bdau/mbanisharifdehkordi/E2E/3d/results_combined/.	/work	lustre
POSIX	18	7794184631446446289	POSIX_SIZE_WRITE_100_1K	0	/work/hdd/bdau/mbanisharifdehkordi/E2E/3d/results_combined/.	/work	lustre
POSIX	18	7794184631446446289	POSIX_SIZE_WRITE_1K_10K	0	/work/hdd/bdau/mbanisharifdehkordi/E2E/3d/results_combined/.	/work	lustre
POSIX	18	7794184631446446289	POSIX_SIZE_WRITE_10K_100K	0	/work/hdd/bdau/mbanisharifdehkordi/E2E/3d/results_combined/.	/work	lustre
POSIX	18	7794184631446446289	POSIX_SIZE_WRITE_100K_1M	0	/work/hdd/bdau/mbanisharifdehkordi/E2E/3d/results_combined/.	/work	lustre
POSIX	18	7794184631446446289	POSIX_SIZE_WRITE_1M_4M	0	/work/hdd/bdau/mbanisharifdehkordi/E2E/3d/results_combined/.	/work	lustre
POSIX	18	7794184631446446289	POSIX_SIZE_WRITE_4M_10M	0	/work/hdd/bdau/mbanisharifdehkordi/E2E/3d/results_combined/.	/work	lustre
POSIX	18	7794184631446446289	POSIX_SIZE_WRITE_10M_100M	0	/work/hdd/bdau/mbanisharifdehkordi/E2E/3d/results_combined/.	/work	lustre
POSIX	18	7794184631446446289	POSIX_SIZE_WRITE_100M_1G	0	/work/hdd/bdau/mbanisharifdehkordi/E2E/3d/results_combined/.	/work	lustre
POSIX	18	7794184631446446289	POSIX_SIZE_WRITE_1G_PLUS	0	/work/hdd/bdau/mbanisharifdehkordi/E2E/3d/results_combined/.	/work	lustre
POSIX	18	1607752630872201620	POSIX_BYTES_WRITTEN	0	/work/hdd/bdau/mbanisharifdehkordi/E2E/3d/results_combined/combined_ckpt3.nc4-3240427521-1102025.loc	/work	lustre
POSIX	18	1607752630872201620	POSIX_FILE_NOT_ALIGNED	0	/work/hdd/bdau/mbanisharifdehkordi/E2E/3d/results_combined/combined_ckpt3.nc4-3240427521-1102025.loc	/work	lustre
POSIX	18	1607752630872201620	POSIX_SIZE_WRITE_0_100	0	/work/hdd/bdau/mbanisharifdehkordi/E2E/3d/results_combined/combined_ckpt3.nc4-3240427521-1102025.loc	/work	lustre
POSIX	18	1607752630872201620	POSIX_SIZE_WRITE_100_1K	0	/work/hdd/bdau/mbanisharifdehkordi/E2E/3d/results_combined/combined_ckpt3.nc4-3240427521-1102025.loc	/work	lustre
POSIX	18	1607752630872201620	POSIX_SIZE_WRITE_1K_10K	0	/work/hdd/bdau/mbanisharifdehkordi/E2E/3d/results_combined/combined_ckpt3.nc4-3240427521-1102025.loc	/work	lustre
POSIX	18	1607752630872201620	POSIX_SIZE_WRITE_10K_100K	0	/work/hdd/bdau/mbanisharifdehkordi/E2E/3d/results_combined/combined_ckpt3.nc4-3240427521-1102025.loc	/work	lustre
POSIX	18	1607752630872201620	POSIX_SIZE_WRITE_100K_1M	0	/work/hdd/bdau/mbanisharifdehkordi/E2E/3d/results_combined/combined_ckpt3.nc4-3240427521-1102025.loc	/work	lustre
POSIX	18	1607752630872201620	POSIX_SIZE_WRITE_1M_4M	0	/work/hdd/bdau/mbanisharifdehkordi/E2E/3d/results_combined/combined_ckpt3.nc4-3240427521-1102025.loc	/work	lustre
POSIX	18	1607752630872201620	POSIX_SIZE_WRITE_4M_10M	0	/work/hdd/bdau/mbanisharifdehkordi/E2E/3d/results_combined/combined_ckpt3.nc4-3240427521-1102025.loc	/work	lustre
POSIX	18	1607752630872201620	POSIX_SIZE_WRITE_10M_100M	0	/work/hdd/bdau/mbanisharifdehkordi/E2E/3d/results_combined/combined_ckpt3.nc4-3240427521-1102025.loc	/work	lustre
POSIX	18	1607752630872201620	POSIX_SIZE_WRITE_100M_1G	0	/work/hdd/bdau/mbanisharifdehkordi/E2E/3d/results_combined/combined_ckpt3.nc4-3240427521-1102025.loc	/work	lustre
POSIX	18	1607752630872201620	POSIX_SIZE_WRITE_1G_PLUS	0	/work/hdd/bdau/mbanisharifdehkordi/E2E/3d/results_combined/combined_ckpt3.nc4-3240427521-1102025.loc	/work	lustre
POSIX	19	14238527551391416448	POSIX_BYTES_WRITTEN	0	/work/hdd/bdau/mbanisharifdehkordi/E2E/3d/results_combined/combined_ckpt3.nc4.locktest.19	/work	lustre
POSIX	19	14238527551391416448	POSIX_FILE_NOT_ALIGNED	0	/work/hdd/bdau/mbanisharifdehkordi/E2E/3d/results_combined/combined_ckpt3.nc4.locktest.19	/work	lustre
POSIX	19	14238527551391416448	POSIX_SIZE_WRITE_0_100	0	/work/hdd/bdau/mbanisharifdehkordi/E2E/3d/results_combined/combined_ckpt3.nc4.locktest.19	/work	lustre
POSIX	19	14238527551391416448	POSIX_SIZE_WRITE_100_1K	0	/work/hdd/bdau/mbanisharifdehkordi/E2E/3d/results_combined/combined_ckpt3.nc4.locktest.19	/work	lustre
POSIX	19	14238527551391416448	POSIX_SIZE_WRITE_1K_10K	0	/work/hdd/bdau/mbanisharifdehkordi/E2E/3d/results_combined/combined_ckpt3.nc4.locktest.19	/work	lustre
POSIX	19	14238527551391416448	POSIX_SIZE_WRITE_10K_100K	0	/work/hdd/bdau/mbanisharifdehkordi/E2E/3d/results_combined/combined_ckpt3.nc4.locktest.19	/work	lustre
POSIX	19	14238527551391416448	POSIX_SIZE_WRITE_100K_1M	0	/work/hdd/bdau/mbanisharifdehkordi/E2E/3d/results_combined/combined_ckpt3.nc4.locktest.19	/work	lustre
POSIX	19	14238527551391416448	POSIX_SIZE_WRITE_1M_4M	0	/work/hdd/bdau/mbanisharifdehkordi/E2E/3d/results_combined/combined_ckpt3.nc4.locktest.19	/work	lustre
POSIX	19	14238527551391416448	POSIX_SIZE_WRITE_4M_10M	0	/work/hdd/bdau/mbanisharifdehkordi/E2E/3d/results_combined/combined_ckpt3.nc4.locktest.19	/work	lustre
POSIX	19	14238527551391416448	POSIX_SIZE_WRITE_10M_100M	0	/work/hdd/bdau/mbanisharifdehkordi/E2E/3d/results_combined/combined_ckpt3.nc4.locktest.19	/work	lustre
POSIX	19	14238527551391416448	POSIX_SIZE_WRITE_100M_1G	0	/work/hdd/bdau/mbanisharifdehkordi/E2E/3d/results_combined/combined_ckpt3.nc4.locktest.19	/work	lustre
POSIX	19	14238527551391416448	POSIX_SIZE_WRITE_1G_PLUS	0	/work/hdd/bdau/mbanisharifdehkordi/E2E/3d/results_combined/combined_ckpt3.nc4.locktest.19	/work	lustre
POSIX	19	3531888601709092091	POSIX_BYTES_WRITTEN	0	/work/hdd/bdau/mbanisharifdehkordi/E2E/3d/results_combined/combined_ckpt3.nc4	/work	lustre
POSIX	19	3531888601709092091	POSIX_FILE_NOT_ALIGNED	0	/work/hdd/bdau/mbanisharifdehkordi/E2E/3d/results_combined/combined_ckpt3.nc4	/work	lustre
POSIX	19	3531888601709092091	POSIX_SIZE_WRITE_0_100	0	/work/hdd/bdau/mbanisharifdehkordi/E2E/3d/results_combined/combined_ckpt3.nc4	/work	lustre
POSIX	19	3531888601709092091	POSIX_SIZE_WRITE_100_1K	0	/work/hdd/bdau/mbanisharifdehkordi/E2E/3d/results_combined/combined_ckpt3.nc4	/work	lustre
POSIX	19	3531888601709092091	POSIX_SIZE_WRITE_1K_10K	0	/work/hdd/bdau/mbanisharifdehkordi/E2E/3d/results_combined/combined_ckpt3.nc4	/work	lustre
POSIX	19	3531888601709092091	POSIX_SIZE_WRITE_10K_100K	0	/work/hdd/bdau/mbanisharifdehkordi/E2E/3d/results_combined/combined_ckpt3.nc4	/work	lustre
POSIX	19	3531888601709092091	POSIX_SIZE_WRITE_100K_1M	0	/work/hdd/bdau/mbanisharifdehkordi/E2E/3d/results_combined/combined_ckpt3.nc4	/work	lustre
POSIX	19	3531888601709092091	POSIX_SIZE_WRITE_1M_4M	0	/work/hdd/bdau/mbanisharifdehkordi/E2E/3d/results_combined/combined_ckpt3.nc4	/work	lustre
POSIX	19	3531888601709092091	POSIX_SIZE_WRITE_4M_10M	0	/work/hdd/bdau/mbanisharifdehkordi/E2E/3d/results_combined/combined_ckpt3.nc4	/work	lustre
POSIX	19	3531888601709092091	POSIX_SIZE_WRITE_10M_100M	0	/work/hdd/bdau/mbanisharifdehkordi/E2E/3d/results_combined/combined_ckpt3.nc4	/work	lustre
POSIX	19	3531888601709092091	POSIX_SIZE_WRITE_100M_1G	0	/work/hdd/bdau/mbanisharifdehkordi/E2E/3d/results_combined/combined_ckpt3.nc4	/work	lustre
POSIX	19	3531888601709092091	POSIX_SIZE_WRITE_1G_PLUS	0	/work/hdd/bdau/mbanisharifdehkordi/E2E/3d/results_combined/combined_ckpt3.nc4	/work	lustre
POSIX	19	7794184631446446289	POSIX_BYTES_WRITTEN	0	/work/hdd/bdau/mbanisharifdehkordi/E2E/3d/results_combined/.	/work	lustre
POSIX	19	7794184631446446289	POSIX_FILE_NOT_ALIGNED	0	/work/hdd/bdau/mbanisharifdehkordi/E2E/3d/results_combined/.	/work	lustre
POSIX	19	7794184631446446289	POSIX_SIZE_WRITE_0_100	0	/work/hdd/bdau/mbanisharifdehkordi/E2E/3d/results_combined/.	/work	lustre
POSIX	19	7794184631446446289	POSIX_SIZE_WRITE_100_1K	0	/work/hdd/bdau/mbanisharifdehkordi/E2E/3d/results_combined/.	/work	lustre
POSIX	19	7794184631446446289	POSIX_SIZE_WRITE_1K_10K	0	/work/hdd/bdau/mbanisharifdehkordi/E2E/3d/results_combined/.	/work	lustre
POSIX	19	7794184631446446289	POSIX_SIZE_WRITE_10K_100K	0	/work/hdd/bdau/mbanisharifdehkordi/E2E/3d/results_combined/.	/work	lustre
POSIX	19	7794184631446446289	POSIX_SIZE_WRITE_100K_1M	0	/work/hdd/bdau/mbanisharifdehkordi/E2E/3d/results_combined/.	/work	lustre
POSIX	19	7794184631446446289	POSIX_SIZE_WRITE_1M_4M	0	/work/hdd/bdau/mbanisharifdehkordi/E2E/3d/results_combined/.	/work	lustre
POSIX	19	7794184631446446289	POSIX_SIZE_WRITE_4M_10M	0	/work/hdd/bdau/mbanisharifdehkordi/E2E/3d/results_combined/.	/work	lustre
POSIX	19	7794184631446446289	POSIX_SIZE_WRITE_10M_100M	0	/work/hdd/bdau/mbanisharifdehkordi/E2E/3d/results_combined/.	/work	lustre
POSIX	19	7794184631446446289	POSIX_SIZE_WRITE_100M_1G	0	/work/hdd/bdau/mbanisharifdehkordi/E2E/3d/results_combined/.	/work	lustre
POSIX	19	7794184631446446289	POSIX_SIZE_WRITE_1G_PLUS	0	/work/hdd/bdau/mbanisharifdehkordi/E2E/3d/results_combined/.	/work	lustre
POSIX	19	1607752630872201620	POSIX_BYTES_WRITTEN	0	/work/hdd/bdau/mbanisharifdehkordi/E2E/3d/results_combined/combined_ckpt3.nc4-3240427521-1102025.loc	/work	lustre
POSIX	19	1607752630872201620	POSIX_FILE_NOT_ALIGNED	0	/work/hdd/bdau/mbanisharifdehkordi/E2E/3d/results_combined/combined_ckpt3.nc4-3240427521-1102025.loc	/work	lustre
POSIX	19	1607752630872201620	POSIX_SIZE_WRITE_0_100	0	/work/hdd/bdau/mbanisharifdehkordi/E2E/3d/results_combined/combined_ckpt3.nc4-3240427521-1102025.loc	/work	lustre
POSIX	19	1607752630872201620	POSIX_SIZE_WRITE_100_1K	0	/work/hdd/bdau/mbanisharifdehkordi/E2E/3d/results_combined/combined_ckpt3.nc4-3240427521-1102025.loc	/work	lustre
POSIX	19	1607752630872201620	POSIX_SIZE_WRITE_1K_10K	0	/work/hdd/bdau/mbanisharifdehkordi/E2E/3d/results_combined/combined_ckpt3.nc4-3240427521-1102025.loc	/work	lustre
POSIX	19	1607752630872201620	POSIX_SIZE_WRITE_10K_100K	0	/work/hdd/bdau/mbanisharifdehkordi/E2E/3d/results_combined/combined_ckpt3.nc4-3240427521-1102025.loc	/work	lustre
POSIX	19	1607752630872201620	POSIX_SIZE_WRITE_100K_1M	0	/work/hdd/bdau/mbanisharifdehkordi/E2E/3d/results_combined/combined_ckpt3.nc4-3240427521-1102025.loc	/work	lustre
POSIX	19	1607752630872201620	POSIX_SIZE_WRITE_1M_4M	0	/work/hdd/bdau/mbanisharifdehkordi/E2E/3d/results_combined/combined_ckpt3.nc4-3240427521-1102025.loc	/work	lustre
POSIX	19	1607752630872201620	POSIX_SIZE_WRITE_4M_10M	0	/work/hdd/bdau/mbanisharifdehkordi/E2E/3d/results_combined/combined_ckpt3.nc4-3240427521-1102025.loc	/work	lustre
POSIX	19	1607752630872201620	POSIX_SIZE_WRITE_10M_100M	0	/work/hdd/bdau/mbanisharifdehkordi/E2E/3d/results_combined/combined_ckpt3.nc4-3240427521-1102025.loc	/work	lustre
POSIX	19	1607752630872201620	POSIX_SIZE_WRITE_100M_1G	0	/work/hdd/bdau/mbanisharifdehkordi/E2E/3d/results_combined/combined_ckpt3.nc4-3240427521-1102025.loc	/work	lustre
POSIX	19	1607752630872201620	POSIX_SIZE_WRITE_1G_PLUS	0	/work/hdd/bdau/mbanisharifdehkordi/E2E/3d/results_combined/combined_ckpt3.nc4-3240427521-1102025.loc	/work	lustre
POSIX	20	16267217118242198453	POSIX_BYTES_WRITTEN	0	/work/hdd/bdau/mbanisharifdehkordi/E2E/3d/results_combined/combined_ckpt3.nc4.locktest.20	/work	lustre
POSIX	20	16267217118242198453	POSIX_FILE_NOT_ALIGNED	0	/work/hdd/bdau/mbanisharifdehkordi/E2E/3d/results_combined/combined_ckpt3.nc4.locktest.20	/work	lustre
POSIX	20	16267217118242198453	POSIX_SIZE_WRITE_0_100	0	/work/hdd/bdau/mbanisharifdehkordi/E2E/3d/results_combined/combined_ckpt3.nc4.locktest.20	/work	lustre
POSIX	20	16267217118242198453	POSIX_SIZE_WRITE_100_1K	0	/work/hdd/bdau/mbanisharifdehkordi/E2E/3d/results_combined/combined_ckpt3.nc4.locktest.20	/work	lustre
POSIX	20	16267217118242198453	POSIX_SIZE_WRITE_1K_10K	0	/work/hdd/bdau/mbanisharifdehkordi/E2E/3d/results_combined/combined_ckpt3.nc4.locktest.20	/work	lustre
POSIX	20	16267217118242198453	POSIX_SIZE_WRITE_10K_100K	0	/work/hdd/bdau/mbanisharifdehkordi/E2E/3d/results_combined/combined_ckpt3.nc4.locktest.20	/work	lustre
POSIX	20	16267217118242198453	POSIX_SIZE_WRITE_100K_1M	0	/work/hdd/bdau/mbanisharifdehkordi/E2E/3d/results_combined/combined_ckpt3.nc4.locktest.20	/work	lustre
POSIX	20	16267217118242198453	POSIX_SIZE_WRITE_1M_4M	0	/work/hdd/bdau/mbanisharifdehkordi/E2E/3d/results_combined/combined_ckpt3.nc4.locktest.20	/work	lustre
POSIX	20	16267217118242198453	POSIX_SIZE_WRITE_4M_10M	0	/work/hdd/bdau/mbanisharifdehkordi/E2E/3d/results_combined/combined_ckpt3.nc4.locktest.20	/work	lustre
POSIX	20	16267217118242198453	POSIX_SIZE_WRITE_10M_100M	0	/work/hdd/bdau/mbanisharifdehkordi/E2E/3d/results_combined/combined_ckpt3.nc4.locktest.20	/work	lustre
POSIX	20	16267217118242198453	POSIX_SIZE_WRITE_100M_1G	0	/work/hdd/bdau/mbanisharifdehkordi/E2E/3d/results_combined/combined_ckpt3.nc4.locktest.20	/work	lustre
POSIX	20	16267217118242198453	POSIX_SIZE_WRITE_1G_PLUS	0	/work/hdd/bdau/mbanisharifdehkordi/E2E/3d/results_combined/combined_ckpt3.nc4.locktest.20	/work	lustre
POSIX	20	3531888601709092091	POSIX_BYTES_WRITTEN	0	/work/hdd/bdau/mbanisharifdehkordi/E2E/3d/results_combined/combined_ckpt3.nc4	/work	lustre
POSIX	20	3531888601709092091	POSIX_FILE_NOT_ALIGNED	0	/work/hdd/bdau/mbanisharifdehkordi/E2E/3d/results_combined/combined_ckpt3.nc4	/work	lustre
POSIX	20	3531888601709092091	POSIX_SIZE_WRITE_0_100	0	/work/hdd/bdau/mbanisharifdehkordi/E2E/3d/results_combined/combined_ckpt3.nc4	/work	lustre
POSIX	20	3531888601709092091	POSIX_SIZE_WRITE_100_1K	0	/work/hdd/bdau/mbanisharifdehkordi/E2E/3d/results_combined/combined_ckpt3.nc4	/work	lustre
POSIX	20	3531888601709092091	POSIX_SIZE_WRITE_1K_10K	0	/work/hdd/bdau/mbanisharifdehkordi/E2E/3d/results_combined/combined_ckpt3.nc4	/work	lustre
POSIX	20	3531888601709092091	POSIX_SIZE_WRITE_10K_100K	0	/work/hdd/bdau/mbanisharifdehkordi/E2E/3d/results_combined/combined_ckpt3.nc4	/work	lustre
POSIX	20	3531888601709092091	POSIX_SIZE_WRITE_100K_1M	0	/work/hdd/bdau/mbanisharifdehkordi/E2E/3d/results_combined/combined_ckpt3.nc4	/work	lustre
POSIX	20	3531888601709092091	POSIX_SIZE_WRITE_1M_4M	0	/work/hdd/bdau/mbanisharifdehkordi/E2E/3d/results_combined/combined_ckpt3.nc4	/work	lustre
POSIX	20	3531888601709092091	POSIX_SIZE_WRITE_4M_10M	0	/work/hdd/bdau/mbanisharifdehkordi/E2E/3d/results_combined/combined_ckpt3.nc4	/work	lustre
POSIX	20	3531888601709092091	POSIX_SIZE_WRITE_10M_100M	0	/work/hdd/bdau/mbanisharifdehkordi/E2E/3d/results_combined/combined_ckpt3.nc4	/work	lustre
POSIX	20	3531888601709092091	POSIX_SIZE_WRITE_100M_1G	0	/work/hdd/bdau/mbanisharifdehkordi/E2E/3d/results_combined/combined_ckpt3.nc4	/work	lustre
POSIX	20	3531888601709092091	POSIX_SIZE_WRITE_1G_PLUS	0	/work/hdd/bdau/mbanisharifdehkordi/E2E/3d/results_combined/combined_ckpt3.nc4	/work	lustre
POSIX	20	7794184631446446289	POSIX_BYTES_WRITTEN	0	/work/hdd/bdau/mbanisharifdehkordi/E2E/3d/results_combined/.	/work	lustre
POSIX	20	7794184631446446289	POSIX_FILE_NOT_ALIGNED	0	/work/hdd/bdau/mbanisharifdehkordi/E2E/3d/results_combined/.	/work	lustre
POSIX	20	7794184631446446289	POSIX_SIZE_WRITE_0_100	0	/work/hdd/bdau/mbanisharifdehkordi/E2E/3d/results_combined/.	/work	lustre
POSIX	20	7794184631446446289	POSIX_SIZE_WRITE_100_1K	0	/work/hdd/bdau/mbanisharifdehkordi/E2E/3d/results_combined/.	/work	lustre
POSIX	20	7794184631446446289	POSIX_SIZE_WRITE_1K_10K	0	/work/hdd/bdau/mbanisharifdehkordi/E2E/3d/results_combined/.	/work	lustre
POSIX	20	7794184631446446289	POSIX_SIZE_WRITE_10K_100K	0	/work/hdd/bdau/mbanisharifdehkordi/E2E/3d/results_combined/.	/work	lustre
POSIX	20	7794184631446446289	POSIX_SIZE_WRITE_100K_1M	0	/work/hdd/bdau/mbanisharifdehkordi/E2E/3d/results_combined/.	/work	lustre
POSIX	20	7794184631446446289	POSIX_SIZE_WRITE_1M_4M	0	/work/hdd/bdau/mbanisharifdehkordi/E2E/3d/results_combined/.	/work	lustre
POSIX	20	7794184631446446289	POSIX_SIZE_WRITE_4M_10M	0	/work/hdd/bdau/mbanisharifdehkordi/E2E/3d/results_combined/.	/work	lustre
POSIX	20	7794184631446446289	POSIX_SIZE_WRITE_10M_100M	0	/work/hdd/bdau/mbanisharifdehkordi/E2E/3d/results_combined/.	/work	lustre
POSIX	20	7794184631446446289	POSIX_SIZE_WRITE_100M_1G	0	/work/hdd/bdau/mbanisharifdehkordi/E2E/3d/results_combined/.	/work	lustre
POSIX	20	7794184631446446289	POSIX_SIZE_WRITE_1G_PLUS	0	/work/hdd/bdau/mbanisharifdehkordi/E2E/3d/results_combined/.	/work	lustre
POSIX	20	1607752630872201620	POSIX_BYTES_WRITTEN	0	/work/hdd/bdau/mbanisharifdehkordi/E2E/3d/results_combined/combined_ckpt3.nc4-3240427521-1102025.loc	/work	lustre
POSIX	20	1607752630872201620	POSIX_FILE_NOT_ALIGNED	0	/work/hdd/bdau/mbanisharifdehkordi/E2E/3d/results_combined/combined_ckpt3.nc4-3240427521-1102025.loc	/work	lustre
POSIX	20	1607752630872201620	POSIX_SIZE_WRITE_0_100	0	/work/hdd/bdau/mbanisharifdehkordi/E2E/3d/results_combined/combined_ckpt3.nc4-3240427521-1102025.loc	/work	lustre
POSIX	20	1607752630872201620	POSIX_SIZE_WRITE_100_1K	0	/work/hdd/bdau/mbanisharifdehkordi/E2E/3d/results_combined/combined_ckpt3.nc4-3240427521-1102025.loc	/work	lustre
POSIX	20	1607752630872201620	POSIX_SIZE_WRITE_1K_10K	0	/work/hdd/bdau/mbanisharifdehkordi/E2E/3d/results_combined/combined_ckpt3.nc4-3240427521-1102025.loc	/work	lustre
POSIX	20	1607752630872201620	POSIX_SIZE_WRITE_10K_100K	0	/work/hdd/bdau/mbanisharifdehkordi/E2E/3d/results_combined/combined_ckpt3.nc4-3240427521-1102025.loc	/work	lustre
POSIX	20	1607752630872201620	POSIX_SIZE_WRITE_100K_1M	0	/work/hdd/bdau/mbanisharifdehkordi/E2E/3d/results_combined/combined_ckpt3.nc4-3240427521-1102025.loc	/work	lustre
POSIX	20	1607752630872201620	POSIX_SIZE_WRITE_1M_4M	0	/work/hdd/bdau/mbanisharifdehkordi/E2E/3d/results_combined/combined_ckpt3.nc4-3240427521-1102025.loc	/work	lustre
POSIX	20	1607752630872201620	POSIX_SIZE_WRITE_4M_10M	0	/work/hdd/bdau/mbanisharifdehkordi/E2E/3d/results_combined/combined_ckpt3.nc4-3240427521-1102025.loc	/work	lustre
POSIX	20	1607752630872201620	POSIX_SIZE_WRITE_10M_100M	0	/work/hdd/bdau/mbanisharifdehkordi/E2E/3d/results_combined/combined_ckpt3.nc4-3240427521-1102025.loc	/work	lustre
POSIX	20	1607752630872201620	POSIX_SIZE_WRITE_100M_1G	0	/work/hdd/bdau/mbanisharifdehkordi/E2E/3d/results_combined/combined_ckpt3.nc4-3240427521-1102025.loc	/work	lustre
POSIX	20	1607752630872201620	POSIX_SIZE_WRITE_1G_PLUS	0	/work/hdd/bdau/mbanisharifdehkordi/E2E/3d/results_combined/combined_ckpt3.nc4-3240427521-1102025.loc	/work	lustre
POSIX	21	4363151672589766263	POSIX_BYTES_WRITTEN	0	/work/hdd/bdau/mbanisharifdehkordi/E2E/3d/results_combined/combined_ckpt3.nc4.locktest.21	/work	lustre
POSIX	21	4363151672589766263	POSIX_FILE_NOT_ALIGNED	0	/work/hdd/bdau/mbanisharifdehkordi/E2E/3d/results_combined/combined_ckpt3.nc4.locktest.21	/work	lustre
POSIX	21	4363151672589766263	POSIX_SIZE_WRITE_0_100	0	/work/hdd/bdau/mbanisharifdehkordi/E2E/3d/results_combined/combined_ckpt3.nc4.locktest.21	/work	lustre
POSIX	21	4363151672589766263	POSIX_SIZE_WRITE_100_1K	0	/work/hdd/bdau/mbanisharifdehkordi/E2E/3d/results_combined/combined_ckpt3.nc4.locktest.21	/work	lustre
POSIX	21	4363151672589766263	POSIX_SIZE_WRITE_1K_10K	0	/work/hdd/bdau/mbanisharifdehkordi/E2E/3d/results_combined/combined_ckpt3.nc4.locktest.21	/work	lustre
POSIX	21	4363151672589766263	POSIX_SIZE_WRITE_10K_100K	0	/work/hdd/bdau/mbanisharifdehkordi/E2E/3d/results_combined/combined_ckpt3.nc4.locktest.21	/work	lustre
POSIX	21	4363151672589766263	POSIX_SIZE_WRITE_100K_1M	0	/work/hdd/bdau/mbanisharifdehkordi/E2E/3d/results_combined/combined_ckpt3.nc4.locktest.21	/work	lustre
POSIX	21	4363151672589766263	POSIX_SIZE_WRITE_1M_4M	0	/work/hdd/bdau/mbanisharifdehkordi/E2E/3d/results_combined/combined_ckpt3.nc4.locktest.21	/work	lustre
POSIX	21	4363151672589766263	POSIX_SIZE_WRITE_4M_10M	0	/work/hdd/bdau/mbanisharifdehkordi/E2E/3d/results_combined/combined_ckpt3.nc4.locktest.21	/work	lustre
POSIX	21	4363151672589766263	POSIX_SIZE_WRITE_10M_100M	0	/work/hdd/bdau/mbanisharifdehkordi/E2E/3d/results_combined/combined_ckpt3.nc4.locktest.21	/work	lustre
POSIX	21	4363151672589766263	POSIX_SIZE_WRITE_100M_1G	0	/work/hdd/bdau/mbanisharifdehkordi/E2E/3d/results_combined/combined_ckpt3.nc4.locktest.21	/work	lustre
POSIX	21	4363151672589766263	POSIX_SIZE_WRITE_1G_PLUS	0	/work/hdd/bdau/mbanisharifdehkordi/E2E/3d/results_combined/combined_ckpt3.nc4.locktest.21	/work	lustre
POSIX	21	3531888601709092091	POSIX_BYTES_WRITTEN	0	/work/hdd/bdau/mbanisharifdehkordi/E2E/3d/results_combined/combined_ckpt3.nc4	/work	lustre
POSIX	21	3531888601709092091	POSIX_FILE_NOT_ALIGNED	0	/work/hdd/bdau/mbanisharifdehkordi/E2E/3d/results_combined/combined_ckpt3.nc4	/work	lustre
POSIX	21	3531888601709092091	POSIX_SIZE_WRITE_0_100	0	/work/hdd/bdau/mbanisharifdehkordi/E2E/3d/results_combined/combined_ckpt3.nc4	/work	lustre
POSIX	21	3531888601709092091	POSIX_SIZE_WRITE_100_1K	0	/work/hdd/bdau/mbanisharifdehkordi/E2E/3d/results_combined/combined_ckpt3.nc4	/work	lustre
POSIX	21	3531888601709092091	POSIX_SIZE_WRITE_1K_10K	0	/work/hdd/bdau/mbanisharifdehkordi/E2E/3d/results_combined/combined_ckpt3.nc4	/work	lustre
POSIX	21	3531888601709092091	POSIX_SIZE_WRITE_10K_100K	0	/work/hdd/bdau/mbanisharifdehkordi/E2E/3d/results_combined/combined_ckpt3.nc4	/work	lustre
POSIX	21	3531888601709092091	POSIX_SIZE_WRITE_100K_1M	0	/work/hdd/bdau/mbanisharifdehkordi/E2E/3d/results_combined/combined_ckpt3.nc4	/work	lustre
POSIX	21	3531888601709092091	POSIX_SIZE_WRITE_1M_4M	0	/work/hdd/bdau/mbanisharifdehkordi/E2E/3d/results_combined/combined_ckpt3.nc4	/work	lustre
POSIX	21	3531888601709092091	POSIX_SIZE_WRITE_4M_10M	0	/work/hdd/bdau/mbanisharifdehkordi/E2E/3d/results_combined/combined_ckpt3.nc4	/work	lustre
POSIX	21	3531888601709092091	POSIX_SIZE_WRITE_10M_100M	0	/work/hdd/bdau/mbanisharifdehkordi/E2E/3d/results_combined/combined_ckpt3.nc4	/work	lustre
POSIX	21	3531888601709092091	POSIX_SIZE_WRITE_100M_1G	0	/work/hdd/bdau/mbanisharifdehkordi/E2E/3d/results_combined/combined_ckpt3.nc4	/work	lustre
POSIX	21	3531888601709092091	POSIX_SIZE_WRITE_1G_PLUS	0	/work/hdd/bdau/mbanisharifdehkordi/E2E/3d/results_combined/combined_ckpt3.nc4	/work	lustre
POSIX	21	7794184631446446289	POSIX_BYTES_WRITTEN	0	/work/hdd/bdau/mbanisharifdehkordi/E2E/3d/results_combined/.	/work	lustre
POSIX	21	7794184631446446289	POSIX_FILE_NOT_ALIGNED	0	/work/hdd/bdau/mbanisharifdehkordi/E2E/3d/results_combined/.	/work	lustre
POSIX	21	7794184631446446289	POSIX_SIZE_WRITE_0_100	0	/work/hdd/bdau/mbanisharifdehkordi/E2E/3d/results_combined/.	/work	lustre
POSIX	21	7794184631446446289	POSIX_SIZE_WRITE_100_1K	0	/work/hdd/bdau/mbanisharifdehkordi/E2E/3d/results_combined/.	/work	lustre
POSIX	21	7794184631446446289	POSIX_SIZE_WRITE_1K_10K	0	/work/hdd/bdau/mbanisharifdehkordi/E2E/3d/results_combined/.	/work	lustre
POSIX	21	7794184631446446289	POSIX_SIZE_WRITE_10K_100K	0	/work/hdd/bdau/mbanisharifdehkordi/E2E/3d/results_combined/.	/work	lustre
POSIX	21	7794184631446446289	POSIX_SIZE_WRITE_100K_1M	0	/work/hdd/bdau/mbanisharifdehkordi/E2E/3d/results_combined/.	/work	lustre
POSIX	21	7794184631446446289	POSIX_SIZE_WRITE_1M_4M	0	/work/hdd/bdau/mbanisharifdehkordi/E2E/3d/results_combined/.	/work	lustre
POSIX	21	7794184631446446289	POSIX_SIZE_WRITE_4M_10M	0	/work/hdd/bdau/mbanisharifdehkordi/E2E/3d/results_combined/.	/work	lustre
POSIX	21	7794184631446446289	POSIX_SIZE_WRITE_10M_100M	0	/work/hdd/bdau/mbanisharifdehkordi/E2E/3d/results_combined/.	/work	lustre
POSIX	21	7794184631446446289	POSIX_SIZE_WRITE_100M_1G	0	/work/hdd/bdau/mbanisharifdehkordi/E2E/3d/results_combined/.	/work	lustre
POSIX	21	7794184631446446289	POSIX_SIZE_WRITE_1G_PLUS	0	/work/hdd/bdau/mbanisharifdehkordi/E2E/3d/results_combined/.	/work	lustre
POSIX	21	1607752630872201620	POSIX_BYTES_WRITTEN	0	/work/hdd/bdau/mbanisharifdehkordi/E2E/3d/results_combined/combined_ckpt3.nc4-3240427521-1102025.loc	/work	lustre
POSIX	21	1607752630872201620	POSIX_FILE_NOT_ALIGNED	0	/work/hdd/bdau/mbanisharifdehkordi/E2E/3d/results_combined/combined_ckpt3.nc4-3240427521-1102025.loc	/work	lustre
POSIX	21	1607752630872201620	POSIX_SIZE_WRITE_0_100	0	/work/hdd/bdau/mbanisharifdehkordi/E2E/3d/results_combined/combined_ckpt3.nc4-3240427521-1102025.loc	/work	lustre
POSIX	21	1607752630872201620	POSIX_SIZE_WRITE_100_1K	0	/work/hdd/bdau/mbanisharifdehkordi/E2E/3d/results_combined/combined_ckpt3.nc4-3240427521-1102025.loc	/work	lustre
POSIX	21	1607752630872201620	POSIX_SIZE_WRITE_1K_10K	0	/work/hdd/bdau/mbanisharifdehkordi/E2E/3d/results_combined/combined_ckpt3.nc4-3240427521-1102025.loc	/work	lustre
POSIX	21	1607752630872201620	POSIX_SIZE_WRITE_10K_100K	0	/work/hdd/bdau/mbanisharifdehkordi/E2E/3d/results_combined/combined_ckpt3.nc4-3240427521-1102025.loc	/work	lustre
POSIX	21	1607752630872201620	POSIX_SIZE_WRITE_100K_1M	0	/work/hdd/bdau/mbanisharifdehkordi/E2E/3d/results_combined/combined_ckpt3.nc4-3240427521-1102025.loc	/work	lustre
POSIX	21	1607752630872201620	POSIX_SIZE_WRITE_1M_4M	0	/work/hdd/bdau/mbanisharifdehkordi/E2E/3d/results_combined/combined_ckpt3.nc4-3240427521-1102025.loc	/work	lustre
POSIX	21	1607752630872201620	POSIX_SIZE_WRITE_4M_10M	0	/work/hdd/bdau/mbanisharifdehkordi/E2E/3d/results_combined/combined_ckpt3.nc4-3240427521-1102025.loc	/work	lustre
POSIX	21	1607752630872201620	POSIX_SIZE_WRITE_10M_100M	0	/work/hdd/bdau/mbanisharifdehkordi/E2E/3d/results_combined/combined_ckpt3.nc4-3240427521-1102025.loc	/work	lustre
POSIX	21	1607752630872201620	POSIX_SIZE_WRITE_100M_1G	0	/work/hdd/bdau/mbanisharifdehkordi/E2E/3d/results_combined/combined_ckpt3.nc4-3240427521-1102025.loc	/work	lustre
POSIX	21	1607752630872201620	POSIX_SIZE_WRITE_1G_PLUS	0	/work/hdd/bdau/mbanisharifdehkordi/E2E/3d/results_combined/combined_ckpt3.nc4-3240427521-1102025.loc	/work	lustre
POSIX	22	12511412556214373573	POSIX_BYTES_WRITTEN	0	/work/hdd/bdau/mbanisharifdehkordi/E2E/3d/results_combined/combined_ckpt3.nc4.locktest.22	/work	lustre
POSIX	22	12511412556214373573	POSIX_FILE_NOT_ALIGNED	0	/work/hdd/bdau/mbanisharifdehkordi/E2E/3d/results_combined/combined_ckpt3.nc4.locktest.22	/work	lustre
POSIX	22	12511412556214373573	POSIX_SIZE_WRITE_0_100	0	/work/hdd/bdau/mbanisharifdehkordi/E2E/3d/results_combined/combined_ckpt3.nc4.locktest.22	/work	lustre
POSIX	22	12511412556214373573	POSIX_SIZE_WRITE_100_1K	0	/work/hdd/bdau/mbanisharifdehkordi/E2E/3d/results_combined/combined_ckpt3.nc4.locktest.22	/work	lustre
POSIX	22	12511412556214373573	POSIX_SIZE_WRITE_1K_10K	0	/work/hdd/bdau/mbanisharifdehkordi/E2E/3d/results_combined/combined_ckpt3.nc4.locktest.22	/work	lustre
POSIX	22	12511412556214373573	POSIX_SIZE_WRITE_10K_100K	0	/work/hdd/bdau/mbanisharifdehkordi/E2E/3d/results_combined/combined_ckpt3.nc4.locktest.22	/work	lustre
POSIX	22	12511412556214373573	POSIX_SIZE_WRITE_100K_1M	0	/work/hdd/bdau/mbanisharifdehkordi/E2E/3d/results_combined/combined_ckpt3.nc4.locktest.22	/work	lustre
POSIX	22	12511412556214373573	POSIX_SIZE_WRITE_1M_4M	0	/work/hdd/bdau/mbanisharifdehkordi/E2E/3d/results_combined/combined_ckpt3.nc4.locktest.22	/work	lustre
POSIX	22	12511412556214373573	POSIX_SIZE_WRITE_4M_10M	0	/work/hdd/bdau/mbanisharifdehkordi/E2E/3d/results_combined/combined_ckpt3.nc4.locktest.22	/work	lustre
POSIX	22	12511412556214373573	POSIX_SIZE_WRITE_10M_100M	0	/work/hdd/bdau/mbanisharifdehkordi/E2E/3d/results_combined/combined_ckpt3.nc4.locktest.22	/work	lustre
POSIX	22	12511412556214373573	POSIX_SIZE_WRITE_100M_1G	0	/work/hdd/bdau/mbanisharifdehkordi/E2E/3d/results_combined/combined_ckpt3.nc4.locktest.22	/work	lustre
POSIX	22	12511412556214373573	POSIX_SIZE_WRITE_1G_PLUS	0	/work/hdd/bdau/mbanisharifdehkordi/E2E/3d/results_combined/combined_ckpt3.nc4.locktest.22	/work	lustre
POSIX	22	3531888601709092091	POSIX_BYTES_WRITTEN	0	/work/hdd/bdau/mbanisharifdehkordi/E2E/3d/results_combined/combined_ckpt3.nc4	/work	lustre
POSIX	22	3531888601709092091	POSIX_FILE_NOT_ALIGNED	0	/work/hdd/bdau/mbanisharifdehkordi/E2E/3d/results_combined/combined_ckpt3.nc4	/work	lustre
POSIX	22	3531888601709092091	POSIX_SIZE_WRITE_0_100	0	/work/hdd/bdau/mbanisharifdehkordi/E2E/3d/results_combined/combined_ckpt3.nc4	/work	lustre
POSIX	22	3531888601709092091	POSIX_SIZE_WRITE_100_1K	0	/work/hdd/bdau/mbanisharifdehkordi/E2E/3d/results_combined/combined_ckpt3.nc4	/work	lustre
POSIX	22	3531888601709092091	POSIX_SIZE_WRITE_1K_10K	0	/work/hdd/bdau/mbanisharifdehkordi/E2E/3d/results_combined/combined_ckpt3.nc4	/work	lustre
POSIX	22	3531888601709092091	POSIX_SIZE_WRITE_10K_100K	0	/work/hdd/bdau/mbanisharifdehkordi/E2E/3d/results_combined/combined_ckpt3.nc4	/work	lustre
POSIX	22	3531888601709092091	POSIX_SIZE_WRITE_100K_1M	0	/work/hdd/bdau/mbanisharifdehkordi/E2E/3d/results_combined/combined_ckpt3.nc4	/work	lustre
POSIX	22	3531888601709092091	POSIX_SIZE_WRITE_1M_4M	0	/work/hdd/bdau/mbanisharifdehkordi/E2E/3d/results_combined/combined_ckpt3.nc4	/work	lustre
POSIX	22	3531888601709092091	POSIX_SIZE_WRITE_4M_10M	0	/work/hdd/bdau/mbanisharifdehkordi/E2E/3d/results_combined/combined_ckpt3.nc4	/work	lustre
POSIX	22	3531888601709092091	POSIX_SIZE_WRITE_10M_100M	0	/work/hdd/bdau/mbanisharifdehkordi/E2E/3d/results_combined/combined_ckpt3.nc4	/work	lustre
POSIX	22	3531888601709092091	POSIX_SIZE_WRITE_100M_1G	0	/work/hdd/bdau/mbanisharifdehkordi/E2E/3d/results_combined/combined_ckpt3.nc4	/work	lustre
POSIX	22	3531888601709092091	POSIX_SIZE_WRITE_1G_PLUS	0	/work/hdd/bdau/mbanisharifdehkordi/E2E/3d/results_combined/combined_ckpt3.nc4	/work	lustre
POSIX	22	7794184631446446289	POSIX_BYTES_WRITTEN	0	/work/hdd/bdau/mbanisharifdehkordi/E2E/3d/results_combined/.	/work	lustre
POSIX	22	7794184631446446289	POSIX_FILE_NOT_ALIGNED	0	/work/hdd/bdau/mbanisharifdehkordi/E2E/3d/results_combined/.	/work	lustre
POSIX	22	7794184631446446289	POSIX_SIZE_WRITE_0_100	0	/work/hdd/bdau/mbanisharifdehkordi/E2E/3d/results_combined/.	/work	lustre
POSIX	22	7794184631446446289	POSIX_SIZE_WRITE_100_1K	0	/work/hdd/bdau/mbanisharifdehkordi/E2E/3d/results_combined/.	/work	lustre
POSIX	22	7794184631446446289	POSIX_SIZE_WRITE_1K_10K	0	/work/hdd/bdau/mbanisharifdehkordi/E2E/3d/results_combined/.	/work	lustre
POSIX	22	7794184631446446289	POSIX_SIZE_WRITE_10K_100K	0	/work/hdd/bdau/mbanisharifdehkordi/E2E/3d/results_combined/.	/work	lustre
POSIX	22	7794184631446446289	POSIX_SIZE_WRITE_100K_1M	0	/work/hdd/bdau/mbanisharifdehkordi/E2E/3d/results_combined/.	/work	lustre
POSIX	22	7794184631446446289	POSIX_SIZE_WRITE_1M_4M	0	/work/hdd/bdau/mbanisharifdehkordi/E2E/3d/results_combined/.	/work	lustre
POSIX	22	7794184631446446289	POSIX_SIZE_WRITE_4M_10M	0	/work/hdd/bdau/mbanisharifdehkordi/E2E/3d/results_combined/.	/work	lustre
POSIX	22	7794184631446446289	POSIX_SIZE_WRITE_10M_100M	0	/work/hdd/bdau/mbanisharifdehkordi/E2E/3d/results_combined/.	/work	lustre
POSIX	22	7794184631446446289	POSIX_SIZE_WRITE_100M_1G	0	/work/hdd/bdau/mbanisharifdehkordi/E2E/3d/results_combined/.	/work	lustre
POSIX	22	7794184631446446289	POSIX_SIZE_WRITE_1G_PLUS	0	/work/hdd/bdau/mbanisharifdehkordi/E2E/3d/results_combined/.	/work	lustre
POSIX	22	1607752630872201620	POSIX_BYTES_WRITTEN	0	/work/hdd/bdau/mbanisharifdehkordi/E2E/3d/results_combined/combined_ckpt3.nc4-3240427521-1102025.loc	/work	lustre
POSIX	22	1607752630872201620	POSIX_FILE_NOT_ALIGNED	0	/work/hdd/bdau/mbanisharifdehkordi/E2E/3d/results_combined/combined_ckpt3.nc4-3240427521-1102025.loc	/work	lustre
POSIX	22	1607752630872201620	POSIX_SIZE_WRITE_0_100	0	/work/hdd/bdau/mbanisharifdehkordi/E2E/3d/results_combined/combined_ckpt3.nc4-3240427521-1102025.loc	/work	lustre
POSIX	22	1607752630872201620	POSIX_SIZE_WRITE_100_1K	0	/work/hdd/bdau/mbanisharifdehkordi/E2E/3d/results_combined/combined_ckpt3.nc4-3240427521-1102025.loc	/work	lustre
POSIX	22	1607752630872201620	POSIX_SIZE_WRITE_1K_10K	0	/work/hdd/bdau/mbanisharifdehkordi/E2E/3d/results_combined/combined_ckpt3.nc4-3240427521-1102025.loc	/work	lustre
POSIX	22	1607752630872201620	POSIX_SIZE_WRITE_10K_100K	0	/work/hdd/bdau/mbanisharifdehkordi/E2E/3d/results_combined/combined_ckpt3.nc4-3240427521-1102025.loc	/work	lustre
POSIX	22	1607752630872201620	POSIX_SIZE_WRITE_100K_1M	0	/work/hdd/bdau/mbanisharifdehkordi/E2E/3d/results_combined/combined_ckpt3.nc4-3240427521-1102025.loc	/work	lustre
POSIX	22	1607752630872201620	POSIX_SIZE_WRITE_1M_4M	0	/work/hdd/bdau/mbanisharifdehkordi/E2E/3d/results_combined/combined_ckpt3.nc4-3240427521-1102025.loc	/work	lustre
POSIX	22	1607752630872201620	POSIX_SIZE_WRITE_4M_10M	0	/work/hdd/bdau/mbanisharifdehkordi/E2E/3d/results_combined/combined_ckpt3.nc4-3240427521-1102025.loc	/work	lustre
POSIX	22	1607752630872201620	POSIX_SIZE_WRITE_10M_100M	0	/work/hdd/bdau/mbanisharifdehkordi/E2E/3d/results_combined/combined_ckpt3.nc4-3240427521-1102025.loc	/work	lustre
POSIX	22	1607752630872201620	POSIX_SIZE_WRITE_100M_1G	0	/work/hdd/bdau/mbanisharifdehkordi/E2E/3d/results_combined/combined_ckpt3.nc4-3240427521-1102025.loc	/work	lustre
POSIX	22	1607752630872201620	POSIX_SIZE_WRITE_1G_PLUS	0	/work/hdd/bdau/mbanisharifdehkordi/E2E/3d/results_combined/combined_ckpt3.nc4-3240427521-1102025.loc	/work	lustre
POSIX	23	15897340072636787420	POSIX_BYTES_WRITTEN	0	/work/hdd/bdau/mbanisharifdehkordi/E2E/3d/results_combined/combined_ckpt3.nc4.locktest.23	/work	lustre
POSIX	23	15897340072636787420	POSIX_FILE_NOT_ALIGNED	0	/work/hdd/bdau/mbanisharifdehkordi/E2E/3d/results_combined/combined_ckpt3.nc4.locktest.23	/work	lustre
POSIX	23	15897340072636787420	POSIX_SIZE_WRITE_0_100	0	/work/hdd/bdau/mbanisharifdehkordi/E2E/3d/results_combined/combined_ckpt3.nc4.locktest.23	/work	lustre
POSIX	23	15897340072636787420	POSIX_SIZE_WRITE_100_1K	0	/work/hdd/bdau/mbanisharifdehkordi/E2E/3d/results_combined/combined_ckpt3.nc4.locktest.23	/work	lustre
POSIX	23	15897340072636787420	POSIX_SIZE_WRITE_1K_10K	0	/work/hdd/bdau/mbanisharifdehkordi/E2E/3d/results_combined/combined_ckpt3.nc4.locktest.23	/work	lustre
POSIX	23	15897340072636787420	POSIX_SIZE_WRITE_10K_100K	0	/work/hdd/bdau/mbanisharifdehkordi/E2E/3d/results_combined/combined_ckpt3.nc4.locktest.23	/work	lustre
POSIX	23	15897340072636787420	POSIX_SIZE_WRITE_100K_1M	0	/work/hdd/bdau/mbanisharifdehkordi/E2E/3d/results_combined/combined_ckpt3.nc4.locktest.23	/work	lustre
POSIX	23	15897340072636787420	POSIX_SIZE_WRITE_1M_4M	0	/work/hdd/bdau/mbanisharifdehkordi/E2E/3d/results_combined/combined_ckpt3.nc4.locktest.23	/work	lustre
POSIX	23	15897340072636787420	POSIX_SIZE_WRITE_4M_10M	0	/work/hdd/bdau/mbanisharifdehkordi/E2E/3d/results_combined/combined_ckpt3.nc4.locktest.23	/work	lustre
POSIX	23	15897340072636787420	POSIX_SIZE_WRITE_10M_100M	0	/work/hdd/bdau/mbanisharifdehkordi/E2E/3d/results_combined/combined_ckpt3.nc4.locktest.23	/work	lustre
POSIX	23	15897340072636787420	POSIX_SIZE_WRITE_100M_1G	0	/work/hdd/bdau/mbanisharifdehkordi/E2E/3d/results_combined/combined_ckpt3.nc4.locktest.23	/work	lustre
POSIX	23	15897340072636787420	POSIX_SIZE_WRITE_1G_PLUS	0	/work/hdd/bdau/mbanisharifdehkordi/E2E/3d/results_combined/combined_ckpt3.nc4.locktest.23	/work	lustre
POSIX	23	3531888601709092091	POSIX_BYTES_WRITTEN	0	/work/hdd/bdau/mbanisharifdehkordi/E2E/3d/results_combined/combined_ckpt3.nc4	/work	lustre
POSIX	23	3531888601709092091	POSIX_FILE_NOT_ALIGNED	0	/work/hdd/bdau/mbanisharifdehkordi/E2E/3d/results_combined/combined_ckpt3.nc4	/work	lustre
POSIX	23	3531888601709092091	POSIX_SIZE_WRITE_0_100	0	/work/hdd/bdau/mbanisharifdehkordi/E2E/3d/results_combined/combined_ckpt3.nc4	/work	lustre
POSIX	23	3531888601709092091	POSIX_SIZE_WRITE_100_1K	0	/work/hdd/bdau/mbanisharifdehkordi/E2E/3d/results_combined/combined_ckpt3.nc4	/work	lustre
POSIX	23	3531888601709092091	POSIX_SIZE_WRITE_1K_10K	0	/work/hdd/bdau/mbanisharifdehkordi/E2E/3d/results_combined/combined_ckpt3.nc4	/work	lustre
POSIX	23	3531888601709092091	POSIX_SIZE_WRITE_10K_100K	0	/work/hdd/bdau/mbanisharifdehkordi/E2E/3d/results_combined/combined_ckpt3.nc4	/work	lustre
POSIX	23	3531888601709092091	POSIX_SIZE_WRITE_100K_1M	0	/work/hdd/bdau/mbanisharifdehkordi/E2E/3d/results_combined/combined_ckpt3.nc4	/work	lustre
POSIX	23	3531888601709092091	POSIX_SIZE_WRITE_1M_4M	0	/work/hdd/bdau/mbanisharifdehkordi/E2E/3d/results_combined/combined_ckpt3.nc4	/work	lustre
POSIX	23	3531888601709092091	POSIX_SIZE_WRITE_4M_10M	0	/work/hdd/bdau/mbanisharifdehkordi/E2E/3d/results_combined/combined_ckpt3.nc4	/work	lustre
POSIX	23	3531888601709092091	POSIX_SIZE_WRITE_10M_100M	0	/work/hdd/bdau/mbanisharifdehkordi/E2E/3d/results_combined/combined_ckpt3.nc4	/work	lustre
POSIX	23	3531888601709092091	POSIX_SIZE_WRITE_100M_1G	0	/work/hdd/bdau/mbanisharifdehkordi/E2E/3d/results_combined/combined_ckpt3.nc4	/work	lustre
POSIX	23	3531888601709092091	POSIX_SIZE_WRITE_1G_PLUS	0	/work/hdd/bdau/mbanisharifdehkordi/E2E/3d/results_combined/combined_ckpt3.nc4	/work	lustre
POSIX	23	7794184631446446289	POSIX_BYTES_WRITTEN	0	/work/hdd/bdau/mbanisharifdehkordi/E2E/3d/results_combined/.	/work	lustre
POSIX	23	7794184631446446289	POSIX_FILE_NOT_ALIGNED	0	/work/hdd/bdau/mbanisharifdehkordi/E2E/3d/results_combined/.	/work	lustre
POSIX	23	7794184631446446289	POSIX_SIZE_WRITE_0_100	0	/work/hdd/bdau/mbanisharifdehkordi/E2E/3d/results_combined/.	/work	lustre
POSIX	23	7794184631446446289	POSIX_SIZE_WRITE_100_1K	0	/work/hdd/bdau/mbanisharifdehkordi/E2E/3d/results_combined/.	/work	lustre
POSIX	23	7794184631446446289	POSIX_SIZE_WRITE_1K_10K	0	/work/hdd/bdau/mbanisharifdehkordi/E2E/3d/results_combined/.	/work	lustre
POSIX	23	7794184631446446289	POSIX_SIZE_WRITE_10K_100K	0	/work/hdd/bdau/mbanisharifdehkordi/E2E/3d/results_combined/.	/work	lustre
POSIX	23	7794184631446446289	POSIX_SIZE_WRITE_100K_1M	0	/work/hdd/bdau/mbanisharifdehkordi/E2E/3d/results_combined/.	/work	lustre
POSIX	23	7794184631446446289	POSIX_SIZE_WRITE_1M_4M	0	/work/hdd/bdau/mbanisharifdehkordi/E2E/3d/results_combined/.	/work	lustre
POSIX	23	7794184631446446289	POSIX_SIZE_WRITE_4M_10M	0	/work/hdd/bdau/mbanisharifdehkordi/E2E/3d/results_combined/.	/work	lustre
POSIX	23	7794184631446446289	POSIX_SIZE_WRITE_10M_100M	0	/work/hdd/bdau/mbanisharifdehkordi/E2E/3d/results_combined/.	/work	lustre
POSIX	23	7794184631446446289	POSIX_SIZE_WRITE_100M_1G	0	/work/hdd/bdau/mbanisharifdehkordi/E2E/3d/results_combined/.	/work	lustre
POSIX	23	7794184631446446289	POSIX_SIZE_WRITE_1G_PLUS	0	/work/hdd/bdau/mbanisharifdehkordi/E2E/3d/results_combined/.	/work	lustre
POSIX	23	1607752630872201620	POSIX_BYTES_WRITTEN	0	/work/hdd/bdau/mbanisharifdehkordi/E2E/3d/results_combined/combined_ckpt3.nc4-3240427521-1102025.loc	/work	lustre
POSIX	23	1607752630872201620	POSIX_FILE_NOT_ALIGNED	0	/work/hdd/bdau/mbanisharifdehkordi/E2E/3d/results_combined/combined_ckpt3.nc4-3240427521-1102025.loc	/work	lustre
POSIX	23	1607752630872201620	POSIX_SIZE_WRITE_0_100	0	/work/hdd/bdau/mbanisharifdehkordi/E2E/3d/results_combined/combined_ckpt3.nc4-3240427521-1102025.loc	/work	lustre
POSIX	23	1607752630872201620	POSIX_SIZE_WRITE_100_1K	0	/work/hdd/bdau/mbanisharifdehkordi/E2E/3d/results_combined/combined_ckpt3.nc4-3240427521-1102025.loc	/work	lustre
POSIX	23	1607752630872201620	POSIX_SIZE_WRITE_1K_10K	0	/work/hdd/bdau/mbanisharifdehkordi/E2E/3d/results_combined/combined_ckpt3.nc4-3240427521-1102025.loc	/work	lustre
POSIX	23	1607752630872201620	POSIX_SIZE_WRITE_10K_100K	0	/work/hdd/bdau/mbanisharifdehkordi/E2E/3d/results_combined/combined_ckpt3.nc4-3240427521-1102025.loc	/work	lustre
POSIX	23	1607752630872201620	POSIX_SIZE_WRITE_100K_1M	0	/work/hdd/bdau/mbanisharifdehkordi/E2E/3d/results_combined/combined_ckpt3.nc4-3240427521-1102025.loc	/work	lustre
POSIX	23	1607752630872201620	POSIX_SIZE_WRITE_1M_4M	0	/work/hdd/bdau/mbanisharifdehkordi/E2E/3d/results_combined/combined_ckpt3.nc4-3240427521-1102025.loc	/work	lustre
POSIX	23	1607752630872201620	POSIX_SIZE_WRITE_4M_10M	0	/work/hdd/bdau/mbanisharifdehkordi/E2E/3d/results_combined/combined_ckpt3.nc4-3240427521-1102025.loc	/work	lustre
POSIX	23	1607752630872201620	POSIX_SIZE_WRITE_10M_100M	0	/work/hdd/bdau/mbanisharifdehkordi/E2E/3d/results_combined/combined_ckpt3.nc4-3240427521-1102025.loc	/work	lustre
POSIX	23	1607752630872201620	POSIX_SIZE_WRITE_100M_1G	0	/work/hdd/bdau/mbanisharifdehkordi/E2E/3d/results_combined/combined_ckpt3.nc4-3240427521-1102025.loc	/work	lustre
POSIX	23	1607752630872201620	POSIX_SIZE_WRITE_1G_PLUS	0	/work/hdd/bdau/mbanisharifdehkordi/E2E/3d/results_combined/combined_ckpt3.nc4-3240427521-1102025.loc	/work	lustre
POSIX	24	15879913784557176589	POSIX_BYTES_WRITTEN	0	/work/hdd/bdau/mbanisharifdehkordi/E2E/3d/results_combined/combined_ckpt3.nc4.locktest.24	/work	lustre
POSIX	24	15879913784557176589	POSIX_FILE_NOT_ALIGNED	0	/work/hdd/bdau/mbanisharifdehkordi/E2E/3d/results_combined/combined_ckpt3.nc4.locktest.24	/work	lustre
POSIX	24	15879913784557176589	POSIX_SIZE_WRITE_0_100	0	/work/hdd/bdau/mbanisharifdehkordi/E2E/3d/results_combined/combined_ckpt3.nc4.locktest.24	/work	lustre
POSIX	24	15879913784557176589	POSIX_SIZE_WRITE_100_1K	0	/work/hdd/bdau/mbanisharifdehkordi/E2E/3d/results_combined/combined_ckpt3.nc4.locktest.24	/work	lustre
POSIX	24	15879913784557176589	POSIX_SIZE_WRITE_1K_10K	0	/work/hdd/bdau/mbanisharifdehkordi/E2E/3d/results_combined/combined_ckpt3.nc4.locktest.24	/work	lustre
POSIX	24	15879913784557176589	POSIX_SIZE_WRITE_10K_100K	0	/work/hdd/bdau/mbanisharifdehkordi/E2E/3d/results_combined/combined_ckpt3.nc4.locktest.24	/work	lustre
POSIX	24	15879913784557176589	POSIX_SIZE_WRITE_100K_1M	0	/work/hdd/bdau/mbanisharifdehkordi/E2E/3d/results_combined/combined_ckpt3.nc4.locktest.24	/work	lustre
POSIX	24	15879913784557176589	POSIX_SIZE_WRITE_1M_4M	0	/work/hdd/bdau/mbanisharifdehkordi/E2E/3d/results_combined/combined_ckpt3.nc4.locktest.24	/work	lustre
POSIX	24	15879913784557176589	POSIX_SIZE_WRITE_4M_10M	0	/work/hdd/bdau/mbanisharifdehkordi/E2E/3d/results_combined/combined_ckpt3.nc4.locktest.24	/work	lustre
POSIX	24	15879913784557176589	POSIX_SIZE_WRITE_10M_100M	0	/work/hdd/bdau/mbanisharifdehkordi/E2E/3d/results_combined/combined_ckpt3.nc4.locktest.24	/work	lustre
POSIX	24	15879913784557176589	POSIX_SIZE_WRITE_100M_1G	0	/work/hdd/bdau/mbanisharifdehkordi/E2E/3d/results_combined/combined_ckpt3.nc4.locktest.24	/work	lustre
POSIX	24	15879913784557176589	POSIX_SIZE_WRITE_1G_PLUS	0	/work/hdd/bdau/mbanisharifdehkordi/E2E/3d/results_combined/combined_ckpt3.nc4.locktest.24	/work	lustre
POSIX	24	3531888601709092091	POSIX_BYTES_WRITTEN	0	/work/hdd/bdau/mbanisharifdehkordi/E2E/3d/results_combined/combined_ckpt3.nc4	/work	lustre
POSIX	24	3531888601709092091	POSIX_FILE_NOT_ALIGNED	0	/work/hdd/bdau/mbanisharifdehkordi/E2E/3d/results_combined/combined_ckpt3.nc4	/work	lustre
POSIX	24	3531888601709092091	POSIX_SIZE_WRITE_0_100	0	/work/hdd/bdau/mbanisharifdehkordi/E2E/3d/results_combined/combined_ckpt3.nc4	/work	lustre
POSIX	24	3531888601709092091	POSIX_SIZE_WRITE_100_1K	0	/work/hdd/bdau/mbanisharifdehkordi/E2E/3d/results_combined/combined_ckpt3.nc4	/work	lustre
POSIX	24	3531888601709092091	POSIX_SIZE_WRITE_1K_10K	0	/work/hdd/bdau/mbanisharifdehkordi/E2E/3d/results_combined/combined_ckpt3.nc4	/work	lustre
POSIX	24	3531888601709092091	POSIX_SIZE_WRITE_10K_100K	0	/work/hdd/bdau/mbanisharifdehkordi/E2E/3d/results_combined/combined_ckpt3.nc4	/work	lustre
POSIX	24	3531888601709092091	POSIX_SIZE_WRITE_100K_1M	0	/work/hdd/bdau/mbanisharifdehkordi/E2E/3d/results_combined/combined_ckpt3.nc4	/work	lustre
POSIX	24	3531888601709092091	POSIX_SIZE_WRITE_1M_4M	0	/work/hdd/bdau/mbanisharifdehkordi/E2E/3d/results_combined/combined_ckpt3.nc4	/work	lustre
POSIX	24	3531888601709092091	POSIX_SIZE_WRITE_4M_10M	0	/work/hdd/bdau/mbanisharifdehkordi/E2E/3d/results_combined/combined_ckpt3.nc4	/work	lustre
POSIX	24	3531888601709092091	POSIX_SIZE_WRITE_10M_100M	0	/work/hdd/bdau/mbanisharifdehkordi/E2E/3d/results_combined/combined_ckpt3.nc4	/work	lustre
POSIX	24	3531888601709092091	POSIX_SIZE_WRITE_100M_1G	0	/work/hdd/bdau/mbanisharifdehkordi/E2E/3d/results_combined/combined_ckpt3.nc4	/work	lustre
POSIX	24	3531888601709092091	POSIX_SIZE_WRITE_1G_PLUS	0	/work/hdd/bdau/mbanisharifdehkordi/E2E/3d/results_combined/combined_ckpt3.nc4	/work	lustre
POSIX	24	7794184631446446289	POSIX_BYTES_WRITTEN	0	/work/hdd/bdau/mbanisharifdehkordi/E2E/3d/results_combined/.	/work	lustre
POSIX	24	7794184631446446289	POSIX_FILE_NOT_ALIGNED	0	/work/hdd/bdau/mbanisharifdehkordi/E2E/3d/results_combined/.	/work	lustre
POSIX	24	7794184631446446289	POSIX_SIZE_WRITE_0_100	0	/work/hdd/bdau/mbanisharifdehkordi/E2E/3d/results_combined/.	/work	lustre
POSIX	24	7794184631446446289	POSIX_SIZE_WRITE_100_1K	0	/work/hdd/bdau/mbanisharifdehkordi/E2E/3d/results_combined/.	/work	lustre
POSIX	24	7794184631446446289	POSIX_SIZE_WRITE_1K_10K	0	/work/hdd/bdau/mbanisharifdehkordi/E2E/3d/results_combined/.	/work	lustre
POSIX	24	7794184631446446289	POSIX_SIZE_WRITE_10K_100K	0	/work/hdd/bdau/mbanisharifdehkordi/E2E/3d/results_combined/.	/work	lustre
POSIX	24	7794184631446446289	POSIX_SIZE_WRITE_100K_1M	0	/work/hdd/bdau/mbanisharifdehkordi/E2E/3d/results_combined/.	/work	lustre
POSIX	24	7794184631446446289	POSIX_SIZE_WRITE_1M_4M	0	/work/hdd/bdau/mbanisharifdehkordi/E2E/3d/results_combined/.	/work	lustre
POSIX	24	7794184631446446289	POSIX_SIZE_WRITE_4M_10M	0	/work/hdd/bdau/mbanisharifdehkordi/E2E/3d/results_combined/.	/work	lustre
POSIX	24	7794184631446446289	POSIX_SIZE_WRITE_10M_100M	0	/work/hdd/bdau/mbanisharifdehkordi/E2E/3d/results_combined/.	/work	lustre
POSIX	24	7794184631446446289	POSIX_SIZE_WRITE_100M_1G	0	/work/hdd/bdau/mbanisharifdehkordi/E2E/3d/results_combined/.	/work	lustre
POSIX	24	7794184631446446289	POSIX_SIZE_WRITE_1G_PLUS	0	/work/hdd/bdau/mbanisharifdehkordi/E2E/3d/results_combined/.	/work	lustre
POSIX	24	1607752630872201620	POSIX_BYTES_WRITTEN	0	/work/hdd/bdau/mbanisharifdehkordi/E2E/3d/results_combined/combined_ckpt3.nc4-3240427521-1102025.loc	/work	lustre
POSIX	24	1607752630872201620	POSIX_FILE_NOT_ALIGNED	0	/work/hdd/bdau/mbanisharifdehkordi/E2E/3d/results_combined/combined_ckpt3.nc4-3240427521-1102025.loc	/work	lustre
POSIX	24	1607752630872201620	POSIX_SIZE_WRITE_0_100	0	/work/hdd/bdau/mbanisharifdehkordi/E2E/3d/results_combined/combined_ckpt3.nc4-3240427521-1102025.loc	/work	lustre
POSIX	24	1607752630872201620	POSIX_SIZE_WRITE_100_1K	0	/work/hdd/bdau/mbanisharifdehkordi/E2E/3d/results_combined/combined_ckpt3.nc4-3240427521-1102025.loc	/work	lustre
POSIX	24	1607752630872201620	POSIX_SIZE_WRITE_1K_10K	0	/work/hdd/bdau/mbanisharifdehkordi/E2E/3d/results_combined/combined_ckpt3.nc4-3240427521-1102025.loc	/work	lustre
POSIX	24	1607752630872201620	POSIX_SIZE_WRITE_10K_100K	0	/work/hdd/bdau/mbanisharifdehkordi/E2E/3d/results_combined/combined_ckpt3.nc4-3240427521-1102025.loc	/work	lustre
POSIX	24	1607752630872201620	POSIX_SIZE_WRITE_100K_1M	0	/work/hdd/bdau/mbanisharifdehkordi/E2E/3d/results_combined/combined_ckpt3.nc4-3240427521-1102025.loc	/work	lustre
POSIX	24	1607752630872201620	POSIX_SIZE_WRITE_1M_4M	0	/work/hdd/bdau/mbanisharifdehkordi/E2E/3d/results_combined/combined_ckpt3.nc4-3240427521-1102025.loc	/work	lustre
POSIX	24	1607752630872201620	POSIX_SIZE_WRITE_4M_10M	0	/work/hdd/bdau/mbanisharifdehkordi/E2E/3d/results_combined/combined_ckpt3.nc4-3240427521-1102025.loc	/work	lustre
POSIX	24	1607752630872201620	POSIX_SIZE_WRITE_10M_100M	0	/work/hdd/bdau/mbanisharifdehkordi/E2E/3d/results_combined/combined_ckpt3.nc4-3240427521-1102025.loc	/work	lustre
POSIX	24	1607752630872201620	POSIX_SIZE_WRITE_100M_1G	0	/work/hdd/bdau/mbanisharifdehkordi/E2E/3d/results_combined/combined_ckpt3.nc4-3240427521-1102025.loc	/work	lustre
POSIX	24	1607752630872201620	POSIX_SIZE_WRITE_1G_PLUS	0	/work/hdd/bdau/mbanisharifdehkordi/E2E/3d/results_combined/combined_ckpt3.nc4-3240427521-1102025.loc	/work	lustre
POSIX	25	1235848502495173647	POSIX_BYTES_WRITTEN	0	/work/hdd/bdau/mbanisharifdehkordi/E2E/3d/results_combined/combined_ckpt3.nc4.locktest.25	/work	lustre
POSIX	25	1235848502495173647	POSIX_FILE_NOT_ALIGNED	0	/work/hdd/bdau/mbanisharifdehkordi/E2E/3d/results_combined/combined_ckpt3.nc4.locktest.25	/work	lustre
POSIX	25	1235848502495173647	POSIX_SIZE_WRITE_0_100	0	/work/hdd/bdau/mbanisharifdehkordi/E2E/3d/results_combined/combined_ckpt3.nc4.locktest.25	/work	lustre
POSIX	25	1235848502495173647	POSIX_SIZE_WRITE_100_1K	0	/work/hdd/bdau/mbanisharifdehkordi/E2E/3d/results_combined/combined_ckpt3.nc4.locktest.25	/work	lustre
POSIX	25	1235848502495173647	POSIX_SIZE_WRITE_1K_10K	0	/work/hdd/bdau/mbanisharifdehkordi/E2E/3d/results_combined/combined_ckpt3.nc4.locktest.25	/work	lustre
POSIX	25	1235848502495173647	POSIX_SIZE_WRITE_10K_100K	0	/work/hdd/bdau/mbanisharifdehkordi/E2E/3d/results_combined/combined_ckpt3.nc4.locktest.25	/work	lustre
POSIX	25	1235848502495173647	POSIX_SIZE_WRITE_100K_1M	0	/work/hdd/bdau/mbanisharifdehkordi/E2E/3d/results_combined/combined_ckpt3.nc4.locktest.25	/work	lustre
POSIX	25	1235848502495173647	POSIX_SIZE_WRITE_1M_4M	0	/work/hdd/bdau/mbanisharifdehkordi/E2E/3d/results_combined/combined_ckpt3.nc4.locktest.25	/work	lustre
POSIX	25	1235848502495173647	POSIX_SIZE_WRITE_4M_10M	0	/work/hdd/bdau/mbanisharifdehkordi/E2E/3d/results_combined/combined_ckpt3.nc4.locktest.25	/work	lustre
POSIX	25	1235848502495173647	POSIX_SIZE_WRITE_10M_100M	0	/work/hdd/bdau/mbanisharifdehkordi/E2E/3d/results_combined/combined_ckpt3.nc4.locktest.25	/work	lustre
POSIX	25	1235848502495173647	POSIX_SIZE_WRITE_100M_1G	0	/work/hdd/bdau/mbanisharifdehkordi/E2E/3d/results_combined/combined_ckpt3.nc4.locktest.25	/work	lustre
POSIX	25	1235848502495173647	POSIX_SIZE_WRITE_1G_PLUS	0	/work/hdd/bdau/mbanisharifdehkordi/E2E/3d/results_combined/combined_ckpt3.nc4.locktest.25	/work	lustre
POSIX	25	3531888601709092091	POSIX_BYTES_WRITTEN	0	/work/hdd/bdau/mbanisharifdehkordi/E2E/3d/results_combined/combined_ckpt3.nc4	/work	lustre
POSIX	25	3531888601709092091	POSIX_FILE_NOT_ALIGNED	0	/work/hdd/bdau/mbanisharifdehkordi/E2E/3d/results_combined/combined_ckpt3.nc4	/work	lustre
POSIX	25	3531888601709092091	POSIX_SIZE_WRITE_0_100	0	/work/hdd/bdau/mbanisharifdehkordi/E2E/3d/results_combined/combined_ckpt3.nc4	/work	lustre
POSIX	25	3531888601709092091	POSIX_SIZE_WRITE_100_1K	0	/work/hdd/bdau/mbanisharifdehkordi/E2E/3d/results_combined/combined_ckpt3.nc4	/work	lustre
POSIX	25	3531888601709092091	POSIX_SIZE_WRITE_1K_10K	0	/work/hdd/bdau/mbanisharifdehkordi/E2E/3d/results_combined/combined_ckpt3.nc4	/work	lustre
POSIX	25	3531888601709092091	POSIX_SIZE_WRITE_10K_100K	0	/work/hdd/bdau/mbanisharifdehkordi/E2E/3d/results_combined/combined_ckpt3.nc4	/work	lustre
POSIX	25	3531888601709092091	POSIX_SIZE_WRITE_100K_1M	0	/work/hdd/bdau/mbanisharifdehkordi/E2E/3d/results_combined/combined_ckpt3.nc4	/work	lustre
POSIX	25	3531888601709092091	POSIX_SIZE_WRITE_1M_4M	0	/work/hdd/bdau/mbanisharifdehkordi/E2E/3d/results_combined/combined_ckpt3.nc4	/work	lustre
POSIX	25	3531888601709092091	POSIX_SIZE_WRITE_4M_10M	0	/work/hdd/bdau/mbanisharifdehkordi/E2E/3d/results_combined/combined_ckpt3.nc4	/work	lustre
POSIX	25	3531888601709092091	POSIX_SIZE_WRITE_10M_100M	0	/work/hdd/bdau/mbanisharifdehkordi/E2E/3d/results_combined/combined_ckpt3.nc4	/work	lustre
POSIX	25	3531888601709092091	POSIX_SIZE_WRITE_100M_1G	0	/work/hdd/bdau/mbanisharifdehkordi/E2E/3d/results_combined/combined_ckpt3.nc4	/work	lustre
POSIX	25	3531888601709092091	POSIX_SIZE_WRITE_1G_PLUS	0	/work/hdd/bdau/mbanisharifdehkordi/E2E/3d/results_combined/combined_ckpt3.nc4	/work	lustre
POSIX	25	7794184631446446289	POSIX_BYTES_WRITTEN	0	/work/hdd/bdau/mbanisharifdehkordi/E2E/3d/results_combined/.	/work	lustre
POSIX	25	7794184631446446289	POSIX_FILE_NOT_ALIGNED	0	/work/hdd/bdau/mbanisharifdehkordi/E2E/3d/results_combined/.	/work	lustre
POSIX	25	7794184631446446289	POSIX_SIZE_WRITE_0_100	0	/work/hdd/bdau/mbanisharifdehkordi/E2E/3d/results_combined/.	/work	lustre
POSIX	25	7794184631446446289	POSIX_SIZE_WRITE_100_1K	0	/work/hdd/bdau/mbanisharifdehkordi/E2E/3d/results_combined/.	/work	lustre
POSIX	25	7794184631446446289	POSIX_SIZE_WRITE_1K_10K	0	/work/hdd/bdau/mbanisharifdehkordi/E2E/3d/results_combined/.	/work	lustre
POSIX	25	7794184631446446289	POSIX_SIZE_WRITE_10K_100K	0	/work/hdd/bdau/mbanisharifdehkordi/E2E/3d/results_combined/.	/work	lustre
POSIX	25	7794184631446446289	POSIX_SIZE_WRITE_100K_1M	0	/work/hdd/bdau/mbanisharifdehkordi/E2E/3d/results_combined/.	/work	lustre
POSIX	25	7794184631446446289	POSIX_SIZE_WRITE_1M_4M	0	/work/hdd/bdau/mbanisharifdehkordi/E2E/3d/results_combined/.	/work	lustre
POSIX	25	7794184631446446289	POSIX_SIZE_WRITE_4M_10M	0	/work/hdd/bdau/mbanisharifdehkordi/E2E/3d/results_combined/.	/work	lustre
POSIX	25	7794184631446446289	POSIX_SIZE_WRITE_10M_100M	0	/work/hdd/bdau/mbanisharifdehkordi/E2E/3d/results_combined/.	/work	lustre
POSIX	25	7794184631446446289	POSIX_SIZE_WRITE_100M_1G	0	/work/hdd/bdau/mbanisharifdehkordi/E2E/3d/results_combined/.	/work	lustre
POSIX	25	7794184631446446289	POSIX_SIZE_WRITE_1G_PLUS	0	/work/hdd/bdau/mbanisharifdehkordi/E2E/3d/results_combined/.	/work	lustre
POSIX	25	1607752630872201620	POSIX_BYTES_WRITTEN	0	/work/hdd/bdau/mbanisharifdehkordi/E2E/3d/results_combined/combined_ckpt3.nc4-3240427521-1102025.loc	/work	lustre
POSIX	25	1607752630872201620	POSIX_FILE_NOT_ALIGNED	0	/work/hdd/bdau/mbanisharifdehkordi/E2E/3d/results_combined/combined_ckpt3.nc4-3240427521-1102025.loc	/work	lustre
POSIX	25	1607752630872201620	POSIX_SIZE_WRITE_0_100	0	/work/hdd/bdau/mbanisharifdehkordi/E2E/3d/results_combined/combined_ckpt3.nc4-3240427521-1102025.loc	/work	lustre
POSIX	25	1607752630872201620	POSIX_SIZE_WRITE_100_1K	0	/work/hdd/bdau/mbanisharifdehkordi/E2E/3d/results_combined/combined_ckpt3.nc4-3240427521-1102025.loc	/work	lustre
POSIX	25	1607752630872201620	POSIX_SIZE_WRITE_1K_10K	0	/work/hdd/bdau/mbanisharifdehkordi/E2E/3d/results_combined/combined_ckpt3.nc4-3240427521-1102025.loc	/work	lustre
POSIX	25	1607752630872201620	POSIX_SIZE_WRITE_10K_100K	0	/work/hdd/bdau/mbanisharifdehkordi/E2E/3d/results_combined/combined_ckpt3.nc4-3240427521-1102025.loc	/work	lustre
POSIX	25	1607752630872201620	POSIX_SIZE_WRITE_100K_1M	0	/work/hdd/bdau/mbanisharifdehkordi/E2E/3d/results_combined/combined_ckpt3.nc4-3240427521-1102025.loc	/work	lustre
POSIX	25	1607752630872201620	POSIX_SIZE_WRITE_1M_4M	0	/work/hdd/bdau/mbanisharifdehkordi/E2E/3d/results_combined/combined_ckpt3.nc4-3240427521-1102025.loc	/work	lustre
POSIX	25	1607752630872201620	POSIX_SIZE_WRITE_4M_10M	0	/work/hdd/bdau/mbanisharifdehkordi/E2E/3d/results_combined/combined_ckpt3.nc4-3240427521-1102025.loc	/work	lustre
POSIX	25	1607752630872201620	POSIX_SIZE_WRITE_10M_100M	0	/work/hdd/bdau/mbanisharifdehkordi/E2E/3d/results_combined/combined_ckpt3.nc4-3240427521-1102025.loc	/work	lustre
POSIX	25	1607752630872201620	POSIX_SIZE_WRITE_100M_1G	0	/work/hdd/bdau/mbanisharifdehkordi/E2E/3d/results_combined/combined_ckpt3.nc4-3240427521-1102025.loc	/work	lustre
POSIX	25	1607752630872201620	POSIX_SIZE_WRITE_1G_PLUS	0	/work/hdd/bdau/mbanisharifdehkordi/E2E/3d/results_combined/combined_ckpt3.nc4-3240427521-1102025.loc	/work	lustre
POSIX	26	5788322958094887393	POSIX_BYTES_WRITTEN	0	/work/hdd/bdau/mbanisharifdehkordi/E2E/3d/results_combined/combined_ckpt3.nc4.locktest.26	/work	lustre
POSIX	26	5788322958094887393	POSIX_FILE_NOT_ALIGNED	0	/work/hdd/bdau/mbanisharifdehkordi/E2E/3d/results_combined/combined_ckpt3.nc4.locktest.26	/work	lustre
POSIX	26	5788322958094887393	POSIX_SIZE_WRITE_0_100	0	/work/hdd/bdau/mbanisharifdehkordi/E2E/3d/results_combined/combined_ckpt3.nc4.locktest.26	/work	lustre
POSIX	26	5788322958094887393	POSIX_SIZE_WRITE_100_1K	0	/work/hdd/bdau/mbanisharifdehkordi/E2E/3d/results_combined/combined_ckpt3.nc4.locktest.26	/work	lustre
POSIX	26	5788322958094887393	POSIX_SIZE_WRITE_1K_10K	0	/work/hdd/bdau/mbanisharifdehkordi/E2E/3d/results_combined/combined_ckpt3.nc4.locktest.26	/work	lustre
POSIX	26	5788322958094887393	POSIX_SIZE_WRITE_10K_100K	0	/work/hdd/bdau/mbanisharifdehkordi/E2E/3d/results_combined/combined_ckpt3.nc4.locktest.26	/work	lustre
POSIX	26	5788322958094887393	POSIX_SIZE_WRITE_100K_1M	0	/work/hdd/bdau/mbanisharifdehkordi/E2E/3d/results_combined/combined_ckpt3.nc4.locktest.26	/work	lustre
POSIX	26	5788322958094887393	POSIX_SIZE_WRITE_1M_4M	0	/work/hdd/bdau/mbanisharifdehkordi/E2E/3d/results_combined/combined_ckpt3.nc4.locktest.26	/work	lustre
POSIX	26	5788322958094887393	POSIX_SIZE_WRITE_4M_10M	0	/work/hdd/bdau/mbanisharifdehkordi/E2E/3d/results_combined/combined_ckpt3.nc4.locktest.26	/work	lustre
POSIX	26	5788322958094887393	POSIX_SIZE_WRITE_10M_100M	0	/work/hdd/bdau/mbanisharifdehkordi/E2E/3d/results_combined/combined_ckpt3.nc4.locktest.26	/work	lustre
POSIX	26	5788322958094887393	POSIX_SIZE_WRITE_100M_1G	0	/work/hdd/bdau/mbanisharifdehkordi/E2E/3d/results_combined/combined_ckpt3.nc4.locktest.26	/work	lustre
POSIX	26	5788322958094887393	POSIX_SIZE_WRITE_1G_PLUS	0	/work/hdd/bdau/mbanisharifdehkordi/E2E/3d/results_combined/combined_ckpt3.nc4.locktest.26	/work	lustre
POSIX	26	3531888601709092091	POSIX_BYTES_WRITTEN	0	/work/hdd/bdau/mbanisharifdehkordi/E2E/3d/results_combined/combined_ckpt3.nc4	/work	lustre
POSIX	26	3531888601709092091	POSIX_FILE_NOT_ALIGNED	0	/work/hdd/bdau/mbanisharifdehkordi/E2E/3d/results_combined/combined_ckpt3.nc4	/work	lustre
POSIX	26	3531888601709092091	POSIX_SIZE_WRITE_0_100	0	/work/hdd/bdau/mbanisharifdehkordi/E2E/3d/results_combined/combined_ckpt3.nc4	/work	lustre
POSIX	26	3531888601709092091	POSIX_SIZE_WRITE_100_1K	0	/work/hdd/bdau/mbanisharifdehkordi/E2E/3d/results_combined/combined_ckpt3.nc4	/work	lustre
POSIX	26	3531888601709092091	POSIX_SIZE_WRITE_1K_10K	0	/work/hdd/bdau/mbanisharifdehkordi/E2E/3d/results_combined/combined_ckpt3.nc4	/work	lustre
POSIX	26	3531888601709092091	POSIX_SIZE_WRITE_10K_100K	0	/work/hdd/bdau/mbanisharifdehkordi/E2E/3d/results_combined/combined_ckpt3.nc4	/work	lustre
POSIX	26	3531888601709092091	POSIX_SIZE_WRITE_100K_1M	0	/work/hdd/bdau/mbanisharifdehkordi/E2E/3d/results_combined/combined_ckpt3.nc4	/work	lustre
POSIX	26	3531888601709092091	POSIX_SIZE_WRITE_1M_4M	0	/work/hdd/bdau/mbanisharifdehkordi/E2E/3d/results_combined/combined_ckpt3.nc4	/work	lustre
POSIX	26	3531888601709092091	POSIX_SIZE_WRITE_4M_10M	0	/work/hdd/bdau/mbanisharifdehkordi/E2E/3d/results_combined/combined_ckpt3.nc4	/work	lustre
POSIX	26	3531888601709092091	POSIX_SIZE_WRITE_10M_100M	0	/work/hdd/bdau/mbanisharifdehkordi/E2E/3d/results_combined/combined_ckpt3.nc4	/work	lustre
POSIX	26	3531888601709092091	POSIX_SIZE_WRITE_100M_1G	0	/work/hdd/bdau/mbanisharifdehkordi/E2E/3d/results_combined/combined_ckpt3.nc4	/work	lustre
POSIX	26	3531888601709092091	POSIX_SIZE_WRITE_1G_PLUS	0	/work/hdd/bdau/mbanisharifdehkordi/E2E/3d/results_combined/combined_ckpt3.nc4	/work	lustre
POSIX	26	7794184631446446289	POSIX_BYTES_WRITTEN	0	/work/hdd/bdau/mbanisharifdehkordi/E2E/3d/results_combined/.	/work	lustre
POSIX	26	7794184631446446289	POSIX_FILE_NOT_ALIGNED	0	/work/hdd/bdau/mbanisharifdehkordi/E2E/3d/results_combined/.	/work	lustre
POSIX	26	7794184631446446289	POSIX_SIZE_WRITE_0_100	0	/work/hdd/bdau/mbanisharifdehkordi/E2E/3d/results_combined/.	/work	lustre
POSIX	26	7794184631446446289	POSIX_SIZE_WRITE_100_1K	0	/work/hdd/bdau/mbanisharifdehkordi/E2E/3d/results_combined/.	/work	lustre
POSIX	26	7794184631446446289	POSIX_SIZE_WRITE_1K_10K	0	/work/hdd/bdau/mbanisharifdehkordi/E2E/3d/results_combined/.	/work	lustre
POSIX	26	7794184631446446289	POSIX_SIZE_WRITE_10K_100K	0	/work/hdd/bdau/mbanisharifdehkordi/E2E/3d/results_combined/.	/work	lustre
POSIX	26	7794184631446446289	POSIX_SIZE_WRITE_100K_1M	0	/work/hdd/bdau/mbanisharifdehkordi/E2E/3d/results_combined/.	/work	lustre
POSIX	26	7794184631446446289	POSIX_SIZE_WRITE_1M_4M	0	/work/hdd/bdau/mbanisharifdehkordi/E2E/3d/results_combined/.	/work	lustre
POSIX	26	7794184631446446289	POSIX_SIZE_WRITE_4M_10M	0	/work/hdd/bdau/mbanisharifdehkordi/E2E/3d/results_combined/.	/work	lustre
POSIX	26	7794184631446446289	POSIX_SIZE_WRITE_10M_100M	0	/work/hdd/bdau/mbanisharifdehkordi/E2E/3d/results_combined/.	/work	lustre
POSIX	26	7794184631446446289	POSIX_SIZE_WRITE_100M_1G	0	/work/hdd/bdau/mbanisharifdehkordi/E2E/3d/results_combined/.	/work	lustre
POSIX	26	7794184631446446289	POSIX_SIZE_WRITE_1G_PLUS	0	/work/hdd/bdau/mbanisharifdehkordi/E2E/3d/results_combined/.	/work	lustre
POSIX	26	1607752630872201620	POSIX_BYTES_WRITTEN	0	/work/hdd/bdau/mbanisharifdehkordi/E2E/3d/results_combined/combined_ckpt3.nc4-3240427521-1102025.loc	/work	lustre
POSIX	26	1607752630872201620	POSIX_FILE_NOT_ALIGNED	0	/work/hdd/bdau/mbanisharifdehkordi/E2E/3d/results_combined/combined_ckpt3.nc4-3240427521-1102025.loc	/work	lustre
POSIX	26	1607752630872201620	POSIX_SIZE_WRITE_0_100	0	/work/hdd/bdau/mbanisharifdehkordi/E2E/3d/results_combined/combined_ckpt3.nc4-3240427521-1102025.loc	/work	lustre
POSIX	26	1607752630872201620	POSIX_SIZE_WRITE_100_1K	0	/work/hdd/bdau/mbanisharifdehkordi/E2E/3d/results_combined/combined_ckpt3.nc4-3240427521-1102025.loc	/work	lustre
POSIX	26	1607752630872201620	POSIX_SIZE_WRITE_1K_10K	0	/work/hdd/bdau/mbanisharifdehkordi/E2E/3d/results_combined/combined_ckpt3.nc4-3240427521-1102025.loc	/work	lustre
POSIX	26	1607752630872201620	POSIX_SIZE_WRITE_10K_100K	0	/work/hdd/bdau/mbanisharifdehkordi/E2E/3d/results_combined/combined_ckpt3.nc4-3240427521-1102025.loc	/work	lustre
POSIX	26	1607752630872201620	POSIX_SIZE_WRITE_100K_1M	0	/work/hdd/bdau/mbanisharifdehkordi/E2E/3d/results_combined/combined_ckpt3.nc4-3240427521-1102025.loc	/work	lustre
POSIX	26	1607752630872201620	POSIX_SIZE_WRITE_1M_4M	0	/work/hdd/bdau/mbanisharifdehkordi/E2E/3d/results_combined/combined_ckpt3.nc4-3240427521-1102025.loc	/work	lustre
POSIX	26	1607752630872201620	POSIX_SIZE_WRITE_4M_10M	0	/work/hdd/bdau/mbanisharifdehkordi/E2E/3d/results_combined/combined_ckpt3.nc4-3240427521-1102025.loc	/work	lustre
POSIX	26	1607752630872201620	POSIX_SIZE_WRITE_10M_100M	0	/work/hdd/bdau/mbanisharifdehkordi/E2E/3d/results_combined/combined_ckpt3.nc4-3240427521-1102025.loc	/work	lustre
POSIX	26	1607752630872201620	POSIX_SIZE_WRITE_100M_1G	0	/work/hdd/bdau/mbanisharifdehkordi/E2E/3d/results_combined/combined_ckpt3.nc4-3240427521-1102025.loc	/work	lustre
POSIX	26	1607752630872201620	POSIX_SIZE_WRITE_1G_PLUS	0	/work/hdd/bdau/mbanisharifdehkordi/E2E/3d/results_combined/combined_ckpt3.nc4-3240427521-1102025.loc	/work	lustre
POSIX	27	13128675083687331360	POSIX_BYTES_WRITTEN	0	/work/hdd/bdau/mbanisharifdehkordi/E2E/3d/results_combined/combined_ckpt3.nc4.locktest.27	/work	lustre
POSIX	27	13128675083687331360	POSIX_FILE_NOT_ALIGNED	0	/work/hdd/bdau/mbanisharifdehkordi/E2E/3d/results_combined/combined_ckpt3.nc4.locktest.27	/work	lustre
POSIX	27	13128675083687331360	POSIX_SIZE_WRITE_0_100	0	/work/hdd/bdau/mbanisharifdehkordi/E2E/3d/results_combined/combined_ckpt3.nc4.locktest.27	/work	lustre
POSIX	27	13128675083687331360	POSIX_SIZE_WRITE_100_1K	0	/work/hdd/bdau/mbanisharifdehkordi/E2E/3d/results_combined/combined_ckpt3.nc4.locktest.27	/work	lustre
POSIX	27	13128675083687331360	POSIX_SIZE_WRITE_1K_10K	0	/work/hdd/bdau/mbanisharifdehkordi/E2E/3d/results_combined/combined_ckpt3.nc4.locktest.27	/work	lustre
POSIX	27	13128675083687331360	POSIX_SIZE_WRITE_10K_100K	0	/work/hdd/bdau/mbanisharifdehkordi/E2E/3d/results_combined/combined_ckpt3.nc4.locktest.27	/work	lustre
POSIX	27	13128675083687331360	POSIX_SIZE_WRITE_100K_1M	0	/work/hdd/bdau/mbanisharifdehkordi/E2E/3d/results_combined/combined_ckpt3.nc4.locktest.27	/work	lustre
POSIX	27	13128675083687331360	POSIX_SIZE_WRITE_1M_4M	0	/work/hdd/bdau/mbanisharifdehkordi/E2E/3d/results_combined/combined_ckpt3.nc4.locktest.27	/work	lustre
POSIX	27	13128675083687331360	POSIX_SIZE_WRITE_4M_10M	0	/work/hdd/bdau/mbanisharifdehkordi/E2E/3d/results_combined/combined_ckpt3.nc4.locktest.27	/work	lustre
POSIX	27	13128675083687331360	POSIX_SIZE_WRITE_10M_100M	0	/work/hdd/bdau/mbanisharifdehkordi/E2E/3d/results_combined/combined_ckpt3.nc4.locktest.27	/work	lustre
POSIX	27	13128675083687331360	POSIX_SIZE_WRITE_100M_1G	0	/work/hdd/bdau/mbanisharifdehkordi/E2E/3d/results_combined/combined_ckpt3.nc4.locktest.27	/work	lustre
POSIX	27	13128675083687331360	POSIX_SIZE_WRITE_1G_PLUS	0	/work/hdd/bdau/mbanisharifdehkordi/E2E/3d/results_combined/combined_ckpt3.nc4.locktest.27	/work	lustre
POSIX	27	3531888601709092091	POSIX_BYTES_WRITTEN	0	/work/hdd/bdau/mbanisharifdehkordi/E2E/3d/results_combined/combined_ckpt3.nc4	/work	lustre
POSIX	27	3531888601709092091	POSIX_FILE_NOT_ALIGNED	0	/work/hdd/bdau/mbanisharifdehkordi/E2E/3d/results_combined/combined_ckpt3.nc4	/work	lustre
POSIX	27	3531888601709092091	POSIX_SIZE_WRITE_0_100	0	/work/hdd/bdau/mbanisharifdehkordi/E2E/3d/results_combined/combined_ckpt3.nc4	/work	lustre
POSIX	27	3531888601709092091	POSIX_SIZE_WRITE_100_1K	0	/work/hdd/bdau/mbanisharifdehkordi/E2E/3d/results_combined/combined_ckpt3.nc4	/work	lustre
POSIX	27	3531888601709092091	POSIX_SIZE_WRITE_1K_10K	0	/work/hdd/bdau/mbanisharifdehkordi/E2E/3d/results_combined/combined_ckpt3.nc4	/work	lustre
POSIX	27	3531888601709092091	POSIX_SIZE_WRITE_10K_100K	0	/work/hdd/bdau/mbanisharifdehkordi/E2E/3d/results_combined/combined_ckpt3.nc4	/work	lustre
POSIX	27	3531888601709092091	POSIX_SIZE_WRITE_100K_1M	0	/work/hdd/bdau/mbanisharifdehkordi/E2E/3d/results_combined/combined_ckpt3.nc4	/work	lustre
POSIX	27	3531888601709092091	POSIX_SIZE_WRITE_1M_4M	0	/work/hdd/bdau/mbanisharifdehkordi/E2E/3d/results_combined/combined_ckpt3.nc4	/work	lustre
POSIX	27	3531888601709092091	POSIX_SIZE_WRITE_4M_10M	0	/work/hdd/bdau/mbanisharifdehkordi/E2E/3d/results_combined/combined_ckpt3.nc4	/work	lustre
POSIX	27	3531888601709092091	POSIX_SIZE_WRITE_10M_100M	0	/work/hdd/bdau/mbanisharifdehkordi/E2E/3d/results_combined/combined_ckpt3.nc4	/work	lustre
POSIX	27	3531888601709092091	POSIX_SIZE_WRITE_100M_1G	0	/work/hdd/bdau/mbanisharifdehkordi/E2E/3d/results_combined/combined_ckpt3.nc4	/work	lustre
POSIX	27	3531888601709092091	POSIX_SIZE_WRITE_1G_PLUS	0	/work/hdd/bdau/mbanisharifdehkordi/E2E/3d/results_combined/combined_ckpt3.nc4	/work	lustre
POSIX	27	7794184631446446289	POSIX_BYTES_WRITTEN	0	/work/hdd/bdau/mbanisharifdehkordi/E2E/3d/results_combined/.	/work	lustre
POSIX	27	7794184631446446289	POSIX_FILE_NOT_ALIGNED	0	/work/hdd/bdau/mbanisharifdehkordi/E2E/3d/results_combined/.	/work	lustre
POSIX	27	7794184631446446289	POSIX_SIZE_WRITE_0_100	0	/work/hdd/bdau/mbanisharifdehkordi/E2E/3d/results_combined/.	/work	lustre
POSIX	27	7794184631446446289	POSIX_SIZE_WRITE_100_1K	0	/work/hdd/bdau/mbanisharifdehkordi/E2E/3d/results_combined/.	/work	lustre
POSIX	27	7794184631446446289	POSIX_SIZE_WRITE_1K_10K	0	/work/hdd/bdau/mbanisharifdehkordi/E2E/3d/results_combined/.	/work	lustre
POSIX	27	7794184631446446289	POSIX_SIZE_WRITE_10K_100K	0	/work/hdd/bdau/mbanisharifdehkordi/E2E/3d/results_combined/.	/work	lustre
POSIX	27	7794184631446446289	POSIX_SIZE_WRITE_100K_1M	0	/work/hdd/bdau/mbanisharifdehkordi/E2E/3d/results_combined/.	/work	lustre
POSIX	27	7794184631446446289	POSIX_SIZE_WRITE_1M_4M	0	/work/hdd/bdau/mbanisharifdehkordi/E2E/3d/results_combined/.	/work	lustre
POSIX	27	7794184631446446289	POSIX_SIZE_WRITE_4M_10M	0	/work/hdd/bdau/mbanisharifdehkordi/E2E/3d/results_combined/.	/work	lustre
POSIX	27	7794184631446446289	POSIX_SIZE_WRITE_10M_100M	0	/work/hdd/bdau/mbanisharifdehkordi/E2E/3d/results_combined/.	/work	lustre
POSIX	27	7794184631446446289	POSIX_SIZE_WRITE_100M_1G	0	/work/hdd/bdau/mbanisharifdehkordi/E2E/3d/results_combined/.	/work	lustre
POSIX	27	7794184631446446289	POSIX_SIZE_WRITE_1G_PLUS	0	/work/hdd/bdau/mbanisharifdehkordi/E2E/3d/results_combined/.	/work	lustre
POSIX	27	1607752630872201620	POSIX_BYTES_WRITTEN	0	/work/hdd/bdau/mbanisharifdehkordi/E2E/3d/results_combined/combined_ckpt3.nc4-3240427521-1102025.loc	/work	lustre
POSIX	27	1607752630872201620	POSIX_FILE_NOT_ALIGNED	0	/work/hdd/bdau/mbanisharifdehkordi/E2E/3d/results_combined/combined_ckpt3.nc4-3240427521-1102025.loc	/work	lustre
POSIX	27	1607752630872201620	POSIX_SIZE_WRITE_0_100	0	/work/hdd/bdau/mbanisharifdehkordi/E2E/3d/results_combined/combined_ckpt3.nc4-3240427521-1102025.loc	/work	lustre
POSIX	27	1607752630872201620	POSIX_SIZE_WRITE_100_1K	0	/work/hdd/bdau/mbanisharifdehkordi/E2E/3d/results_combined/combined_ckpt3.nc4-3240427521-1102025.loc	/work	lustre
POSIX	27	1607752630872201620	POSIX_SIZE_WRITE_1K_10K	0	/work/hdd/bdau/mbanisharifdehkordi/E2E/3d/results_combined/combined_ckpt3.nc4-3240427521-1102025.loc	/work	lustre
POSIX	27	1607752630872201620	POSIX_SIZE_WRITE_10K_100K	0	/work/hdd/bdau/mbanisharifdehkordi/E2E/3d/results_combined/combined_ckpt3.nc4-3240427521-1102025.loc	/work	lustre
POSIX	27	1607752630872201620	POSIX_SIZE_WRITE_100K_1M	0	/work/hdd/bdau/mbanisharifdehkordi/E2E/3d/results_combined/combined_ckpt3.nc4-3240427521-1102025.loc	/work	lustre
POSIX	27	1607752630872201620	POSIX_SIZE_WRITE_1M_4M	0	/work/hdd/bdau/mbanisharifdehkordi/E2E/3d/results_combined/combined_ckpt3.nc4-3240427521-1102025.loc	/work	lustre
POSIX	27	1607752630872201620	POSIX_SIZE_WRITE_4M_10M	0	/work/hdd/bdau/mbanisharifdehkordi/E2E/3d/results_combined/combined_ckpt3.nc4-3240427521-1102025.loc	/work	lustre
POSIX	27	1607752630872201620	POSIX_SIZE_WRITE_10M_100M	0	/work/hdd/bdau/mbanisharifdehkordi/E2E/3d/results_combined/combined_ckpt3.nc4-3240427521-1102025.loc	/work	lustre
POSIX	27	1607752630872201620	POSIX_SIZE_WRITE_100M_1G	0	/work/hdd/bdau/mbanisharifdehkordi/E2E/3d/results_combined/combined_ckpt3.nc4-3240427521-1102025.loc	/work	lustre
POSIX	27	1607752630872201620	POSIX_SIZE_WRITE_1G_PLUS	0	/work/hdd/bdau/mbanisharifdehkordi/E2E/3d/results_combined/combined_ckpt3.nc4-3240427521-1102025.loc	/work	lustre
POSIX	28	14703272315928276260	POSIX_BYTES_WRITTEN	0	/work/hdd/bdau/mbanisharifdehkordi/E2E/3d/results_combined/combined_ckpt3.nc4.locktest.28	/work	lustre
POSIX	28	14703272315928276260	POSIX_FILE_NOT_ALIGNED	0	/work/hdd/bdau/mbanisharifdehkordi/E2E/3d/results_combined/combined_ckpt3.nc4.locktest.28	/work	lustre
POSIX	28	14703272315928276260	POSIX_SIZE_WRITE_0_100	0	/work/hdd/bdau/mbanisharifdehkordi/E2E/3d/results_combined/combined_ckpt3.nc4.locktest.28	/work	lustre
POSIX	28	14703272315928276260	POSIX_SIZE_WRITE_100_1K	0	/work/hdd/bdau/mbanisharifdehkordi/E2E/3d/results_combined/combined_ckpt3.nc4.locktest.28	/work	lustre
POSIX	28	14703272315928276260	POSIX_SIZE_WRITE_1K_10K	0	/work/hdd/bdau/mbanisharifdehkordi/E2E/3d/results_combined/combined_ckpt3.nc4.locktest.28	/work	lustre
POSIX	28	14703272315928276260	POSIX_SIZE_WRITE_10K_100K	0	/work/hdd/bdau/mbanisharifdehkordi/E2E/3d/results_combined/combined_ckpt3.nc4.locktest.28	/work	lustre
POSIX	28	14703272315928276260	POSIX_SIZE_WRITE_100K_1M	0	/work/hdd/bdau/mbanisharifdehkordi/E2E/3d/results_combined/combined_ckpt3.nc4.locktest.28	/work	lustre
POSIX	28	14703272315928276260	POSIX_SIZE_WRITE_1M_4M	0	/work/hdd/bdau/mbanisharifdehkordi/E2E/3d/results_combined/combined_ckpt3.nc4.locktest.28	/work	lustre
POSIX	28	14703272315928276260	POSIX_SIZE_WRITE_4M_10M	0	/work/hdd/bdau/mbanisharifdehkordi/E2E/3d/results_combined/combined_ckpt3.nc4.locktest.28	/work	lustre
POSIX	28	14703272315928276260	POSIX_SIZE_WRITE_10M_100M	0	/work/hdd/bdau/mbanisharifdehkordi/E2E/3d/results_combined/combined_ckpt3.nc4.locktest.28	/work	lustre
POSIX	28	14703272315928276260	POSIX_SIZE_WRITE_100M_1G	0	/work/hdd/bdau/mbanisharifdehkordi/E2E/3d/results_combined/combined_ckpt3.nc4.locktest.28	/work	lustre
POSIX	28	14703272315928276260	POSIX_SIZE_WRITE_1G_PLUS	0	/work/hdd/bdau/mbanisharifdehkordi/E2E/3d/results_combined/combined_ckpt3.nc4.locktest.28	/work	lustre
POSIX	28	3531888601709092091	POSIX_BYTES_WRITTEN	0	/work/hdd/bdau/mbanisharifdehkordi/E2E/3d/results_combined/combined_ckpt3.nc4	/work	lustre
POSIX	28	3531888601709092091	POSIX_FILE_NOT_ALIGNED	0	/work/hdd/bdau/mbanisharifdehkordi/E2E/3d/results_combined/combined_ckpt3.nc4	/work	lustre
POSIX	28	3531888601709092091	POSIX_SIZE_WRITE_0_100	0	/work/hdd/bdau/mbanisharifdehkordi/E2E/3d/results_combined/combined_ckpt3.nc4	/work	lustre
POSIX	28	3531888601709092091	POSIX_SIZE_WRITE_100_1K	0	/work/hdd/bdau/mbanisharifdehkordi/E2E/3d/results_combined/combined_ckpt3.nc4	/work	lustre
POSIX	28	3531888601709092091	POSIX_SIZE_WRITE_1K_10K	0	/work/hdd/bdau/mbanisharifdehkordi/E2E/3d/results_combined/combined_ckpt3.nc4	/work	lustre
POSIX	28	3531888601709092091	POSIX_SIZE_WRITE_10K_100K	0	/work/hdd/bdau/mbanisharifdehkordi/E2E/3d/results_combined/combined_ckpt3.nc4	/work	lustre
POSIX	28	3531888601709092091	POSIX_SIZE_WRITE_100K_1M	0	/work/hdd/bdau/mbanisharifdehkordi/E2E/3d/results_combined/combined_ckpt3.nc4	/work	lustre
POSIX	28	3531888601709092091	POSIX_SIZE_WRITE_1M_4M	0	/work/hdd/bdau/mbanisharifdehkordi/E2E/3d/results_combined/combined_ckpt3.nc4	/work	lustre
POSIX	28	3531888601709092091	POSIX_SIZE_WRITE_4M_10M	0	/work/hdd/bdau/mbanisharifdehkordi/E2E/3d/results_combined/combined_ckpt3.nc4	/work	lustre
POSIX	28	3531888601709092091	POSIX_SIZE_WRITE_10M_100M	0	/work/hdd/bdau/mbanisharifdehkordi/E2E/3d/results_combined/combined_ckpt3.nc4	/work	lustre
POSIX	28	3531888601709092091	POSIX_SIZE_WRITE_100M_1G	0	/work/hdd/bdau/mbanisharifdehkordi/E2E/3d/results_combined/combined_ckpt3.nc4	/work	lustre
POSIX	28	3531888601709092091	POSIX_SIZE_WRITE_1G_PLUS	0	/work/hdd/bdau/mbanisharifdehkordi/E2E/3d/results_combined/combined_ckpt3.nc4	/work	lustre
POSIX	28	7794184631446446289	POSIX_BYTES_WRITTEN	0	/work/hdd/bdau/mbanisharifdehkordi/E2E/3d/results_combined/.	/work	lustre
POSIX	28	7794184631446446289	POSIX_FILE_NOT_ALIGNED	0	/work/hdd/bdau/mbanisharifdehkordi/E2E/3d/results_combined/.	/work	lustre
POSIX	28	7794184631446446289	POSIX_SIZE_WRITE_0_100	0	/work/hdd/bdau/mbanisharifdehkordi/E2E/3d/results_combined/.	/work	lustre
POSIX	28	7794184631446446289	POSIX_SIZE_WRITE_100_1K	0	/work/hdd/bdau/mbanisharifdehkordi/E2E/3d/results_combined/.	/work	lustre
POSIX	28	7794184631446446289	POSIX_SIZE_WRITE_1K_10K	0	/work/hdd/bdau/mbanisharifdehkordi/E2E/3d/results_combined/.	/work	lustre
POSIX	28	7794184631446446289	POSIX_SIZE_WRITE_10K_100K	0	/work/hdd/bdau/mbanisharifdehkordi/E2E/3d/results_combined/.	/work	lustre
POSIX	28	7794184631446446289	POSIX_SIZE_WRITE_100K_1M	0	/work/hdd/bdau/mbanisharifdehkordi/E2E/3d/results_combined/.	/work	lustre
POSIX	28	7794184631446446289	POSIX_SIZE_WRITE_1M_4M	0	/work/hdd/bdau/mbanisharifdehkordi/E2E/3d/results_combined/.	/work	lustre
POSIX	28	7794184631446446289	POSIX_SIZE_WRITE_4M_10M	0	/work/hdd/bdau/mbanisharifdehkordi/E2E/3d/results_combined/.	/work	lustre
POSIX	28	7794184631446446289	POSIX_SIZE_WRITE_10M_100M	0	/work/hdd/bdau/mbanisharifdehkordi/E2E/3d/results_combined/.	/work	lustre
POSIX	28	7794184631446446289	POSIX_SIZE_WRITE_100M_1G	0	/work/hdd/bdau/mbanisharifdehkordi/E2E/3d/results_combined/.	/work	lustre
POSIX	28	7794184631446446289	POSIX_SIZE_WRITE_1G_PLUS	0	/work/hdd/bdau/mbanisharifdehkordi/E2E/3d/results_combined/.	/work	lustre
POSIX	28	1607752630872201620	POSIX_BYTES_WRITTEN	0	/work/hdd/bdau/mbanisharifdehkordi/E2E/3d/results_combined/combined_ckpt3.nc4-3240427521-1102025.loc	/work	lustre
POSIX	28	1607752630872201620	POSIX_FILE_NOT_ALIGNED	0	/work/hdd/bdau/mbanisharifdehkordi/E2E/3d/results_combined/combined_ckpt3.nc4-3240427521-1102025.loc	/work	lustre
POSIX	28	1607752630872201620	POSIX_SIZE_WRITE_0_100	0	/work/hdd/bdau/mbanisharifdehkordi/E2E/3d/results_combined/combined_ckpt3.nc4-3240427521-1102025.loc	/work	lustre
POSIX	28	1607752630872201620	POSIX_SIZE_WRITE_100_1K	0	/work/hdd/bdau/mbanisharifdehkordi/E2E/3d/results_combined/combined_ckpt3.nc4-3240427521-1102025.loc	/work	lustre
POSIX	28	1607752630872201620	POSIX_SIZE_WRITE_1K_10K	0	/work/hdd/bdau/mbanisharifdehkordi/E2E/3d/results_combined/combined_ckpt3.nc4-3240427521-1102025.loc	/work	lustre
POSIX	28	1607752630872201620	POSIX_SIZE_WRITE_10K_100K	0	/work/hdd/bdau/mbanisharifdehkordi/E2E/3d/results_combined/combined_ckpt3.nc4-3240427521-1102025.loc	/work	lustre
POSIX	28	1607752630872201620	POSIX_SIZE_WRITE_100K_1M	0	/work/hdd/bdau/mbanisharifdehkordi/E2E/3d/results_combined/combined_ckpt3.nc4-3240427521-1102025.loc	/work	lustre
POSIX	28	1607752630872201620	POSIX_SIZE_WRITE_1M_4M	0	/work/hdd/bdau/mbanisharifdehkordi/E2E/3d/results_combined/combined_ckpt3.nc4-3240427521-1102025.loc	/work	lustre
POSIX	28	1607752630872201620	POSIX_SIZE_WRITE_4M_10M	0	/work/hdd/bdau/mbanisharifdehkordi/E2E/3d/results_combined/combined_ckpt3.nc4-3240427521-1102025.loc	/work	lustre
POSIX	28	1607752630872201620	POSIX_SIZE_WRITE_10M_100M	0	/work/hdd/bdau/mbanisharifdehkordi/E2E/3d/results_combined/combined_ckpt3.nc4-3240427521-1102025.loc	/work	lustre
POSIX	28	1607752630872201620	POSIX_SIZE_WRITE_100M_1G	0	/work/hdd/bdau/mbanisharifdehkordi/E2E/3d/results_combined/combined_ckpt3.nc4-3240427521-1102025.loc	/work	lustre
POSIX	28	1607752630872201620	POSIX_SIZE_WRITE_1G_PLUS	0	/work/hdd/bdau/mbanisharifdehkordi/E2E/3d/results_combined/combined_ckpt3.nc4-3240427521-1102025.loc	/work	lustre
POSIX	29	12272771988937007632	POSIX_BYTES_WRITTEN	0	/work/hdd/bdau/mbanisharifdehkordi/E2E/3d/results_combined/combined_ckpt3.nc4.locktest.29	/work	lustre
POSIX	29	12272771988937007632	POSIX_FILE_NOT_ALIGNED	0	/work/hdd/bdau/mbanisharifdehkordi/E2E/3d/results_combined/combined_ckpt3.nc4.locktest.29	/work	lustre
POSIX	29	12272771988937007632	POSIX_SIZE_WRITE_0_100	0	/work/hdd/bdau/mbanisharifdehkordi/E2E/3d/results_combined/combined_ckpt3.nc4.locktest.29	/work	lustre
POSIX	29	12272771988937007632	POSIX_SIZE_WRITE_100_1K	0	/work/hdd/bdau/mbanisharifdehkordi/E2E/3d/results_combined/combined_ckpt3.nc4.locktest.29	/work	lustre
POSIX	29	12272771988937007632	POSIX_SIZE_WRITE_1K_10K	0	/work/hdd/bdau/mbanisharifdehkordi/E2E/3d/results_combined/combined_ckpt3.nc4.locktest.29	/work	lustre
POSIX	29	12272771988937007632	POSIX_SIZE_WRITE_10K_100K	0	/work/hdd/bdau/mbanisharifdehkordi/E2E/3d/results_combined/combined_ckpt3.nc4.locktest.29	/work	lustre
POSIX	29	12272771988937007632	POSIX_SIZE_WRITE_100K_1M	0	/work/hdd/bdau/mbanisharifdehkordi/E2E/3d/results_combined/combined_ckpt3.nc4.locktest.29	/work	lustre
POSIX	29	12272771988937007632	POSIX_SIZE_WRITE_1M_4M	0	/work/hdd/bdau/mbanisharifdehkordi/E2E/3d/results_combined/combined_ckpt3.nc4.locktest.29	/work	lustre
POSIX	29	12272771988937007632	POSIX_SIZE_WRITE_4M_10M	0	/work/hdd/bdau/mbanisharifdehkordi/E2E/3d/results_combined/combined_ckpt3.nc4.locktest.29	/work	lustre
POSIX	29	12272771988937007632	POSIX_SIZE_WRITE_10M_100M	0	/work/hdd/bdau/mbanisharifdehkordi/E2E/3d/results_combined/combined_ckpt3.nc4.locktest.29	/work	lustre
POSIX	29	12272771988937007632	POSIX_SIZE_WRITE_100M_1G	0	/work/hdd/bdau/mbanisharifdehkordi/E2E/3d/results_combined/combined_ckpt3.nc4.locktest.29	/work	lustre
POSIX	29	12272771988937007632	POSIX_SIZE_WRITE_1G_PLUS	0	/work/hdd/bdau/mbanisharifdehkordi/E2E/3d/results_combined/combined_ckpt3.nc4.locktest.29	/work	lustre
POSIX	29	3531888601709092091	POSIX_BYTES_WRITTEN	0	/work/hdd/bdau/mbanisharifdehkordi/E2E/3d/results_combined/combined_ckpt3.nc4	/work	lustre
POSIX	29	3531888601709092091	POSIX_FILE_NOT_ALIGNED	0	/work/hdd/bdau/mbanisharifdehkordi/E2E/3d/results_combined/combined_ckpt3.nc4	/work	lustre
POSIX	29	3531888601709092091	POSIX_SIZE_WRITE_0_100	0	/work/hdd/bdau/mbanisharifdehkordi/E2E/3d/results_combined/combined_ckpt3.nc4	/work	lustre
POSIX	29	3531888601709092091	POSIX_SIZE_WRITE_100_1K	0	/work/hdd/bdau/mbanisharifdehkordi/E2E/3d/results_combined/combined_ckpt3.nc4	/work	lustre
POSIX	29	3531888601709092091	POSIX_SIZE_WRITE_1K_10K	0	/work/hdd/bdau/mbanisharifdehkordi/E2E/3d/results_combined/combined_ckpt3.nc4	/work	lustre
POSIX	29	3531888601709092091	POSIX_SIZE_WRITE_10K_100K	0	/work/hdd/bdau/mbanisharifdehkordi/E2E/3d/results_combined/combined_ckpt3.nc4	/work	lustre
POSIX	29	3531888601709092091	POSIX_SIZE_WRITE_100K_1M	0	/work/hdd/bdau/mbanisharifdehkordi/E2E/3d/results_combined/combined_ckpt3.nc4	/work	lustre
POSIX	29	3531888601709092091	POSIX_SIZE_WRITE_1M_4M	0	/work/hdd/bdau/mbanisharifdehkordi/E2E/3d/results_combined/combined_ckpt3.nc4	/work	lustre
POSIX	29	3531888601709092091	POSIX_SIZE_WRITE_4M_10M	0	/work/hdd/bdau/mbanisharifdehkordi/E2E/3d/results_combined/combined_ckpt3.nc4	/work	lustre
POSIX	29	3531888601709092091	POSIX_SIZE_WRITE_10M_100M	0	/work/hdd/bdau/mbanisharifdehkordi/E2E/3d/results_combined/combined_ckpt3.nc4	/work	lustre
POSIX	29	3531888601709092091	POSIX_SIZE_WRITE_100M_1G	0	/work/hdd/bdau/mbanisharifdehkordi/E2E/3d/results_combined/combined_ckpt3.nc4	/work	lustre
POSIX	29	3531888601709092091	POSIX_SIZE_WRITE_1G_PLUS	0	/work/hdd/bdau/mbanisharifdehkordi/E2E/3d/results_combined/combined_ckpt3.nc4	/work	lustre
POSIX	29	7794184631446446289	POSIX_BYTES_WRITTEN	0	/work/hdd/bdau/mbanisharifdehkordi/E2E/3d/results_combined/.	/work	lustre
POSIX	29	7794184631446446289	POSIX_FILE_NOT_ALIGNED	0	/work/hdd/bdau/mbanisharifdehkordi/E2E/3d/results_combined/.	/work	lustre
POSIX	29	7794184631446446289	POSIX_SIZE_WRITE_0_100	0	/work/hdd/bdau/mbanisharifdehkordi/E2E/3d/results_combined/.	/work	lustre
POSIX	29	7794184631446446289	POSIX_SIZE_WRITE_100_1K	0	/work/hdd/bdau/mbanisharifdehkordi/E2E/3d/results_combined/.	/work	lustre
POSIX	29	7794184631446446289	POSIX_SIZE_WRITE_1K_10K	0	/work/hdd/bdau/mbanisharifdehkordi/E2E/3d/results_combined/.	/work	lustre
POSIX	29	7794184631446446289	POSIX_SIZE_WRITE_10K_100K	0	/work/hdd/bdau/mbanisharifdehkordi/E2E/3d/results_combined/.	/work	lustre
POSIX	29	7794184631446446289	POSIX_SIZE_WRITE_100K_1M	0	/work/hdd/bdau/mbanisharifdehkordi/E2E/3d/results_combined/.	/work	lustre
POSIX	29	7794184631446446289	POSIX_SIZE_WRITE_1M_4M	0	/work/hdd/bdau/mbanisharifdehkordi/E2E/3d/results_combined/.	/work	lustre
POSIX	29	7794184631446446289	POSIX_SIZE_WRITE_4M_10M	0	/work/hdd/bdau/mbanisharifdehkordi/E2E/3d/results_combined/.	/work	lustre
POSIX	29	7794184631446446289	POSIX_SIZE_WRITE_10M_100M	0	/work/hdd/bdau/mbanisharifdehkordi/E2E/3d/results_combined/.	/work	lustre
POSIX	29	7794184631446446289	POSIX_SIZE_WRITE_100M_1G	0	/work/hdd/bdau/mbanisharifdehkordi/E2E/3d/results_combined/.	/work	lustre
POSIX	29	7794184631446446289	POSIX_SIZE_WRITE_1G_PLUS	0	/work/hdd/bdau/mbanisharifdehkordi/E2E/3d/results_combined/.	/work	lustre
POSIX	29	1607752630872201620	POSIX_BYTES_WRITTEN	0	/work/hdd/bdau/mbanisharifdehkordi/E2E/3d/results_combined/combined_ckpt3.nc4-3240427521-1102025.loc	/work	lustre
POSIX	29	1607752630872201620	POSIX_FILE_NOT_ALIGNED	0	/work/hdd/bdau/mbanisharifdehkordi/E2E/3d/results_combined/combined_ckpt3.nc4-3240427521-1102025.loc	/work	lustre
POSIX	29	1607752630872201620	POSIX_SIZE_WRITE_0_100	0	/work/hdd/bdau/mbanisharifdehkordi/E2E/3d/results_combined/combined_ckpt3.nc4-3240427521-1102025.loc	/work	lustre
POSIX	29	1607752630872201620	POSIX_SIZE_WRITE_100_1K	0	/work/hdd/bdau/mbanisharifdehkordi/E2E/3d/results_combined/combined_ckpt3.nc4-3240427521-1102025.loc	/work	lustre
POSIX	29	1607752630872201620	POSIX_SIZE_WRITE_1K_10K	0	/work/hdd/bdau/mbanisharifdehkordi/E2E/3d/results_combined/combined_ckpt3.nc4-3240427521-1102025.loc	/work	lustre
POSIX	29	1607752630872201620	POSIX_SIZE_WRITE_10K_100K	0	/work/hdd/bdau/mbanisharifdehkordi/E2E/3d/results_combined/combined_ckpt3.nc4-3240427521-1102025.loc	/work	lustre
POSIX	29	1607752630872201620	POSIX_SIZE_WRITE_100K_1M	0	/work/hdd/bdau/mbanisharifdehkordi/E2E/3d/results_combined/combined_ckpt3.nc4-3240427521-1102025.loc	/work	lustre
POSIX	29	1607752630872201620	POSIX_SIZE_WRITE_1M_4M	0	/work/hdd/bdau/mbanisharifdehkordi/E2E/3d/results_combined/combined_ckpt3.nc4-3240427521-1102025.loc	/work	lustre
POSIX	29	1607752630872201620	POSIX_SIZE_WRITE_4M_10M	0	/work/hdd/bdau/mbanisharifdehkordi/E2E/3d/results_combined/combined_ckpt3.nc4-3240427521-1102025.loc	/work	lustre
POSIX	29	1607752630872201620	POSIX_SIZE_WRITE_10M_100M	0	/work/hdd/bdau/mbanisharifdehkordi/E2E/3d/results_combined/combined_ckpt3.nc4-3240427521-1102025.loc	/work	lustre
POSIX	29	1607752630872201620	POSIX_SIZE_WRITE_100M_1G	0	/work/hdd/bdau/mbanisharifdehkordi/E2E/3d/results_combined/combined_ckpt3.nc4-3240427521-1102025.loc	/work	lustre
POSIX	29	1607752630872201620	POSIX_SIZE_WRITE_1G_PLUS	0	/work/hdd/bdau/mbanisharifdehkordi/E2E/3d/results_combined/combined_ckpt3.nc4-3240427521-1102025.loc	/work	lustre
POSIX	30	18415491785194600855	POSIX_BYTES_WRITTEN	0	/work/hdd/bdau/mbanisharifdehkordi/E2E/3d/results_combined/combined_ckpt3.nc4.locktest.30	/work	lustre
POSIX	30	18415491785194600855	POSIX_FILE_NOT_ALIGNED	0	/work/hdd/bdau/mbanisharifdehkordi/E2E/3d/results_combined/combined_ckpt3.nc4.locktest.30	/work	lustre
POSIX	30	18415491785194600855	POSIX_SIZE_WRITE_0_100	0	/work/hdd/bdau/mbanisharifdehkordi/E2E/3d/results_combined/combined_ckpt3.nc4.locktest.30	/work	lustre
POSIX	30	18415491785194600855	POSIX_SIZE_WRITE_100_1K	0	/work/hdd/bdau/mbanisharifdehkordi/E2E/3d/results_combined/combined_ckpt3.nc4.locktest.30	/work	lustre
POSIX	30	18415491785194600855	POSIX_SIZE_WRITE_1K_10K	0	/work/hdd/bdau/mbanisharifdehkordi/E2E/3d/results_combined/combined_ckpt3.nc4.locktest.30	/work	lustre
POSIX	30	18415491785194600855	POSIX_SIZE_WRITE_10K_100K	0	/work/hdd/bdau/mbanisharifdehkordi/E2E/3d/results_combined/combined_ckpt3.nc4.locktest.30	/work	lustre
POSIX	30	18415491785194600855	POSIX_SIZE_WRITE_100K_1M	0	/work/hdd/bdau/mbanisharifdehkordi/E2E/3d/results_combined/combined_ckpt3.nc4.locktest.30	/work	lustre
POSIX	30	18415491785194600855	POSIX_SIZE_WRITE_1M_4M	0	/work/hdd/bdau/mbanisharifdehkordi/E2E/3d/results_combined/combined_ckpt3.nc4.locktest.30	/work	lustre
POSIX	30	18415491785194600855	POSIX_SIZE_WRITE_4M_10M	0	/work/hdd/bdau/mbanisharifdehkordi/E2E/3d/results_combined/combined_ckpt3.nc4.locktest.30	/work	lustre
POSIX	30	18415491785194600855	POSIX_SIZE_WRITE_10M_100M	0	/work/hdd/bdau/mbanisharifdehkordi/E2E/3d/results_combined/combined_ckpt3.nc4.locktest.30	/work	lustre
POSIX	30	18415491785194600855	POSIX_SIZE_WRITE_100M_1G	0	/work/hdd/bdau/mbanisharifdehkordi/E2E/3d/results_combined/combined_ckpt3.nc4.locktest.30	/work	lustre
POSIX	30	18415491785194600855	POSIX_SIZE_WRITE_1G_PLUS	0	/work/hdd/bdau/mbanisharifdehkordi/E2E/3d/results_combined/combined_ckpt3.nc4.locktest.30	/work	lustre
POSIX	30	3531888601709092091	POSIX_BYTES_WRITTEN	0	/work/hdd/bdau/mbanisharifdehkordi/E2E/3d/results_combined/combined_ckpt3.nc4	/work	lustre
POSIX	30	3531888601709092091	POSIX_FILE_NOT_ALIGNED	0	/work/hdd/bdau/mbanisharifdehkordi/E2E/3d/results_combined/combined_ckpt3.nc4	/work	lustre
POSIX	30	3531888601709092091	POSIX_SIZE_WRITE_0_100	0	/work/hdd/bdau/mbanisharifdehkordi/E2E/3d/results_combined/combined_ckpt3.nc4	/work	lustre
POSIX	30	3531888601709092091	POSIX_SIZE_WRITE_100_1K	0	/work/hdd/bdau/mbanisharifdehkordi/E2E/3d/results_combined/combined_ckpt3.nc4	/work	lustre
POSIX	30	3531888601709092091	POSIX_SIZE_WRITE_1K_10K	0	/work/hdd/bdau/mbanisharifdehkordi/E2E/3d/results_combined/combined_ckpt3.nc4	/work	lustre
POSIX	30	3531888601709092091	POSIX_SIZE_WRITE_10K_100K	0	/work/hdd/bdau/mbanisharifdehkordi/E2E/3d/results_combined/combined_ckpt3.nc4	/work	lustre
POSIX	30	3531888601709092091	POSIX_SIZE_WRITE_100K_1M	0	/work/hdd/bdau/mbanisharifdehkordi/E2E/3d/results_combined/combined_ckpt3.nc4	/work	lustre
POSIX	30	3531888601709092091	POSIX_SIZE_WRITE_1M_4M	0	/work/hdd/bdau/mbanisharifdehkordi/E2E/3d/results_combined/combined_ckpt3.nc4	/work	lustre
POSIX	30	3531888601709092091	POSIX_SIZE_WRITE_4M_10M	0	/work/hdd/bdau/mbanisharifdehkordi/E2E/3d/results_combined/combined_ckpt3.nc4	/work	lustre
POSIX	30	3531888601709092091	POSIX_SIZE_WRITE_10M_100M	0	/work/hdd/bdau/mbanisharifdehkordi/E2E/3d/results_combined/combined_ckpt3.nc4	/work	lustre
POSIX	30	3531888601709092091	POSIX_SIZE_WRITE_100M_1G	0	/work/hdd/bdau/mbanisharifdehkordi/E2E/3d/results_combined/combined_ckpt3.nc4	/work	lustre
POSIX	30	3531888601709092091	POSIX_SIZE_WRITE_1G_PLUS	0	/work/hdd/bdau/mbanisharifdehkordi/E2E/3d/results_combined/combined_ckpt3.nc4	/work	lustre
POSIX	30	7794184631446446289	POSIX_BYTES_WRITTEN	0	/work/hdd/bdau/mbanisharifdehkordi/E2E/3d/results_combined/.	/work	lustre
POSIX	30	7794184631446446289	POSIX_FILE_NOT_ALIGNED	0	/work/hdd/bdau/mbanisharifdehkordi/E2E/3d/results_combined/.	/work	lustre
POSIX	30	7794184631446446289	POSIX_SIZE_WRITE_0_100	0	/work/hdd/bdau/mbanisharifdehkordi/E2E/3d/results_combined/.	/work	lustre
POSIX	30	7794184631446446289	POSIX_SIZE_WRITE_100_1K	0	/work/hdd/bdau/mbanisharifdehkordi/E2E/3d/results_combined/.	/work	lustre
POSIX	30	7794184631446446289	POSIX_SIZE_WRITE_1K_10K	0	/work/hdd/bdau/mbanisharifdehkordi/E2E/3d/results_combined/.	/work	lustre
POSIX	30	7794184631446446289	POSIX_SIZE_WRITE_10K_100K	0	/work/hdd/bdau/mbanisharifdehkordi/E2E/3d/results_combined/.	/work	lustre
POSIX	30	7794184631446446289	POSIX_SIZE_WRITE_100K_1M	0	/work/hdd/bdau/mbanisharifdehkordi/E2E/3d/results_combined/.	/work	lustre
POSIX	30	7794184631446446289	POSIX_SIZE_WRITE_1M_4M	0	/work/hdd/bdau/mbanisharifdehkordi/E2E/3d/results_combined/.	/work	lustre
POSIX	30	7794184631446446289	POSIX_SIZE_WRITE_4M_10M	0	/work/hdd/bdau/mbanisharifdehkordi/E2E/3d/results_combined/.	/work	lustre
POSIX	30	7794184631446446289	POSIX_SIZE_WRITE_10M_100M	0	/work/hdd/bdau/mbanisharifdehkordi/E2E/3d/results_combined/.	/work	lustre
POSIX	30	7794184631446446289	POSIX_SIZE_WRITE_100M_1G	0	/work/hdd/bdau/mbanisharifdehkordi/E2E/3d/results_combined/.	/work	lustre
POSIX	30	7794184631446446289	POSIX_SIZE_WRITE_1G_PLUS	0	/work/hdd/bdau/mbanisharifdehkordi/E2E/3d/results_combined/.	/work	lustre
POSIX	30	1607752630872201620	POSIX_BYTES_WRITTEN	0	/work/hdd/bdau/mbanisharifdehkordi/E2E/3d/results_combined/combined_ckpt3.nc4-3240427521-1102025.loc	/work	lustre
POSIX	30	1607752630872201620	POSIX_FILE_NOT_ALIGNED	0	/work/hdd/bdau/mbanisharifdehkordi/E2E/3d/results_combined/combined_ckpt3.nc4-3240427521-1102025.loc	/work	lustre
POSIX	30	1607752630872201620	POSIX_SIZE_WRITE_0_100	0	/work/hdd/bdau/mbanisharifdehkordi/E2E/3d/results_combined/combined_ckpt3.nc4-3240427521-1102025.loc	/work	lustre
POSIX	30	1607752630872201620	POSIX_SIZE_WRITE_100_1K	0	/work/hdd/bdau/mbanisharifdehkordi/E2E/3d/results_combined/combined_ckpt3.nc4-3240427521-1102025.loc	/work	lustre
POSIX	30	1607752630872201620	POSIX_SIZE_WRITE_1K_10K	0	/work/hdd/bdau/mbanisharifdehkordi/E2E/3d/results_combined/combined_ckpt3.nc4-3240427521-1102025.loc	/work	lustre
POSIX	30	1607752630872201620	POSIX_SIZE_WRITE_10K_100K	0	/work/hdd/bdau/mbanisharifdehkordi/E2E/3d/results_combined/combined_ckpt3.nc4-3240427521-1102025.loc	/work	lustre
POSIX	30	1607752630872201620	POSIX_SIZE_WRITE_100K_1M	0	/work/hdd/bdau/mbanisharifdehkordi/E2E/3d/results_combined/combined_ckpt3.nc4-3240427521-1102025.loc	/work	lustre
POSIX	30	1607752630872201620	POSIX_SIZE_WRITE_1M_4M	0	/work/hdd/bdau/mbanisharifdehkordi/E2E/3d/results_combined/combined_ckpt3.nc4-3240427521-1102025.loc	/work	lustre
POSIX	30	1607752630872201620	POSIX_SIZE_WRITE_4M_10M	0	/work/hdd/bdau/mbanisharifdehkordi/E2E/3d/results_combined/combined_ckpt3.nc4-3240427521-1102025.loc	/work	lustre
POSIX	30	1607752630872201620	POSIX_SIZE_WRITE_10M_100M	0	/work/hdd/bdau/mbanisharifdehkordi/E2E/3d/results_combined/combined_ckpt3.nc4-3240427521-1102025.loc	/work	lustre
POSIX	30	1607752630872201620	POSIX_SIZE_WRITE_100M_1G	0	/work/hdd/bdau/mbanisharifdehkordi/E2E/3d/results_combined/combined_ckpt3.nc4-3240427521-1102025.loc	/work	lustre
POSIX	30	1607752630872201620	POSIX_SIZE_WRITE_1G_PLUS	0	/work/hdd/bdau/mbanisharifdehkordi/E2E/3d/results_combined/combined_ckpt3.nc4-3240427521-1102025.loc	/work	lustre
POSIX	31	2348513572326664996	POSIX_BYTES_WRITTEN	0	/work/hdd/bdau/mbanisharifdehkordi/E2E/3d/results_combined/combined_ckpt3.nc4.locktest.31	/work	lustre
POSIX	31	2348513572326664996	POSIX_FILE_NOT_ALIGNED	0	/work/hdd/bdau/mbanisharifdehkordi/E2E/3d/results_combined/combined_ckpt3.nc4.locktest.31	/work	lustre
POSIX	31	2348513572326664996	POSIX_SIZE_WRITE_0_100	0	/work/hdd/bdau/mbanisharifdehkordi/E2E/3d/results_combined/combined_ckpt3.nc4.locktest.31	/work	lustre
POSIX	31	2348513572326664996	POSIX_SIZE_WRITE_100_1K	0	/work/hdd/bdau/mbanisharifdehkordi/E2E/3d/results_combined/combined_ckpt3.nc4.locktest.31	/work	lustre
POSIX	31	2348513572326664996	POSIX_SIZE_WRITE_1K_10K	0	/work/hdd/bdau/mbanisharifdehkordi/E2E/3d/results_combined/combined_ckpt3.nc4.locktest.31	/work	lustre
POSIX	31	2348513572326664996	POSIX_SIZE_WRITE_10K_100K	0	/work/hdd/bdau/mbanisharifdehkordi/E2E/3d/results_combined/combined_ckpt3.nc4.locktest.31	/work	lustre
POSIX	31	2348513572326664996	POSIX_SIZE_WRITE_100K_1M	0	/work/hdd/bdau/mbanisharifdehkordi/E2E/3d/results_combined/combined_ckpt3.nc4.locktest.31	/work	lustre
POSIX	31	2348513572326664996	POSIX_SIZE_WRITE_1M_4M	0	/work/hdd/bdau/mbanisharifdehkordi/E2E/3d/results_combined/combined_ckpt3.nc4.locktest.31	/work	lustre
POSIX	31	2348513572326664996	POSIX_SIZE_WRITE_4M_10M	0	/work/hdd/bdau/mbanisharifdehkordi/E2E/3d/results_combined/combined_ckpt3.nc4.locktest.31	/work	lustre
POSIX	31	2348513572326664996	POSIX_SIZE_WRITE_10M_100M	0	/work/hdd/bdau/mbanisharifdehkordi/E2E/3d/results_combined/combined_ckpt3.nc4.locktest.31	/work	lustre
POSIX	31	2348513572326664996	POSIX_SIZE_WRITE_100M_1G	0	/work/hdd/bdau/mbanisharifdehkordi/E2E/3d/results_combined/combined_ckpt3.nc4.locktest.31	/work	lustre
POSIX	31	2348513572326664996	POSIX_SIZE_WRITE_1G_PLUS	0	/work/hdd/bdau/mbanisharifdehkordi/E2E/3d/results_combined/combined_ckpt3.nc4.locktest.31	/work	lustre
POSIX	31	3531888601709092091	POSIX_BYTES_WRITTEN	0	/work/hdd/bdau/mbanisharifdehkordi/E2E/3d/results_combined/combined_ckpt3.nc4	/work	lustre
POSIX	31	3531888601709092091	POSIX_FILE_NOT_ALIGNED	0	/work/hdd/bdau/mbanisharifdehkordi/E2E/3d/results_combined/combined_ckpt3.nc4	/work	lustre
POSIX	31	3531888601709092091	POSIX_SIZE_WRITE_0_100	0	/work/hdd/bdau/mbanisharifdehkordi/E2E/3d/results_combined/combined_ckpt3.nc4	/work	lustre
POSIX	31	3531888601709092091	POSIX_SIZE_WRITE_100_1K	0	/work/hdd/bdau/mbanisharifdehkordi/E2E/3d/results_combined/combined_ckpt3.nc4	/work	lustre
POSIX	31	3531888601709092091	POSIX_SIZE_WRITE_1K_10K	0	/work/hdd/bdau/mbanisharifdehkordi/E2E/3d/results_combined/combined_ckpt3.nc4	/work	lustre
POSIX	31	3531888601709092091	POSIX_SIZE_WRITE_10K_100K	0	/work/hdd/bdau/mbanisharifdehkordi/E2E/3d/results_combined/combined_ckpt3.nc4	/work	lustre
POSIX	31	3531888601709092091	POSIX_SIZE_WRITE_100K_1M	0	/work/hdd/bdau/mbanisharifdehkordi/E2E/3d/results_combined/combined_ckpt3.nc4	/work	lustre
POSIX	31	3531888601709092091	POSIX_SIZE_WRITE_1M_4M	0	/work/hdd/bdau/mbanisharifdehkordi/E2E/3d/results_combined/combined_ckpt3.nc4	/work	lustre
POSIX	31	3531888601709092091	POSIX_SIZE_WRITE_4M_10M	0	/work/hdd/bdau/mbanisharifdehkordi/E2E/3d/results_combined/combined_ckpt3.nc4	/work	lustre
POSIX	31	3531888601709092091	POSIX_SIZE_WRITE_10M_100M	0	/work/hdd/bdau/mbanisharifdehkordi/E2E/3d/results_combined/combined_ckpt3.nc4	/work	lustre
POSIX	31	3531888601709092091	POSIX_SIZE_WRITE_100M_1G	0	/work/hdd/bdau/mbanisharifdehkordi/E2E/3d/results_combined/combined_ckpt3.nc4	/work	lustre
POSIX	31	3531888601709092091	POSIX_SIZE_WRITE_1G_PLUS	0	/work/hdd/bdau/mbanisharifdehkordi/E2E/3d/results_combined/combined_ckpt3.nc4	/work	lustre
POSIX	31	7794184631446446289	POSIX_BYTES_WRITTEN	0	/work/hdd/bdau/mbanisharifdehkordi/E2E/3d/results_combined/.	/work	lustre
POSIX	31	7794184631446446289	POSIX_FILE_NOT_ALIGNED	0	/work/hdd/bdau/mbanisharifdehkordi/E2E/3d/results_combined/.	/work	lustre
POSIX	31	7794184631446446289	POSIX_SIZE_WRITE_0_100	0	/work/hdd/bdau/mbanisharifdehkordi/E2E/3d/results_combined/.	/work	lustre
POSIX	31	7794184631446446289	POSIX_SIZE_WRITE_100_1K	0	/work/hdd/bdau/mbanisharifdehkordi/E2E/3d/results_combined/.	/work	lustre
POSIX	31	7794184631446446289	POSIX_SIZE_WRITE_1K_10K	0	/work/hdd/bdau/mbanisharifdehkordi/E2E/3d/results_combined/.	/work	lustre
POSIX	31	7794184631446446289	POSIX_SIZE_WRITE_10K_100K	0	/work/hdd/bdau/mbanisharifdehkordi/E2E/3d/results_combined/.	/work	lustre
POSIX	31	7794184631446446289	POSIX_SIZE_WRITE_100K_1M	0	/work/hdd/bdau/mbanisharifdehkordi/E2E/3d/results_combined/.	/work	lustre
POSIX	31	7794184631446446289	POSIX_SIZE_WRITE_1M_4M	0	/work/hdd/bdau/mbanisharifdehkordi/E2E/3d/results_combined/.	/work	lustre
POSIX	31	7794184631446446289	POSIX_SIZE_WRITE_4M_10M	0	/work/hdd/bdau/mbanisharifdehkordi/E2E/3d/results_combined/.	/work	lustre
POSIX	31	7794184631446446289	POSIX_SIZE_WRITE_10M_100M	0	/work/hdd/bdau/mbanisharifdehkordi/E2E/3d/results_combined/.	/work	lustre
POSIX	31	7794184631446446289	POSIX_SIZE_WRITE_100M_1G	0	/work/hdd/bdau/mbanisharifdehkordi/E2E/3d/results_combined/.	/work	lustre
POSIX	31	7794184631446446289	POSIX_SIZE_WRITE_1G_PLUS	0	/work/hdd/bdau/mbanisharifdehkordi/E2E/3d/results_combined/.	/work	lustre
POSIX	31	1607752630872201620	POSIX_BYTES_WRITTEN	0	/work/hdd/bdau/mbanisharifdehkordi/E2E/3d/results_combined/combined_ckpt3.nc4-3240427521-1102025.loc	/work	lustre
POSIX	31	1607752630872201620	POSIX_FILE_NOT_ALIGNED	0	/work/hdd/bdau/mbanisharifdehkordi/E2E/3d/results_combined/combined_ckpt3.nc4-3240427521-1102025.loc	/work	lustre
POSIX	31	1607752630872201620	POSIX_SIZE_WRITE_0_100	0	/work/hdd/bdau/mbanisharifdehkordi/E2E/3d/results_combined/combined_ckpt3.nc4-3240427521-1102025.loc	/work	lustre
POSIX	31	1607752630872201620	POSIX_SIZE_WRITE_100_1K	0	/work/hdd/bdau/mbanisharifdehkordi/E2E/3d/results_combined/combined_ckpt3.nc4-3240427521-1102025.loc	/work	lustre
POSIX	31	1607752630872201620	POSIX_SIZE_WRITE_1K_10K	0	/work/hdd/bdau/mbanisharifdehkordi/E2E/3d/results_combined/combined_ckpt3.nc4-3240427521-1102025.loc	/work	lustre
POSIX	31	1607752630872201620	POSIX_SIZE_WRITE_10K_100K	0	/work/hdd/bdau/mbanisharifdehkordi/E2E/3d/results_combined/combined_ckpt3.nc4-3240427521-1102025.loc	/work	lustre
POSIX	31	1607752630872201620	POSIX_SIZE_WRITE_100K_1M	0	/work/hdd/bdau/mbanisharifdehkordi/E2E/3d/results_combined/combined_ckpt3.nc4-3240427521-1102025.loc	/work	lustre
POSIX	31	1607752630872201620	POSIX_SIZE_WRITE_1M_4M	0	/work/hdd/bdau/mbanisharifdehkordi/E2E/3d/results_combined/combined_ckpt3.nc4-3240427521-1102025.loc	/work	lustre
POSIX	31	1607752630872201620	POSIX_SIZE_WRITE_4M_10M	0	/work/hdd/bdau/mbanisharifdehkordi/E2E/3d/results_combined/combined_ckpt3.nc4-3240427521-1102025.loc	/work	lustre
POSIX	31	1607752630872201620	POSIX_SIZE_WRITE_10M_100M	0	/work/hdd/bdau/mbanisharifdehkordi/E2E/3d/results_combined/combined_ckpt3.nc4-3240427521-1102025.loc	/work	lustre
POSIX	31	1607752630872201620	POSIX_SIZE_WRITE_100M_1G	0	/work/hdd/bdau/mbanisharifdehkordi/E2E/3d/results_combined/combined_ckpt3.nc4-3240427521-1102025.loc	/work	lustre
POSIX	31	1607752630872201620	POSIX_SIZE_WRITE_1G_PLUS	0	/work/hdd/bdau/mbanisharifdehkordi/E2E/3d/results_combined/combined_ckpt3.nc4-3240427521-1102025.loc	/work	lustre
POSIX	32	990179119154074199	POSIX_BYTES_WRITTEN	0	/work/hdd/bdau/mbanisharifdehkordi/E2E/3d/results_combined/combined_ckpt3.nc4.locktest.32	/work	lustre
POSIX	32	990179119154074199	POSIX_FILE_NOT_ALIGNED	0	/work/hdd/bdau/mbanisharifdehkordi/E2E/3d/results_combined/combined_ckpt3.nc4.locktest.32	/work	lustre
POSIX	32	990179119154074199	POSIX_SIZE_WRITE_0_100	0	/work/hdd/bdau/mbanisharifdehkordi/E2E/3d/results_combined/combined_ckpt3.nc4.locktest.32	/work	lustre
POSIX	32	990179119154074199	POSIX_SIZE_WRITE_100_1K	0	/work/hdd/bdau/mbanisharifdehkordi/E2E/3d/results_combined/combined_ckpt3.nc4.locktest.32	/work	lustre
POSIX	32	990179119154074199	POSIX_SIZE_WRITE_1K_10K	0	/work/hdd/bdau/mbanisharifdehkordi/E2E/3d/results_combined/combined_ckpt3.nc4.locktest.32	/work	lustre
POSIX	32	990179119154074199	POSIX_SIZE_WRITE_10K_100K	0	/work/hdd/bdau/mbanisharifdehkordi/E2E/3d/results_combined/combined_ckpt3.nc4.locktest.32	/work	lustre
POSIX	32	990179119154074199	POSIX_SIZE_WRITE_100K_1M	0	/work/hdd/bdau/mbanisharifdehkordi/E2E/3d/results_combined/combined_ckpt3.nc4.locktest.32	/work	lustre
POSIX	32	990179119154074199	POSIX_SIZE_WRITE_1M_4M	0	/work/hdd/bdau/mbanisharifdehkordi/E2E/3d/results_combined/combined_ckpt3.nc4.locktest.32	/work	lustre
POSIX	32	990179119154074199	POSIX_SIZE_WRITE_4M_10M	0	/work/hdd/bdau/mbanisharifdehkordi/E2E/3d/results_combined/combined_ckpt3.nc4.locktest.32	/work	lustre
POSIX	32	990179119154074199	POSIX_SIZE_WRITE_10M_100M	0	/work/hdd/bdau/mbanisharifdehkordi/E2E/3d/results_combined/combined_ckpt3.nc4.locktest.32	/work	lustre
POSIX	32	990179119154074199	POSIX_SIZE_WRITE_100M_1G	0	/work/hdd/bdau/mbanisharifdehkordi/E2E/3d/results_combined/combined_ckpt3.nc4.locktest.32	/work	lustre
POSIX	32	990179119154074199	POSIX_SIZE_WRITE_1G_PLUS	0	/work/hdd/bdau/mbanisharifdehkordi/E2E/3d/results_combined/combined_ckpt3.nc4.locktest.32	/work	lustre
POSIX	32	3531888601709092091	POSIX_BYTES_WRITTEN	0	/work/hdd/bdau/mbanisharifdehkordi/E2E/3d/results_combined/combined_ckpt3.nc4	/work	lustre
POSIX	32	3531888601709092091	POSIX_FILE_NOT_ALIGNED	0	/work/hdd/bdau/mbanisharifdehkordi/E2E/3d/results_combined/combined_ckpt3.nc4	/work	lustre
POSIX	32	3531888601709092091	POSIX_SIZE_WRITE_0_100	0	/work/hdd/bdau/mbanisharifdehkordi/E2E/3d/results_combined/combined_ckpt3.nc4	/work	lustre
POSIX	32	3531888601709092091	POSIX_SIZE_WRITE_100_1K	0	/work/hdd/bdau/mbanisharifdehkordi/E2E/3d/results_combined/combined_ckpt3.nc4	/work	lustre
POSIX	32	3531888601709092091	POSIX_SIZE_WRITE_1K_10K	0	/work/hdd/bdau/mbanisharifdehkordi/E2E/3d/results_combined/combined_ckpt3.nc4	/work	lustre
POSIX	32	3531888601709092091	POSIX_SIZE_WRITE_10K_100K	0	/work/hdd/bdau/mbanisharifdehkordi/E2E/3d/results_combined/combined_ckpt3.nc4	/work	lustre
POSIX	32	3531888601709092091	POSIX_SIZE_WRITE_100K_1M	0	/work/hdd/bdau/mbanisharifdehkordi/E2E/3d/results_combined/combined_ckpt3.nc4	/work	lustre
POSIX	32	3531888601709092091	POSIX_SIZE_WRITE_1M_4M	0	/work/hdd/bdau/mbanisharifdehkordi/E2E/3d/results_combined/combined_ckpt3.nc4	/work	lustre
POSIX	32	3531888601709092091	POSIX_SIZE_WRITE_4M_10M	0	/work/hdd/bdau/mbanisharifdehkordi/E2E/3d/results_combined/combined_ckpt3.nc4	/work	lustre
POSIX	32	3531888601709092091	POSIX_SIZE_WRITE_10M_100M	0	/work/hdd/bdau/mbanisharifdehkordi/E2E/3d/results_combined/combined_ckpt3.nc4	/work	lustre
POSIX	32	3531888601709092091	POSIX_SIZE_WRITE_100M_1G	0	/work/hdd/bdau/mbanisharifdehkordi/E2E/3d/results_combined/combined_ckpt3.nc4	/work	lustre
POSIX	32	3531888601709092091	POSIX_SIZE_WRITE_1G_PLUS	0	/work/hdd/bdau/mbanisharifdehkordi/E2E/3d/results_combined/combined_ckpt3.nc4	/work	lustre
POSIX	32	7794184631446446289	POSIX_BYTES_WRITTEN	0	/work/hdd/bdau/mbanisharifdehkordi/E2E/3d/results_combined/.	/work	lustre
POSIX	32	7794184631446446289	POSIX_FILE_NOT_ALIGNED	0	/work/hdd/bdau/mbanisharifdehkordi/E2E/3d/results_combined/.	/work	lustre
POSIX	32	7794184631446446289	POSIX_SIZE_WRITE_0_100	0	/work/hdd/bdau/mbanisharifdehkordi/E2E/3d/results_combined/.	/work	lustre
POSIX	32	7794184631446446289	POSIX_SIZE_WRITE_100_1K	0	/work/hdd/bdau/mbanisharifdehkordi/E2E/3d/results_combined/.	/work	lustre
POSIX	32	7794184631446446289	POSIX_SIZE_WRITE_1K_10K	0	/work/hdd/bdau/mbanisharifdehkordi/E2E/3d/results_combined/.	/work	lustre
POSIX	32	7794184631446446289	POSIX_SIZE_WRITE_10K_100K	0	/work/hdd/bdau/mbanisharifdehkordi/E2E/3d/results_combined/.	/work	lustre
POSIX	32	7794184631446446289	POSIX_SIZE_WRITE_100K_1M	0	/work/hdd/bdau/mbanisharifdehkordi/E2E/3d/results_combined/.	/work	lustre
POSIX	32	7794184631446446289	POSIX_SIZE_WRITE_1M_4M	0	/work/hdd/bdau/mbanisharifdehkordi/E2E/3d/results_combined/.	/work	lustre
POSIX	32	7794184631446446289	POSIX_SIZE_WRITE_4M_10M	0	/work/hdd/bdau/mbanisharifdehkordi/E2E/3d/results_combined/.	/work	lustre
POSIX	32	7794184631446446289	POSIX_SIZE_WRITE_10M_100M	0	/work/hdd/bdau/mbanisharifdehkordi/E2E/3d/results_combined/.	/work	lustre
POSIX	32	7794184631446446289	POSIX_SIZE_WRITE_100M_1G	0	/work/hdd/bdau/mbanisharifdehkordi/E2E/3d/results_combined/.	/work	lustre
POSIX	32	7794184631446446289	POSIX_SIZE_WRITE_1G_PLUS	0	/work/hdd/bdau/mbanisharifdehkordi/E2E/3d/results_combined/.	/work	lustre
POSIX	32	1607752630872201620	POSIX_BYTES_WRITTEN	0	/work/hdd/bdau/mbanisharifdehkordi/E2E/3d/results_combined/combined_ckpt3.nc4-3240427521-1102025.loc	/work	lustre
POSIX	32	1607752630872201620	POSIX_FILE_NOT_ALIGNED	0	/work/hdd/bdau/mbanisharifdehkordi/E2E/3d/results_combined/combined_ckpt3.nc4-3240427521-1102025.loc	/work	lustre
POSIX	32	1607752630872201620	POSIX_SIZE_WRITE_0_100	0	/work/hdd/bdau/mbanisharifdehkordi/E2E/3d/results_combined/combined_ckpt3.nc4-3240427521-1102025.loc	/work	lustre
POSIX	32	1607752630872201620	POSIX_SIZE_WRITE_100_1K	0	/work/hdd/bdau/mbanisharifdehkordi/E2E/3d/results_combined/combined_ckpt3.nc4-3240427521-1102025.loc	/work	lustre
POSIX	32	1607752630872201620	POSIX_SIZE_WRITE_1K_10K	0	/work/hdd/bdau/mbanisharifdehkordi/E2E/3d/results_combined/combined_ckpt3.nc4-3240427521-1102025.loc	/work	lustre
POSIX	32	1607752630872201620	POSIX_SIZE_WRITE_10K_100K	0	/work/hdd/bdau/mbanisharifdehkordi/E2E/3d/results_combined/combined_ckpt3.nc4-3240427521-1102025.loc	/work	lustre
POSIX	32	1607752630872201620	POSIX_SIZE_WRITE_100K_1M	0	/work/hdd/bdau/mbanisharifdehkordi/E2E/3d/results_combined/combined_ckpt3.nc4-3240427521-1102025.loc	/work	lustre
POSIX	32	1607752630872201620	POSIX_SIZE_WRITE_1M_4M	0	/work/hdd/bdau/mbanisharifdehkordi/E2E/3d/results_combined/combined_ckpt3.nc4-3240427521-1102025.loc	/work	lustre
POSIX	32	1607752630872201620	POSIX_SIZE_WRITE_4M_10M	0	/work/hdd/bdau/mbanisharifdehkordi/E2E/3d/results_combined/combined_ckpt3.nc4-3240427521-1102025.loc	/work	lustre
POSIX	32	1607752630872201620	POSIX_SIZE_WRITE_10M_100M	0	/work/hdd/bdau/mbanisharifdehkordi/E2E/3d/results_combined/combined_ckpt3.nc4-3240427521-1102025.loc	/work	lustre
POSIX	32	1607752630872201620	POSIX_SIZE_WRITE_100M_1G	0	/work/hdd/bdau/mbanisharifdehkordi/E2E/3d/results_combined/combined_ckpt3.nc4-3240427521-1102025.loc	/work	lustre
POSIX	32	1607752630872201620	POSIX_SIZE_WRITE_1G_PLUS	0	/work/hdd/bdau/mbanisharifdehkordi/E2E/3d/results_combined/combined_ckpt3.nc4-3240427521-1102025.loc	/work	lustre
POSIX	33	9901711822814303943	POSIX_BYTES_WRITTEN	0	/work/hdd/bdau/mbanisharifdehkordi/E2E/3d/results_combined/combined_ckpt3.nc4.locktest.33	/work	lustre
POSIX	33	9901711822814303943	POSIX_FILE_NOT_ALIGNED	0	/work/hdd/bdau/mbanisharifdehkordi/E2E/3d/results_combined/combined_ckpt3.nc4.locktest.33	/work	lustre
POSIX	33	9901711822814303943	POSIX_SIZE_WRITE_0_100	0	/work/hdd/bdau/mbanisharifdehkordi/E2E/3d/results_combined/combined_ckpt3.nc4.locktest.33	/work	lustre
POSIX	33	9901711822814303943	POSIX_SIZE_WRITE_100_1K	0	/work/hdd/bdau/mbanisharifdehkordi/E2E/3d/results_combined/combined_ckpt3.nc4.locktest.33	/work	lustre
POSIX	33	9901711822814303943	POSIX_SIZE_WRITE_1K_10K	0	/work/hdd/bdau/mbanisharifdehkordi/E2E/3d/results_combined/combined_ckpt3.nc4.locktest.33	/work	lustre
POSIX	33	9901711822814303943	POSIX_SIZE_WRITE_10K_100K	0	/work/hdd/bdau/mbanisharifdehkordi/E2E/3d/results_combined/combined_ckpt3.nc4.locktest.33	/work	lustre
POSIX	33	9901711822814303943	POSIX_SIZE_WRITE_100K_1M	0	/work/hdd/bdau/mbanisharifdehkordi/E2E/3d/results_combined/combined_ckpt3.nc4.locktest.33	/work	lustre
POSIX	33	9901711822814303943	POSIX_SIZE_WRITE_1M_4M	0	/work/hdd/bdau/mbanisharifdehkordi/E2E/3d/results_combined/combined_ckpt3.nc4.locktest.33	/work	lustre
POSIX	33	9901711822814303943	POSIX_SIZE_WRITE_4M_10M	0	/work/hdd/bdau/mbanisharifdehkordi/E2E/3d/results_combined/combined_ckpt3.nc4.locktest.33	/work	lustre
POSIX	33	9901711822814303943	POSIX_SIZE_WRITE_10M_100M	0	/work/hdd/bdau/mbanisharifdehkordi/E2E/3d/results_combined/combined_ckpt3.nc4.locktest.33	/work	lustre
POSIX	33	9901711822814303943	POSIX_SIZE_WRITE_100M_1G	0	/work/hdd/bdau/mbanisharifdehkordi/E2E/3d/results_combined/combined_ckpt3.nc4.locktest.33	/work	lustre
POSIX	33	9901711822814303943	POSIX_SIZE_WRITE_1G_PLUS	0	/work/hdd/bdau/mbanisharifdehkordi/E2E/3d/results_combined/combined_ckpt3.nc4.locktest.33	/work	lustre
POSIX	33	3531888601709092091	POSIX_BYTES_WRITTEN	0	/work/hdd/bdau/mbanisharifdehkordi/E2E/3d/results_combined/combined_ckpt3.nc4	/work	lustre
POSIX	33	3531888601709092091	POSIX_FILE_NOT_ALIGNED	0	/work/hdd/bdau/mbanisharifdehkordi/E2E/3d/results_combined/combined_ckpt3.nc4	/work	lustre
POSIX	33	3531888601709092091	POSIX_SIZE_WRITE_0_100	0	/work/hdd/bdau/mbanisharifdehkordi/E2E/3d/results_combined/combined_ckpt3.nc4	/work	lustre
POSIX	33	3531888601709092091	POSIX_SIZE_WRITE_100_1K	0	/work/hdd/bdau/mbanisharifdehkordi/E2E/3d/results_combined/combined_ckpt3.nc4	/work	lustre
POSIX	33	3531888601709092091	POSIX_SIZE_WRITE_1K_10K	0	/work/hdd/bdau/mbanisharifdehkordi/E2E/3d/results_combined/combined_ckpt3.nc4	/work	lustre
POSIX	33	3531888601709092091	POSIX_SIZE_WRITE_10K_100K	0	/work/hdd/bdau/mbanisharifdehkordi/E2E/3d/results_combined/combined_ckpt3.nc4	/work	lustre
POSIX	33	3531888601709092091	POSIX_SIZE_WRITE_100K_1M	0	/work/hdd/bdau/mbanisharifdehkordi/E2E/3d/results_combined/combined_ckpt3.nc4	/work	lustre
POSIX	33	3531888601709092091	POSIX_SIZE_WRITE_1M_4M	0	/work/hdd/bdau/mbanisharifdehkordi/E2E/3d/results_combined/combined_ckpt3.nc4	/work	lustre
POSIX	33	3531888601709092091	POSIX_SIZE_WRITE_4M_10M	0	/work/hdd/bdau/mbanisharifdehkordi/E2E/3d/results_combined/combined_ckpt3.nc4	/work	lustre
POSIX	33	3531888601709092091	POSIX_SIZE_WRITE_10M_100M	0	/work/hdd/bdau/mbanisharifdehkordi/E2E/3d/results_combined/combined_ckpt3.nc4	/work	lustre
POSIX	33	3531888601709092091	POSIX_SIZE_WRITE_100M_1G	0	/work/hdd/bdau/mbanisharifdehkordi/E2E/3d/results_combined/combined_ckpt3.nc4	/work	lustre
POSIX	33	3531888601709092091	POSIX_SIZE_WRITE_1G_PLUS	0	/work/hdd/bdau/mbanisharifdehkordi/E2E/3d/results_combined/combined_ckpt3.nc4	/work	lustre
POSIX	33	7794184631446446289	POSIX_BYTES_WRITTEN	0	/work/hdd/bdau/mbanisharifdehkordi/E2E/3d/results_combined/.	/work	lustre
POSIX	33	7794184631446446289	POSIX_FILE_NOT_ALIGNED	0	/work/hdd/bdau/mbanisharifdehkordi/E2E/3d/results_combined/.	/work	lustre
POSIX	33	7794184631446446289	POSIX_SIZE_WRITE_0_100	0	/work/hdd/bdau/mbanisharifdehkordi/E2E/3d/results_combined/.	/work	lustre
POSIX	33	7794184631446446289	POSIX_SIZE_WRITE_100_1K	0	/work/hdd/bdau/mbanisharifdehkordi/E2E/3d/results_combined/.	/work	lustre
POSIX	33	7794184631446446289	POSIX_SIZE_WRITE_1K_10K	0	/work/hdd/bdau/mbanisharifdehkordi/E2E/3d/results_combined/.	/work	lustre
POSIX	33	7794184631446446289	POSIX_SIZE_WRITE_10K_100K	0	/work/hdd/bdau/mbanisharifdehkordi/E2E/3d/results_combined/.	/work	lustre
POSIX	33	7794184631446446289	POSIX_SIZE_WRITE_100K_1M	0	/work/hdd/bdau/mbanisharifdehkordi/E2E/3d/results_combined/.	/work	lustre
POSIX	33	7794184631446446289	POSIX_SIZE_WRITE_1M_4M	0	/work/hdd/bdau/mbanisharifdehkordi/E2E/3d/results_combined/.	/work	lustre
POSIX	33	7794184631446446289	POSIX_SIZE_WRITE_4M_10M	0	/work/hdd/bdau/mbanisharifdehkordi/E2E/3d/results_combined/.	/work	lustre
POSIX	33	7794184631446446289	POSIX_SIZE_WRITE_10M_100M	0	/work/hdd/bdau/mbanisharifdehkordi/E2E/3d/results_combined/.	/work	lustre
POSIX	33	7794184631446446289	POSIX_SIZE_WRITE_100M_1G	0	/work/hdd/bdau/mbanisharifdehkordi/E2E/3d/results_combined/.	/work	lustre
POSIX	33	7794184631446446289	POSIX_SIZE_WRITE_1G_PLUS	0	/work/hdd/bdau/mbanisharifdehkordi/E2E/3d/results_combined/.	/work	lustre
POSIX	33	1607752630872201620	POSIX_BYTES_WRITTEN	0	/work/hdd/bdau/mbanisharifdehkordi/E2E/3d/results_combined/combined_ckpt3.nc4-3240427521-1102025.loc	/work	lustre
POSIX	33	1607752630872201620	POSIX_FILE_NOT_ALIGNED	0	/work/hdd/bdau/mbanisharifdehkordi/E2E/3d/results_combined/combined_ckpt3.nc4-3240427521-1102025.loc	/work	lustre
POSIX	33	1607752630872201620	POSIX_SIZE_WRITE_0_100	0	/work/hdd/bdau/mbanisharifdehkordi/E2E/3d/results_combined/combined_ckpt3.nc4-3240427521-1102025.loc	/work	lustre
POSIX	33	1607752630872201620	POSIX_SIZE_WRITE_100_1K	0	/work/hdd/bdau/mbanisharifdehkordi/E2E/3d/results_combined/combined_ckpt3.nc4-3240427521-1102025.loc	/work	lustre
POSIX	33	1607752630872201620	POSIX_SIZE_WRITE_1K_10K	0	/work/hdd/bdau/mbanisharifdehkordi/E2E/3d/results_combined/combined_ckpt3.nc4-3240427521-1102025.loc	/work	lustre
POSIX	33	1607752630872201620	POSIX_SIZE_WRITE_10K_100K	0	/work/hdd/bdau/mbanisharifdehkordi/E2E/3d/results_combined/combined_ckpt3.nc4-3240427521-1102025.loc	/work	lustre
POSIX	33	1607752630872201620	POSIX_SIZE_WRITE_100K_1M	0	/work/hdd/bdau/mbanisharifdehkordi/E2E/3d/results_combined/combined_ckpt3.nc4-3240427521-1102025.loc	/work	lustre
POSIX	33	1607752630872201620	POSIX_SIZE_WRITE_1M_4M	0	/work/hdd/bdau/mbanisharifdehkordi/E2E/3d/results_combined/combined_ckpt3.nc4-3240427521-1102025.loc	/work	lustre
POSIX	33	1607752630872201620	POSIX_SIZE_WRITE_4M_10M	0	/work/hdd/bdau/mbanisharifdehkordi/E2E/3d/results_combined/combined_ckpt3.nc4-3240427521-1102025.loc	/work	lustre
POSIX	33	1607752630872201620	POSIX_SIZE_WRITE_10M_100M	0	/work/hdd/bdau/mbanisharifdehkordi/E2E/3d/results_combined/combined_ckpt3.nc4-3240427521-1102025.loc	/work	lustre
POSIX	33	1607752630872201620	POSIX_SIZE_WRITE_100M_1G	0	/work/hdd/bdau/mbanisharifdehkordi/E2E/3d/results_combined/combined_ckpt3.nc4-3240427521-1102025.loc	/work	lustre
POSIX	33	1607752630872201620	POSIX_SIZE_WRITE_1G_PLUS	0	/work/hdd/bdau/mbanisharifdehkordi/E2E/3d/results_combined/combined_ckpt3.nc4-3240427521-1102025.loc	/work	lustre
POSIX	34	8258768081995563909	POSIX_BYTES_WRITTEN	0	/work/hdd/bdau/mbanisharifdehkordi/E2E/3d/results_combined/combined_ckpt3.nc4.locktest.34	/work	lustre
POSIX	34	8258768081995563909	POSIX_FILE_NOT_ALIGNED	0	/work/hdd/bdau/mbanisharifdehkordi/E2E/3d/results_combined/combined_ckpt3.nc4.locktest.34	/work	lustre
POSIX	34	8258768081995563909	POSIX_SIZE_WRITE_0_100	0	/work/hdd/bdau/mbanisharifdehkordi/E2E/3d/results_combined/combined_ckpt3.nc4.locktest.34	/work	lustre
POSIX	34	8258768081995563909	POSIX_SIZE_WRITE_100_1K	0	/work/hdd/bdau/mbanisharifdehkordi/E2E/3d/results_combined/combined_ckpt3.nc4.locktest.34	/work	lustre
POSIX	34	8258768081995563909	POSIX_SIZE_WRITE_1K_10K	0	/work/hdd/bdau/mbanisharifdehkordi/E2E/3d/results_combined/combined_ckpt3.nc4.locktest.34	/work	lustre
POSIX	34	8258768081995563909	POSIX_SIZE_WRITE_10K_100K	0	/work/hdd/bdau/mbanisharifdehkordi/E2E/3d/results_combined/combined_ckpt3.nc4.locktest.34	/work	lustre
POSIX	34	8258768081995563909	POSIX_SIZE_WRITE_100K_1M	0	/work/hdd/bdau/mbanisharifdehkordi/E2E/3d/results_combined/combined_ckpt3.nc4.locktest.34	/work	lustre
POSIX	34	8258768081995563909	POSIX_SIZE_WRITE_1M_4M	0	/work/hdd/bdau/mbanisharifdehkordi/E2E/3d/results_combined/combined_ckpt3.nc4.locktest.34	/work	lustre
POSIX	34	8258768081995563909	POSIX_SIZE_WRITE_4M_10M	0	/work/hdd/bdau/mbanisharifdehkordi/E2E/3d/results_combined/combined_ckpt3.nc4.locktest.34	/work	lustre
POSIX	34	8258768081995563909	POSIX_SIZE_WRITE_10M_100M	0	/work/hdd/bdau/mbanisharifdehkordi/E2E/3d/results_combined/combined_ckpt3.nc4.locktest.34	/work	lustre
POSIX	34	8258768081995563909	POSIX_SIZE_WRITE_100M_1G	0	/work/hdd/bdau/mbanisharifdehkordi/E2E/3d/results_combined/combined_ckpt3.nc4.locktest.34	/work	lustre
POSIX	34	8258768081995563909	POSIX_SIZE_WRITE_1G_PLUS	0	/work/hdd/bdau/mbanisharifdehkordi/E2E/3d/results_combined/combined_ckpt3.nc4.locktest.34	/work	lustre
POSIX	34	3531888601709092091	POSIX_BYTES_WRITTEN	0	/work/hdd/bdau/mbanisharifdehkordi/E2E/3d/results_combined/combined_ckpt3.nc4	/work	lustre
POSIX	34	3531888601709092091	POSIX_FILE_NOT_ALIGNED	0	/work/hdd/bdau/mbanisharifdehkordi/E2E/3d/results_combined/combined_ckpt3.nc4	/work	lustre
POSIX	34	3531888601709092091	POSIX_SIZE_WRITE_0_100	0	/work/hdd/bdau/mbanisharifdehkordi/E2E/3d/results_combined/combined_ckpt3.nc4	/work	lustre
POSIX	34	3531888601709092091	POSIX_SIZE_WRITE_100_1K	0	/work/hdd/bdau/mbanisharifdehkordi/E2E/3d/results_combined/combined_ckpt3.nc4	/work	lustre
POSIX	34	3531888601709092091	POSIX_SIZE_WRITE_1K_10K	0	/work/hdd/bdau/mbanisharifdehkordi/E2E/3d/results_combined/combined_ckpt3.nc4	/work	lustre
POSIX	34	3531888601709092091	POSIX_SIZE_WRITE_10K_100K	0	/work/hdd/bdau/mbanisharifdehkordi/E2E/3d/results_combined/combined_ckpt3.nc4	/work	lustre
POSIX	34	3531888601709092091	POSIX_SIZE_WRITE_100K_1M	0	/work/hdd/bdau/mbanisharifdehkordi/E2E/3d/results_combined/combined_ckpt3.nc4	/work	lustre
POSIX	34	3531888601709092091	POSIX_SIZE_WRITE_1M_4M	0	/work/hdd/bdau/mbanisharifdehkordi/E2E/3d/results_combined/combined_ckpt3.nc4	/work	lustre
POSIX	34	3531888601709092091	POSIX_SIZE_WRITE_4M_10M	0	/work/hdd/bdau/mbanisharifdehkordi/E2E/3d/results_combined/combined_ckpt3.nc4	/work	lustre
POSIX	34	3531888601709092091	POSIX_SIZE_WRITE_10M_100M	0	/work/hdd/bdau/mbanisharifdehkordi/E2E/3d/results_combined/combined_ckpt3.nc4	/work	lustre
POSIX	34	3531888601709092091	POSIX_SIZE_WRITE_100M_1G	0	/work/hdd/bdau/mbanisharifdehkordi/E2E/3d/results_combined/combined_ckpt3.nc4	/work	lustre
POSIX	34	3531888601709092091	POSIX_SIZE_WRITE_1G_PLUS	0	/work/hdd/bdau/mbanisharifdehkordi/E2E/3d/results_combined/combined_ckpt3.nc4	/work	lustre
POSIX	34	7794184631446446289	POSIX_BYTES_WRITTEN	0	/work/hdd/bdau/mbanisharifdehkordi/E2E/3d/results_combined/.	/work	lustre
POSIX	34	7794184631446446289	POSIX_FILE_NOT_ALIGNED	0	/work/hdd/bdau/mbanisharifdehkordi/E2E/3d/results_combined/.	/work	lustre
POSIX	34	7794184631446446289	POSIX_SIZE_WRITE_0_100	0	/work/hdd/bdau/mbanisharifdehkordi/E2E/3d/results_combined/.	/work	lustre
POSIX	34	7794184631446446289	POSIX_SIZE_WRITE_100_1K	0	/work/hdd/bdau/mbanisharifdehkordi/E2E/3d/results_combined/.	/work	lustre
POSIX	34	7794184631446446289	POSIX_SIZE_WRITE_1K_10K	0	/work/hdd/bdau/mbanisharifdehkordi/E2E/3d/results_combined/.	/work	lustre
POSIX	34	7794184631446446289	POSIX_SIZE_WRITE_10K_100K	0	/work/hdd/bdau/mbanisharifdehkordi/E2E/3d/results_combined/.	/work	lustre
POSIX	34	7794184631446446289	POSIX_SIZE_WRITE_100K_1M	0	/work/hdd/bdau/mbanisharifdehkordi/E2E/3d/results_combined/.	/work	lustre
POSIX	34	7794184631446446289	POSIX_SIZE_WRITE_1M_4M	0	/work/hdd/bdau/mbanisharifdehkordi/E2E/3d/results_combined/.	/work	lustre
POSIX	34	7794184631446446289	POSIX_SIZE_WRITE_4M_10M	0	/work/hdd/bdau/mbanisharifdehkordi/E2E/3d/results_combined/.	/work	lustre
POSIX	34	7794184631446446289	POSIX_SIZE_WRITE_10M_100M	0	/work/hdd/bdau/mbanisharifdehkordi/E2E/3d/results_combined/.	/work	lustre
POSIX	34	7794184631446446289	POSIX_SIZE_WRITE_100M_1G	0	/work/hdd/bdau/mbanisharifdehkordi/E2E/3d/results_combined/.	/work	lustre
POSIX	34	7794184631446446289	POSIX_SIZE_WRITE_1G_PLUS	0	/work/hdd/bdau/mbanisharifdehkordi/E2E/3d/results_combined/.	/work	lustre
POSIX	34	1607752630872201620	POSIX_BYTES_WRITTEN	0	/work/hdd/bdau/mbanisharifdehkordi/E2E/3d/results_combined/combined_ckpt3.nc4-3240427521-1102025.loc	/work	lustre
POSIX	34	1607752630872201620	POSIX_FILE_NOT_ALIGNED	0	/work/hdd/bdau/mbanisharifdehkordi/E2E/3d/results_combined/combined_ckpt3.nc4-3240427521-1102025.loc	/work	lustre
POSIX	34	1607752630872201620	POSIX_SIZE_WRITE_0_100	0	/work/hdd/bdau/mbanisharifdehkordi/E2E/3d/results_combined/combined_ckpt3.nc4-3240427521-1102025.loc	/work	lustre
POSIX	34	1607752630872201620	POSIX_SIZE_WRITE_100_1K	0	/work/hdd/bdau/mbanisharifdehkordi/E2E/3d/results_combined/combined_ckpt3.nc4-3240427521-1102025.loc	/work	lustre
POSIX	34	1607752630872201620	POSIX_SIZE_WRITE_1K_10K	0	/work/hdd/bdau/mbanisharifdehkordi/E2E/3d/results_combined/combined_ckpt3.nc4-3240427521-1102025.loc	/work	lustre
POSIX	34	1607752630872201620	POSIX_SIZE_WRITE_10K_100K	0	/work/hdd/bdau/mbanisharifdehkordi/E2E/3d/results_combined/combined_ckpt3.nc4-3240427521-1102025.loc	/work	lustre
POSIX	34	1607752630872201620	POSIX_SIZE_WRITE_100K_1M	0	/work/hdd/bdau/mbanisharifdehkordi/E2E/3d/results_combined/combined_ckpt3.nc4-3240427521-1102025.loc	/work	lustre
POSIX	34	1607752630872201620	POSIX_SIZE_WRITE_1M_4M	0	/work/hdd/bdau/mbanisharifdehkordi/E2E/3d/results_combined/combined_ckpt3.nc4-3240427521-1102025.loc	/work	lustre
POSIX	34	1607752630872201620	POSIX_SIZE_WRITE_4M_10M	0	/work/hdd/bdau/mbanisharifdehkordi/E2E/3d/results_combined/combined_ckpt3.nc4-3240427521-1102025.loc	/work	lustre
POSIX	34	1607752630872201620	POSIX_SIZE_WRITE_10M_100M	0	/work/hdd/bdau/mbanisharifdehkordi/E2E/3d/results_combined/combined_ckpt3.nc4-3240427521-1102025.loc	/work	lustre
POSIX	34	1607752630872201620	POSIX_SIZE_WRITE_100M_1G	0	/work/hdd/bdau/mbanisharifdehkordi/E2E/3d/results_combined/combined_ckpt3.nc4-3240427521-1102025.loc	/work	lustre
POSIX	34	1607752630872201620	POSIX_SIZE_WRITE_1G_PLUS	0	/work/hdd/bdau/mbanisharifdehkordi/E2E/3d/results_combined/combined_ckpt3.nc4-3240427521-1102025.loc	/work	lustre
POSIX	35	128320322927366611	POSIX_BYTES_WRITTEN	0	/work/hdd/bdau/mbanisharifdehkordi/E2E/3d/results_combined/combined_ckpt3.nc4.locktest.35	/work	lustre
POSIX	35	128320322927366611	POSIX_FILE_NOT_ALIGNED	0	/work/hdd/bdau/mbanisharifdehkordi/E2E/3d/results_combined/combined_ckpt3.nc4.locktest.35	/work	lustre
POSIX	35	128320322927366611	POSIX_SIZE_WRITE_0_100	0	/work/hdd/bdau/mbanisharifdehkordi/E2E/3d/results_combined/combined_ckpt3.nc4.locktest.35	/work	lustre
POSIX	35	128320322927366611	POSIX_SIZE_WRITE_100_1K	0	/work/hdd/bdau/mbanisharifdehkordi/E2E/3d/results_combined/combined_ckpt3.nc4.locktest.35	/work	lustre
POSIX	35	128320322927366611	POSIX_SIZE_WRITE_1K_10K	0	/work/hdd/bdau/mbanisharifdehkordi/E2E/3d/results_combined/combined_ckpt3.nc4.locktest.35	/work	lustre
POSIX	35	128320322927366611	POSIX_SIZE_WRITE_10K_100K	0	/work/hdd/bdau/mbanisharifdehkordi/E2E/3d/results_combined/combined_ckpt3.nc4.locktest.35	/work	lustre
POSIX	35	128320322927366611	POSIX_SIZE_WRITE_100K_1M	0	/work/hdd/bdau/mbanisharifdehkordi/E2E/3d/results_combined/combined_ckpt3.nc4.locktest.35	/work	lustre
POSIX	35	128320322927366611	POSIX_SIZE_WRITE_1M_4M	0	/work/hdd/bdau/mbanisharifdehkordi/E2E/3d/results_combined/combined_ckpt3.nc4.locktest.35	/work	lustre
POSIX	35	128320322927366611	POSIX_SIZE_WRITE_4M_10M	0	/work/hdd/bdau/mbanisharifdehkordi/E2E/3d/results_combined/combined_ckpt3.nc4.locktest.35	/work	lustre
POSIX	35	128320322927366611	POSIX_SIZE_WRITE_10M_100M	0	/work/hdd/bdau/mbanisharifdehkordi/E2E/3d/results_combined/combined_ckpt3.nc4.locktest.35	/work	lustre
POSIX	35	128320322927366611	POSIX_SIZE_WRITE_100M_1G	0	/work/hdd/bdau/mbanisharifdehkordi/E2E/3d/results_combined/combined_ckpt3.nc4.locktest.35	/work	lustre
POSIX	35	128320322927366611	POSIX_SIZE_WRITE_1G_PLUS	0	/work/hdd/bdau/mbanisharifdehkordi/E2E/3d/results_combined/combined_ckpt3.nc4.locktest.35	/work	lustre
POSIX	35	3531888601709092091	POSIX_BYTES_WRITTEN	0	/work/hdd/bdau/mbanisharifdehkordi/E2E/3d/results_combined/combined_ckpt3.nc4	/work	lustre
POSIX	35	3531888601709092091	POSIX_FILE_NOT_ALIGNED	0	/work/hdd/bdau/mbanisharifdehkordi/E2E/3d/results_combined/combined_ckpt3.nc4	/work	lustre
POSIX	35	3531888601709092091	POSIX_SIZE_WRITE_0_100	0	/work/hdd/bdau/mbanisharifdehkordi/E2E/3d/results_combined/combined_ckpt3.nc4	/work	lustre
POSIX	35	3531888601709092091	POSIX_SIZE_WRITE_100_1K	0	/work/hdd/bdau/mbanisharifdehkordi/E2E/3d/results_combined/combined_ckpt3.nc4	/work	lustre
POSIX	35	3531888601709092091	POSIX_SIZE_WRITE_1K_10K	0	/work/hdd/bdau/mbanisharifdehkordi/E2E/3d/results_combined/combined_ckpt3.nc4	/work	lustre
POSIX	35	3531888601709092091	POSIX_SIZE_WRITE_10K_100K	0	/work/hdd/bdau/mbanisharifdehkordi/E2E/3d/results_combined/combined_ckpt3.nc4	/work	lustre
POSIX	35	3531888601709092091	POSIX_SIZE_WRITE_100K_1M	0	/work/hdd/bdau/mbanisharifdehkordi/E2E/3d/results_combined/combined_ckpt3.nc4	/work	lustre
POSIX	35	3531888601709092091	POSIX_SIZE_WRITE_1M_4M	0	/work/hdd/bdau/mbanisharifdehkordi/E2E/3d/results_combined/combined_ckpt3.nc4	/work	lustre
POSIX	35	3531888601709092091	POSIX_SIZE_WRITE_4M_10M	0	/work/hdd/bdau/mbanisharifdehkordi/E2E/3d/results_combined/combined_ckpt3.nc4	/work	lustre
POSIX	35	3531888601709092091	POSIX_SIZE_WRITE_10M_100M	0	/work/hdd/bdau/mbanisharifdehkordi/E2E/3d/results_combined/combined_ckpt3.nc4	/work	lustre
POSIX	35	3531888601709092091	POSIX_SIZE_WRITE_100M_1G	0	/work/hdd/bdau/mbanisharifdehkordi/E2E/3d/results_combined/combined_ckpt3.nc4	/work	lustre
POSIX	35	3531888601709092091	POSIX_SIZE_WRITE_1G_PLUS	0	/work/hdd/bdau/mbanisharifdehkordi/E2E/3d/results_combined/combined_ckpt3.nc4	/work	lustre
POSIX	35	7794184631446446289	POSIX_BYTES_WRITTEN	0	/work/hdd/bdau/mbanisharifdehkordi/E2E/3d/results_combined/.	/work	lustre
POSIX	35	7794184631446446289	POSIX_FILE_NOT_ALIGNED	0	/work/hdd/bdau/mbanisharifdehkordi/E2E/3d/results_combined/.	/work	lustre
POSIX	35	7794184631446446289	POSIX_SIZE_WRITE_0_100	0	/work/hdd/bdau/mbanisharifdehkordi/E2E/3d/results_combined/.	/work	lustre
POSIX	35	7794184631446446289	POSIX_SIZE_WRITE_100_1K	0	/work/hdd/bdau/mbanisharifdehkordi/E2E/3d/results_combined/.	/work	lustre
POSIX	35	7794184631446446289	POSIX_SIZE_WRITE_1K_10K	0	/work/hdd/bdau/mbanisharifdehkordi/E2E/3d/results_combined/.	/work	lustre
POSIX	35	7794184631446446289	POSIX_SIZE_WRITE_10K_100K	0	/work/hdd/bdau/mbanisharifdehkordi/E2E/3d/results_combined/.	/work	lustre
POSIX	35	7794184631446446289	POSIX_SIZE_WRITE_100K_1M	0	/work/hdd/bdau/mbanisharifdehkordi/E2E/3d/results_combined/.	/work	lustre
POSIX	35	7794184631446446289	POSIX_SIZE_WRITE_1M_4M	0	/work/hdd/bdau/mbanisharifdehkordi/E2E/3d/results_combined/.	/work	lustre
POSIX	35	7794184631446446289	POSIX_SIZE_WRITE_4M_10M	0	/work/hdd/bdau/mbanisharifdehkordi/E2E/3d/results_combined/.	/work	lustre
POSIX	35	7794184631446446289	POSIX_SIZE_WRITE_10M_100M	0	/work/hdd/bdau/mbanisharifdehkordi/E2E/3d/results_combined/.	/work	lustre
POSIX	35	7794184631446446289	POSIX_SIZE_WRITE_100M_1G	0	/work/hdd/bdau/mbanisharifdehkordi/E2E/3d/results_combined/.	/work	lustre
POSIX	35	7794184631446446289	POSIX_SIZE_WRITE_1G_PLUS	0	/work/hdd/bdau/mbanisharifdehkordi/E2E/3d/results_combined/.	/work	lustre
POSIX	35	1607752630872201620	POSIX_BYTES_WRITTEN	0	/work/hdd/bdau/mbanisharifdehkordi/E2E/3d/results_combined/combined_ckpt3.nc4-3240427521-1102025.loc	/work	lustre
POSIX	35	1607752630872201620	POSIX_FILE_NOT_ALIGNED	0	/work/hdd/bdau/mbanisharifdehkordi/E2E/3d/results_combined/combined_ckpt3.nc4-3240427521-1102025.loc	/work	lustre
POSIX	35	1607752630872201620	POSIX_SIZE_WRITE_0_100	0	/work/hdd/bdau/mbanisharifdehkordi/E2E/3d/results_combined/combined_ckpt3.nc4-3240427521-1102025.loc	/work	lustre
POSIX	35	1607752630872201620	POSIX_SIZE_WRITE_100_1K	0	/work/hdd/bdau/mbanisharifdehkordi/E2E/3d/results_combined/combined_ckpt3.nc4-3240427521-1102025.loc	/work	lustre
POSIX	35	1607752630872201620	POSIX_SIZE_WRITE_1K_10K	0	/work/hdd/bdau/mbanisharifdehkordi/E2E/3d/results_combined/combined_ckpt3.nc4-3240427521-1102025.loc	/work	lustre
POSIX	35	1607752630872201620	POSIX_SIZE_WRITE_10K_100K	0	/work/hdd/bdau/mbanisharifdehkordi/E2E/3d/results_combined/combined_ckpt3.nc4-3240427521-1102025.loc	/work	lustre
POSIX	35	1607752630872201620	POSIX_SIZE_WRITE_100K_1M	0	/work/hdd/bdau/mbanisharifdehkordi/E2E/3d/results_combined/combined_ckpt3.nc4-3240427521-1102025.loc	/work	lustre
POSIX	35	1607752630872201620	POSIX_SIZE_WRITE_1M_4M	0	/work/hdd/bdau/mbanisharifdehkordi/E2E/3d/results_combined/combined_ckpt3.nc4-3240427521-1102025.loc	/work	lustre
POSIX	35	1607752630872201620	POSIX_SIZE_WRITE_4M_10M	0	/work/hdd/bdau/mbanisharifdehkordi/E2E/3d/results_combined/combined_ckpt3.nc4-3240427521-1102025.loc	/work	lustre
POSIX	35	1607752630872201620	POSIX_SIZE_WRITE_10M_100M	0	/work/hdd/bdau/mbanisharifdehkordi/E2E/3d/results_combined/combined_ckpt3.nc4-3240427521-1102025.loc	/work	lustre
POSIX	35	1607752630872201620	POSIX_SIZE_WRITE_100M_1G	0	/work/hdd/bdau/mbanisharifdehkordi/E2E/3d/results_combined/combined_ckpt3.nc4-3240427521-1102025.loc	/work	lustre
POSIX	35	1607752630872201620	POSIX_SIZE_WRITE_1G_PLUS	0	/work/hdd/bdau/mbanisharifdehkordi/E2E/3d/results_combined/combined_ckpt3.nc4-3240427521-1102025.loc	/work	lustre
POSIX	36	13771633520568232152	POSIX_BYTES_WRITTEN	0	/work/hdd/bdau/mbanisharifdehkordi/E2E/3d/results_combined/combined_ckpt3.nc4.locktest.36	/work	lustre
POSIX	36	13771633520568232152	POSIX_FILE_NOT_ALIGNED	0	/work/hdd/bdau/mbanisharifdehkordi/E2E/3d/results_combined/combined_ckpt3.nc4.locktest.36	/work	lustre
POSIX	36	13771633520568232152	POSIX_SIZE_WRITE_0_100	0	/work/hdd/bdau/mbanisharifdehkordi/E2E/3d/results_combined/combined_ckpt3.nc4.locktest.36	/work	lustre
POSIX	36	13771633520568232152	POSIX_SIZE_WRITE_100_1K	0	/work/hdd/bdau/mbanisharifdehkordi/E2E/3d/results_combined/combined_ckpt3.nc4.locktest.36	/work	lustre
POSIX	36	13771633520568232152	POSIX_SIZE_WRITE_1K_10K	0	/work/hdd/bdau/mbanisharifdehkordi/E2E/3d/results_combined/combined_ckpt3.nc4.locktest.36	/work	lustre
POSIX	36	13771633520568232152	POSIX_SIZE_WRITE_10K_100K	0	/work/hdd/bdau/mbanisharifdehkordi/E2E/3d/results_combined/combined_ckpt3.nc4.locktest.36	/work	lustre
POSIX	36	13771633520568232152	POSIX_SIZE_WRITE_100K_1M	0	/work/hdd/bdau/mbanisharifdehkordi/E2E/3d/results_combined/combined_ckpt3.nc4.locktest.36	/work	lustre
POSIX	36	13771633520568232152	POSIX_SIZE_WRITE_1M_4M	0	/work/hdd/bdau/mbanisharifdehkordi/E2E/3d/results_combined/combined_ckpt3.nc4.locktest.36	/work	lustre
POSIX	36	13771633520568232152	POSIX_SIZE_WRITE_4M_10M	0	/work/hdd/bdau/mbanisharifdehkordi/E2E/3d/results_combined/combined_ckpt3.nc4.locktest.36	/work	lustre
POSIX	36	13771633520568232152	POSIX_SIZE_WRITE_10M_100M	0	/work/hdd/bdau/mbanisharifdehkordi/E2E/3d/results_combined/combined_ckpt3.nc4.locktest.36	/work	lustre
POSIX	36	13771633520568232152	POSIX_SIZE_WRITE_100M_1G	0	/work/hdd/bdau/mbanisharifdehkordi/E2E/3d/results_combined/combined_ckpt3.nc4.locktest.36	/work	lustre
POSIX	36	13771633520568232152	POSIX_SIZE_WRITE_1G_PLUS	0	/work/hdd/bdau/mbanisharifdehkordi/E2E/3d/results_combined/combined_ckpt3.nc4.locktest.36	/work	lustre
POSIX	36	3531888601709092091	POSIX_BYTES_WRITTEN	0	/work/hdd/bdau/mbanisharifdehkordi/E2E/3d/results_combined/combined_ckpt3.nc4	/work	lustre
POSIX	36	3531888601709092091	POSIX_FILE_NOT_ALIGNED	0	/work/hdd/bdau/mbanisharifdehkordi/E2E/3d/results_combined/combined_ckpt3.nc4	/work	lustre
POSIX	36	3531888601709092091	POSIX_SIZE_WRITE_0_100	0	/work/hdd/bdau/mbanisharifdehkordi/E2E/3d/results_combined/combined_ckpt3.nc4	/work	lustre
POSIX	36	3531888601709092091	POSIX_SIZE_WRITE_100_1K	0	/work/hdd/bdau/mbanisharifdehkordi/E2E/3d/results_combined/combined_ckpt3.nc4	/work	lustre
POSIX	36	3531888601709092091	POSIX_SIZE_WRITE_1K_10K	0	/work/hdd/bdau/mbanisharifdehkordi/E2E/3d/results_combined/combined_ckpt3.nc4	/work	lustre
POSIX	36	3531888601709092091	POSIX_SIZE_WRITE_10K_100K	0	/work/hdd/bdau/mbanisharifdehkordi/E2E/3d/results_combined/combined_ckpt3.nc4	/work	lustre
POSIX	36	3531888601709092091	POSIX_SIZE_WRITE_100K_1M	0	/work/hdd/bdau/mbanisharifdehkordi/E2E/3d/results_combined/combined_ckpt3.nc4	/work	lustre
POSIX	36	3531888601709092091	POSIX_SIZE_WRITE_1M_4M	0	/work/hdd/bdau/mbanisharifdehkordi/E2E/3d/results_combined/combined_ckpt3.nc4	/work	lustre
POSIX	36	3531888601709092091	POSIX_SIZE_WRITE_4M_10M	0	/work/hdd/bdau/mbanisharifdehkordi/E2E/3d/results_combined/combined_ckpt3.nc4	/work	lustre
POSIX	36	3531888601709092091	POSIX_SIZE_WRITE_10M_100M	0	/work/hdd/bdau/mbanisharifdehkordi/E2E/3d/results_combined/combined_ckpt3.nc4	/work	lustre
POSIX	36	3531888601709092091	POSIX_SIZE_WRITE_100M_1G	0	/work/hdd/bdau/mbanisharifdehkordi/E2E/3d/results_combined/combined_ckpt3.nc4	/work	lustre
POSIX	36	3531888601709092091	POSIX_SIZE_WRITE_1G_PLUS	0	/work/hdd/bdau/mbanisharifdehkordi/E2E/3d/results_combined/combined_ckpt3.nc4	/work	lustre
POSIX	36	7794184631446446289	POSIX_BYTES_WRITTEN	0	/work/hdd/bdau/mbanisharifdehkordi/E2E/3d/results_combined/.	/work	lustre
POSIX	36	7794184631446446289	POSIX_FILE_NOT_ALIGNED	0	/work/hdd/bdau/mbanisharifdehkordi/E2E/3d/results_combined/.	/work	lustre
POSIX	36	7794184631446446289	POSIX_SIZE_WRITE_0_100	0	/work/hdd/bdau/mbanisharifdehkordi/E2E/3d/results_combined/.	/work	lustre
POSIX	36	7794184631446446289	POSIX_SIZE_WRITE_100_1K	0	/work/hdd/bdau/mbanisharifdehkordi/E2E/3d/results_combined/.	/work	lustre
POSIX	36	7794184631446446289	POSIX_SIZE_WRITE_1K_10K	0	/work/hdd/bdau/mbanisharifdehkordi/E2E/3d/results_combined/.	/work	lustre
POSIX	36	7794184631446446289	POSIX_SIZE_WRITE_10K_100K	0	/work/hdd/bdau/mbanisharifdehkordi/E2E/3d/results_combined/.	/work	lustre
POSIX	36	7794184631446446289	POSIX_SIZE_WRITE_100K_1M	0	/work/hdd/bdau/mbanisharifdehkordi/E2E/3d/results_combined/.	/work	lustre
POSIX	36	7794184631446446289	POSIX_SIZE_WRITE_1M_4M	0	/work/hdd/bdau/mbanisharifdehkordi/E2E/3d/results_combined/.	/work	lustre
POSIX	36	7794184631446446289	POSIX_SIZE_WRITE_4M_10M	0	/work/hdd/bdau/mbanisharifdehkordi/E2E/3d/results_combined/.	/work	lustre
POSIX	36	7794184631446446289	POSIX_SIZE_WRITE_10M_100M	0	/work/hdd/bdau/mbanisharifdehkordi/E2E/3d/results_combined/.	/work	lustre
POSIX	36	7794184631446446289	POSIX_SIZE_WRITE_100M_1G	0	/work/hdd/bdau/mbanisharifdehkordi/E2E/3d/results_combined/.	/work	lustre
POSIX	36	7794184631446446289	POSIX_SIZE_WRITE_1G_PLUS	0	/work/hdd/bdau/mbanisharifdehkordi/E2E/3d/results_combined/.	/work	lustre
POSIX	36	1607752630872201620	POSIX_BYTES_WRITTEN	0	/work/hdd/bdau/mbanisharifdehkordi/E2E/3d/results_combined/combined_ckpt3.nc4-3240427521-1102025.loc	/work	lustre
POSIX	36	1607752630872201620	POSIX_FILE_NOT_ALIGNED	0	/work/hdd/bdau/mbanisharifdehkordi/E2E/3d/results_combined/combined_ckpt3.nc4-3240427521-1102025.loc	/work	lustre
POSIX	36	1607752630872201620	POSIX_SIZE_WRITE_0_100	0	/work/hdd/bdau/mbanisharifdehkordi/E2E/3d/results_combined/combined_ckpt3.nc4-3240427521-1102025.loc	/work	lustre
POSIX	36	1607752630872201620	POSIX_SIZE_WRITE_100_1K	0	/work/hdd/bdau/mbanisharifdehkordi/E2E/3d/results_combined/combined_ckpt3.nc4-3240427521-1102025.loc	/work	lustre
POSIX	36	1607752630872201620	POSIX_SIZE_WRITE_1K_10K	0	/work/hdd/bdau/mbanisharifdehkordi/E2E/3d/results_combined/combined_ckpt3.nc4-3240427521-1102025.loc	/work	lustre
POSIX	36	1607752630872201620	POSIX_SIZE_WRITE_10K_100K	0	/work/hdd/bdau/mbanisharifdehkordi/E2E/3d/results_combined/combined_ckpt3.nc4-3240427521-1102025.loc	/work	lustre
POSIX	36	1607752630872201620	POSIX_SIZE_WRITE_100K_1M	0	/work/hdd/bdau/mbanisharifdehkordi/E2E/3d/results_combined/combined_ckpt3.nc4-3240427521-1102025.loc	/work	lustre
POSIX	36	1607752630872201620	POSIX_SIZE_WRITE_1M_4M	0	/work/hdd/bdau/mbanisharifdehkordi/E2E/3d/results_combined/combined_ckpt3.nc4-3240427521-1102025.loc	/work	lustre
POSIX	36	1607752630872201620	POSIX_SIZE_WRITE_4M_10M	0	/work/hdd/bdau/mbanisharifdehkordi/E2E/3d/results_combined/combined_ckpt3.nc4-3240427521-1102025.loc	/work	lustre
POSIX	36	1607752630872201620	POSIX_SIZE_WRITE_10M_100M	0	/work/hdd/bdau/mbanisharifdehkordi/E2E/3d/results_combined/combined_ckpt3.nc4-3240427521-1102025.loc	/work	lustre
POSIX	36	1607752630872201620	POSIX_SIZE_WRITE_100M_1G	0	/work/hdd/bdau/mbanisharifdehkordi/E2E/3d/results_combined/combined_ckpt3.nc4-3240427521-1102025.loc	/work	lustre
POSIX	36	1607752630872201620	POSIX_SIZE_WRITE_1G_PLUS	0	/work/hdd/bdau/mbanisharifdehkordi/E2E/3d/results_combined/combined_ckpt3.nc4-3240427521-1102025.loc	/work	lustre
POSIX	37	6811305598899020284	POSIX_BYTES_WRITTEN	0	/work/hdd/bdau/mbanisharifdehkordi/E2E/3d/results_combined/combined_ckpt3.nc4.locktest.37	/work	lustre
POSIX	37	6811305598899020284	POSIX_FILE_NOT_ALIGNED	0	/work/hdd/bdau/mbanisharifdehkordi/E2E/3d/results_combined/combined_ckpt3.nc4.locktest.37	/work	lustre
POSIX	37	6811305598899020284	POSIX_SIZE_WRITE_0_100	0	/work/hdd/bdau/mbanisharifdehkordi/E2E/3d/results_combined/combined_ckpt3.nc4.locktest.37	/work	lustre
POSIX	37	6811305598899020284	POSIX_SIZE_WRITE_100_1K	0	/work/hdd/bdau/mbanisharifdehkordi/E2E/3d/results_combined/combined_ckpt3.nc4.locktest.37	/work	lustre
POSIX	37	6811305598899020284	POSIX_SIZE_WRITE_1K_10K	0	/work/hdd/bdau/mbanisharifdehkordi/E2E/3d/results_combined/combined_ckpt3.nc4.locktest.37	/work	lustre
POSIX	37	6811305598899020284	POSIX_SIZE_WRITE_10K_100K	0	/work/hdd/bdau/mbanisharifdehkordi/E2E/3d/results_combined/combined_ckpt3.nc4.locktest.37	/work	lustre
POSIX	37	6811305598899020284	POSIX_SIZE_WRITE_100K_1M	0	/work/hdd/bdau/mbanisharifdehkordi/E2E/3d/results_combined/combined_ckpt3.nc4.locktest.37	/work	lustre
POSIX	37	6811305598899020284	POSIX_SIZE_WRITE_1M_4M	0	/work/hdd/bdau/mbanisharifdehkordi/E2E/3d/results_combined/combined_ckpt3.nc4.locktest.37	/work	lustre
POSIX	37	6811305598899020284	POSIX_SIZE_WRITE_4M_10M	0	/work/hdd/bdau/mbanisharifdehkordi/E2E/3d/results_combined/combined_ckpt3.nc4.locktest.37	/work	lustre
POSIX	37	6811305598899020284	POSIX_SIZE_WRITE_10M_100M	0	/work/hdd/bdau/mbanisharifdehkordi/E2E/3d/results_combined/combined_ckpt3.nc4.locktest.37	/work	lustre
POSIX	37	6811305598899020284	POSIX_SIZE_WRITE_100M_1G	0	/work/hdd/bdau/mbanisharifdehkordi/E2E/3d/results_combined/combined_ckpt3.nc4.locktest.37	/work	lustre
POSIX	37	6811305598899020284	POSIX_SIZE_WRITE_1G_PLUS	0	/work/hdd/bdau/mbanisharifdehkordi/E2E/3d/results_combined/combined_ckpt3.nc4.locktest.37	/work	lustre
POSIX	37	3531888601709092091	POSIX_BYTES_WRITTEN	0	/work/hdd/bdau/mbanisharifdehkordi/E2E/3d/results_combined/combined_ckpt3.nc4	/work	lustre
POSIX	37	3531888601709092091	POSIX_FILE_NOT_ALIGNED	0	/work/hdd/bdau/mbanisharifdehkordi/E2E/3d/results_combined/combined_ckpt3.nc4	/work	lustre
POSIX	37	3531888601709092091	POSIX_SIZE_WRITE_0_100	0	/work/hdd/bdau/mbanisharifdehkordi/E2E/3d/results_combined/combined_ckpt3.nc4	/work	lustre
POSIX	37	3531888601709092091	POSIX_SIZE_WRITE_100_1K	0	/work/hdd/bdau/mbanisharifdehkordi/E2E/3d/results_combined/combined_ckpt3.nc4	/work	lustre
POSIX	37	3531888601709092091	POSIX_SIZE_WRITE_1K_10K	0	/work/hdd/bdau/mbanisharifdehkordi/E2E/3d/results_combined/combined_ckpt3.nc4	/work	lustre
POSIX	37	3531888601709092091	POSIX_SIZE_WRITE_10K_100K	0	/work/hdd/bdau/mbanisharifdehkordi/E2E/3d/results_combined/combined_ckpt3.nc4	/work	lustre
POSIX	37	3531888601709092091	POSIX_SIZE_WRITE_100K_1M	0	/work/hdd/bdau/mbanisharifdehkordi/E2E/3d/results_combined/combined_ckpt3.nc4	/work	lustre
POSIX	37	3531888601709092091	POSIX_SIZE_WRITE_1M_4M	0	/work/hdd/bdau/mbanisharifdehkordi/E2E/3d/results_combined/combined_ckpt3.nc4	/work	lustre
POSIX	37	3531888601709092091	POSIX_SIZE_WRITE_4M_10M	0	/work/hdd/bdau/mbanisharifdehkordi/E2E/3d/results_combined/combined_ckpt3.nc4	/work	lustre
POSIX	37	3531888601709092091	POSIX_SIZE_WRITE_10M_100M	0	/work/hdd/bdau/mbanisharifdehkordi/E2E/3d/results_combined/combined_ckpt3.nc4	/work	lustre
POSIX	37	3531888601709092091	POSIX_SIZE_WRITE_100M_1G	0	/work/hdd/bdau/mbanisharifdehkordi/E2E/3d/results_combined/combined_ckpt3.nc4	/work	lustre
POSIX	37	3531888601709092091	POSIX_SIZE_WRITE_1G_PLUS	0	/work/hdd/bdau/mbanisharifdehkordi/E2E/3d/results_combined/combined_ckpt3.nc4	/work	lustre
POSIX	37	7794184631446446289	POSIX_BYTES_WRITTEN	0	/work/hdd/bdau/mbanisharifdehkordi/E2E/3d/results_combined/.	/work	lustre
POSIX	37	7794184631446446289	POSIX_FILE_NOT_ALIGNED	0	/work/hdd/bdau/mbanisharifdehkordi/E2E/3d/results_combined/.	/work	lustre
POSIX	37	7794184631446446289	POSIX_SIZE_WRITE_0_100	0	/work/hdd/bdau/mbanisharifdehkordi/E2E/3d/results_combined/.	/work	lustre
POSIX	37	7794184631446446289	POSIX_SIZE_WRITE_100_1K	0	/work/hdd/bdau/mbanisharifdehkordi/E2E/3d/results_combined/.	/work	lustre
POSIX	37	7794184631446446289	POSIX_SIZE_WRITE_1K_10K	0	/work/hdd/bdau/mbanisharifdehkordi/E2E/3d/results_combined/.	/work	lustre
POSIX	37	7794184631446446289	POSIX_SIZE_WRITE_10K_100K	0	/work/hdd/bdau/mbanisharifdehkordi/E2E/3d/results_combined/.	/work	lustre
POSIX	37	7794184631446446289	POSIX_SIZE_WRITE_100K_1M	0	/work/hdd/bdau/mbanisharifdehkordi/E2E/3d/results_combined/.	/work	lustre
POSIX	37	7794184631446446289	POSIX_SIZE_WRITE_1M_4M	0	/work/hdd/bdau/mbanisharifdehkordi/E2E/3d/results_combined/.	/work	lustre
POSIX	37	7794184631446446289	POSIX_SIZE_WRITE_4M_10M	0	/work/hdd/bdau/mbanisharifdehkordi/E2E/3d/results_combined/.	/work	lustre
POSIX	37	7794184631446446289	POSIX_SIZE_WRITE_10M_100M	0	/work/hdd/bdau/mbanisharifdehkordi/E2E/3d/results_combined/.	/work	lustre
POSIX	37	7794184631446446289	POSIX_SIZE_WRITE_100M_1G	0	/work/hdd/bdau/mbanisharifdehkordi/E2E/3d/results_combined/.	/work	lustre
POSIX	37	7794184631446446289	POSIX_SIZE_WRITE_1G_PLUS	0	/work/hdd/bdau/mbanisharifdehkordi/E2E/3d/results_combined/.	/work	lustre
POSIX	37	1607752630872201620	POSIX_BYTES_WRITTEN	0	/work/hdd/bdau/mbanisharifdehkordi/E2E/3d/results_combined/combined_ckpt3.nc4-3240427521-1102025.loc	/work	lustre
POSIX	37	1607752630872201620	POSIX_FILE_NOT_ALIGNED	0	/work/hdd/bdau/mbanisharifdehkordi/E2E/3d/results_combined/combined_ckpt3.nc4-3240427521-1102025.loc	/work	lustre
POSIX	37	1607752630872201620	POSIX_SIZE_WRITE_0_100	0	/work/hdd/bdau/mbanisharifdehkordi/E2E/3d/results_combined/combined_ckpt3.nc4-3240427521-1102025.loc	/work	lustre
POSIX	37	1607752630872201620	POSIX_SIZE_WRITE_100_1K	0	/work/hdd/bdau/mbanisharifdehkordi/E2E/3d/results_combined/combined_ckpt3.nc4-3240427521-1102025.loc	/work	lustre
POSIX	37	1607752630872201620	POSIX_SIZE_WRITE_1K_10K	0	/work/hdd/bdau/mbanisharifdehkordi/E2E/3d/results_combined/combined_ckpt3.nc4-3240427521-1102025.loc	/work	lustre
POSIX	37	1607752630872201620	POSIX_SIZE_WRITE_10K_100K	0	/work/hdd/bdau/mbanisharifdehkordi/E2E/3d/results_combined/combined_ckpt3.nc4-3240427521-1102025.loc	/work	lustre
POSIX	37	1607752630872201620	POSIX_SIZE_WRITE_100K_1M	0	/work/hdd/bdau/mbanisharifdehkordi/E2E/3d/results_combined/combined_ckpt3.nc4-3240427521-1102025.loc	/work	lustre
POSIX	37	1607752630872201620	POSIX_SIZE_WRITE_1M_4M	0	/work/hdd/bdau/mbanisharifdehkordi/E2E/3d/results_combined/combined_ckpt3.nc4-3240427521-1102025.loc	/work	lustre
POSIX	37	1607752630872201620	POSIX_SIZE_WRITE_4M_10M	0	/work/hdd/bdau/mbanisharifdehkordi/E2E/3d/results_combined/combined_ckpt3.nc4-3240427521-1102025.loc	/work	lustre
POSIX	37	1607752630872201620	POSIX_SIZE_WRITE_10M_100M	0	/work/hdd/bdau/mbanisharifdehkordi/E2E/3d/results_combined/combined_ckpt3.nc4-3240427521-1102025.loc	/work	lustre
POSIX	37	1607752630872201620	POSIX_SIZE_WRITE_100M_1G	0	/work/hdd/bdau/mbanisharifdehkordi/E2E/3d/results_combined/combined_ckpt3.nc4-3240427521-1102025.loc	/work	lustre
POSIX	37	1607752630872201620	POSIX_SIZE_WRITE_1G_PLUS	0	/work/hdd/bdau/mbanisharifdehkordi/E2E/3d/results_combined/combined_ckpt3.nc4-3240427521-1102025.loc	/work	lustre
POSIX	38	10066768040221067638	POSIX_BYTES_WRITTEN	0	/work/hdd/bdau/mbanisharifdehkordi/E2E/3d/results_combined/combined_ckpt3.nc4.locktest.38	/work	lustre
POSIX	38	10066768040221067638	POSIX_FILE_NOT_ALIGNED	0	/work/hdd/bdau/mbanisharifdehkordi/E2E/3d/results_combined/combined_ckpt3.nc4.locktest.38	/work	lustre
POSIX	38	10066768040221067638	POSIX_SIZE_WRITE_0_100	0	/work/hdd/bdau/mbanisharifdehkordi/E2E/3d/results_combined/combined_ckpt3.nc4.locktest.38	/work	lustre
POSIX	38	10066768040221067638	POSIX_SIZE_WRITE_100_1K	0	/work/hdd/bdau/mbanisharifdehkordi/E2E/3d/results_combined/combined_ckpt3.nc4.locktest.38	/work	lustre
POSIX	38	10066768040221067638	POSIX_SIZE_WRITE_1K_10K	0	/work/hdd/bdau/mbanisharifdehkordi/E2E/3d/results_combined/combined_ckpt3.nc4.locktest.38	/work	lustre
POSIX	38	10066768040221067638	POSIX_SIZE_WRITE_10K_100K	0	/work/hdd/bdau/mbanisharifdehkordi/E2E/3d/results_combined/combined_ckpt3.nc4.locktest.38	/work	lustre
POSIX	38	10066768040221067638	POSIX_SIZE_WRITE_100K_1M	0	/work/hdd/bdau/mbanisharifdehkordi/E2E/3d/results_combined/combined_ckpt3.nc4.locktest.38	/work	lustre
POSIX	38	10066768040221067638	POSIX_SIZE_WRITE_1M_4M	0	/work/hdd/bdau/mbanisharifdehkordi/E2E/3d/results_combined/combined_ckpt3.nc4.locktest.38	/work	lustre
POSIX	38	10066768040221067638	POSIX_SIZE_WRITE_4M_10M	0	/work/hdd/bdau/mbanisharifdehkordi/E2E/3d/results_combined/combined_ckpt3.nc4.locktest.38	/work	lustre
POSIX	38	10066768040221067638	POSIX_SIZE_WRITE_10M_100M	0	/work/hdd/bdau/mbanisharifdehkordi/E2E/3d/results_combined/combined_ckpt3.nc4.locktest.38	/work	lustre
POSIX	38	10066768040221067638	POSIX_SIZE_WRITE_100M_1G	0	/work/hdd/bdau/mbanisharifdehkordi/E2E/3d/results_combined/combined_ckpt3.nc4.locktest.38	/work	lustre
POSIX	38	10066768040221067638	POSIX_SIZE_WRITE_1G_PLUS	0	/work/hdd/bdau/mbanisharifdehkordi/E2E/3d/results_combined/combined_ckpt3.nc4.locktest.38	/work	lustre
POSIX	38	3531888601709092091	POSIX_BYTES_WRITTEN	0	/work/hdd/bdau/mbanisharifdehkordi/E2E/3d/results_combined/combined_ckpt3.nc4	/work	lustre
POSIX	38	3531888601709092091	POSIX_FILE_NOT_ALIGNED	0	/work/hdd/bdau/mbanisharifdehkordi/E2E/3d/results_combined/combined_ckpt3.nc4	/work	lustre
POSIX	38	3531888601709092091	POSIX_SIZE_WRITE_0_100	0	/work/hdd/bdau/mbanisharifdehkordi/E2E/3d/results_combined/combined_ckpt3.nc4	/work	lustre
POSIX	38	3531888601709092091	POSIX_SIZE_WRITE_100_1K	0	/work/hdd/bdau/mbanisharifdehkordi/E2E/3d/results_combined/combined_ckpt3.nc4	/work	lustre
POSIX	38	3531888601709092091	POSIX_SIZE_WRITE_1K_10K	0	/work/hdd/bdau/mbanisharifdehkordi/E2E/3d/results_combined/combined_ckpt3.nc4	/work	lustre
POSIX	38	3531888601709092091	POSIX_SIZE_WRITE_10K_100K	0	/work/hdd/bdau/mbanisharifdehkordi/E2E/3d/results_combined/combined_ckpt3.nc4	/work	lustre
POSIX	38	3531888601709092091	POSIX_SIZE_WRITE_100K_1M	0	/work/hdd/bdau/mbanisharifdehkordi/E2E/3d/results_combined/combined_ckpt3.nc4	/work	lustre
POSIX	38	3531888601709092091	POSIX_SIZE_WRITE_1M_4M	0	/work/hdd/bdau/mbanisharifdehkordi/E2E/3d/results_combined/combined_ckpt3.nc4	/work	lustre
POSIX	38	3531888601709092091	POSIX_SIZE_WRITE_4M_10M	0	/work/hdd/bdau/mbanisharifdehkordi/E2E/3d/results_combined/combined_ckpt3.nc4	/work	lustre
POSIX	38	3531888601709092091	POSIX_SIZE_WRITE_10M_100M	0	/work/hdd/bdau/mbanisharifdehkordi/E2E/3d/results_combined/combined_ckpt3.nc4	/work	lustre
POSIX	38	3531888601709092091	POSIX_SIZE_WRITE_100M_1G	0	/work/hdd/bdau/mbanisharifdehkordi/E2E/3d/results_combined/combined_ckpt3.nc4	/work	lustre
POSIX	38	3531888601709092091	POSIX_SIZE_WRITE_1G_PLUS	0	/work/hdd/bdau/mbanisharifdehkordi/E2E/3d/results_combined/combined_ckpt3.nc4	/work	lustre
POSIX	38	7794184631446446289	POSIX_BYTES_WRITTEN	0	/work/hdd/bdau/mbanisharifdehkordi/E2E/3d/results_combined/.	/work	lustre
POSIX	38	7794184631446446289	POSIX_FILE_NOT_ALIGNED	0	/work/hdd/bdau/mbanisharifdehkordi/E2E/3d/results_combined/.	/work	lustre
POSIX	38	7794184631446446289	POSIX_SIZE_WRITE_0_100	0	/work/hdd/bdau/mbanisharifdehkordi/E2E/3d/results_combined/.	/work	lustre
POSIX	38	7794184631446446289	POSIX_SIZE_WRITE_100_1K	0	/work/hdd/bdau/mbanisharifdehkordi/E2E/3d/results_combined/.	/work	lustre
POSIX	38	7794184631446446289	POSIX_SIZE_WRITE_1K_10K	0	/work/hdd/bdau/mbanisharifdehkordi/E2E/3d/results_combined/.	/work	lustre
POSIX	38	7794184631446446289	POSIX_SIZE_WRITE_10K_100K	0	/work/hdd/bdau/mbanisharifdehkordi/E2E/3d/results_combined/.	/work	lustre
POSIX	38	7794184631446446289	POSIX_SIZE_WRITE_100K_1M	0	/work/hdd/bdau/mbanisharifdehkordi/E2E/3d/results_combined/.	/work	lustre
POSIX	38	7794184631446446289	POSIX_SIZE_WRITE_1M_4M	0	/work/hdd/bdau/mbanisharifdehkordi/E2E/3d/results_combined/.	/work	lustre
POSIX	38	7794184631446446289	POSIX_SIZE_WRITE_4M_10M	0	/work/hdd/bdau/mbanisharifdehkordi/E2E/3d/results_combined/.	/work	lustre
POSIX	38	7794184631446446289	POSIX_SIZE_WRITE_10M_100M	0	/work/hdd/bdau/mbanisharifdehkordi/E2E/3d/results_combined/.	/work	lustre
POSIX	38	7794184631446446289	POSIX_SIZE_WRITE_100M_1G	0	/work/hdd/bdau/mbanisharifdehkordi/E2E/3d/results_combined/.	/work	lustre
POSIX	38	7794184631446446289	POSIX_SIZE_WRITE_1G_PLUS	0	/work/hdd/bdau/mbanisharifdehkordi/E2E/3d/results_combined/.	/work	lustre
POSIX	38	1607752630872201620	POSIX_BYTES_WRITTEN	0	/work/hdd/bdau/mbanisharifdehkordi/E2E/3d/results_combined/combined_ckpt3.nc4-3240427521-1102025.loc	/work	lustre
POSIX	38	1607752630872201620	POSIX_FILE_NOT_ALIGNED	0	/work/hdd/bdau/mbanisharifdehkordi/E2E/3d/results_combined/combined_ckpt3.nc4-3240427521-1102025.loc	/work	lustre
POSIX	38	1607752630872201620	POSIX_SIZE_WRITE_0_100	0	/work/hdd/bdau/mbanisharifdehkordi/E2E/3d/results_combined/combined_ckpt3.nc4-3240427521-1102025.loc	/work	lustre
POSIX	38	1607752630872201620	POSIX_SIZE_WRITE_100_1K	0	/work/hdd/bdau/mbanisharifdehkordi/E2E/3d/results_combined/combined_ckpt3.nc4-3240427521-1102025.loc	/work	lustre
POSIX	38	1607752630872201620	POSIX_SIZE_WRITE_1K_10K	0	/work/hdd/bdau/mbanisharifdehkordi/E2E/3d/results_combined/combined_ckpt3.nc4-3240427521-1102025.loc	/work	lustre
POSIX	38	1607752630872201620	POSIX_SIZE_WRITE_10K_100K	0	/work/hdd/bdau/mbanisharifdehkordi/E2E/3d/results_combined/combined_ckpt3.nc4-3240427521-1102025.loc	/work	lustre
POSIX	38	1607752630872201620	POSIX_SIZE_WRITE_100K_1M	0	/work/hdd/bdau/mbanisharifdehkordi/E2E/3d/results_combined/combined_ckpt3.nc4-3240427521-1102025.loc	/work	lustre
POSIX	38	1607752630872201620	POSIX_SIZE_WRITE_1M_4M	0	/work/hdd/bdau/mbanisharifdehkordi/E2E/3d/results_combined/combined_ckpt3.nc4-3240427521-1102025.loc	/work	lustre
POSIX	38	1607752630872201620	POSIX_SIZE_WRITE_4M_10M	0	/work/hdd/bdau/mbanisharifdehkordi/E2E/3d/results_combined/combined_ckpt3.nc4-3240427521-1102025.loc	/work	lustre
POSIX	38	1607752630872201620	POSIX_SIZE_WRITE_10M_100M	0	/work/hdd/bdau/mbanisharifdehkordi/E2E/3d/results_combined/combined_ckpt3.nc4-3240427521-1102025.loc	/work	lustre
POSIX	38	1607752630872201620	POSIX_SIZE_WRITE_100M_1G	0	/work/hdd/bdau/mbanisharifdehkordi/E2E/3d/results_combined/combined_ckpt3.nc4-3240427521-1102025.loc	/work	lustre
POSIX	38	1607752630872201620	POSIX_SIZE_WRITE_1G_PLUS	0	/work/hdd/bdau/mbanisharifdehkordi/E2E/3d/results_combined/combined_ckpt3.nc4-3240427521-1102025.loc	/work	lustre
POSIX	39	16105773137483667297	POSIX_BYTES_WRITTEN	0	/work/hdd/bdau/mbanisharifdehkordi/E2E/3d/results_combined/combined_ckpt3.nc4.locktest.39	/work	lustre
POSIX	39	16105773137483667297	POSIX_FILE_NOT_ALIGNED	0	/work/hdd/bdau/mbanisharifdehkordi/E2E/3d/results_combined/combined_ckpt3.nc4.locktest.39	/work	lustre
POSIX	39	16105773137483667297	POSIX_SIZE_WRITE_0_100	0	/work/hdd/bdau/mbanisharifdehkordi/E2E/3d/results_combined/combined_ckpt3.nc4.locktest.39	/work	lustre
POSIX	39	16105773137483667297	POSIX_SIZE_WRITE_100_1K	0	/work/hdd/bdau/mbanisharifdehkordi/E2E/3d/results_combined/combined_ckpt3.nc4.locktest.39	/work	lustre
POSIX	39	16105773137483667297	POSIX_SIZE_WRITE_1K_10K	0	/work/hdd/bdau/mbanisharifdehkordi/E2E/3d/results_combined/combined_ckpt3.nc4.locktest.39	/work	lustre
POSIX	39	16105773137483667297	POSIX_SIZE_WRITE_10K_100K	0	/work/hdd/bdau/mbanisharifdehkordi/E2E/3d/results_combined/combined_ckpt3.nc4.locktest.39	/work	lustre
POSIX	39	16105773137483667297	POSIX_SIZE_WRITE_100K_1M	0	/work/hdd/bdau/mbanisharifdehkordi/E2E/3d/results_combined/combined_ckpt3.nc4.locktest.39	/work	lustre
POSIX	39	16105773137483667297	POSIX_SIZE_WRITE_1M_4M	0	/work/hdd/bdau/mbanisharifdehkordi/E2E/3d/results_combined/combined_ckpt3.nc4.locktest.39	/work	lustre
POSIX	39	16105773137483667297	POSIX_SIZE_WRITE_4M_10M	0	/work/hdd/bdau/mbanisharifdehkordi/E2E/3d/results_combined/combined_ckpt3.nc4.locktest.39	/work	lustre
POSIX	39	16105773137483667297	POSIX_SIZE_WRITE_10M_100M	0	/work/hdd/bdau/mbanisharifdehkordi/E2E/3d/results_combined/combined_ckpt3.nc4.locktest.39	/work	lustre
POSIX	39	16105773137483667297	POSIX_SIZE_WRITE_100M_1G	0	/work/hdd/bdau/mbanisharifdehkordi/E2E/3d/results_combined/combined_ckpt3.nc4.locktest.39	/work	lustre
POSIX	39	16105773137483667297	POSIX_SIZE_WRITE_1G_PLUS	0	/work/hdd/bdau/mbanisharifdehkordi/E2E/3d/results_combined/combined_ckpt3.nc4.locktest.39	/work	lustre
POSIX	39	3531888601709092091	POSIX_BYTES_WRITTEN	0	/work/hdd/bdau/mbanisharifdehkordi/E2E/3d/results_combined/combined_ckpt3.nc4	/work	lustre
POSIX	39	3531888601709092091	POSIX_FILE_NOT_ALIGNED	0	/work/hdd/bdau/mbanisharifdehkordi/E2E/3d/results_combined/combined_ckpt3.nc4	/work	lustre
POSIX	39	3531888601709092091	POSIX_SIZE_WRITE_0_100	0	/work/hdd/bdau/mbanisharifdehkordi/E2E/3d/results_combined/combined_ckpt3.nc4	/work	lustre
POSIX	39	3531888601709092091	POSIX_SIZE_WRITE_100_1K	0	/work/hdd/bdau/mbanisharifdehkordi/E2E/3d/results_combined/combined_ckpt3.nc4	/work	lustre
POSIX	39	3531888601709092091	POSIX_SIZE_WRITE_1K_10K	0	/work/hdd/bdau/mbanisharifdehkordi/E2E/3d/results_combined/combined_ckpt3.nc4	/work	lustre
POSIX	39	3531888601709092091	POSIX_SIZE_WRITE_10K_100K	0	/work/hdd/bdau/mbanisharifdehkordi/E2E/3d/results_combined/combined_ckpt3.nc4	/work	lustre
POSIX	39	3531888601709092091	POSIX_SIZE_WRITE_100K_1M	0	/work/hdd/bdau/mbanisharifdehkordi/E2E/3d/results_combined/combined_ckpt3.nc4	/work	lustre
POSIX	39	3531888601709092091	POSIX_SIZE_WRITE_1M_4M	0	/work/hdd/bdau/mbanisharifdehkordi/E2E/3d/results_combined/combined_ckpt3.nc4	/work	lustre
POSIX	39	3531888601709092091	POSIX_SIZE_WRITE_4M_10M	0	/work/hdd/bdau/mbanisharifdehkordi/E2E/3d/results_combined/combined_ckpt3.nc4	/work	lustre
POSIX	39	3531888601709092091	POSIX_SIZE_WRITE_10M_100M	0	/work/hdd/bdau/mbanisharifdehkordi/E2E/3d/results_combined/combined_ckpt3.nc4	/work	lustre
POSIX	39	3531888601709092091	POSIX_SIZE_WRITE_100M_1G	0	/work/hdd/bdau/mbanisharifdehkordi/E2E/3d/results_combined/combined_ckpt3.nc4	/work	lustre
POSIX	39	3531888601709092091	POSIX_SIZE_WRITE_1G_PLUS	0	/work/hdd/bdau/mbanisharifdehkordi/E2E/3d/results_combined/combined_ckpt3.nc4	/work	lustre
POSIX	39	7794184631446446289	POSIX_BYTES_WRITTEN	0	/work/hdd/bdau/mbanisharifdehkordi/E2E/3d/results_combined/.	/work	lustre
POSIX	39	7794184631446446289	POSIX_FILE_NOT_ALIGNED	0	/work/hdd/bdau/mbanisharifdehkordi/E2E/3d/results_combined/.	/work	lustre
POSIX	39	7794184631446446289	POSIX_SIZE_WRITE_0_100	0	/work/hdd/bdau/mbanisharifdehkordi/E2E/3d/results_combined/.	/work	lustre
POSIX	39	7794184631446446289	POSIX_SIZE_WRITE_100_1K	0	/work/hdd/bdau/mbanisharifdehkordi/E2E/3d/results_combined/.	/work	lustre
POSIX	39	7794184631446446289	POSIX_SIZE_WRITE_1K_10K	0	/work/hdd/bdau/mbanisharifdehkordi/E2E/3d/results_combined/.	/work	lustre
POSIX	39	7794184631446446289	POSIX_SIZE_WRITE_10K_100K	0	/work/hdd/bdau/mbanisharifdehkordi/E2E/3d/results_combined/.	/work	lustre
POSIX	39	7794184631446446289	POSIX_SIZE_WRITE_100K_1M	0	/work/hdd/bdau/mbanisharifdehkordi/E2E/3d/results_combined/.	/work	lustre
POSIX	39	7794184631446446289	POSIX_SIZE_WRITE_1M_4M	0	/work/hdd/bdau/mbanisharifdehkordi/E2E/3d/results_combined/.	/work	lustre
POSIX	39	7794184631446446289	POSIX_SIZE_WRITE_4M_10M	0	/work/hdd/bdau/mbanisharifdehkordi/E2E/3d/results_combined/.	/work	lustre
POSIX	39	7794184631446446289	POSIX_SIZE_WRITE_10M_100M	0	/work/hdd/bdau/mbanisharifdehkordi/E2E/3d/results_combined/.	/work	lustre
POSIX	39	7794184631446446289	POSIX_SIZE_WRITE_100M_1G	0	/work/hdd/bdau/mbanisharifdehkordi/E2E/3d/results_combined/.	/work	lustre
POSIX	39	7794184631446446289	POSIX_SIZE_WRITE_1G_PLUS	0	/work/hdd/bdau/mbanisharifdehkordi/E2E/3d/results_combined/.	/work	lustre
POSIX	39	1607752630872201620	POSIX_BYTES_WRITTEN	0	/work/hdd/bdau/mbanisharifdehkordi/E2E/3d/results_combined/combined_ckpt3.nc4-3240427521-1102025.loc	/work	lustre
POSIX	39	1607752630872201620	POSIX_FILE_NOT_ALIGNED	0	/work/hdd/bdau/mbanisharifdehkordi/E2E/3d/results_combined/combined_ckpt3.nc4-3240427521-1102025.loc	/work	lustre
POSIX	39	1607752630872201620	POSIX_SIZE_WRITE_0_100	0	/work/hdd/bdau/mbanisharifdehkordi/E2E/3d/results_combined/combined_ckpt3.nc4-3240427521-1102025.loc	/work	lustre
POSIX	39	1607752630872201620	POSIX_SIZE_WRITE_100_1K	0	/work/hdd/bdau/mbanisharifdehkordi/E2E/3d/results_combined/combined_ckpt3.nc4-3240427521-1102025.loc	/work	lustre
POSIX	39	1607752630872201620	POSIX_SIZE_WRITE_1K_10K	0	/work/hdd/bdau/mbanisharifdehkordi/E2E/3d/results_combined/combined_ckpt3.nc4-3240427521-1102025.loc	/work	lustre
POSIX	39	1607752630872201620	POSIX_SIZE_WRITE_10K_100K	0	/work/hdd/bdau/mbanisharifdehkordi/E2E/3d/results_combined/combined_ckpt3.nc4-3240427521-1102025.loc	/work	lustre
POSIX	39	1607752630872201620	POSIX_SIZE_WRITE_100K_1M	0	/work/hdd/bdau/mbanisharifdehkordi/E2E/3d/results_combined/combined_ckpt3.nc4-3240427521-1102025.loc	/work	lustre
POSIX	39	1607752630872201620	POSIX_SIZE_WRITE_1M_4M	0	/work/hdd/bdau/mbanisharifdehkordi/E2E/3d/results_combined/combined_ckpt3.nc4-3240427521-1102025.loc	/work	lustre
POSIX	39	1607752630872201620	POSIX_SIZE_WRITE_4M_10M	0	/work/hdd/bdau/mbanisharifdehkordi/E2E/3d/results_combined/combined_ckpt3.nc4-3240427521-1102025.loc	/work	lustre
POSIX	39	1607752630872201620	POSIX_SIZE_WRITE_10M_100M	0	/work/hdd/bdau/mbanisharifdehkordi/E2E/3d/results_combined/combined_ckpt3.nc4-3240427521-1102025.loc	/work	lustre
POSIX	39	1607752630872201620	POSIX_SIZE_WRITE_100M_1G	0	/work/hdd/bdau/mbanisharifdehkordi/E2E/3d/results_combined/combined_ckpt3.nc4-3240427521-1102025.loc	/work	lustre
POSIX	39	1607752630872201620	POSIX_SIZE_WRITE_1G_PLUS	0	/work/hdd/bdau/mbanisharifdehkordi/E2E/3d/results_combined/combined_ckpt3.nc4-3240427521-1102025.loc	/work	lustre
POSIX	40	13977070987499176576	POSIX_BYTES_WRITTEN	0	/work/hdd/bdau/mbanisharifdehkordi/E2E/3d/results_combined/combined_ckpt3.nc4.locktest.40	/work	lustre
POSIX	40	13977070987499176576	POSIX_FILE_NOT_ALIGNED	0	/work/hdd/bdau/mbanisharifdehkordi/E2E/3d/results_combined/combined_ckpt3.nc4.locktest.40	/work	lustre
POSIX	40	13977070987499176576	POSIX_SIZE_WRITE_0_100	0	/work/hdd/bdau/mbanisharifdehkordi/E2E/3d/results_combined/combined_ckpt3.nc4.locktest.40	/work	lustre
POSIX	40	13977070987499176576	POSIX_SIZE_WRITE_100_1K	0	/work/hdd/bdau/mbanisharifdehkordi/E2E/3d/results_combined/combined_ckpt3.nc4.locktest.40	/work	lustre
POSIX	40	13977070987499176576	POSIX_SIZE_WRITE_1K_10K	0	/work/hdd/bdau/mbanisharifdehkordi/E2E/3d/results_combined/combined_ckpt3.nc4.locktest.40	/work	lustre
POSIX	40	13977070987499176576	POSIX_SIZE_WRITE_10K_100K	0	/work/hdd/bdau/mbanisharifdehkordi/E2E/3d/results_combined/combined_ckpt3.nc4.locktest.40	/work	lustre
POSIX	40	13977070987499176576	POSIX_SIZE_WRITE_100K_1M	0	/work/hdd/bdau/mbanisharifdehkordi/E2E/3d/results_combined/combined_ckpt3.nc4.locktest.40	/work	lustre
POSIX	40	13977070987499176576	POSIX_SIZE_WRITE_1M_4M	0	/work/hdd/bdau/mbanisharifdehkordi/E2E/3d/results_combined/combined_ckpt3.nc4.locktest.40	/work	lustre
POSIX	40	13977070987499176576	POSIX_SIZE_WRITE_4M_10M	0	/work/hdd/bdau/mbanisharifdehkordi/E2E/3d/results_combined/combined_ckpt3.nc4.locktest.40	/work	lustre
POSIX	40	13977070987499176576	POSIX_SIZE_WRITE_10M_100M	0	/work/hdd/bdau/mbanisharifdehkordi/E2E/3d/results_combined/combined_ckpt3.nc4.locktest.40	/work	lustre
POSIX	40	13977070987499176576	POSIX_SIZE_WRITE_100M_1G	0	/work/hdd/bdau/mbanisharifdehkordi/E2E/3d/results_combined/combined_ckpt3.nc4.locktest.40	/work	lustre
POSIX	40	13977070987499176576	POSIX_SIZE_WRITE_1G_PLUS	0	/work/hdd/bdau/mbanisharifdehkordi/E2E/3d/results_combined/combined_ckpt3.nc4.locktest.40	/work	lustre
POSIX	40	3531888601709092091	POSIX_BYTES_WRITTEN	0	/work/hdd/bdau/mbanisharifdehkordi/E2E/3d/results_combined/combined_ckpt3.nc4	/work	lustre
POSIX	40	3531888601709092091	POSIX_FILE_NOT_ALIGNED	0	/work/hdd/bdau/mbanisharifdehkordi/E2E/3d/results_combined/combined_ckpt3.nc4	/work	lustre
POSIX	40	3531888601709092091	POSIX_SIZE_WRITE_0_100	0	/work/hdd/bdau/mbanisharifdehkordi/E2E/3d/results_combined/combined_ckpt3.nc4	/work	lustre
POSIX	40	3531888601709092091	POSIX_SIZE_WRITE_100_1K	0	/work/hdd/bdau/mbanisharifdehkordi/E2E/3d/results_combined/combined_ckpt3.nc4	/work	lustre
POSIX	40	3531888601709092091	POSIX_SIZE_WRITE_1K_10K	0	/work/hdd/bdau/mbanisharifdehkordi/E2E/3d/results_combined/combined_ckpt3.nc4	/work	lustre
POSIX	40	3531888601709092091	POSIX_SIZE_WRITE_10K_100K	0	/work/hdd/bdau/mbanisharifdehkordi/E2E/3d/results_combined/combined_ckpt3.nc4	/work	lustre
POSIX	40	3531888601709092091	POSIX_SIZE_WRITE_100K_1M	0	/work/hdd/bdau/mbanisharifdehkordi/E2E/3d/results_combined/combined_ckpt3.nc4	/work	lustre
POSIX	40	3531888601709092091	POSIX_SIZE_WRITE_1M_4M	0	/work/hdd/bdau/mbanisharifdehkordi/E2E/3d/results_combined/combined_ckpt3.nc4	/work	lustre
POSIX	40	3531888601709092091	POSIX_SIZE_WRITE_4M_10M	0	/work/hdd/bdau/mbanisharifdehkordi/E2E/3d/results_combined/combined_ckpt3.nc4	/work	lustre
POSIX	40	3531888601709092091	POSIX_SIZE_WRITE_10M_100M	0	/work/hdd/bdau/mbanisharifdehkordi/E2E/3d/results_combined/combined_ckpt3.nc4	/work	lustre
POSIX	40	3531888601709092091	POSIX_SIZE_WRITE_100M_1G	0	/work/hdd/bdau/mbanisharifdehkordi/E2E/3d/results_combined/combined_ckpt3.nc4	/work	lustre
POSIX	40	3531888601709092091	POSIX_SIZE_WRITE_1G_PLUS	0	/work/hdd/bdau/mbanisharifdehkordi/E2E/3d/results_combined/combined_ckpt3.nc4	/work	lustre
POSIX	40	7794184631446446289	POSIX_BYTES_WRITTEN	0	/work/hdd/bdau/mbanisharifdehkordi/E2E/3d/results_combined/.	/work	lustre
POSIX	40	7794184631446446289	POSIX_FILE_NOT_ALIGNED	0	/work/hdd/bdau/mbanisharifdehkordi/E2E/3d/results_combined/.	/work	lustre
POSIX	40	7794184631446446289	POSIX_SIZE_WRITE_0_100	0	/work/hdd/bdau/mbanisharifdehkordi/E2E/3d/results_combined/.	/work	lustre
POSIX	40	7794184631446446289	POSIX_SIZE_WRITE_100_1K	0	/work/hdd/bdau/mbanisharifdehkordi/E2E/3d/results_combined/.	/work	lustre
POSIX	40	7794184631446446289	POSIX_SIZE_WRITE_1K_10K	0	/work/hdd/bdau/mbanisharifdehkordi/E2E/3d/results_combined/.	/work	lustre
POSIX	40	7794184631446446289	POSIX_SIZE_WRITE_10K_100K	0	/work/hdd/bdau/mbanisharifdehkordi/E2E/3d/results_combined/.	/work	lustre
POSIX	40	7794184631446446289	POSIX_SIZE_WRITE_100K_1M	0	/work/hdd/bdau/mbanisharifdehkordi/E2E/3d/results_combined/.	/work	lustre
POSIX	40	7794184631446446289	POSIX_SIZE_WRITE_1M_4M	0	/work/hdd/bdau/mbanisharifdehkordi/E2E/3d/results_combined/.	/work	lustre
POSIX	40	7794184631446446289	POSIX_SIZE_WRITE_4M_10M	0	/work/hdd/bdau/mbanisharifdehkordi/E2E/3d/results_combined/.	/work	lustre
POSIX	40	7794184631446446289	POSIX_SIZE_WRITE_10M_100M	0	/work/hdd/bdau/mbanisharifdehkordi/E2E/3d/results_combined/.	/work	lustre
POSIX	40	7794184631446446289	POSIX_SIZE_WRITE_100M_1G	0	/work/hdd/bdau/mbanisharifdehkordi/E2E/3d/results_combined/.	/work	lustre
POSIX	40	7794184631446446289	POSIX_SIZE_WRITE_1G_PLUS	0	/work/hdd/bdau/mbanisharifdehkordi/E2E/3d/results_combined/.	/work	lustre
POSIX	40	1607752630872201620	POSIX_BYTES_WRITTEN	0	/work/hdd/bdau/mbanisharifdehkordi/E2E/3d/results_combined/combined_ckpt3.nc4-3240427521-1102025.loc	/work	lustre
POSIX	40	1607752630872201620	POSIX_FILE_NOT_ALIGNED	0	/work/hdd/bdau/mbanisharifdehkordi/E2E/3d/results_combined/combined_ckpt3.nc4-3240427521-1102025.loc	/work	lustre
POSIX	40	1607752630872201620	POSIX_SIZE_WRITE_0_100	0	/work/hdd/bdau/mbanisharifdehkordi/E2E/3d/results_combined/combined_ckpt3.nc4-3240427521-1102025.loc	/work	lustre
POSIX	40	1607752630872201620	POSIX_SIZE_WRITE_100_1K	0	/work/hdd/bdau/mbanisharifdehkordi/E2E/3d/results_combined/combined_ckpt3.nc4-3240427521-1102025.loc	/work	lustre
POSIX	40	1607752630872201620	POSIX_SIZE_WRITE_1K_10K	0	/work/hdd/bdau/mbanisharifdehkordi/E2E/3d/results_combined/combined_ckpt3.nc4-3240427521-1102025.loc	/work	lustre
POSIX	40	1607752630872201620	POSIX_SIZE_WRITE_10K_100K	0	/work/hdd/bdau/mbanisharifdehkordi/E2E/3d/results_combined/combined_ckpt3.nc4-3240427521-1102025.loc	/work	lustre
POSIX	40	1607752630872201620	POSIX_SIZE_WRITE_100K_1M	0	/work/hdd/bdau/mbanisharifdehkordi/E2E/3d/results_combined/combined_ckpt3.nc4-3240427521-1102025.loc	/work	lustre
POSIX	40	1607752630872201620	POSIX_SIZE_WRITE_1M_4M	0	/work/hdd/bdau/mbanisharifdehkordi/E2E/3d/results_combined/combined_ckpt3.nc4-3240427521-1102025.loc	/work	lustre
POSIX	40	1607752630872201620	POSIX_SIZE_WRITE_4M_10M	0	/work/hdd/bdau/mbanisharifdehkordi/E2E/3d/results_combined/combined_ckpt3.nc4-3240427521-1102025.loc	/work	lustre
POSIX	40	1607752630872201620	POSIX_SIZE_WRITE_10M_100M	0	/work/hdd/bdau/mbanisharifdehkordi/E2E/3d/results_combined/combined_ckpt3.nc4-3240427521-1102025.loc	/work	lustre
POSIX	40	1607752630872201620	POSIX_SIZE_WRITE_100M_1G	0	/work/hdd/bdau/mbanisharifdehkordi/E2E/3d/results_combined/combined_ckpt3.nc4-3240427521-1102025.loc	/work	lustre
POSIX	40	1607752630872201620	POSIX_SIZE_WRITE_1G_PLUS	0	/work/hdd/bdau/mbanisharifdehkordi/E2E/3d/results_combined/combined_ckpt3.nc4-3240427521-1102025.loc	/work	lustre
POSIX	41	6540484697760746694	POSIX_BYTES_WRITTEN	0	/work/hdd/bdau/mbanisharifdehkordi/E2E/3d/results_combined/combined_ckpt3.nc4.locktest.41	/work	lustre
POSIX	41	6540484697760746694	POSIX_FILE_NOT_ALIGNED	0	/work/hdd/bdau/mbanisharifdehkordi/E2E/3d/results_combined/combined_ckpt3.nc4.locktest.41	/work	lustre
POSIX	41	6540484697760746694	POSIX_SIZE_WRITE_0_100	0	/work/hdd/bdau/mbanisharifdehkordi/E2E/3d/results_combined/combined_ckpt3.nc4.locktest.41	/work	lustre
POSIX	41	6540484697760746694	POSIX_SIZE_WRITE_100_1K	0	/work/hdd/bdau/mbanisharifdehkordi/E2E/3d/results_combined/combined_ckpt3.nc4.locktest.41	/work	lustre
POSIX	41	6540484697760746694	POSIX_SIZE_WRITE_1K_10K	0	/work/hdd/bdau/mbanisharifdehkordi/E2E/3d/results_combined/combined_ckpt3.nc4.locktest.41	/work	lustre
POSIX	41	6540484697760746694	POSIX_SIZE_WRITE_10K_100K	0	/work/hdd/bdau/mbanisharifdehkordi/E2E/3d/results_combined/combined_ckpt3.nc4.locktest.41	/work	lustre
POSIX	41	6540484697760746694	POSIX_SIZE_WRITE_100K_1M	0	/work/hdd/bdau/mbanisharifdehkordi/E2E/3d/results_combined/combined_ckpt3.nc4.locktest.41	/work	lustre
POSIX	41	6540484697760746694	POSIX_SIZE_WRITE_1M_4M	0	/work/hdd/bdau/mbanisharifdehkordi/E2E/3d/results_combined/combined_ckpt3.nc4.locktest.41	/work	lustre
POSIX	41	6540484697760746694	POSIX_SIZE_WRITE_4M_10M	0	/work/hdd/bdau/mbanisharifdehkordi/E2E/3d/results_combined/combined_ckpt3.nc4.locktest.41	/work	lustre
POSIX	41	6540484697760746694	POSIX_SIZE_WRITE_10M_100M	0	/work/hdd/bdau/mbanisharifdehkordi/E2E/3d/results_combined/combined_ckpt3.nc4.locktest.41	/work	lustre
POSIX	41	6540484697760746694	POSIX_SIZE_WRITE_100M_1G	0	/work/hdd/bdau/mbanisharifdehkordi/E2E/3d/results_combined/combined_ckpt3.nc4.locktest.41	/work	lustre
POSIX	41	6540484697760746694	POSIX_SIZE_WRITE_1G_PLUS	0	/work/hdd/bdau/mbanisharifdehkordi/E2E/3d/results_combined/combined_ckpt3.nc4.locktest.41	/work	lustre
POSIX	41	3531888601709092091	POSIX_BYTES_WRITTEN	0	/work/hdd/bdau/mbanisharifdehkordi/E2E/3d/results_combined/combined_ckpt3.nc4	/work	lustre
POSIX	41	3531888601709092091	POSIX_FILE_NOT_ALIGNED	0	/work/hdd/bdau/mbanisharifdehkordi/E2E/3d/results_combined/combined_ckpt3.nc4	/work	lustre
POSIX	41	3531888601709092091	POSIX_SIZE_WRITE_0_100	0	/work/hdd/bdau/mbanisharifdehkordi/E2E/3d/results_combined/combined_ckpt3.nc4	/work	lustre
POSIX	41	3531888601709092091	POSIX_SIZE_WRITE_100_1K	0	/work/hdd/bdau/mbanisharifdehkordi/E2E/3d/results_combined/combined_ckpt3.nc4	/work	lustre
POSIX	41	3531888601709092091	POSIX_SIZE_WRITE_1K_10K	0	/work/hdd/bdau/mbanisharifdehkordi/E2E/3d/results_combined/combined_ckpt3.nc4	/work	lustre
POSIX	41	3531888601709092091	POSIX_SIZE_WRITE_10K_100K	0	/work/hdd/bdau/mbanisharifdehkordi/E2E/3d/results_combined/combined_ckpt3.nc4	/work	lustre
POSIX	41	3531888601709092091	POSIX_SIZE_WRITE_100K_1M	0	/work/hdd/bdau/mbanisharifdehkordi/E2E/3d/results_combined/combined_ckpt3.nc4	/work	lustre
POSIX	41	3531888601709092091	POSIX_SIZE_WRITE_1M_4M	0	/work/hdd/bdau/mbanisharifdehkordi/E2E/3d/results_combined/combined_ckpt3.nc4	/work	lustre
POSIX	41	3531888601709092091	POSIX_SIZE_WRITE_4M_10M	0	/work/hdd/bdau/mbanisharifdehkordi/E2E/3d/results_combined/combined_ckpt3.nc4	/work	lustre
POSIX	41	3531888601709092091	POSIX_SIZE_WRITE_10M_100M	0	/work/hdd/bdau/mbanisharifdehkordi/E2E/3d/results_combined/combined_ckpt3.nc4	/work	lustre
POSIX	41	3531888601709092091	POSIX_SIZE_WRITE_100M_1G	0	/work/hdd/bdau/mbanisharifdehkordi/E2E/3d/results_combined/combined_ckpt3.nc4	/work	lustre
POSIX	41	3531888601709092091	POSIX_SIZE_WRITE_1G_PLUS	0	/work/hdd/bdau/mbanisharifdehkordi/E2E/3d/results_combined/combined_ckpt3.nc4	/work	lustre
POSIX	41	7794184631446446289	POSIX_BYTES_WRITTEN	0	/work/hdd/bdau/mbanisharifdehkordi/E2E/3d/results_combined/.	/work	lustre
POSIX	41	7794184631446446289	POSIX_FILE_NOT_ALIGNED	0	/work/hdd/bdau/mbanisharifdehkordi/E2E/3d/results_combined/.	/work	lustre
POSIX	41	7794184631446446289	POSIX_SIZE_WRITE_0_100	0	/work/hdd/bdau/mbanisharifdehkordi/E2E/3d/results_combined/.	/work	lustre
POSIX	41	7794184631446446289	POSIX_SIZE_WRITE_100_1K	0	/work/hdd/bdau/mbanisharifdehkordi/E2E/3d/results_combined/.	/work	lustre
POSIX	41	7794184631446446289	POSIX_SIZE_WRITE_1K_10K	0	/work/hdd/bdau/mbanisharifdehkordi/E2E/3d/results_combined/.	/work	lustre
POSIX	41	7794184631446446289	POSIX_SIZE_WRITE_10K_100K	0	/work/hdd/bdau/mbanisharifdehkordi/E2E/3d/results_combined/.	/work	lustre
POSIX	41	7794184631446446289	POSIX_SIZE_WRITE_100K_1M	0	/work/hdd/bdau/mbanisharifdehkordi/E2E/3d/results_combined/.	/work	lustre
POSIX	41	7794184631446446289	POSIX_SIZE_WRITE_1M_4M	0	/work/hdd/bdau/mbanisharifdehkordi/E2E/3d/results_combined/.	/work	lustre
POSIX	41	7794184631446446289	POSIX_SIZE_WRITE_4M_10M	0	/work/hdd/bdau/mbanisharifdehkordi/E2E/3d/results_combined/.	/work	lustre
POSIX	41	7794184631446446289	POSIX_SIZE_WRITE_10M_100M	0	/work/hdd/bdau/mbanisharifdehkordi/E2E/3d/results_combined/.	/work	lustre
POSIX	41	7794184631446446289	POSIX_SIZE_WRITE_100M_1G	0	/work/hdd/bdau/mbanisharifdehkordi/E2E/3d/results_combined/.	/work	lustre
POSIX	41	7794184631446446289	POSIX_SIZE_WRITE_1G_PLUS	0	/work/hdd/bdau/mbanisharifdehkordi/E2E/3d/results_combined/.	/work	lustre
POSIX	41	1607752630872201620	POSIX_BYTES_WRITTEN	0	/work/hdd/bdau/mbanisharifdehkordi/E2E/3d/results_combined/combined_ckpt3.nc4-3240427521-1102025.loc	/work	lustre
POSIX	41	1607752630872201620	POSIX_FILE_NOT_ALIGNED	0	/work/hdd/bdau/mbanisharifdehkordi/E2E/3d/results_combined/combined_ckpt3.nc4-3240427521-1102025.loc	/work	lustre
POSIX	41	1607752630872201620	POSIX_SIZE_WRITE_0_100	0	/work/hdd/bdau/mbanisharifdehkordi/E2E/3d/results_combined/combined_ckpt3.nc4-3240427521-1102025.loc	/work	lustre
POSIX	41	1607752630872201620	POSIX_SIZE_WRITE_100_1K	0	/work/hdd/bdau/mbanisharifdehkordi/E2E/3d/results_combined/combined_ckpt3.nc4-3240427521-1102025.loc	/work	lustre
POSIX	41	1607752630872201620	POSIX_SIZE_WRITE_1K_10K	0	/work/hdd/bdau/mbanisharifdehkordi/E2E/3d/results_combined/combined_ckpt3.nc4-3240427521-1102025.loc	/work	lustre
POSIX	41	1607752630872201620	POSIX_SIZE_WRITE_10K_100K	0	/work/hdd/bdau/mbanisharifdehkordi/E2E/3d/results_combined/combined_ckpt3.nc4-3240427521-1102025.loc	/work	lustre
POSIX	41	1607752630872201620	POSIX_SIZE_WRITE_100K_1M	0	/work/hdd/bdau/mbanisharifdehkordi/E2E/3d/results_combined/combined_ckpt3.nc4-3240427521-1102025.loc	/work	lustre
POSIX	41	1607752630872201620	POSIX_SIZE_WRITE_1M_4M	0	/work/hdd/bdau/mbanisharifdehkordi/E2E/3d/results_combined/combined_ckpt3.nc4-3240427521-1102025.loc	/work	lustre
POSIX	41	1607752630872201620	POSIX_SIZE_WRITE_4M_10M	0	/work/hdd/bdau/mbanisharifdehkordi/E2E/3d/results_combined/combined_ckpt3.nc4-3240427521-1102025.loc	/work	lustre
POSIX	41	1607752630872201620	POSIX_SIZE_WRITE_10M_100M	0	/work/hdd/bdau/mbanisharifdehkordi/E2E/3d/results_combined/combined_ckpt3.nc4-3240427521-1102025.loc	/work	lustre
POSIX	41	1607752630872201620	POSIX_SIZE_WRITE_100M_1G	0	/work/hdd/bdau/mbanisharifdehkordi/E2E/3d/results_combined/combined_ckpt3.nc4-3240427521-1102025.loc	/work	lustre
POSIX	41	1607752630872201620	POSIX_SIZE_WRITE_1G_PLUS	0	/work/hdd/bdau/mbanisharifdehkordi/E2E/3d/results_combined/combined_ckpt3.nc4-3240427521-1102025.loc	/work	lustre
POSIX	42	2180353887277103019	POSIX_BYTES_WRITTEN	0	/work/hdd/bdau/mbanisharifdehkordi/E2E/3d/results_combined/combined_ckpt3.nc4.locktest.42	/work	lustre
POSIX	42	2180353887277103019	POSIX_FILE_NOT_ALIGNED	0	/work/hdd/bdau/mbanisharifdehkordi/E2E/3d/results_combined/combined_ckpt3.nc4.locktest.42	/work	lustre
POSIX	42	2180353887277103019	POSIX_SIZE_WRITE_0_100	0	/work/hdd/bdau/mbanisharifdehkordi/E2E/3d/results_combined/combined_ckpt3.nc4.locktest.42	/work	lustre
POSIX	42	2180353887277103019	POSIX_SIZE_WRITE_100_1K	0	/work/hdd/bdau/mbanisharifdehkordi/E2E/3d/results_combined/combined_ckpt3.nc4.locktest.42	/work	lustre
POSIX	42	2180353887277103019	POSIX_SIZE_WRITE_1K_10K	0	/work/hdd/bdau/mbanisharifdehkordi/E2E/3d/results_combined/combined_ckpt3.nc4.locktest.42	/work	lustre
POSIX	42	2180353887277103019	POSIX_SIZE_WRITE_10K_100K	0	/work/hdd/bdau/mbanisharifdehkordi/E2E/3d/results_combined/combined_ckpt3.nc4.locktest.42	/work	lustre
POSIX	42	2180353887277103019	POSIX_SIZE_WRITE_100K_1M	0	/work/hdd/bdau/mbanisharifdehkordi/E2E/3d/results_combined/combined_ckpt3.nc4.locktest.42	/work	lustre
POSIX	42	2180353887277103019	POSIX_SIZE_WRITE_1M_4M	0	/work/hdd/bdau/mbanisharifdehkordi/E2E/3d/results_combined/combined_ckpt3.nc4.locktest.42	/work	lustre
POSIX	42	2180353887277103019	POSIX_SIZE_WRITE_4M_10M	0	/work/hdd/bdau/mbanisharifdehkordi/E2E/3d/results_combined/combined_ckpt3.nc4.locktest.42	/work	lustre
POSIX	42	2180353887277103019	POSIX_SIZE_WRITE_10M_100M	0	/work/hdd/bdau/mbanisharifdehkordi/E2E/3d/results_combined/combined_ckpt3.nc4.locktest.42	/work	lustre
POSIX	42	2180353887277103019	POSIX_SIZE_WRITE_100M_1G	0	/work/hdd/bdau/mbanisharifdehkordi/E2E/3d/results_combined/combined_ckpt3.nc4.locktest.42	/work	lustre
POSIX	42	2180353887277103019	POSIX_SIZE_WRITE_1G_PLUS	0	/work/hdd/bdau/mbanisharifdehkordi/E2E/3d/results_combined/combined_ckpt3.nc4.locktest.42	/work	lustre
POSIX	42	3531888601709092091	POSIX_BYTES_WRITTEN	0	/work/hdd/bdau/mbanisharifdehkordi/E2E/3d/results_combined/combined_ckpt3.nc4	/work	lustre
POSIX	42	3531888601709092091	POSIX_FILE_NOT_ALIGNED	0	/work/hdd/bdau/mbanisharifdehkordi/E2E/3d/results_combined/combined_ckpt3.nc4	/work	lustre
POSIX	42	3531888601709092091	POSIX_SIZE_WRITE_0_100	0	/work/hdd/bdau/mbanisharifdehkordi/E2E/3d/results_combined/combined_ckpt3.nc4	/work	lustre
POSIX	42	3531888601709092091	POSIX_SIZE_WRITE_100_1K	0	/work/hdd/bdau/mbanisharifdehkordi/E2E/3d/results_combined/combined_ckpt3.nc4	/work	lustre
POSIX	42	3531888601709092091	POSIX_SIZE_WRITE_1K_10K	0	/work/hdd/bdau/mbanisharifdehkordi/E2E/3d/results_combined/combined_ckpt3.nc4	/work	lustre
POSIX	42	3531888601709092091	POSIX_SIZE_WRITE_10K_100K	0	/work/hdd/bdau/mbanisharifdehkordi/E2E/3d/results_combined/combined_ckpt3.nc4	/work	lustre
POSIX	42	3531888601709092091	POSIX_SIZE_WRITE_100K_1M	0	/work/hdd/bdau/mbanisharifdehkordi/E2E/3d/results_combined/combined_ckpt3.nc4	/work	lustre
POSIX	42	3531888601709092091	POSIX_SIZE_WRITE_1M_4M	0	/work/hdd/bdau/mbanisharifdehkordi/E2E/3d/results_combined/combined_ckpt3.nc4	/work	lustre
POSIX	42	3531888601709092091	POSIX_SIZE_WRITE_4M_10M	0	/work/hdd/bdau/mbanisharifdehkordi/E2E/3d/results_combined/combined_ckpt3.nc4	/work	lustre
POSIX	42	3531888601709092091	POSIX_SIZE_WRITE_10M_100M	0	/work/hdd/bdau/mbanisharifdehkordi/E2E/3d/results_combined/combined_ckpt3.nc4	/work	lustre
POSIX	42	3531888601709092091	POSIX_SIZE_WRITE_100M_1G	0	/work/hdd/bdau/mbanisharifdehkordi/E2E/3d/results_combined/combined_ckpt3.nc4	/work	lustre
POSIX	42	3531888601709092091	POSIX_SIZE_WRITE_1G_PLUS	0	/work/hdd/bdau/mbanisharifdehkordi/E2E/3d/results_combined/combined_ckpt3.nc4	/work	lustre
POSIX	42	7794184631446446289	POSIX_BYTES_WRITTEN	0	/work/hdd/bdau/mbanisharifdehkordi/E2E/3d/results_combined/.	/work	lustre
POSIX	42	7794184631446446289	POSIX_FILE_NOT_ALIGNED	0	/work/hdd/bdau/mbanisharifdehkordi/E2E/3d/results_combined/.	/work	lustre
POSIX	42	7794184631446446289	POSIX_SIZE_WRITE_0_100	0	/work/hdd/bdau/mbanisharifdehkordi/E2E/3d/results_combined/.	/work	lustre
POSIX	42	7794184631446446289	POSIX_SIZE_WRITE_100_1K	0	/work/hdd/bdau/mbanisharifdehkordi/E2E/3d/results_combined/.	/work	lustre
POSIX	42	7794184631446446289	POSIX_SIZE_WRITE_1K_10K	0	/work/hdd/bdau/mbanisharifdehkordi/E2E/3d/results_combined/.	/work	lustre
POSIX	42	7794184631446446289	POSIX_SIZE_WRITE_10K_100K	0	/work/hdd/bdau/mbanisharifdehkordi/E2E/3d/results_combined/.	/work	lustre
POSIX	42	7794184631446446289	POSIX_SIZE_WRITE_100K_1M	0	/work/hdd/bdau/mbanisharifdehkordi/E2E/3d/results_combined/.	/work	lustre
POSIX	42	7794184631446446289	POSIX_SIZE_WRITE_1M_4M	0	/work/hdd/bdau/mbanisharifdehkordi/E2E/3d/results_combined/.	/work	lustre
POSIX	42	7794184631446446289	POSIX_SIZE_WRITE_4M_10M	0	/work/hdd/bdau/mbanisharifdehkordi/E2E/3d/results_combined/.	/work	lustre
POSIX	42	7794184631446446289	POSIX_SIZE_WRITE_10M_100M	0	/work/hdd/bdau/mbanisharifdehkordi/E2E/3d/results_combined/.	/work	lustre
POSIX	42	7794184631446446289	POSIX_SIZE_WRITE_100M_1G	0	/work/hdd/bdau/mbanisharifdehkordi/E2E/3d/results_combined/.	/work	lustre
POSIX	42	7794184631446446289	POSIX_SIZE_WRITE_1G_PLUS	0	/work/hdd/bdau/mbanisharifdehkordi/E2E/3d/results_combined/.	/work	lustre
POSIX	42	1607752630872201620	POSIX_BYTES_WRITTEN	0	/work/hdd/bdau/mbanisharifdehkordi/E2E/3d/results_combined/combined_ckpt3.nc4-3240427521-1102025.loc	/work	lustre
POSIX	42	1607752630872201620	POSIX_FILE_NOT_ALIGNED	0	/work/hdd/bdau/mbanisharifdehkordi/E2E/3d/results_combined/combined_ckpt3.nc4-3240427521-1102025.loc	/work	lustre
POSIX	42	1607752630872201620	POSIX_SIZE_WRITE_0_100	0	/work/hdd/bdau/mbanisharifdehkordi/E2E/3d/results_combined/combined_ckpt3.nc4-3240427521-1102025.loc	/work	lustre
POSIX	42	1607752630872201620	POSIX_SIZE_WRITE_100_1K	0	/work/hdd/bdau/mbanisharifdehkordi/E2E/3d/results_combined/combined_ckpt3.nc4-3240427521-1102025.loc	/work	lustre
POSIX	42	1607752630872201620	POSIX_SIZE_WRITE_1K_10K	0	/work/hdd/bdau/mbanisharifdehkordi/E2E/3d/results_combined/combined_ckpt3.nc4-3240427521-1102025.loc	/work	lustre
POSIX	42	1607752630872201620	POSIX_SIZE_WRITE_10K_100K	0	/work/hdd/bdau/mbanisharifdehkordi/E2E/3d/results_combined/combined_ckpt3.nc4-3240427521-1102025.loc	/work	lustre
POSIX	42	1607752630872201620	POSIX_SIZE_WRITE_100K_1M	0	/work/hdd/bdau/mbanisharifdehkordi/E2E/3d/results_combined/combined_ckpt3.nc4-3240427521-1102025.loc	/work	lustre
POSIX	42	1607752630872201620	POSIX_SIZE_WRITE_1M_4M	0	/work/hdd/bdau/mbanisharifdehkordi/E2E/3d/results_combined/combined_ckpt3.nc4-3240427521-1102025.loc	/work	lustre
POSIX	42	1607752630872201620	POSIX_SIZE_WRITE_4M_10M	0	/work/hdd/bdau/mbanisharifdehkordi/E2E/3d/results_combined/combined_ckpt3.nc4-3240427521-1102025.loc	/work	lustre
POSIX	42	1607752630872201620	POSIX_SIZE_WRITE_10M_100M	0	/work/hdd/bdau/mbanisharifdehkordi/E2E/3d/results_combined/combined_ckpt3.nc4-3240427521-1102025.loc	/work	lustre
POSIX	42	1607752630872201620	POSIX_SIZE_WRITE_100M_1G	0	/work/hdd/bdau/mbanisharifdehkordi/E2E/3d/results_combined/combined_ckpt3.nc4-3240427521-1102025.loc	/work	lustre
POSIX	42	1607752630872201620	POSIX_SIZE_WRITE_1G_PLUS	0	/work/hdd/bdau/mbanisharifdehkordi/E2E/3d/results_combined/combined_ckpt3.nc4-3240427521-1102025.loc	/work	lustre
POSIX	43	12250442069707205756	POSIX_BYTES_WRITTEN	0	/work/hdd/bdau/mbanisharifdehkordi/E2E/3d/results_combined/combined_ckpt3.nc4.locktest.43	/work	lustre
POSIX	43	12250442069707205756	POSIX_FILE_NOT_ALIGNED	0	/work/hdd/bdau/mbanisharifdehkordi/E2E/3d/results_combined/combined_ckpt3.nc4.locktest.43	/work	lustre
POSIX	43	12250442069707205756	POSIX_SIZE_WRITE_0_100	0	/work/hdd/bdau/mbanisharifdehkordi/E2E/3d/results_combined/combined_ckpt3.nc4.locktest.43	/work	lustre
POSIX	43	12250442069707205756	POSIX_SIZE_WRITE_100_1K	0	/work/hdd/bdau/mbanisharifdehkordi/E2E/3d/results_combined/combined_ckpt3.nc4.locktest.43	/work	lustre
POSIX	43	12250442069707205756	POSIX_SIZE_WRITE_1K_10K	0	/work/hdd/bdau/mbanisharifdehkordi/E2E/3d/results_combined/combined_ckpt3.nc4.locktest.43	/work	lustre
POSIX	43	12250442069707205756	POSIX_SIZE_WRITE_10K_100K	0	/work/hdd/bdau/mbanisharifdehkordi/E2E/3d/results_combined/combined_ckpt3.nc4.locktest.43	/work	lustre
POSIX	43	12250442069707205756	POSIX_SIZE_WRITE_100K_1M	0	/work/hdd/bdau/mbanisharifdehkordi/E2E/3d/results_combined/combined_ckpt3.nc4.locktest.43	/work	lustre
POSIX	43	12250442069707205756	POSIX_SIZE_WRITE_1M_4M	0	/work/hdd/bdau/mbanisharifdehkordi/E2E/3d/results_combined/combined_ckpt3.nc4.locktest.43	/work	lustre
POSIX	43	12250442069707205756	POSIX_SIZE_WRITE_4M_10M	0	/work/hdd/bdau/mbanisharifdehkordi/E2E/3d/results_combined/combined_ckpt3.nc4.locktest.43	/work	lustre
POSIX	43	12250442069707205756	POSIX_SIZE_WRITE_10M_100M	0	/work/hdd/bdau/mbanisharifdehkordi/E2E/3d/results_combined/combined_ckpt3.nc4.locktest.43	/work	lustre
POSIX	43	12250442069707205756	POSIX_SIZE_WRITE_100M_1G	0	/work/hdd/bdau/mbanisharifdehkordi/E2E/3d/results_combined/combined_ckpt3.nc4.locktest.43	/work	lustre
POSIX	43	12250442069707205756	POSIX_SIZE_WRITE_1G_PLUS	0	/work/hdd/bdau/mbanisharifdehkordi/E2E/3d/results_combined/combined_ckpt3.nc4.locktest.43	/work	lustre
POSIX	43	3531888601709092091	POSIX_BYTES_WRITTEN	0	/work/hdd/bdau/mbanisharifdehkordi/E2E/3d/results_combined/combined_ckpt3.nc4	/work	lustre
POSIX	43	3531888601709092091	POSIX_FILE_NOT_ALIGNED	0	/work/hdd/bdau/mbanisharifdehkordi/E2E/3d/results_combined/combined_ckpt3.nc4	/work	lustre
POSIX	43	3531888601709092091	POSIX_SIZE_WRITE_0_100	0	/work/hdd/bdau/mbanisharifdehkordi/E2E/3d/results_combined/combined_ckpt3.nc4	/work	lustre
POSIX	43	3531888601709092091	POSIX_SIZE_WRITE_100_1K	0	/work/hdd/bdau/mbanisharifdehkordi/E2E/3d/results_combined/combined_ckpt3.nc4	/work	lustre
POSIX	43	3531888601709092091	POSIX_SIZE_WRITE_1K_10K	0	/work/hdd/bdau/mbanisharifdehkordi/E2E/3d/results_combined/combined_ckpt3.nc4	/work	lustre
POSIX	43	3531888601709092091	POSIX_SIZE_WRITE_10K_100K	0	/work/hdd/bdau/mbanisharifdehkordi/E2E/3d/results_combined/combined_ckpt3.nc4	/work	lustre
POSIX	43	3531888601709092091	POSIX_SIZE_WRITE_100K_1M	0	/work/hdd/bdau/mbanisharifdehkordi/E2E/3d/results_combined/combined_ckpt3.nc4	/work	lustre
POSIX	43	3531888601709092091	POSIX_SIZE_WRITE_1M_4M	0	/work/hdd/bdau/mbanisharifdehkordi/E2E/3d/results_combined/combined_ckpt3.nc4	/work	lustre
POSIX	43	3531888601709092091	POSIX_SIZE_WRITE_4M_10M	0	/work/hdd/bdau/mbanisharifdehkordi/E2E/3d/results_combined/combined_ckpt3.nc4	/work	lustre
POSIX	43	3531888601709092091	POSIX_SIZE_WRITE_10M_100M	0	/work/hdd/bdau/mbanisharifdehkordi/E2E/3d/results_combined/combined_ckpt3.nc4	/work	lustre
POSIX	43	3531888601709092091	POSIX_SIZE_WRITE_100M_1G	0	/work/hdd/bdau/mbanisharifdehkordi/E2E/3d/results_combined/combined_ckpt3.nc4	/work	lustre
POSIX	43	3531888601709092091	POSIX_SIZE_WRITE_1G_PLUS	0	/work/hdd/bdau/mbanisharifdehkordi/E2E/3d/results_combined/combined_ckpt3.nc4	/work	lustre
POSIX	43	7794184631446446289	POSIX_BYTES_WRITTEN	0	/work/hdd/bdau/mbanisharifdehkordi/E2E/3d/results_combined/.	/work	lustre
POSIX	43	7794184631446446289	POSIX_FILE_NOT_ALIGNED	0	/work/hdd/bdau/mbanisharifdehkordi/E2E/3d/results_combined/.	/work	lustre
POSIX	43	7794184631446446289	POSIX_SIZE_WRITE_0_100	0	/work/hdd/bdau/mbanisharifdehkordi/E2E/3d/results_combined/.	/work	lustre
POSIX	43	7794184631446446289	POSIX_SIZE_WRITE_100_1K	0	/work/hdd/bdau/mbanisharifdehkordi/E2E/3d/results_combined/.	/work	lustre
POSIX	43	7794184631446446289	POSIX_SIZE_WRITE_1K_10K	0	/work/hdd/bdau/mbanisharifdehkordi/E2E/3d/results_combined/.	/work	lustre
POSIX	43	7794184631446446289	POSIX_SIZE_WRITE_10K_100K	0	/work/hdd/bdau/mbanisharifdehkordi/E2E/3d/results_combined/.	/work	lustre
POSIX	43	7794184631446446289	POSIX_SIZE_WRITE_100K_1M	0	/work/hdd/bdau/mbanisharifdehkordi/E2E/3d/results_combined/.	/work	lustre
POSIX	43	7794184631446446289	POSIX_SIZE_WRITE_1M_4M	0	/work/hdd/bdau/mbanisharifdehkordi/E2E/3d/results_combined/.	/work	lustre
POSIX	43	7794184631446446289	POSIX_SIZE_WRITE_4M_10M	0	/work/hdd/bdau/mbanisharifdehkordi/E2E/3d/results_combined/.	/work	lustre
POSIX	43	7794184631446446289	POSIX_SIZE_WRITE_10M_100M	0	/work/hdd/bdau/mbanisharifdehkordi/E2E/3d/results_combined/.	/work	lustre
POSIX	43	7794184631446446289	POSIX_SIZE_WRITE_100M_1G	0	/work/hdd/bdau/mbanisharifdehkordi/E2E/3d/results_combined/.	/work	lustre
POSIX	43	7794184631446446289	POSIX_SIZE_WRITE_1G_PLUS	0	/work/hdd/bdau/mbanisharifdehkordi/E2E/3d/results_combined/.	/work	lustre
POSIX	43	1607752630872201620	POSIX_BYTES_WRITTEN	0	/work/hdd/bdau/mbanisharifdehkordi/E2E/3d/results_combined/combined_ckpt3.nc4-3240427521-1102025.loc	/work	lustre
POSIX	43	1607752630872201620	POSIX_FILE_NOT_ALIGNED	0	/work/hdd/bdau/mbanisharifdehkordi/E2E/3d/results_combined/combined_ckpt3.nc4-3240427521-1102025.loc	/work	lustre
POSIX	43	1607752630872201620	POSIX_SIZE_WRITE_0_100	0	/work/hdd/bdau/mbanisharifdehkordi/E2E/3d/results_combined/combined_ckpt3.nc4-3240427521-1102025.loc	/work	lustre
POSIX	43	1607752630872201620	POSIX_SIZE_WRITE_100_1K	0	/work/hdd/bdau/mbanisharifdehkordi/E2E/3d/results_combined/combined_ckpt3.nc4-3240427521-1102025.loc	/work	lustre
POSIX	43	1607752630872201620	POSIX_SIZE_WRITE_1K_10K	0	/work/hdd/bdau/mbanisharifdehkordi/E2E/3d/results_combined/combined_ckpt3.nc4-3240427521-1102025.loc	/work	lustre
POSIX	43	1607752630872201620	POSIX_SIZE_WRITE_10K_100K	0	/work/hdd/bdau/mbanisharifdehkordi/E2E/3d/results_combined/combined_ckpt3.nc4-3240427521-1102025.loc	/work	lustre
POSIX	43	1607752630872201620	POSIX_SIZE_WRITE_100K_1M	0	/work/hdd/bdau/mbanisharifdehkordi/E2E/3d/results_combined/combined_ckpt3.nc4-3240427521-1102025.loc	/work	lustre
POSIX	43	1607752630872201620	POSIX_SIZE_WRITE_1M_4M	0	/work/hdd/bdau/mbanisharifdehkordi/E2E/3d/results_combined/combined_ckpt3.nc4-3240427521-1102025.loc	/work	lustre
POSIX	43	1607752630872201620	POSIX_SIZE_WRITE_4M_10M	0	/work/hdd/bdau/mbanisharifdehkordi/E2E/3d/results_combined/combined_ckpt3.nc4-3240427521-1102025.loc	/work	lustre
POSIX	43	1607752630872201620	POSIX_SIZE_WRITE_10M_100M	0	/work/hdd/bdau/mbanisharifdehkordi/E2E/3d/results_combined/combined_ckpt3.nc4-3240427521-1102025.loc	/work	lustre
POSIX	43	1607752630872201620	POSIX_SIZE_WRITE_100M_1G	0	/work/hdd/bdau/mbanisharifdehkordi/E2E/3d/results_combined/combined_ckpt3.nc4-3240427521-1102025.loc	/work	lustre
POSIX	43	1607752630872201620	POSIX_SIZE_WRITE_1G_PLUS	0	/work/hdd/bdau/mbanisharifdehkordi/E2E/3d/results_combined/combined_ckpt3.nc4-3240427521-1102025.loc	/work	lustre
POSIX	44	13765625854148022417	POSIX_BYTES_WRITTEN	0	/work/hdd/bdau/mbanisharifdehkordi/E2E/3d/results_combined/combined_ckpt3.nc4.locktest.44	/work	lustre
POSIX	44	13765625854148022417	POSIX_FILE_NOT_ALIGNED	0	/work/hdd/bdau/mbanisharifdehkordi/E2E/3d/results_combined/combined_ckpt3.nc4.locktest.44	/work	lustre
POSIX	44	13765625854148022417	POSIX_SIZE_WRITE_0_100	0	/work/hdd/bdau/mbanisharifdehkordi/E2E/3d/results_combined/combined_ckpt3.nc4.locktest.44	/work	lustre
POSIX	44	13765625854148022417	POSIX_SIZE_WRITE_100_1K	0	/work/hdd/bdau/mbanisharifdehkordi/E2E/3d/results_combined/combined_ckpt3.nc4.locktest.44	/work	lustre
POSIX	44	13765625854148022417	POSIX_SIZE_WRITE_1K_10K	0	/work/hdd/bdau/mbanisharifdehkordi/E2E/3d/results_combined/combined_ckpt3.nc4.locktest.44	/work	lustre
POSIX	44	13765625854148022417	POSIX_SIZE_WRITE_10K_100K	0	/work/hdd/bdau/mbanisharifdehkordi/E2E/3d/results_combined/combined_ckpt3.nc4.locktest.44	/work	lustre
POSIX	44	13765625854148022417	POSIX_SIZE_WRITE_100K_1M	0	/work/hdd/bdau/mbanisharifdehkordi/E2E/3d/results_combined/combined_ckpt3.nc4.locktest.44	/work	lustre
POSIX	44	13765625854148022417	POSIX_SIZE_WRITE_1M_4M	0	/work/hdd/bdau/mbanisharifdehkordi/E2E/3d/results_combined/combined_ckpt3.nc4.locktest.44	/work	lustre
POSIX	44	13765625854148022417	POSIX_SIZE_WRITE_4M_10M	0	/work/hdd/bdau/mbanisharifdehkordi/E2E/3d/results_combined/combined_ckpt3.nc4.locktest.44	/work	lustre
POSIX	44	13765625854148022417	POSIX_SIZE_WRITE_10M_100M	0	/work/hdd/bdau/mbanisharifdehkordi/E2E/3d/results_combined/combined_ckpt3.nc4.locktest.44	/work	lustre
POSIX	44	13765625854148022417	POSIX_SIZE_WRITE_100M_1G	0	/work/hdd/bdau/mbanisharifdehkordi/E2E/3d/results_combined/combined_ckpt3.nc4.locktest.44	/work	lustre
POSIX	44	13765625854148022417	POSIX_SIZE_WRITE_1G_PLUS	0	/work/hdd/bdau/mbanisharifdehkordi/E2E/3d/results_combined/combined_ckpt3.nc4.locktest.44	/work	lustre
POSIX	44	3531888601709092091	POSIX_BYTES_WRITTEN	0	/work/hdd/bdau/mbanisharifdehkordi/E2E/3d/results_combined/combined_ckpt3.nc4	/work	lustre
POSIX	44	3531888601709092091	POSIX_FILE_NOT_ALIGNED	0	/work/hdd/bdau/mbanisharifdehkordi/E2E/3d/results_combined/combined_ckpt3.nc4	/work	lustre
POSIX	44	3531888601709092091	POSIX_SIZE_WRITE_0_100	0	/work/hdd/bdau/mbanisharifdehkordi/E2E/3d/results_combined/combined_ckpt3.nc4	/work	lustre
POSIX	44	3531888601709092091	POSIX_SIZE_WRITE_100_1K	0	/work/hdd/bdau/mbanisharifdehkordi/E2E/3d/results_combined/combined_ckpt3.nc4	/work	lustre
POSIX	44	3531888601709092091	POSIX_SIZE_WRITE_1K_10K	0	/work/hdd/bdau/mbanisharifdehkordi/E2E/3d/results_combined/combined_ckpt3.nc4	/work	lustre
POSIX	44	3531888601709092091	POSIX_SIZE_WRITE_10K_100K	0	/work/hdd/bdau/mbanisharifdehkordi/E2E/3d/results_combined/combined_ckpt3.nc4	/work	lustre
POSIX	44	3531888601709092091	POSIX_SIZE_WRITE_100K_1M	0	/work/hdd/bdau/mbanisharifdehkordi/E2E/3d/results_combined/combined_ckpt3.nc4	/work	lustre
POSIX	44	3531888601709092091	POSIX_SIZE_WRITE_1M_4M	0	/work/hdd/bdau/mbanisharifdehkordi/E2E/3d/results_combined/combined_ckpt3.nc4	/work	lustre
POSIX	44	3531888601709092091	POSIX_SIZE_WRITE_4M_10M	0	/work/hdd/bdau/mbanisharifdehkordi/E2E/3d/results_combined/combined_ckpt3.nc4	/work	lustre
POSIX	44	3531888601709092091	POSIX_SIZE_WRITE_10M_100M	0	/work/hdd/bdau/mbanisharifdehkordi/E2E/3d/results_combined/combined_ckpt3.nc4	/work	lustre
POSIX	44	3531888601709092091	POSIX_SIZE_WRITE_100M_1G	0	/work/hdd/bdau/mbanisharifdehkordi/E2E/3d/results_combined/combined_ckpt3.nc4	/work	lustre
POSIX	44	3531888601709092091	POSIX_SIZE_WRITE_1G_PLUS	0	/work/hdd/bdau/mbanisharifdehkordi/E2E/3d/results_combined/combined_ckpt3.nc4	/work	lustre
POSIX	44	7794184631446446289	POSIX_BYTES_WRITTEN	0	/work/hdd/bdau/mbanisharifdehkordi/E2E/3d/results_combined/.	/work	lustre
POSIX	44	7794184631446446289	POSIX_FILE_NOT_ALIGNED	0	/work/hdd/bdau/mbanisharifdehkordi/E2E/3d/results_combined/.	/work	lustre
POSIX	44	7794184631446446289	POSIX_SIZE_WRITE_0_100	0	/work/hdd/bdau/mbanisharifdehkordi/E2E/3d/results_combined/.	/work	lustre
POSIX	44	7794184631446446289	POSIX_SIZE_WRITE_100_1K	0	/work/hdd/bdau/mbanisharifdehkordi/E2E/3d/results_combined/.	/work	lustre
POSIX	44	7794184631446446289	POSIX_SIZE_WRITE_1K_10K	0	/work/hdd/bdau/mbanisharifdehkordi/E2E/3d/results_combined/.	/work	lustre
POSIX	44	7794184631446446289	POSIX_SIZE_WRITE_10K_100K	0	/work/hdd/bdau/mbanisharifdehkordi/E2E/3d/results_combined/.	/work	lustre
POSIX	44	7794184631446446289	POSIX_SIZE_WRITE_100K_1M	0	/work/hdd/bdau/mbanisharifdehkordi/E2E/3d/results_combined/.	/work	lustre
POSIX	44	7794184631446446289	POSIX_SIZE_WRITE_1M_4M	0	/work/hdd/bdau/mbanisharifdehkordi/E2E/3d/results_combined/.	/work	lustre
POSIX	44	7794184631446446289	POSIX_SIZE_WRITE_4M_10M	0	/work/hdd/bdau/mbanisharifdehkordi/E2E/3d/results_combined/.	/work	lustre
POSIX	44	7794184631446446289	POSIX_SIZE_WRITE_10M_100M	0	/work/hdd/bdau/mbanisharifdehkordi/E2E/3d/results_combined/.	/work	lustre
POSIX	44	7794184631446446289	POSIX_SIZE_WRITE_100M_1G	0	/work/hdd/bdau/mbanisharifdehkordi/E2E/3d/results_combined/.	/work	lustre
POSIX	44	7794184631446446289	POSIX_SIZE_WRITE_1G_PLUS	0	/work/hdd/bdau/mbanisharifdehkordi/E2E/3d/results_combined/.	/work	lustre
POSIX	44	1607752630872201620	POSIX_BYTES_WRITTEN	0	/work/hdd/bdau/mbanisharifdehkordi/E2E/3d/results_combined/combined_ckpt3.nc4-3240427521-1102025.loc	/work	lustre
POSIX	44	1607752630872201620	POSIX_FILE_NOT_ALIGNED	0	/work/hdd/bdau/mbanisharifdehkordi/E2E/3d/results_combined/combined_ckpt3.nc4-3240427521-1102025.loc	/work	lustre
POSIX	44	1607752630872201620	POSIX_SIZE_WRITE_0_100	0	/work/hdd/bdau/mbanisharifdehkordi/E2E/3d/results_combined/combined_ckpt3.nc4-3240427521-1102025.loc	/work	lustre
POSIX	44	1607752630872201620	POSIX_SIZE_WRITE_100_1K	0	/work/hdd/bdau/mbanisharifdehkordi/E2E/3d/results_combined/combined_ckpt3.nc4-3240427521-1102025.loc	/work	lustre
POSIX	44	1607752630872201620	POSIX_SIZE_WRITE_1K_10K	0	/work/hdd/bdau/mbanisharifdehkordi/E2E/3d/results_combined/combined_ckpt3.nc4-3240427521-1102025.loc	/work	lustre
POSIX	44	1607752630872201620	POSIX_SIZE_WRITE_10K_100K	0	/work/hdd/bdau/mbanisharifdehkordi/E2E/3d/results_combined/combined_ckpt3.nc4-3240427521-1102025.loc	/work	lustre
POSIX	44	1607752630872201620	POSIX_SIZE_WRITE_100K_1M	0	/work/hdd/bdau/mbanisharifdehkordi/E2E/3d/results_combined/combined_ckpt3.nc4-3240427521-1102025.loc	/work	lustre
POSIX	44	1607752630872201620	POSIX_SIZE_WRITE_1M_4M	0	/work/hdd/bdau/mbanisharifdehkordi/E2E/3d/results_combined/combined_ckpt3.nc4-3240427521-1102025.loc	/work	lustre
POSIX	44	1607752630872201620	POSIX_SIZE_WRITE_4M_10M	0	/work/hdd/bdau/mbanisharifdehkordi/E2E/3d/results_combined/combined_ckpt3.nc4-3240427521-1102025.loc	/work	lustre
POSIX	44	1607752630872201620	POSIX_SIZE_WRITE_10M_100M	0	/work/hdd/bdau/mbanisharifdehkordi/E2E/3d/results_combined/combined_ckpt3.nc4-3240427521-1102025.loc	/work	lustre
POSIX	44	1607752630872201620	POSIX_SIZE_WRITE_100M_1G	0	/work/hdd/bdau/mbanisharifdehkordi/E2E/3d/results_combined/combined_ckpt3.nc4-3240427521-1102025.loc	/work	lustre
POSIX	44	1607752630872201620	POSIX_SIZE_WRITE_1G_PLUS	0	/work/hdd/bdau/mbanisharifdehkordi/E2E/3d/results_combined/combined_ckpt3.nc4-3240427521-1102025.loc	/work	lustre
POSIX	45	189144728607164806	POSIX_BYTES_WRITTEN	0	/work/hdd/bdau/mbanisharifdehkordi/E2E/3d/results_combined/combined_ckpt3.nc4.locktest.45	/work	lustre
POSIX	45	189144728607164806	POSIX_FILE_NOT_ALIGNED	0	/work/hdd/bdau/mbanisharifdehkordi/E2E/3d/results_combined/combined_ckpt3.nc4.locktest.45	/work	lustre
POSIX	45	189144728607164806	POSIX_SIZE_WRITE_0_100	0	/work/hdd/bdau/mbanisharifdehkordi/E2E/3d/results_combined/combined_ckpt3.nc4.locktest.45	/work	lustre
POSIX	45	189144728607164806	POSIX_SIZE_WRITE_100_1K	0	/work/hdd/bdau/mbanisharifdehkordi/E2E/3d/results_combined/combined_ckpt3.nc4.locktest.45	/work	lustre
POSIX	45	189144728607164806	POSIX_SIZE_WRITE_1K_10K	0	/work/hdd/bdau/mbanisharifdehkordi/E2E/3d/results_combined/combined_ckpt3.nc4.locktest.45	/work	lustre
POSIX	45	189144728607164806	POSIX_SIZE_WRITE_10K_100K	0	/work/hdd/bdau/mbanisharifdehkordi/E2E/3d/results_combined/combined_ckpt3.nc4.locktest.45	/work	lustre
POSIX	45	189144728607164806	POSIX_SIZE_WRITE_100K_1M	0	/work/hdd/bdau/mbanisharifdehkordi/E2E/3d/results_combined/combined_ckpt3.nc4.locktest.45	/work	lustre
POSIX	45	189144728607164806	POSIX_SIZE_WRITE_1M_4M	0	/work/hdd/bdau/mbanisharifdehkordi/E2E/3d/results_combined/combined_ckpt3.nc4.locktest.45	/work	lustre
POSIX	45	189144728607164806	POSIX_SIZE_WRITE_4M_10M	0	/work/hdd/bdau/mbanisharifdehkordi/E2E/3d/results_combined/combined_ckpt3.nc4.locktest.45	/work	lustre
POSIX	45	189144728607164806	POSIX_SIZE_WRITE_10M_100M	0	/work/hdd/bdau/mbanisharifdehkordi/E2E/3d/results_combined/combined_ckpt3.nc4.locktest.45	/work	lustre
POSIX	45	189144728607164806	POSIX_SIZE_WRITE_100M_1G	0	/work/hdd/bdau/mbanisharifdehkordi/E2E/3d/results_combined/combined_ckpt3.nc4.locktest.45	/work	lustre
POSIX	45	189144728607164806	POSIX_SIZE_WRITE_1G_PLUS	0	/work/hdd/bdau/mbanisharifdehkordi/E2E/3d/results_combined/combined_ckpt3.nc4.locktest.45	/work	lustre
POSIX	45	3531888601709092091	POSIX_BYTES_WRITTEN	0	/work/hdd/bdau/mbanisharifdehkordi/E2E/3d/results_combined/combined_ckpt3.nc4	/work	lustre
POSIX	45	3531888601709092091	POSIX_FILE_NOT_ALIGNED	0	/work/hdd/bdau/mbanisharifdehkordi/E2E/3d/results_combined/combined_ckpt3.nc4	/work	lustre
POSIX	45	3531888601709092091	POSIX_SIZE_WRITE_0_100	0	/work/hdd/bdau/mbanisharifdehkordi/E2E/3d/results_combined/combined_ckpt3.nc4	/work	lustre
POSIX	45	3531888601709092091	POSIX_SIZE_WRITE_100_1K	0	/work/hdd/bdau/mbanisharifdehkordi/E2E/3d/results_combined/combined_ckpt3.nc4	/work	lustre
POSIX	45	3531888601709092091	POSIX_SIZE_WRITE_1K_10K	0	/work/hdd/bdau/mbanisharifdehkordi/E2E/3d/results_combined/combined_ckpt3.nc4	/work	lustre
POSIX	45	3531888601709092091	POSIX_SIZE_WRITE_10K_100K	0	/work/hdd/bdau/mbanisharifdehkordi/E2E/3d/results_combined/combined_ckpt3.nc4	/work	lustre
POSIX	45	3531888601709092091	POSIX_SIZE_WRITE_100K_1M	0	/work/hdd/bdau/mbanisharifdehkordi/E2E/3d/results_combined/combined_ckpt3.nc4	/work	lustre
POSIX	45	3531888601709092091	POSIX_SIZE_WRITE_1M_4M	0	/work/hdd/bdau/mbanisharifdehkordi/E2E/3d/results_combined/combined_ckpt3.nc4	/work	lustre
POSIX	45	3531888601709092091	POSIX_SIZE_WRITE_4M_10M	0	/work/hdd/bdau/mbanisharifdehkordi/E2E/3d/results_combined/combined_ckpt3.nc4	/work	lustre
POSIX	45	3531888601709092091	POSIX_SIZE_WRITE_10M_100M	0	/work/hdd/bdau/mbanisharifdehkordi/E2E/3d/results_combined/combined_ckpt3.nc4	/work	lustre
POSIX	45	3531888601709092091	POSIX_SIZE_WRITE_100M_1G	0	/work/hdd/bdau/mbanisharifdehkordi/E2E/3d/results_combined/combined_ckpt3.nc4	/work	lustre
POSIX	45	3531888601709092091	POSIX_SIZE_WRITE_1G_PLUS	0	/work/hdd/bdau/mbanisharifdehkordi/E2E/3d/results_combined/combined_ckpt3.nc4	/work	lustre
POSIX	45	7794184631446446289	POSIX_BYTES_WRITTEN	0	/work/hdd/bdau/mbanisharifdehkordi/E2E/3d/results_combined/.	/work	lustre
POSIX	45	7794184631446446289	POSIX_FILE_NOT_ALIGNED	0	/work/hdd/bdau/mbanisharifdehkordi/E2E/3d/results_combined/.	/work	lustre
POSIX	45	7794184631446446289	POSIX_SIZE_WRITE_0_100	0	/work/hdd/bdau/mbanisharifdehkordi/E2E/3d/results_combined/.	/work	lustre
POSIX	45	7794184631446446289	POSIX_SIZE_WRITE_100_1K	0	/work/hdd/bdau/mbanisharifdehkordi/E2E/3d/results_combined/.	/work	lustre
POSIX	45	7794184631446446289	POSIX_SIZE_WRITE_1K_10K	0	/work/hdd/bdau/mbanisharifdehkordi/E2E/3d/results_combined/.	/work	lustre
POSIX	45	7794184631446446289	POSIX_SIZE_WRITE_10K_100K	0	/work/hdd/bdau/mbanisharifdehkordi/E2E/3d/results_combined/.	/work	lustre
POSIX	45	7794184631446446289	POSIX_SIZE_WRITE_100K_1M	0	/work/hdd/bdau/mbanisharifdehkordi/E2E/3d/results_combined/.	/work	lustre
POSIX	45	7794184631446446289	POSIX_SIZE_WRITE_1M_4M	0	/work/hdd/bdau/mbanisharifdehkordi/E2E/3d/results_combined/.	/work	lustre
POSIX	45	7794184631446446289	POSIX_SIZE_WRITE_4M_10M	0	/work/hdd/bdau/mbanisharifdehkordi/E2E/3d/results_combined/.	/work	lustre
POSIX	45	7794184631446446289	POSIX_SIZE_WRITE_10M_100M	0	/work/hdd/bdau/mbanisharifdehkordi/E2E/3d/results_combined/.	/work	lustre
POSIX	45	7794184631446446289	POSIX_SIZE_WRITE_100M_1G	0	/work/hdd/bdau/mbanisharifdehkordi/E2E/3d/results_combined/.	/work	lustre
POSIX	45	7794184631446446289	POSIX_SIZE_WRITE_1G_PLUS	0	/work/hdd/bdau/mbanisharifdehkordi/E2E/3d/results_combined/.	/work	lustre
POSIX	45	1607752630872201620	POSIX_BYTES_WRITTEN	0	/work/hdd/bdau/mbanisharifdehkordi/E2E/3d/results_combined/combined_ckpt3.nc4-3240427521-1102025.loc	/work	lustre
POSIX	45	1607752630872201620	POSIX_FILE_NOT_ALIGNED	0	/work/hdd/bdau/mbanisharifdehkordi/E2E/3d/results_combined/combined_ckpt3.nc4-3240427521-1102025.loc	/work	lustre
POSIX	45	1607752630872201620	POSIX_SIZE_WRITE_0_100	0	/work/hdd/bdau/mbanisharifdehkordi/E2E/3d/results_combined/combined_ckpt3.nc4-3240427521-1102025.loc	/work	lustre
POSIX	45	1607752630872201620	POSIX_SIZE_WRITE_100_1K	0	/work/hdd/bdau/mbanisharifdehkordi/E2E/3d/results_combined/combined_ckpt3.nc4-3240427521-1102025.loc	/work	lustre
POSIX	45	1607752630872201620	POSIX_SIZE_WRITE_1K_10K	0	/work/hdd/bdau/mbanisharifdehkordi/E2E/3d/results_combined/combined_ckpt3.nc4-3240427521-1102025.loc	/work	lustre
POSIX	45	1607752630872201620	POSIX_SIZE_WRITE_10K_100K	0	/work/hdd/bdau/mbanisharifdehkordi/E2E/3d/results_combined/combined_ckpt3.nc4-3240427521-1102025.loc	/work	lustre
POSIX	45	1607752630872201620	POSIX_SIZE_WRITE_100K_1M	0	/work/hdd/bdau/mbanisharifdehkordi/E2E/3d/results_combined/combined_ckpt3.nc4-3240427521-1102025.loc	/work	lustre
POSIX	45	1607752630872201620	POSIX_SIZE_WRITE_1M_4M	0	/work/hdd/bdau/mbanisharifdehkordi/E2E/3d/results_combined/combined_ckpt3.nc4-3240427521-1102025.loc	/work	lustre
POSIX	45	1607752630872201620	POSIX_SIZE_WRITE_4M_10M	0	/work/hdd/bdau/mbanisharifdehkordi/E2E/3d/results_combined/combined_ckpt3.nc4-3240427521-1102025.loc	/work	lustre
POSIX	45	1607752630872201620	POSIX_SIZE_WRITE_10M_100M	0	/work/hdd/bdau/mbanisharifdehkordi/E2E/3d/results_combined/combined_ckpt3.nc4-3240427521-1102025.loc	/work	lustre
POSIX	45	1607752630872201620	POSIX_SIZE_WRITE_100M_1G	0	/work/hdd/bdau/mbanisharifdehkordi/E2E/3d/results_combined/combined_ckpt3.nc4-3240427521-1102025.loc	/work	lustre
POSIX	45	1607752630872201620	POSIX_SIZE_WRITE_1G_PLUS	0	/work/hdd/bdau/mbanisharifdehkordi/E2E/3d/results_combined/combined_ckpt3.nc4-3240427521-1102025.loc	/work	lustre
POSIX	46	9309977409407242241	POSIX_BYTES_WRITTEN	0	/work/hdd/bdau/mbanisharifdehkordi/E2E/3d/results_combined/combined_ckpt3.nc4.locktest.46	/work	lustre
POSIX	46	9309977409407242241	POSIX_FILE_NOT_ALIGNED	0	/work/hdd/bdau/mbanisharifdehkordi/E2E/3d/results_combined/combined_ckpt3.nc4.locktest.46	/work	lustre
POSIX	46	9309977409407242241	POSIX_SIZE_WRITE_0_100	0	/work/hdd/bdau/mbanisharifdehkordi/E2E/3d/results_combined/combined_ckpt3.nc4.locktest.46	/work	lustre
POSIX	46	9309977409407242241	POSIX_SIZE_WRITE_100_1K	0	/work/hdd/bdau/mbanisharifdehkordi/E2E/3d/results_combined/combined_ckpt3.nc4.locktest.46	/work	lustre
POSIX	46	9309977409407242241	POSIX_SIZE_WRITE_1K_10K	0	/work/hdd/bdau/mbanisharifdehkordi/E2E/3d/results_combined/combined_ckpt3.nc4.locktest.46	/work	lustre
POSIX	46	9309977409407242241	POSIX_SIZE_WRITE_10K_100K	0	/work/hdd/bdau/mbanisharifdehkordi/E2E/3d/results_combined/combined_ckpt3.nc4.locktest.46	/work	lustre
POSIX	46	9309977409407242241	POSIX_SIZE_WRITE_100K_1M	0	/work/hdd/bdau/mbanisharifdehkordi/E2E/3d/results_combined/combined_ckpt3.nc4.locktest.46	/work	lustre
POSIX	46	9309977409407242241	POSIX_SIZE_WRITE_1M_4M	0	/work/hdd/bdau/mbanisharifdehkordi/E2E/3d/results_combined/combined_ckpt3.nc4.locktest.46	/work	lustre
POSIX	46	9309977409407242241	POSIX_SIZE_WRITE_4M_10M	0	/work/hdd/bdau/mbanisharifdehkordi/E2E/3d/results_combined/combined_ckpt3.nc4.locktest.46	/work	lustre
POSIX	46	9309977409407242241	POSIX_SIZE_WRITE_10M_100M	0	/work/hdd/bdau/mbanisharifdehkordi/E2E/3d/results_combined/combined_ckpt3.nc4.locktest.46	/work	lustre
POSIX	46	9309977409407242241	POSIX_SIZE_WRITE_100M_1G	0	/work/hdd/bdau/mbanisharifdehkordi/E2E/3d/results_combined/combined_ckpt3.nc4.locktest.46	/work	lustre
POSIX	46	9309977409407242241	POSIX_SIZE_WRITE_1G_PLUS	0	/work/hdd/bdau/mbanisharifdehkordi/E2E/3d/results_combined/combined_ckpt3.nc4.locktest.46	/work	lustre
POSIX	46	3531888601709092091	POSIX_BYTES_WRITTEN	0	/work/hdd/bdau/mbanisharifdehkordi/E2E/3d/results_combined/combined_ckpt3.nc4	/work	lustre
POSIX	46	3531888601709092091	POSIX_FILE_NOT_ALIGNED	0	/work/hdd/bdau/mbanisharifdehkordi/E2E/3d/results_combined/combined_ckpt3.nc4	/work	lustre
POSIX	46	3531888601709092091	POSIX_SIZE_WRITE_0_100	0	/work/hdd/bdau/mbanisharifdehkordi/E2E/3d/results_combined/combined_ckpt3.nc4	/work	lustre
POSIX	46	3531888601709092091	POSIX_SIZE_WRITE_100_1K	0	/work/hdd/bdau/mbanisharifdehkordi/E2E/3d/results_combined/combined_ckpt3.nc4	/work	lustre
POSIX	46	3531888601709092091	POSIX_SIZE_WRITE_1K_10K	0	/work/hdd/bdau/mbanisharifdehkordi/E2E/3d/results_combined/combined_ckpt3.nc4	/work	lustre
POSIX	46	3531888601709092091	POSIX_SIZE_WRITE_10K_100K	0	/work/hdd/bdau/mbanisharifdehkordi/E2E/3d/results_combined/combined_ckpt3.nc4	/work	lustre
POSIX	46	3531888601709092091	POSIX_SIZE_WRITE_100K_1M	0	/work/hdd/bdau/mbanisharifdehkordi/E2E/3d/results_combined/combined_ckpt3.nc4	/work	lustre
POSIX	46	3531888601709092091	POSIX_SIZE_WRITE_1M_4M	0	/work/hdd/bdau/mbanisharifdehkordi/E2E/3d/results_combined/combined_ckpt3.nc4	/work	lustre
POSIX	46	3531888601709092091	POSIX_SIZE_WRITE_4M_10M	0	/work/hdd/bdau/mbanisharifdehkordi/E2E/3d/results_combined/combined_ckpt3.nc4	/work	lustre
POSIX	46	3531888601709092091	POSIX_SIZE_WRITE_10M_100M	0	/work/hdd/bdau/mbanisharifdehkordi/E2E/3d/results_combined/combined_ckpt3.nc4	/work	lustre
POSIX	46	3531888601709092091	POSIX_SIZE_WRITE_100M_1G	0	/work/hdd/bdau/mbanisharifdehkordi/E2E/3d/results_combined/combined_ckpt3.nc4	/work	lustre
POSIX	46	3531888601709092091	POSIX_SIZE_WRITE_1G_PLUS	0	/work/hdd/bdau/mbanisharifdehkordi/E2E/3d/results_combined/combined_ckpt3.nc4	/work	lustre
POSIX	46	7794184631446446289	POSIX_BYTES_WRITTEN	0	/work/hdd/bdau/mbanisharifdehkordi/E2E/3d/results_combined/.	/work	lustre
POSIX	46	7794184631446446289	POSIX_FILE_NOT_ALIGNED	0	/work/hdd/bdau/mbanisharifdehkordi/E2E/3d/results_combined/.	/work	lustre
POSIX	46	7794184631446446289	POSIX_SIZE_WRITE_0_100	0	/work/hdd/bdau/mbanisharifdehkordi/E2E/3d/results_combined/.	/work	lustre
POSIX	46	7794184631446446289	POSIX_SIZE_WRITE_100_1K	0	/work/hdd/bdau/mbanisharifdehkordi/E2E/3d/results_combined/.	/work	lustre
POSIX	46	7794184631446446289	POSIX_SIZE_WRITE_1K_10K	0	/work/hdd/bdau/mbanisharifdehkordi/E2E/3d/results_combined/.	/work	lustre
POSIX	46	7794184631446446289	POSIX_SIZE_WRITE_10K_100K	0	/work/hdd/bdau/mbanisharifdehkordi/E2E/3d/results_combined/.	/work	lustre
POSIX	46	7794184631446446289	POSIX_SIZE_WRITE_100K_1M	0	/work/hdd/bdau/mbanisharifdehkordi/E2E/3d/results_combined/.	/work	lustre
POSIX	46	7794184631446446289	POSIX_SIZE_WRITE_1M_4M	0	/work/hdd/bdau/mbanisharifdehkordi/E2E/3d/results_combined/.	/work	lustre
POSIX	46	7794184631446446289	POSIX_SIZE_WRITE_4M_10M	0	/work/hdd/bdau/mbanisharifdehkordi/E2E/3d/results_combined/.	/work	lustre
POSIX	46	7794184631446446289	POSIX_SIZE_WRITE_10M_100M	0	/work/hdd/bdau/mbanisharifdehkordi/E2E/3d/results_combined/.	/work	lustre
POSIX	46	7794184631446446289	POSIX_SIZE_WRITE_100M_1G	0	/work/hdd/bdau/mbanisharifdehkordi/E2E/3d/results_combined/.	/work	lustre
POSIX	46	7794184631446446289	POSIX_SIZE_WRITE_1G_PLUS	0	/work/hdd/bdau/mbanisharifdehkordi/E2E/3d/results_combined/.	/work	lustre
POSIX	46	1607752630872201620	POSIX_BYTES_WRITTEN	0	/work/hdd/bdau/mbanisharifdehkordi/E2E/3d/results_combined/combined_ckpt3.nc4-3240427521-1102025.loc	/work	lustre
POSIX	46	1607752630872201620	POSIX_FILE_NOT_ALIGNED	0	/work/hdd/bdau/mbanisharifdehkordi/E2E/3d/results_combined/combined_ckpt3.nc4-3240427521-1102025.loc	/work	lustre
POSIX	46	1607752630872201620	POSIX_SIZE_WRITE_0_100	0	/work/hdd/bdau/mbanisharifdehkordi/E2E/3d/results_combined/combined_ckpt3.nc4-3240427521-1102025.loc	/work	lustre
POSIX	46	1607752630872201620	POSIX_SIZE_WRITE_100_1K	0	/work/hdd/bdau/mbanisharifdehkordi/E2E/3d/results_combined/combined_ckpt3.nc4-3240427521-1102025.loc	/work	lustre
POSIX	46	1607752630872201620	POSIX_SIZE_WRITE_1K_10K	0	/work/hdd/bdau/mbanisharifdehkordi/E2E/3d/results_combined/combined_ckpt3.nc4-3240427521-1102025.loc	/work	lustre
POSIX	46	1607752630872201620	POSIX_SIZE_WRITE_10K_100K	0	/work/hdd/bdau/mbanisharifdehkordi/E2E/3d/results_combined/combined_ckpt3.nc4-3240427521-1102025.loc	/work	lustre
POSIX	46	1607752630872201620	POSIX_SIZE_WRITE_100K_1M	0	/work/hdd/bdau/mbanisharifdehkordi/E2E/3d/results_combined/combined_ckpt3.nc4-3240427521-1102025.loc	/work	lustre
POSIX	46	1607752630872201620	POSIX_SIZE_WRITE_1M_4M	0	/work/hdd/bdau/mbanisharifdehkordi/E2E/3d/results_combined/combined_ckpt3.nc4-3240427521-1102025.loc	/work	lustre
POSIX	46	1607752630872201620	POSIX_SIZE_WRITE_4M_10M	0	/work/hdd/bdau/mbanisharifdehkordi/E2E/3d/results_combined/combined_ckpt3.nc4-3240427521-1102025.loc	/work	lustre
POSIX	46	1607752630872201620	POSIX_SIZE_WRITE_10M_100M	0	/work/hdd/bdau/mbanisharifdehkordi/E2E/3d/results_combined/combined_ckpt3.nc4-3240427521-1102025.loc	/work	lustre
POSIX	46	1607752630872201620	POSIX_SIZE_WRITE_100M_1G	0	/work/hdd/bdau/mbanisharifdehkordi/E2E/3d/results_combined/combined_ckpt3.nc4-3240427521-1102025.loc	/work	lustre
POSIX	46	1607752630872201620	POSIX_SIZE_WRITE_1G_PLUS	0	/work/hdd/bdau/mbanisharifdehkordi/E2E/3d/results_combined/combined_ckpt3.nc4-3240427521-1102025.loc	/work	lustre
POSIX	47	13052717397335471087	POSIX_BYTES_WRITTEN	0	/work/hdd/bdau/mbanisharifdehkordi/E2E/3d/results_combined/combined_ckpt3.nc4.locktest.47	/work	lustre
POSIX	47	13052717397335471087	POSIX_FILE_NOT_ALIGNED	0	/work/hdd/bdau/mbanisharifdehkordi/E2E/3d/results_combined/combined_ckpt3.nc4.locktest.47	/work	lustre
POSIX	47	13052717397335471087	POSIX_SIZE_WRITE_0_100	0	/work/hdd/bdau/mbanisharifdehkordi/E2E/3d/results_combined/combined_ckpt3.nc4.locktest.47	/work	lustre
POSIX	47	13052717397335471087	POSIX_SIZE_WRITE_100_1K	0	/work/hdd/bdau/mbanisharifdehkordi/E2E/3d/results_combined/combined_ckpt3.nc4.locktest.47	/work	lustre
POSIX	47	13052717397335471087	POSIX_SIZE_WRITE_1K_10K	0	/work/hdd/bdau/mbanisharifdehkordi/E2E/3d/results_combined/combined_ckpt3.nc4.locktest.47	/work	lustre
POSIX	47	13052717397335471087	POSIX_SIZE_WRITE_10K_100K	0	/work/hdd/bdau/mbanisharifdehkordi/E2E/3d/results_combined/combined_ckpt3.nc4.locktest.47	/work	lustre
POSIX	47	13052717397335471087	POSIX_SIZE_WRITE_100K_1M	0	/work/hdd/bdau/mbanisharifdehkordi/E2E/3d/results_combined/combined_ckpt3.nc4.locktest.47	/work	lustre
POSIX	47	13052717397335471087	POSIX_SIZE_WRITE_1M_4M	0	/work/hdd/bdau/mbanisharifdehkordi/E2E/3d/results_combined/combined_ckpt3.nc4.locktest.47	/work	lustre
POSIX	47	13052717397335471087	POSIX_SIZE_WRITE_4M_10M	0	/work/hdd/bdau/mbanisharifdehkordi/E2E/3d/results_combined/combined_ckpt3.nc4.locktest.47	/work	lustre
POSIX	47	13052717397335471087	POSIX_SIZE_WRITE_10M_100M	0	/work/hdd/bdau/mbanisharifdehkordi/E2E/3d/results_combined/combined_ckpt3.nc4.locktest.47	/work	lustre
POSIX	47	13052717397335471087	POSIX_SIZE_WRITE_100M_1G	0	/work/hdd/bdau/mbanisharifdehkordi/E2E/3d/results_combined/combined_ckpt3.nc4.locktest.47	/work	lustre
POSIX	47	13052717397335471087	POSIX_SIZE_WRITE_1G_PLUS	0	/work/hdd/bdau/mbanisharifdehkordi/E2E/3d/results_combined/combined_ckpt3.nc4.locktest.47	/work	lustre
POSIX	47	3531888601709092091	POSIX_BYTES_WRITTEN	0	/work/hdd/bdau/mbanisharifdehkordi/E2E/3d/results_combined/combined_ckpt3.nc4	/work	lustre
POSIX	47	3531888601709092091	POSIX_FILE_NOT_ALIGNED	0	/work/hdd/bdau/mbanisharifdehkordi/E2E/3d/results_combined/combined_ckpt3.nc4	/work	lustre
POSIX	47	3531888601709092091	POSIX_SIZE_WRITE_0_100	0	/work/hdd/bdau/mbanisharifdehkordi/E2E/3d/results_combined/combined_ckpt3.nc4	/work	lustre
POSIX	47	3531888601709092091	POSIX_SIZE_WRITE_100_1K	0	/work/hdd/bdau/mbanisharifdehkordi/E2E/3d/results_combined/combined_ckpt3.nc4	/work	lustre
POSIX	47	3531888601709092091	POSIX_SIZE_WRITE_1K_10K	0	/work/hdd/bdau/mbanisharifdehkordi/E2E/3d/results_combined/combined_ckpt3.nc4	/work	lustre
POSIX	47	3531888601709092091	POSIX_SIZE_WRITE_10K_100K	0	/work/hdd/bdau/mbanisharifdehkordi/E2E/3d/results_combined/combined_ckpt3.nc4	/work	lustre
POSIX	47	3531888601709092091	POSIX_SIZE_WRITE_100K_1M	0	/work/hdd/bdau/mbanisharifdehkordi/E2E/3d/results_combined/combined_ckpt3.nc4	/work	lustre
POSIX	47	3531888601709092091	POSIX_SIZE_WRITE_1M_4M	0	/work/hdd/bdau/mbanisharifdehkordi/E2E/3d/results_combined/combined_ckpt3.nc4	/work	lustre
POSIX	47	3531888601709092091	POSIX_SIZE_WRITE_4M_10M	0	/work/hdd/bdau/mbanisharifdehkordi/E2E/3d/results_combined/combined_ckpt3.nc4	/work	lustre
POSIX	47	3531888601709092091	POSIX_SIZE_WRITE_10M_100M	0	/work/hdd/bdau/mbanisharifdehkordi/E2E/3d/results_combined/combined_ckpt3.nc4	/work	lustre
POSIX	47	3531888601709092091	POSIX_SIZE_WRITE_100M_1G	0	/work/hdd/bdau/mbanisharifdehkordi/E2E/3d/results_combined/combined_ckpt3.nc4	/work	lustre
POSIX	47	3531888601709092091	POSIX_SIZE_WRITE_1G_PLUS	0	/work/hdd/bdau/mbanisharifdehkordi/E2E/3d/results_combined/combined_ckpt3.nc4	/work	lustre
POSIX	47	7794184631446446289	POSIX_BYTES_WRITTEN	0	/work/hdd/bdau/mbanisharifdehkordi/E2E/3d/results_combined/.	/work	lustre
POSIX	47	7794184631446446289	POSIX_FILE_NOT_ALIGNED	0	/work/hdd/bdau/mbanisharifdehkordi/E2E/3d/results_combined/.	/work	lustre
POSIX	47	7794184631446446289	POSIX_SIZE_WRITE_0_100	0	/work/hdd/bdau/mbanisharifdehkordi/E2E/3d/results_combined/.	/work	lustre
POSIX	47	7794184631446446289	POSIX_SIZE_WRITE_100_1K	0	/work/hdd/bdau/mbanisharifdehkordi/E2E/3d/results_combined/.	/work	lustre
POSIX	47	7794184631446446289	POSIX_SIZE_WRITE_1K_10K	0	/work/hdd/bdau/mbanisharifdehkordi/E2E/3d/results_combined/.	/work	lustre
POSIX	47	7794184631446446289	POSIX_SIZE_WRITE_10K_100K	0	/work/hdd/bdau/mbanisharifdehkordi/E2E/3d/results_combined/.	/work	lustre
POSIX	47	7794184631446446289	POSIX_SIZE_WRITE_100K_1M	0	/work/hdd/bdau/mbanisharifdehkordi/E2E/3d/results_combined/.	/work	lustre
POSIX	47	7794184631446446289	POSIX_SIZE_WRITE_1M_4M	0	/work/hdd/bdau/mbanisharifdehkordi/E2E/3d/results_combined/.	/work	lustre
POSIX	47	7794184631446446289	POSIX_SIZE_WRITE_4M_10M	0	/work/hdd/bdau/mbanisharifdehkordi/E2E/3d/results_combined/.	/work	lustre
POSIX	47	7794184631446446289	POSIX_SIZE_WRITE_10M_100M	0	/work/hdd/bdau/mbanisharifdehkordi/E2E/3d/results_combined/.	/work	lustre
POSIX	47	7794184631446446289	POSIX_SIZE_WRITE_100M_1G	0	/work/hdd/bdau/mbanisharifdehkordi/E2E/3d/results_combined/.	/work	lustre
POSIX	47	7794184631446446289	POSIX_SIZE_WRITE_1G_PLUS	0	/work/hdd/bdau/mbanisharifdehkordi/E2E/3d/results_combined/.	/work	lustre
POSIX	47	1607752630872201620	POSIX_BYTES_WRITTEN	0	/work/hdd/bdau/mbanisharifdehkordi/E2E/3d/results_combined/combined_ckpt3.nc4-3240427521-1102025.loc	/work	lustre
POSIX	47	1607752630872201620	POSIX_FILE_NOT_ALIGNED	0	/work/hdd/bdau/mbanisharifdehkordi/E2E/3d/results_combined/combined_ckpt3.nc4-3240427521-1102025.loc	/work	lustre
POSIX	47	1607752630872201620	POSIX_SIZE_WRITE_0_100	0	/work/hdd/bdau/mbanisharifdehkordi/E2E/3d/results_combined/combined_ckpt3.nc4-3240427521-1102025.loc	/work	lustre
POSIX	47	1607752630872201620	POSIX_SIZE_WRITE_100_1K	0	/work/hdd/bdau/mbanisharifdehkordi/E2E/3d/results_combined/combined_ckpt3.nc4-3240427521-1102025.loc	/work	lustre
POSIX	47	1607752630872201620	POSIX_SIZE_WRITE_1K_10K	0	/work/hdd/bdau/mbanisharifdehkordi/E2E/3d/results_combined/combined_ckpt3.nc4-3240427521-1102025.loc	/work	lustre
POSIX	47	1607752630872201620	POSIX_SIZE_WRITE_10K_100K	0	/work/hdd/bdau/mbanisharifdehkordi/E2E/3d/results_combined/combined_ckpt3.nc4-3240427521-1102025.loc	/work	lustre
POSIX	47	1607752630872201620	POSIX_SIZE_WRITE_100K_1M	0	/work/hdd/bdau/mbanisharifdehkordi/E2E/3d/results_combined/combined_ckpt3.nc4-3240427521-1102025.loc	/work	lustre
POSIX	47	1607752630872201620	POSIX_SIZE_WRITE_1M_4M	0	/work/hdd/bdau/mbanisharifdehkordi/E2E/3d/results_combined/combined_ckpt3.nc4-3240427521-1102025.loc	/work	lustre
POSIX	47	1607752630872201620	POSIX_SIZE_WRITE_4M_10M	0	/work/hdd/bdau/mbanisharifdehkordi/E2E/3d/results_combined/combined_ckpt3.nc4-3240427521-1102025.loc	/work	lustre
POSIX	47	1607752630872201620	POSIX_SIZE_WRITE_10M_100M	0	/work/hdd/bdau/mbanisharifdehkordi/E2E/3d/results_combined/combined_ckpt3.nc4-3240427521-1102025.loc	/work	lustre
POSIX	47	1607752630872201620	POSIX_SIZE_WRITE_100M_1G	0	/work/hdd/bdau/mbanisharifdehkordi/E2E/3d/results_combined/combined_ckpt3.nc4-3240427521-1102025.loc	/work	lustre
POSIX	47	1607752630872201620	POSIX_SIZE_WRITE_1G_PLUS	0	/work/hdd/bdau/mbanisharifdehkordi/E2E/3d/results_combined/combined_ckpt3.nc4-3240427521-1102025.loc	/work	lustre
POSIX	48	3274743370434378476	POSIX_BYTES_WRITTEN	0	/work/hdd/bdau/mbanisharifdehkordi/E2E/3d/results_combined/combined_ckpt3.nc4.locktest.48	/work	lustre
POSIX	48	3274743370434378476	POSIX_FILE_NOT_ALIGNED	0	/work/hdd/bdau/mbanisharifdehkordi/E2E/3d/results_combined/combined_ckpt3.nc4.locktest.48	/work	lustre
POSIX	48	3274743370434378476	POSIX_SIZE_WRITE_0_100	0	/work/hdd/bdau/mbanisharifdehkordi/E2E/3d/results_combined/combined_ckpt3.nc4.locktest.48	/work	lustre
POSIX	48	3274743370434378476	POSIX_SIZE_WRITE_100_1K	0	/work/hdd/bdau/mbanisharifdehkordi/E2E/3d/results_combined/combined_ckpt3.nc4.locktest.48	/work	lustre
POSIX	48	3274743370434378476	POSIX_SIZE_WRITE_1K_10K	0	/work/hdd/bdau/mbanisharifdehkordi/E2E/3d/results_combined/combined_ckpt3.nc4.locktest.48	/work	lustre
POSIX	48	3274743370434378476	POSIX_SIZE_WRITE_10K_100K	0	/work/hdd/bdau/mbanisharifdehkordi/E2E/3d/results_combined/combined_ckpt3.nc4.locktest.48	/work	lustre
POSIX	48	3274743370434378476	POSIX_SIZE_WRITE_100K_1M	0	/work/hdd/bdau/mbanisharifdehkordi/E2E/3d/results_combined/combined_ckpt3.nc4.locktest.48	/work	lustre
POSIX	48	3274743370434378476	POSIX_SIZE_WRITE_1M_4M	0	/work/hdd/bdau/mbanisharifdehkordi/E2E/3d/results_combined/combined_ckpt3.nc4.locktest.48	/work	lustre
POSIX	48	3274743370434378476	POSIX_SIZE_WRITE_4M_10M	0	/work/hdd/bdau/mbanisharifdehkordi/E2E/3d/results_combined/combined_ckpt3.nc4.locktest.48	/work	lustre
POSIX	48	3274743370434378476	POSIX_SIZE_WRITE_10M_100M	0	/work/hdd/bdau/mbanisharifdehkordi/E2E/3d/results_combined/combined_ckpt3.nc4.locktest.48	/work	lustre
POSIX	48	3274743370434378476	POSIX_SIZE_WRITE_100M_1G	0	/work/hdd/bdau/mbanisharifdehkordi/E2E/3d/results_combined/combined_ckpt3.nc4.locktest.48	/work	lustre
POSIX	48	3274743370434378476	POSIX_SIZE_WRITE_1G_PLUS	0	/work/hdd/bdau/mbanisharifdehkordi/E2E/3d/results_combined/combined_ckpt3.nc4.locktest.48	/work	lustre
POSIX	48	3531888601709092091	POSIX_BYTES_WRITTEN	0	/work/hdd/bdau/mbanisharifdehkordi/E2E/3d/results_combined/combined_ckpt3.nc4	/work	lustre
POSIX	48	3531888601709092091	POSIX_FILE_NOT_ALIGNED	0	/work/hdd/bdau/mbanisharifdehkordi/E2E/3d/results_combined/combined_ckpt3.nc4	/work	lustre
POSIX	48	3531888601709092091	POSIX_SIZE_WRITE_0_100	0	/work/hdd/bdau/mbanisharifdehkordi/E2E/3d/results_combined/combined_ckpt3.nc4	/work	lustre
POSIX	48	3531888601709092091	POSIX_SIZE_WRITE_100_1K	0	/work/hdd/bdau/mbanisharifdehkordi/E2E/3d/results_combined/combined_ckpt3.nc4	/work	lustre
POSIX	48	3531888601709092091	POSIX_SIZE_WRITE_1K_10K	0	/work/hdd/bdau/mbanisharifdehkordi/E2E/3d/results_combined/combined_ckpt3.nc4	/work	lustre
POSIX	48	3531888601709092091	POSIX_SIZE_WRITE_10K_100K	0	/work/hdd/bdau/mbanisharifdehkordi/E2E/3d/results_combined/combined_ckpt3.nc4	/work	lustre
POSIX	48	3531888601709092091	POSIX_SIZE_WRITE_100K_1M	0	/work/hdd/bdau/mbanisharifdehkordi/E2E/3d/results_combined/combined_ckpt3.nc4	/work	lustre
POSIX	48	3531888601709092091	POSIX_SIZE_WRITE_1M_4M	0	/work/hdd/bdau/mbanisharifdehkordi/E2E/3d/results_combined/combined_ckpt3.nc4	/work	lustre
POSIX	48	3531888601709092091	POSIX_SIZE_WRITE_4M_10M	0	/work/hdd/bdau/mbanisharifdehkordi/E2E/3d/results_combined/combined_ckpt3.nc4	/work	lustre
POSIX	48	3531888601709092091	POSIX_SIZE_WRITE_10M_100M	0	/work/hdd/bdau/mbanisharifdehkordi/E2E/3d/results_combined/combined_ckpt3.nc4	/work	lustre
POSIX	48	3531888601709092091	POSIX_SIZE_WRITE_100M_1G	0	/work/hdd/bdau/mbanisharifdehkordi/E2E/3d/results_combined/combined_ckpt3.nc4	/work	lustre
POSIX	48	3531888601709092091	POSIX_SIZE_WRITE_1G_PLUS	0	/work/hdd/bdau/mbanisharifdehkordi/E2E/3d/results_combined/combined_ckpt3.nc4	/work	lustre
POSIX	48	7794184631446446289	POSIX_BYTES_WRITTEN	0	/work/hdd/bdau/mbanisharifdehkordi/E2E/3d/results_combined/.	/work	lustre
POSIX	48	7794184631446446289	POSIX_FILE_NOT_ALIGNED	0	/work/hdd/bdau/mbanisharifdehkordi/E2E/3d/results_combined/.	/work	lustre
POSIX	48	7794184631446446289	POSIX_SIZE_WRITE_0_100	0	/work/hdd/bdau/mbanisharifdehkordi/E2E/3d/results_combined/.	/work	lustre
POSIX	48	7794184631446446289	POSIX_SIZE_WRITE_100_1K	0	/work/hdd/bdau/mbanisharifdehkordi/E2E/3d/results_combined/.	/work	lustre
POSIX	48	7794184631446446289	POSIX_SIZE_WRITE_1K_10K	0	/work/hdd/bdau/mbanisharifdehkordi/E2E/3d/results_combined/.	/work	lustre
POSIX	48	7794184631446446289	POSIX_SIZE_WRITE_10K_100K	0	/work/hdd/bdau/mbanisharifdehkordi/E2E/3d/results_combined/.	/work	lustre
POSIX	48	7794184631446446289	POSIX_SIZE_WRITE_100K_1M	0	/work/hdd/bdau/mbanisharifdehkordi/E2E/3d/results_combined/.	/work	lustre
POSIX	48	7794184631446446289	POSIX_SIZE_WRITE_1M_4M	0	/work/hdd/bdau/mbanisharifdehkordi/E2E/3d/results_combined/.	/work	lustre
POSIX	48	7794184631446446289	POSIX_SIZE_WRITE_4M_10M	0	/work/hdd/bdau/mbanisharifdehkordi/E2E/3d/results_combined/.	/work	lustre
POSIX	48	7794184631446446289	POSIX_SIZE_WRITE_10M_100M	0	/work/hdd/bdau/mbanisharifdehkordi/E2E/3d/results_combined/.	/work	lustre
POSIX	48	7794184631446446289	POSIX_SIZE_WRITE_100M_1G	0	/work/hdd/bdau/mbanisharifdehkordi/E2E/3d/results_combined/.	/work	lustre
POSIX	48	7794184631446446289	POSIX_SIZE_WRITE_1G_PLUS	0	/work/hdd/bdau/mbanisharifdehkordi/E2E/3d/results_combined/.	/work	lustre
POSIX	48	1607752630872201620	POSIX_BYTES_WRITTEN	0	/work/hdd/bdau/mbanisharifdehkordi/E2E/3d/results_combined/combined_ckpt3.nc4-3240427521-1102025.loc	/work	lustre
POSIX	48	1607752630872201620	POSIX_FILE_NOT_ALIGNED	0	/work/hdd/bdau/mbanisharifdehkordi/E2E/3d/results_combined/combined_ckpt3.nc4-3240427521-1102025.loc	/work	lustre
POSIX	48	1607752630872201620	POSIX_SIZE_WRITE_0_100	0	/work/hdd/bdau/mbanisharifdehkordi/E2E/3d/results_combined/combined_ckpt3.nc4-3240427521-1102025.loc	/work	lustre
POSIX	48	1607752630872201620	POSIX_SIZE_WRITE_100_1K	0	/work/hdd/bdau/mbanisharifdehkordi/E2E/3d/results_combined/combined_ckpt3.nc4-3240427521-1102025.loc	/work	lustre
POSIX	48	1607752630872201620	POSIX_SIZE_WRITE_1K_10K	0	/work/hdd/bdau/mbanisharifdehkordi/E2E/3d/results_combined/combined_ckpt3.nc4-3240427521-1102025.loc	/work	lustre
POSIX	48	1607752630872201620	POSIX_SIZE_WRITE_10K_100K	0	/work/hdd/bdau/mbanisharifdehkordi/E2E/3d/results_combined/combined_ckpt3.nc4-3240427521-1102025.loc	/work	lustre
POSIX	48	1607752630872201620	POSIX_SIZE_WRITE_100K_1M	0	/work/hdd/bdau/mbanisharifdehkordi/E2E/3d/results_combined/combined_ckpt3.nc4-3240427521-1102025.loc	/work	lustre
POSIX	48	1607752630872201620	POSIX_SIZE_WRITE_1M_4M	0	/work/hdd/bdau/mbanisharifdehkordi/E2E/3d/results_combined/combined_ckpt3.nc4-3240427521-1102025.loc	/work	lustre
POSIX	48	1607752630872201620	POSIX_SIZE_WRITE_4M_10M	0	/work/hdd/bdau/mbanisharifdehkordi/E2E/3d/results_combined/combined_ckpt3.nc4-3240427521-1102025.loc	/work	lustre
POSIX	48	1607752630872201620	POSIX_SIZE_WRITE_10M_100M	0	/work/hdd/bdau/mbanisharifdehkordi/E2E/3d/results_combined/combined_ckpt3.nc4-3240427521-1102025.loc	/work	lustre
POSIX	48	1607752630872201620	POSIX_SIZE_WRITE_100M_1G	0	/work/hdd/bdau/mbanisharifdehkordi/E2E/3d/results_combined/combined_ckpt3.nc4-3240427521-1102025.loc	/work	lustre
POSIX	48	1607752630872201620	POSIX_SIZE_WRITE_1G_PLUS	0	/work/hdd/bdau/mbanisharifdehkordi/E2E/3d/results_combined/combined_ckpt3.nc4-3240427521-1102025.loc	/work	lustre
POSIX	49	15041221866582684929	POSIX_BYTES_WRITTEN	0	/work/hdd/bdau/mbanisharifdehkordi/E2E/3d/results_combined/combined_ckpt3.nc4.locktest.49	/work	lustre
POSIX	49	15041221866582684929	POSIX_FILE_NOT_ALIGNED	0	/work/hdd/bdau/mbanisharifdehkordi/E2E/3d/results_combined/combined_ckpt3.nc4.locktest.49	/work	lustre
POSIX	49	15041221866582684929	POSIX_SIZE_WRITE_0_100	0	/work/hdd/bdau/mbanisharifdehkordi/E2E/3d/results_combined/combined_ckpt3.nc4.locktest.49	/work	lustre
POSIX	49	15041221866582684929	POSIX_SIZE_WRITE_100_1K	0	/work/hdd/bdau/mbanisharifdehkordi/E2E/3d/results_combined/combined_ckpt3.nc4.locktest.49	/work	lustre
POSIX	49	15041221866582684929	POSIX_SIZE_WRITE_1K_10K	0	/work/hdd/bdau/mbanisharifdehkordi/E2E/3d/results_combined/combined_ckpt3.nc4.locktest.49	/work	lustre
POSIX	49	15041221866582684929	POSIX_SIZE_WRITE_10K_100K	0	/work/hdd/bdau/mbanisharifdehkordi/E2E/3d/results_combined/combined_ckpt3.nc4.locktest.49	/work	lustre
POSIX	49	15041221866582684929	POSIX_SIZE_WRITE_100K_1M	0	/work/hdd/bdau/mbanisharifdehkordi/E2E/3d/results_combined/combined_ckpt3.nc4.locktest.49	/work	lustre
POSIX	49	15041221866582684929	POSIX_SIZE_WRITE_1M_4M	0	/work/hdd/bdau/mbanisharifdehkordi/E2E/3d/results_combined/combined_ckpt3.nc4.locktest.49	/work	lustre
POSIX	49	15041221866582684929	POSIX_SIZE_WRITE_4M_10M	0	/work/hdd/bdau/mbanisharifdehkordi/E2E/3d/results_combined/combined_ckpt3.nc4.locktest.49	/work	lustre
POSIX	49	15041221866582684929	POSIX_SIZE_WRITE_10M_100M	0	/work/hdd/bdau/mbanisharifdehkordi/E2E/3d/results_combined/combined_ckpt3.nc4.locktest.49	/work	lustre
POSIX	49	15041221866582684929	POSIX_SIZE_WRITE_100M_1G	0	/work/hdd/bdau/mbanisharifdehkordi/E2E/3d/results_combined/combined_ckpt3.nc4.locktest.49	/work	lustre
POSIX	49	15041221866582684929	POSIX_SIZE_WRITE_1G_PLUS	0	/work/hdd/bdau/mbanisharifdehkordi/E2E/3d/results_combined/combined_ckpt3.nc4.locktest.49	/work	lustre
POSIX	49	3531888601709092091	POSIX_BYTES_WRITTEN	0	/work/hdd/bdau/mbanisharifdehkordi/E2E/3d/results_combined/combined_ckpt3.nc4	/work	lustre
POSIX	49	3531888601709092091	POSIX_FILE_NOT_ALIGNED	0	/work/hdd/bdau/mbanisharifdehkordi/E2E/3d/results_combined/combined_ckpt3.nc4	/work	lustre
POSIX	49	3531888601709092091	POSIX_SIZE_WRITE_0_100	0	/work/hdd/bdau/mbanisharifdehkordi/E2E/3d/results_combined/combined_ckpt3.nc4	/work	lustre
POSIX	49	3531888601709092091	POSIX_SIZE_WRITE_100_1K	0	/work/hdd/bdau/mbanisharifdehkordi/E2E/3d/results_combined/combined_ckpt3.nc4	/work	lustre
POSIX	49	3531888601709092091	POSIX_SIZE_WRITE_1K_10K	0	/work/hdd/bdau/mbanisharifdehkordi/E2E/3d/results_combined/combined_ckpt3.nc4	/work	lustre
POSIX	49	3531888601709092091	POSIX_SIZE_WRITE_10K_100K	0	/work/hdd/bdau/mbanisharifdehkordi/E2E/3d/results_combined/combined_ckpt3.nc4	/work	lustre
POSIX	49	3531888601709092091	POSIX_SIZE_WRITE_100K_1M	0	/work/hdd/bdau/mbanisharifdehkordi/E2E/3d/results_combined/combined_ckpt3.nc4	/work	lustre
POSIX	49	3531888601709092091	POSIX_SIZE_WRITE_1M_4M	0	/work/hdd/bdau/mbanisharifdehkordi/E2E/3d/results_combined/combined_ckpt3.nc4	/work	lustre
POSIX	49	3531888601709092091	POSIX_SIZE_WRITE_4M_10M	0	/work/hdd/bdau/mbanisharifdehkordi/E2E/3d/results_combined/combined_ckpt3.nc4	/work	lustre
POSIX	49	3531888601709092091	POSIX_SIZE_WRITE_10M_100M	0	/work/hdd/bdau/mbanisharifdehkordi/E2E/3d/results_combined/combined_ckpt3.nc4	/work	lustre
POSIX	49	3531888601709092091	POSIX_SIZE_WRITE_100M_1G	0	/work/hdd/bdau/mbanisharifdehkordi/E2E/3d/results_combined/combined_ckpt3.nc4	/work	lustre
POSIX	49	3531888601709092091	POSIX_SIZE_WRITE_1G_PLUS	0	/work/hdd/bdau/mbanisharifdehkordi/E2E/3d/results_combined/combined_ckpt3.nc4	/work	lustre
POSIX	49	7794184631446446289	POSIX_BYTES_WRITTEN	0	/work/hdd/bdau/mbanisharifdehkordi/E2E/3d/results_combined/.	/work	lustre
POSIX	49	7794184631446446289	POSIX_FILE_NOT_ALIGNED	0	/work/hdd/bdau/mbanisharifdehkordi/E2E/3d/results_combined/.	/work	lustre
POSIX	49	7794184631446446289	POSIX_SIZE_WRITE_0_100	0	/work/hdd/bdau/mbanisharifdehkordi/E2E/3d/results_combined/.	/work	lustre
POSIX	49	7794184631446446289	POSIX_SIZE_WRITE_100_1K	0	/work/hdd/bdau/mbanisharifdehkordi/E2E/3d/results_combined/.	/work	lustre
POSIX	49	7794184631446446289	POSIX_SIZE_WRITE_1K_10K	0	/work/hdd/bdau/mbanisharifdehkordi/E2E/3d/results_combined/.	/work	lustre
POSIX	49	7794184631446446289	POSIX_SIZE_WRITE_10K_100K	0	/work/hdd/bdau/mbanisharifdehkordi/E2E/3d/results_combined/.	/work	lustre
POSIX	49	7794184631446446289	POSIX_SIZE_WRITE_100K_1M	0	/work/hdd/bdau/mbanisharifdehkordi/E2E/3d/results_combined/.	/work	lustre
POSIX	49	7794184631446446289	POSIX_SIZE_WRITE_1M_4M	0	/work/hdd/bdau/mbanisharifdehkordi/E2E/3d/results_combined/.	/work	lustre
POSIX	49	7794184631446446289	POSIX_SIZE_WRITE_4M_10M	0	/work/hdd/bdau/mbanisharifdehkordi/E2E/3d/results_combined/.	/work	lustre
POSIX	49	7794184631446446289	POSIX_SIZE_WRITE_10M_100M	0	/work/hdd/bdau/mbanisharifdehkordi/E2E/3d/results_combined/.	/work	lustre
POSIX	49	7794184631446446289	POSIX_SIZE_WRITE_100M_1G	0	/work/hdd/bdau/mbanisharifdehkordi/E2E/3d/results_combined/.	/work	lustre
POSIX	49	7794184631446446289	POSIX_SIZE_WRITE_1G_PLUS	0	/work/hdd/bdau/mbanisharifdehkordi/E2E/3d/results_combined/.	/work	lustre
POSIX	49	1607752630872201620	POSIX_BYTES_WRITTEN	0	/work/hdd/bdau/mbanisharifdehkordi/E2E/3d/results_combined/combined_ckpt3.nc4-3240427521-1102025.loc	/work	lustre
POSIX	49	1607752630872201620	POSIX_FILE_NOT_ALIGNED	0	/work/hdd/bdau/mbanisharifdehkordi/E2E/3d/results_combined/combined_ckpt3.nc4-3240427521-1102025.loc	/work	lustre
POSIX	49	1607752630872201620	POSIX_SIZE_WRITE_0_100	0	/work/hdd/bdau/mbanisharifdehkordi/E2E/3d/results_combined/combined_ckpt3.nc4-3240427521-1102025.loc	/work	lustre
POSIX	49	1607752630872201620	POSIX_SIZE_WRITE_100_1K	0	/work/hdd/bdau/mbanisharifdehkordi/E2E/3d/results_combined/combined_ckpt3.nc4-3240427521-1102025.loc	/work	lustre
POSIX	49	1607752630872201620	POSIX_SIZE_WRITE_1K_10K	0	/work/hdd/bdau/mbanisharifdehkordi/E2E/3d/results_combined/combined_ckpt3.nc4-3240427521-1102025.loc	/work	lustre
POSIX	49	1607752630872201620	POSIX_SIZE_WRITE_10K_100K	0	/work/hdd/bdau/mbanisharifdehkordi/E2E/3d/results_combined/combined_ckpt3.nc4-3240427521-1102025.loc	/work	lustre
POSIX	49	1607752630872201620	POSIX_SIZE_WRITE_100K_1M	0	/work/hdd/bdau/mbanisharifdehkordi/E2E/3d/results_combined/combined_ckpt3.nc4-3240427521-1102025.loc	/work	lustre
POSIX	49	1607752630872201620	POSIX_SIZE_WRITE_1M_4M	0	/work/hdd/bdau/mbanisharifdehkordi/E2E/3d/results_combined/combined_ckpt3.nc4-3240427521-1102025.loc	/work	lustre
POSIX	49	1607752630872201620	POSIX_SIZE_WRITE_4M_10M	0	/work/hdd/bdau/mbanisharifdehkordi/E2E/3d/results_combined/combined_ckpt3.nc4-3240427521-1102025.loc	/work	lustre
POSIX	49	1607752630872201620	POSIX_SIZE_WRITE_10M_100M	0	/work/hdd/bdau/mbanisharifdehkordi/E2E/3d/results_combined/combined_ckpt3.nc4-3240427521-1102025.loc	/work	lustre
POSIX	49	1607752630872201620	POSIX_SIZE_WRITE_100M_1G	0	/work/hdd/bdau/mbanisharifdehkordi/E2E/3d/results_combined/combined_ckpt3.nc4-3240427521-1102025.loc	/work	lustre
POSIX	49	1607752630872201620	POSIX_SIZE_WRITE_1G_PLUS	0	/work/hdd/bdau/mbanisharifdehkordi/E2E/3d/results_combined/combined_ckpt3.nc4-3240427521-1102025.loc	/work	lustre
POSIX	50	10793943806408707536	POSIX_BYTES_WRITTEN	0	/work/hdd/bdau/mbanisharifdehkordi/E2E/3d/results_combined/combined_ckpt3.nc4.locktest.50	/work	lustre
POSIX	50	10793943806408707536	POSIX_FILE_NOT_ALIGNED	0	/work/hdd/bdau/mbanisharifdehkordi/E2E/3d/results_combined/combined_ckpt3.nc4.locktest.50	/work	lustre
POSIX	50	10793943806408707536	POSIX_SIZE_WRITE_0_100	0	/work/hdd/bdau/mbanisharifdehkordi/E2E/3d/results_combined/combined_ckpt3.nc4.locktest.50	/work	lustre
POSIX	50	10793943806408707536	POSIX_SIZE_WRITE_100_1K	0	/work/hdd/bdau/mbanisharifdehkordi/E2E/3d/results_combined/combined_ckpt3.nc4.locktest.50	/work	lustre
POSIX	50	10793943806408707536	POSIX_SIZE_WRITE_1K_10K	0	/work/hdd/bdau/mbanisharifdehkordi/E2E/3d/results_combined/combined_ckpt3.nc4.locktest.50	/work	lustre
POSIX	50	10793943806408707536	POSIX_SIZE_WRITE_10K_100K	0	/work/hdd/bdau/mbanisharifdehkordi/E2E/3d/results_combined/combined_ckpt3.nc4.locktest.50	/work	lustre
POSIX	50	10793943806408707536	POSIX_SIZE_WRITE_100K_1M	0	/work/hdd/bdau/mbanisharifdehkordi/E2E/3d/results_combined/combined_ckpt3.nc4.locktest.50	/work	lustre
POSIX	50	10793943806408707536	POSIX_SIZE_WRITE_1M_4M	0	/work/hdd/bdau/mbanisharifdehkordi/E2E/3d/results_combined/combined_ckpt3.nc4.locktest.50	/work	lustre
POSIX	50	10793943806408707536	POSIX_SIZE_WRITE_4M_10M	0	/work/hdd/bdau/mbanisharifdehkordi/E2E/3d/results_combined/combined_ckpt3.nc4.locktest.50	/work	lustre
POSIX	50	10793943806408707536	POSIX_SIZE_WRITE_10M_100M	0	/work/hdd/bdau/mbanisharifdehkordi/E2E/3d/results_combined/combined_ckpt3.nc4.locktest.50	/work	lustre
POSIX	50	10793943806408707536	POSIX_SIZE_WRITE_100M_1G	0	/work/hdd/bdau/mbanisharifdehkordi/E2E/3d/results_combined/combined_ckpt3.nc4.locktest.50	/work	lustre
POSIX	50	10793943806408707536	POSIX_SIZE_WRITE_1G_PLUS	0	/work/hdd/bdau/mbanisharifdehkordi/E2E/3d/results_combined/combined_ckpt3.nc4.locktest.50	/work	lustre
POSIX	50	3531888601709092091	POSIX_BYTES_WRITTEN	0	/work/hdd/bdau/mbanisharifdehkordi/E2E/3d/results_combined/combined_ckpt3.nc4	/work	lustre
POSIX	50	3531888601709092091	POSIX_FILE_NOT_ALIGNED	0	/work/hdd/bdau/mbanisharifdehkordi/E2E/3d/results_combined/combined_ckpt3.nc4	/work	lustre
POSIX	50	3531888601709092091	POSIX_SIZE_WRITE_0_100	0	/work/hdd/bdau/mbanisharifdehkordi/E2E/3d/results_combined/combined_ckpt3.nc4	/work	lustre
POSIX	50	3531888601709092091	POSIX_SIZE_WRITE_100_1K	0	/work/hdd/bdau/mbanisharifdehkordi/E2E/3d/results_combined/combined_ckpt3.nc4	/work	lustre
POSIX	50	3531888601709092091	POSIX_SIZE_WRITE_1K_10K	0	/work/hdd/bdau/mbanisharifdehkordi/E2E/3d/results_combined/combined_ckpt3.nc4	/work	lustre
POSIX	50	3531888601709092091	POSIX_SIZE_WRITE_10K_100K	0	/work/hdd/bdau/mbanisharifdehkordi/E2E/3d/results_combined/combined_ckpt3.nc4	/work	lustre
POSIX	50	3531888601709092091	POSIX_SIZE_WRITE_100K_1M	0	/work/hdd/bdau/mbanisharifdehkordi/E2E/3d/results_combined/combined_ckpt3.nc4	/work	lustre
POSIX	50	3531888601709092091	POSIX_SIZE_WRITE_1M_4M	0	/work/hdd/bdau/mbanisharifdehkordi/E2E/3d/results_combined/combined_ckpt3.nc4	/work	lustre
POSIX	50	3531888601709092091	POSIX_SIZE_WRITE_4M_10M	0	/work/hdd/bdau/mbanisharifdehkordi/E2E/3d/results_combined/combined_ckpt3.nc4	/work	lustre
POSIX	50	3531888601709092091	POSIX_SIZE_WRITE_10M_100M	0	/work/hdd/bdau/mbanisharifdehkordi/E2E/3d/results_combined/combined_ckpt3.nc4	/work	lustre
POSIX	50	3531888601709092091	POSIX_SIZE_WRITE_100M_1G	0	/work/hdd/bdau/mbanisharifdehkordi/E2E/3d/results_combined/combined_ckpt3.nc4	/work	lustre
POSIX	50	3531888601709092091	POSIX_SIZE_WRITE_1G_PLUS	0	/work/hdd/bdau/mbanisharifdehkordi/E2E/3d/results_combined/combined_ckpt3.nc4	/work	lustre
POSIX	50	7794184631446446289	POSIX_BYTES_WRITTEN	0	/work/hdd/bdau/mbanisharifdehkordi/E2E/3d/results_combined/.	/work	lustre
POSIX	50	7794184631446446289	POSIX_FILE_NOT_ALIGNED	0	/work/hdd/bdau/mbanisharifdehkordi/E2E/3d/results_combined/.	/work	lustre
POSIX	50	7794184631446446289	POSIX_SIZE_WRITE_0_100	0	/work/hdd/bdau/mbanisharifdehkordi/E2E/3d/results_combined/.	/work	lustre
POSIX	50	7794184631446446289	POSIX_SIZE_WRITE_100_1K	0	/work/hdd/bdau/mbanisharifdehkordi/E2E/3d/results_combined/.	/work	lustre
POSIX	50	7794184631446446289	POSIX_SIZE_WRITE_1K_10K	0	/work/hdd/bdau/mbanisharifdehkordi/E2E/3d/results_combined/.	/work	lustre
POSIX	50	7794184631446446289	POSIX_SIZE_WRITE_10K_100K	0	/work/hdd/bdau/mbanisharifdehkordi/E2E/3d/results_combined/.	/work	lustre
POSIX	50	7794184631446446289	POSIX_SIZE_WRITE_100K_1M	0	/work/hdd/bdau/mbanisharifdehkordi/E2E/3d/results_combined/.	/work	lustre
POSIX	50	7794184631446446289	POSIX_SIZE_WRITE_1M_4M	0	/work/hdd/bdau/mbanisharifdehkordi/E2E/3d/results_combined/.	/work	lustre
POSIX	50	7794184631446446289	POSIX_SIZE_WRITE_4M_10M	0	/work/hdd/bdau/mbanisharifdehkordi/E2E/3d/results_combined/.	/work	lustre
POSIX	50	7794184631446446289	POSIX_SIZE_WRITE_10M_100M	0	/work/hdd/bdau/mbanisharifdehkordi/E2E/3d/results_combined/.	/work	lustre
POSIX	50	7794184631446446289	POSIX_SIZE_WRITE_100M_1G	0	/work/hdd/bdau/mbanisharifdehkordi/E2E/3d/results_combined/.	/work	lustre
POSIX	50	7794184631446446289	POSIX_SIZE_WRITE_1G_PLUS	0	/work/hdd/bdau/mbanisharifdehkordi/E2E/3d/results_combined/.	/work	lustre
POSIX	50	1607752630872201620	POSIX_BYTES_WRITTEN	0	/work/hdd/bdau/mbanisharifdehkordi/E2E/3d/results_combined/combined_ckpt3.nc4-3240427521-1102025.loc	/work	lustre
POSIX	50	1607752630872201620	POSIX_FILE_NOT_ALIGNED	0	/work/hdd/bdau/mbanisharifdehkordi/E2E/3d/results_combined/combined_ckpt3.nc4-3240427521-1102025.loc	/work	lustre
POSIX	50	1607752630872201620	POSIX_SIZE_WRITE_0_100	0	/work/hdd/bdau/mbanisharifdehkordi/E2E/3d/results_combined/combined_ckpt3.nc4-3240427521-1102025.loc	/work	lustre
POSIX	50	1607752630872201620	POSIX_SIZE_WRITE_100_1K	0	/work/hdd/bdau/mbanisharifdehkordi/E2E/3d/results_combined/combined_ckpt3.nc4-3240427521-1102025.loc	/work	lustre
POSIX	50	1607752630872201620	POSIX_SIZE_WRITE_1K_10K	0	/work/hdd/bdau/mbanisharifdehkordi/E2E/3d/results_combined/combined_ckpt3.nc4-3240427521-1102025.loc	/work	lustre
POSIX	50	1607752630872201620	POSIX_SIZE_WRITE_10K_100K	0	/work/hdd/bdau/mbanisharifdehkordi/E2E/3d/results_combined/combined_ckpt3.nc4-3240427521-1102025.loc	/work	lustre
POSIX	50	1607752630872201620	POSIX_SIZE_WRITE_100K_1M	0	/work/hdd/bdau/mbanisharifdehkordi/E2E/3d/results_combined/combined_ckpt3.nc4-3240427521-1102025.loc	/work	lustre
POSIX	50	1607752630872201620	POSIX_SIZE_WRITE_1M_4M	0	/work/hdd/bdau/mbanisharifdehkordi/E2E/3d/results_combined/combined_ckpt3.nc4-3240427521-1102025.loc	/work	lustre
POSIX	50	1607752630872201620	POSIX_SIZE_WRITE_4M_10M	0	/work/hdd/bdau/mbanisharifdehkordi/E2E/3d/results_combined/combined_ckpt3.nc4-3240427521-1102025.loc	/work	lustre
POSIX	50	1607752630872201620	POSIX_SIZE_WRITE_10M_100M	0	/work/hdd/bdau/mbanisharifdehkordi/E2E/3d/results_combined/combined_ckpt3.nc4-3240427521-1102025.loc	/work	lustre
POSIX	50	1607752630872201620	POSIX_SIZE_WRITE_100M_1G	0	/work/hdd/bdau/mbanisharifdehkordi/E2E/3d/results_combined/combined_ckpt3.nc4-3240427521-1102025.loc	/work	lustre
POSIX	50	1607752630872201620	POSIX_SIZE_WRITE_1G_PLUS	0	/work/hdd/bdau/mbanisharifdehkordi/E2E/3d/results_combined/combined_ckpt3.nc4-3240427521-1102025.loc	/work	lustre
POSIX	51	1897123382548763578	POSIX_BYTES_WRITTEN	0	/work/hdd/bdau/mbanisharifdehkordi/E2E/3d/results_combined/combined_ckpt3.nc4.locktest.51	/work	lustre
POSIX	51	1897123382548763578	POSIX_FILE_NOT_ALIGNED	0	/work/hdd/bdau/mbanisharifdehkordi/E2E/3d/results_combined/combined_ckpt3.nc4.locktest.51	/work	lustre
POSIX	51	1897123382548763578	POSIX_SIZE_WRITE_0_100	0	/work/hdd/bdau/mbanisharifdehkordi/E2E/3d/results_combined/combined_ckpt3.nc4.locktest.51	/work	lustre
POSIX	51	1897123382548763578	POSIX_SIZE_WRITE_100_1K	0	/work/hdd/bdau/mbanisharifdehkordi/E2E/3d/results_combined/combined_ckpt3.nc4.locktest.51	/work	lustre
POSIX	51	1897123382548763578	POSIX_SIZE_WRITE_1K_10K	0	/work/hdd/bdau/mbanisharifdehkordi/E2E/3d/results_combined/combined_ckpt3.nc4.locktest.51	/work	lustre
POSIX	51	1897123382548763578	POSIX_SIZE_WRITE_10K_100K	0	/work/hdd/bdau/mbanisharifdehkordi/E2E/3d/results_combined/combined_ckpt3.nc4.locktest.51	/work	lustre
POSIX	51	1897123382548763578	POSIX_SIZE_WRITE_100K_1M	0	/work/hdd/bdau/mbanisharifdehkordi/E2E/3d/results_combined/combined_ckpt3.nc4.locktest.51	/work	lustre
POSIX	51	1897123382548763578	POSIX_SIZE_WRITE_1M_4M	0	/work/hdd/bdau/mbanisharifdehkordi/E2E/3d/results_combined/combined_ckpt3.nc4.locktest.51	/work	lustre
POSIX	51	1897123382548763578	POSIX_SIZE_WRITE_4M_10M	0	/work/hdd/bdau/mbanisharifdehkordi/E2E/3d/results_combined/combined_ckpt3.nc4.locktest.51	/work	lustre
POSIX	51	1897123382548763578	POSIX_SIZE_WRITE_10M_100M	0	/work/hdd/bdau/mbanisharifdehkordi/E2E/3d/results_combined/combined_ckpt3.nc4.locktest.51	/work	lustre
POSIX	51	1897123382548763578	POSIX_SIZE_WRITE_100M_1G	0	/work/hdd/bdau/mbanisharifdehkordi/E2E/3d/results_combined/combined_ckpt3.nc4.locktest.51	/work	lustre
POSIX	51	1897123382548763578	POSIX_SIZE_WRITE_1G_PLUS	0	/work/hdd/bdau/mbanisharifdehkordi/E2E/3d/results_combined/combined_ckpt3.nc4.locktest.51	/work	lustre
POSIX	51	3531888601709092091	POSIX_BYTES_WRITTEN	0	/work/hdd/bdau/mbanisharifdehkordi/E2E/3d/results_combined/combined_ckpt3.nc4	/work	lustre
POSIX	51	3531888601709092091	POSIX_FILE_NOT_ALIGNED	0	/work/hdd/bdau/mbanisharifdehkordi/E2E/3d/results_combined/combined_ckpt3.nc4	/work	lustre
POSIX	51	3531888601709092091	POSIX_SIZE_WRITE_0_100	0	/work/hdd/bdau/mbanisharifdehkordi/E2E/3d/results_combined/combined_ckpt3.nc4	/work	lustre
POSIX	51	3531888601709092091	POSIX_SIZE_WRITE_100_1K	0	/work/hdd/bdau/mbanisharifdehkordi/E2E/3d/results_combined/combined_ckpt3.nc4	/work	lustre
POSIX	51	3531888601709092091	POSIX_SIZE_WRITE_1K_10K	0	/work/hdd/bdau/mbanisharifdehkordi/E2E/3d/results_combined/combined_ckpt3.nc4	/work	lustre
POSIX	51	3531888601709092091	POSIX_SIZE_WRITE_10K_100K	0	/work/hdd/bdau/mbanisharifdehkordi/E2E/3d/results_combined/combined_ckpt3.nc4	/work	lustre
POSIX	51	3531888601709092091	POSIX_SIZE_WRITE_100K_1M	0	/work/hdd/bdau/mbanisharifdehkordi/E2E/3d/results_combined/combined_ckpt3.nc4	/work	lustre
POSIX	51	3531888601709092091	POSIX_SIZE_WRITE_1M_4M	0	/work/hdd/bdau/mbanisharifdehkordi/E2E/3d/results_combined/combined_ckpt3.nc4	/work	lustre
POSIX	51	3531888601709092091	POSIX_SIZE_WRITE_4M_10M	0	/work/hdd/bdau/mbanisharifdehkordi/E2E/3d/results_combined/combined_ckpt3.nc4	/work	lustre
POSIX	51	3531888601709092091	POSIX_SIZE_WRITE_10M_100M	0	/work/hdd/bdau/mbanisharifdehkordi/E2E/3d/results_combined/combined_ckpt3.nc4	/work	lustre
POSIX	51	3531888601709092091	POSIX_SIZE_WRITE_100M_1G	0	/work/hdd/bdau/mbanisharifdehkordi/E2E/3d/results_combined/combined_ckpt3.nc4	/work	lustre
POSIX	51	3531888601709092091	POSIX_SIZE_WRITE_1G_PLUS	0	/work/hdd/bdau/mbanisharifdehkordi/E2E/3d/results_combined/combined_ckpt3.nc4	/work	lustre
POSIX	51	7794184631446446289	POSIX_BYTES_WRITTEN	0	/work/hdd/bdau/mbanisharifdehkordi/E2E/3d/results_combined/.	/work	lustre
POSIX	51	7794184631446446289	POSIX_FILE_NOT_ALIGNED	0	/work/hdd/bdau/mbanisharifdehkordi/E2E/3d/results_combined/.	/work	lustre
POSIX	51	7794184631446446289	POSIX_SIZE_WRITE_0_100	0	/work/hdd/bdau/mbanisharifdehkordi/E2E/3d/results_combined/.	/work	lustre
POSIX	51	7794184631446446289	POSIX_SIZE_WRITE_100_1K	0	/work/hdd/bdau/mbanisharifdehkordi/E2E/3d/results_combined/.	/work	lustre
POSIX	51	7794184631446446289	POSIX_SIZE_WRITE_1K_10K	0	/work/hdd/bdau/mbanisharifdehkordi/E2E/3d/results_combined/.	/work	lustre
POSIX	51	7794184631446446289	POSIX_SIZE_WRITE_10K_100K	0	/work/hdd/bdau/mbanisharifdehkordi/E2E/3d/results_combined/.	/work	lustre
POSIX	51	7794184631446446289	POSIX_SIZE_WRITE_100K_1M	0	/work/hdd/bdau/mbanisharifdehkordi/E2E/3d/results_combined/.	/work	lustre
POSIX	51	7794184631446446289	POSIX_SIZE_WRITE_1M_4M	0	/work/hdd/bdau/mbanisharifdehkordi/E2E/3d/results_combined/.	/work	lustre
POSIX	51	7794184631446446289	POSIX_SIZE_WRITE_4M_10M	0	/work/hdd/bdau/mbanisharifdehkordi/E2E/3d/results_combined/.	/work	lustre
POSIX	51	7794184631446446289	POSIX_SIZE_WRITE_10M_100M	0	/work/hdd/bdau/mbanisharifdehkordi/E2E/3d/results_combined/.	/work	lustre
POSIX	51	7794184631446446289	POSIX_SIZE_WRITE_100M_1G	0	/work/hdd/bdau/mbanisharifdehkordi/E2E/3d/results_combined/.	/work	lustre
POSIX	51	7794184631446446289	POSIX_SIZE_WRITE_1G_PLUS	0	/work/hdd/bdau/mbanisharifdehkordi/E2E/3d/results_combined/.	/work	lustre
POSIX	51	1607752630872201620	POSIX_BYTES_WRITTEN	0	/work/hdd/bdau/mbanisharifdehkordi/E2E/3d/results_combined/combined_ckpt3.nc4-3240427521-1102025.loc	/work	lustre
POSIX	51	1607752630872201620	POSIX_FILE_NOT_ALIGNED	0	/work/hdd/bdau/mbanisharifdehkordi/E2E/3d/results_combined/combined_ckpt3.nc4-3240427521-1102025.loc	/work	lustre
POSIX	51	1607752630872201620	POSIX_SIZE_WRITE_0_100	0	/work/hdd/bdau/mbanisharifdehkordi/E2E/3d/results_combined/combined_ckpt3.nc4-3240427521-1102025.loc	/work	lustre
POSIX	51	1607752630872201620	POSIX_SIZE_WRITE_100_1K	0	/work/hdd/bdau/mbanisharifdehkordi/E2E/3d/results_combined/combined_ckpt3.nc4-3240427521-1102025.loc	/work	lustre
POSIX	51	1607752630872201620	POSIX_SIZE_WRITE_1K_10K	0	/work/hdd/bdau/mbanisharifdehkordi/E2E/3d/results_combined/combined_ckpt3.nc4-3240427521-1102025.loc	/work	lustre
POSIX	51	1607752630872201620	POSIX_SIZE_WRITE_10K_100K	0	/work/hdd/bdau/mbanisharifdehkordi/E2E/3d/results_combined/combined_ckpt3.nc4-3240427521-1102025.loc	/work	lustre
POSIX	51	1607752630872201620	POSIX_SIZE_WRITE_100K_1M	0	/work/hdd/bdau/mbanisharifdehkordi/E2E/3d/results_combined/combined_ckpt3.nc4-3240427521-1102025.loc	/work	lustre
POSIX	51	1607752630872201620	POSIX_SIZE_WRITE_1M_4M	0	/work/hdd/bdau/mbanisharifdehkordi/E2E/3d/results_combined/combined_ckpt3.nc4-3240427521-1102025.loc	/work	lustre
POSIX	51	1607752630872201620	POSIX_SIZE_WRITE_4M_10M	0	/work/hdd/bdau/mbanisharifdehkordi/E2E/3d/results_combined/combined_ckpt3.nc4-3240427521-1102025.loc	/work	lustre
POSIX	51	1607752630872201620	POSIX_SIZE_WRITE_10M_100M	0	/work/hdd/bdau/mbanisharifdehkordi/E2E/3d/results_combined/combined_ckpt3.nc4-3240427521-1102025.loc	/work	lustre
POSIX	51	1607752630872201620	POSIX_SIZE_WRITE_100M_1G	0	/work/hdd/bdau/mbanisharifdehkordi/E2E/3d/results_combined/combined_ckpt3.nc4-3240427521-1102025.loc	/work	lustre
POSIX	51	1607752630872201620	POSIX_SIZE_WRITE_1G_PLUS	0	/work/hdd/bdau/mbanisharifdehkordi/E2E/3d/results_combined/combined_ckpt3.nc4-3240427521-1102025.loc	/work	lustre
POSIX	52	9232209921663443014	POSIX_BYTES_WRITTEN	0	/work/hdd/bdau/mbanisharifdehkordi/E2E/3d/results_combined/combined_ckpt3.nc4.locktest.52	/work	lustre
POSIX	52	9232209921663443014	POSIX_FILE_NOT_ALIGNED	0	/work/hdd/bdau/mbanisharifdehkordi/E2E/3d/results_combined/combined_ckpt3.nc4.locktest.52	/work	lustre
POSIX	52	9232209921663443014	POSIX_SIZE_WRITE_0_100	0	/work/hdd/bdau/mbanisharifdehkordi/E2E/3d/results_combined/combined_ckpt3.nc4.locktest.52	/work	lustre
POSIX	52	9232209921663443014	POSIX_SIZE_WRITE_100_1K	0	/work/hdd/bdau/mbanisharifdehkordi/E2E/3d/results_combined/combined_ckpt3.nc4.locktest.52	/work	lustre
POSIX	52	9232209921663443014	POSIX_SIZE_WRITE_1K_10K	0	/work/hdd/bdau/mbanisharifdehkordi/E2E/3d/results_combined/combined_ckpt3.nc4.locktest.52	/work	lustre
POSIX	52	9232209921663443014	POSIX_SIZE_WRITE_10K_100K	0	/work/hdd/bdau/mbanisharifdehkordi/E2E/3d/results_combined/combined_ckpt3.nc4.locktest.52	/work	lustre
POSIX	52	9232209921663443014	POSIX_SIZE_WRITE_100K_1M	0	/work/hdd/bdau/mbanisharifdehkordi/E2E/3d/results_combined/combined_ckpt3.nc4.locktest.52	/work	lustre
POSIX	52	9232209921663443014	POSIX_SIZE_WRITE_1M_4M	0	/work/hdd/bdau/mbanisharifdehkordi/E2E/3d/results_combined/combined_ckpt3.nc4.locktest.52	/work	lustre
POSIX	52	9232209921663443014	POSIX_SIZE_WRITE_4M_10M	0	/work/hdd/bdau/mbanisharifdehkordi/E2E/3d/results_combined/combined_ckpt3.nc4.locktest.52	/work	lustre
POSIX	52	9232209921663443014	POSIX_SIZE_WRITE_10M_100M	0	/work/hdd/bdau/mbanisharifdehkordi/E2E/3d/results_combined/combined_ckpt3.nc4.locktest.52	/work	lustre
POSIX	52	9232209921663443014	POSIX_SIZE_WRITE_100M_1G	0	/work/hdd/bdau/mbanisharifdehkordi/E2E/3d/results_combined/combined_ckpt3.nc4.locktest.52	/work	lustre
POSIX	52	9232209921663443014	POSIX_SIZE_WRITE_1G_PLUS	0	/work/hdd/bdau/mbanisharifdehkordi/E2E/3d/results_combined/combined_ckpt3.nc4.locktest.52	/work	lustre
POSIX	52	3531888601709092091	POSIX_BYTES_WRITTEN	0	/work/hdd/bdau/mbanisharifdehkordi/E2E/3d/results_combined/combined_ckpt3.nc4	/work	lustre
POSIX	52	3531888601709092091	POSIX_FILE_NOT_ALIGNED	0	/work/hdd/bdau/mbanisharifdehkordi/E2E/3d/results_combined/combined_ckpt3.nc4	/work	lustre
POSIX	52	3531888601709092091	POSIX_SIZE_WRITE_0_100	0	/work/hdd/bdau/mbanisharifdehkordi/E2E/3d/results_combined/combined_ckpt3.nc4	/work	lustre
POSIX	52	3531888601709092091	POSIX_SIZE_WRITE_100_1K	0	/work/hdd/bdau/mbanisharifdehkordi/E2E/3d/results_combined/combined_ckpt3.nc4	/work	lustre
POSIX	52	3531888601709092091	POSIX_SIZE_WRITE_1K_10K	0	/work/hdd/bdau/mbanisharifdehkordi/E2E/3d/results_combined/combined_ckpt3.nc4	/work	lustre
POSIX	52	3531888601709092091	POSIX_SIZE_WRITE_10K_100K	0	/work/hdd/bdau/mbanisharifdehkordi/E2E/3d/results_combined/combined_ckpt3.nc4	/work	lustre
POSIX	52	3531888601709092091	POSIX_SIZE_WRITE_100K_1M	0	/work/hdd/bdau/mbanisharifdehkordi/E2E/3d/results_combined/combined_ckpt3.nc4	/work	lustre
POSIX	52	3531888601709092091	POSIX_SIZE_WRITE_1M_4M	0	/work/hdd/bdau/mbanisharifdehkordi/E2E/3d/results_combined/combined_ckpt3.nc4	/work	lustre
POSIX	52	3531888601709092091	POSIX_SIZE_WRITE_4M_10M	0	/work/hdd/bdau/mbanisharifdehkordi/E2E/3d/results_combined/combined_ckpt3.nc4	/work	lustre
POSIX	52	3531888601709092091	POSIX_SIZE_WRITE_10M_100M	0	/work/hdd/bdau/mbanisharifdehkordi/E2E/3d/results_combined/combined_ckpt3.nc4	/work	lustre
POSIX	52	3531888601709092091	POSIX_SIZE_WRITE_100M_1G	0	/work/hdd/bdau/mbanisharifdehkordi/E2E/3d/results_combined/combined_ckpt3.nc4	/work	lustre
POSIX	52	3531888601709092091	POSIX_SIZE_WRITE_1G_PLUS	0	/work/hdd/bdau/mbanisharifdehkordi/E2E/3d/results_combined/combined_ckpt3.nc4	/work	lustre
POSIX	52	7794184631446446289	POSIX_BYTES_WRITTEN	0	/work/hdd/bdau/mbanisharifdehkordi/E2E/3d/results_combined/.	/work	lustre
POSIX	52	7794184631446446289	POSIX_FILE_NOT_ALIGNED	0	/work/hdd/bdau/mbanisharifdehkordi/E2E/3d/results_combined/.	/work	lustre
POSIX	52	7794184631446446289	POSIX_SIZE_WRITE_0_100	0	/work/hdd/bdau/mbanisharifdehkordi/E2E/3d/results_combined/.	/work	lustre
POSIX	52	7794184631446446289	POSIX_SIZE_WRITE_100_1K	0	/work/hdd/bdau/mbanisharifdehkordi/E2E/3d/results_combined/.	/work	lustre
POSIX	52	7794184631446446289	POSIX_SIZE_WRITE_1K_10K	0	/work/hdd/bdau/mbanisharifdehkordi/E2E/3d/results_combined/.	/work	lustre
POSIX	52	7794184631446446289	POSIX_SIZE_WRITE_10K_100K	0	/work/hdd/bdau/mbanisharifdehkordi/E2E/3d/results_combined/.	/work	lustre
POSIX	52	7794184631446446289	POSIX_SIZE_WRITE_100K_1M	0	/work/hdd/bdau/mbanisharifdehkordi/E2E/3d/results_combined/.	/work	lustre
POSIX	52	7794184631446446289	POSIX_SIZE_WRITE_1M_4M	0	/work/hdd/bdau/mbanisharifdehkordi/E2E/3d/results_combined/.	/work	lustre
POSIX	52	7794184631446446289	POSIX_SIZE_WRITE_4M_10M	0	/work/hdd/bdau/mbanisharifdehkordi/E2E/3d/results_combined/.	/work	lustre
POSIX	52	7794184631446446289	POSIX_SIZE_WRITE_10M_100M	0	/work/hdd/bdau/mbanisharifdehkordi/E2E/3d/results_combined/.	/work	lustre
POSIX	52	7794184631446446289	POSIX_SIZE_WRITE_100M_1G	0	/work/hdd/bdau/mbanisharifdehkordi/E2E/3d/results_combined/.	/work	lustre
POSIX	52	7794184631446446289	POSIX_SIZE_WRITE_1G_PLUS	0	/work/hdd/bdau/mbanisharifdehkordi/E2E/3d/results_combined/.	/work	lustre
POSIX	52	1607752630872201620	POSIX_BYTES_WRITTEN	0	/work/hdd/bdau/mbanisharifdehkordi/E2E/3d/results_combined/combined_ckpt3.nc4-3240427521-1102025.loc	/work	lustre
POSIX	52	1607752630872201620	POSIX_FILE_NOT_ALIGNED	0	/work/hdd/bdau/mbanisharifdehkordi/E2E/3d/results_combined/combined_ckpt3.nc4-3240427521-1102025.loc	/work	lustre
POSIX	52	1607752630872201620	POSIX_SIZE_WRITE_0_100	0	/work/hdd/bdau/mbanisharifdehkordi/E2E/3d/results_combined/combined_ckpt3.nc4-3240427521-1102025.loc	/work	lustre
POSIX	52	1607752630872201620	POSIX_SIZE_WRITE_100_1K	0	/work/hdd/bdau/mbanisharifdehkordi/E2E/3d/results_combined/combined_ckpt3.nc4-3240427521-1102025.loc	/work	lustre
POSIX	52	1607752630872201620	POSIX_SIZE_WRITE_1K_10K	0	/work/hdd/bdau/mbanisharifdehkordi/E2E/3d/results_combined/combined_ckpt3.nc4-3240427521-1102025.loc	/work	lustre
POSIX	52	1607752630872201620	POSIX_SIZE_WRITE_10K_100K	0	/work/hdd/bdau/mbanisharifdehkordi/E2E/3d/results_combined/combined_ckpt3.nc4-3240427521-1102025.loc	/work	lustre
POSIX	52	1607752630872201620	POSIX_SIZE_WRITE_100K_1M	0	/work/hdd/bdau/mbanisharifdehkordi/E2E/3d/results_combined/combined_ckpt3.nc4-3240427521-1102025.loc	/work	lustre
POSIX	52	1607752630872201620	POSIX_SIZE_WRITE_1M_4M	0	/work/hdd/bdau/mbanisharifdehkordi/E2E/3d/results_combined/combined_ckpt3.nc4-3240427521-1102025.loc	/work	lustre
POSIX	52	1607752630872201620	POSIX_SIZE_WRITE_4M_10M	0	/work/hdd/bdau/mbanisharifdehkordi/E2E/3d/results_combined/combined_ckpt3.nc4-3240427521-1102025.loc	/work	lustre
POSIX	52	1607752630872201620	POSIX_SIZE_WRITE_10M_100M	0	/work/hdd/bdau/mbanisharifdehkordi/E2E/3d/results_combined/combined_ckpt3.nc4-3240427521-1102025.loc	/work	lustre
POSIX	52	1607752630872201620	POSIX_SIZE_WRITE_100M_1G	0	/work/hdd/bdau/mbanisharifdehkordi/E2E/3d/results_combined/combined_ckpt3.nc4-3240427521-1102025.loc	/work	lustre
POSIX	52	1607752630872201620	POSIX_SIZE_WRITE_1G_PLUS	0	/work/hdd/bdau/mbanisharifdehkordi/E2E/3d/results_combined/combined_ckpt3.nc4-3240427521-1102025.loc	/work	lustre
POSIX	53	6640130105865408025	POSIX_BYTES_WRITTEN	0	/work/hdd/bdau/mbanisharifdehkordi/E2E/3d/results_combined/combined_ckpt3.nc4.locktest.53	/work	lustre
POSIX	53	6640130105865408025	POSIX_FILE_NOT_ALIGNED	0	/work/hdd/bdau/mbanisharifdehkordi/E2E/3d/results_combined/combined_ckpt3.nc4.locktest.53	/work	lustre
POSIX	53	6640130105865408025	POSIX_SIZE_WRITE_0_100	0	/work/hdd/bdau/mbanisharifdehkordi/E2E/3d/results_combined/combined_ckpt3.nc4.locktest.53	/work	lustre
POSIX	53	6640130105865408025	POSIX_SIZE_WRITE_100_1K	0	/work/hdd/bdau/mbanisharifdehkordi/E2E/3d/results_combined/combined_ckpt3.nc4.locktest.53	/work	lustre
POSIX	53	6640130105865408025	POSIX_SIZE_WRITE_1K_10K	0	/work/hdd/bdau/mbanisharifdehkordi/E2E/3d/results_combined/combined_ckpt3.nc4.locktest.53	/work	lustre
POSIX	53	6640130105865408025	POSIX_SIZE_WRITE_10K_100K	0	/work/hdd/bdau/mbanisharifdehkordi/E2E/3d/results_combined/combined_ckpt3.nc4.locktest.53	/work	lustre
POSIX	53	6640130105865408025	POSIX_SIZE_WRITE_100K_1M	0	/work/hdd/bdau/mbanisharifdehkordi/E2E/3d/results_combined/combined_ckpt3.nc4.locktest.53	/work	lustre
POSIX	53	6640130105865408025	POSIX_SIZE_WRITE_1M_4M	0	/work/hdd/bdau/mbanisharifdehkordi/E2E/3d/results_combined/combined_ckpt3.nc4.locktest.53	/work	lustre
POSIX	53	6640130105865408025	POSIX_SIZE_WRITE_4M_10M	0	/work/hdd/bdau/mbanisharifdehkordi/E2E/3d/results_combined/combined_ckpt3.nc4.locktest.53	/work	lustre
POSIX	53	6640130105865408025	POSIX_SIZE_WRITE_10M_100M	0	/work/hdd/bdau/mbanisharifdehkordi/E2E/3d/results_combined/combined_ckpt3.nc4.locktest.53	/work	lustre
POSIX	53	6640130105865408025	POSIX_SIZE_WRITE_100M_1G	0	/work/hdd/bdau/mbanisharifdehkordi/E2E/3d/results_combined/combined_ckpt3.nc4.locktest.53	/work	lustre
POSIX	53	6640130105865408025	POSIX_SIZE_WRITE_1G_PLUS	0	/work/hdd/bdau/mbanisharifdehkordi/E2E/3d/results_combined/combined_ckpt3.nc4.locktest.53	/work	lustre
POSIX	53	3531888601709092091	POSIX_BYTES_WRITTEN	0	/work/hdd/bdau/mbanisharifdehkordi/E2E/3d/results_combined/combined_ckpt3.nc4	/work	lustre
POSIX	53	3531888601709092091	POSIX_FILE_NOT_ALIGNED	0	/work/hdd/bdau/mbanisharifdehkordi/E2E/3d/results_combined/combined_ckpt3.nc4	/work	lustre
POSIX	53	3531888601709092091	POSIX_SIZE_WRITE_0_100	0	/work/hdd/bdau/mbanisharifdehkordi/E2E/3d/results_combined/combined_ckpt3.nc4	/work	lustre
POSIX	53	3531888601709092091	POSIX_SIZE_WRITE_100_1K	0	/work/hdd/bdau/mbanisharifdehkordi/E2E/3d/results_combined/combined_ckpt3.nc4	/work	lustre
POSIX	53	3531888601709092091	POSIX_SIZE_WRITE_1K_10K	0	/work/hdd/bdau/mbanisharifdehkordi/E2E/3d/results_combined/combined_ckpt3.nc4	/work	lustre
POSIX	53	3531888601709092091	POSIX_SIZE_WRITE_10K_100K	0	/work/hdd/bdau/mbanisharifdehkordi/E2E/3d/results_combined/combined_ckpt3.nc4	/work	lustre
POSIX	53	3531888601709092091	POSIX_SIZE_WRITE_100K_1M	0	/work/hdd/bdau/mbanisharifdehkordi/E2E/3d/results_combined/combined_ckpt3.nc4	/work	lustre
POSIX	53	3531888601709092091	POSIX_SIZE_WRITE_1M_4M	0	/work/hdd/bdau/mbanisharifdehkordi/E2E/3d/results_combined/combined_ckpt3.nc4	/work	lustre
POSIX	53	3531888601709092091	POSIX_SIZE_WRITE_4M_10M	0	/work/hdd/bdau/mbanisharifdehkordi/E2E/3d/results_combined/combined_ckpt3.nc4	/work	lustre
POSIX	53	3531888601709092091	POSIX_SIZE_WRITE_10M_100M	0	/work/hdd/bdau/mbanisharifdehkordi/E2E/3d/results_combined/combined_ckpt3.nc4	/work	lustre
POSIX	53	3531888601709092091	POSIX_SIZE_WRITE_100M_1G	0	/work/hdd/bdau/mbanisharifdehkordi/E2E/3d/results_combined/combined_ckpt3.nc4	/work	lustre
POSIX	53	3531888601709092091	POSIX_SIZE_WRITE_1G_PLUS	0	/work/hdd/bdau/mbanisharifdehkordi/E2E/3d/results_combined/combined_ckpt3.nc4	/work	lustre
POSIX	53	7794184631446446289	POSIX_BYTES_WRITTEN	0	/work/hdd/bdau/mbanisharifdehkordi/E2E/3d/results_combined/.	/work	lustre
POSIX	53	7794184631446446289	POSIX_FILE_NOT_ALIGNED	0	/work/hdd/bdau/mbanisharifdehkordi/E2E/3d/results_combined/.	/work	lustre
POSIX	53	7794184631446446289	POSIX_SIZE_WRITE_0_100	0	/work/hdd/bdau/mbanisharifdehkordi/E2E/3d/results_combined/.	/work	lustre
POSIX	53	7794184631446446289	POSIX_SIZE_WRITE_100_1K	0	/work/hdd/bdau/mbanisharifdehkordi/E2E/3d/results_combined/.	/work	lustre
POSIX	53	7794184631446446289	POSIX_SIZE_WRITE_1K_10K	0	/work/hdd/bdau/mbanisharifdehkordi/E2E/3d/results_combined/.	/work	lustre
POSIX	53	7794184631446446289	POSIX_SIZE_WRITE_10K_100K	0	/work/hdd/bdau/mbanisharifdehkordi/E2E/3d/results_combined/.	/work	lustre
POSIX	53	7794184631446446289	POSIX_SIZE_WRITE_100K_1M	0	/work/hdd/bdau/mbanisharifdehkordi/E2E/3d/results_combined/.	/work	lustre
POSIX	53	7794184631446446289	POSIX_SIZE_WRITE_1M_4M	0	/work/hdd/bdau/mbanisharifdehkordi/E2E/3d/results_combined/.	/work	lustre
POSIX	53	7794184631446446289	POSIX_SIZE_WRITE_4M_10M	0	/work/hdd/bdau/mbanisharifdehkordi/E2E/3d/results_combined/.	/work	lustre
POSIX	53	7794184631446446289	POSIX_SIZE_WRITE_10M_100M	0	/work/hdd/bdau/mbanisharifdehkordi/E2E/3d/results_combined/.	/work	lustre
POSIX	53	7794184631446446289	POSIX_SIZE_WRITE_100M_1G	0	/work/hdd/bdau/mbanisharifdehkordi/E2E/3d/results_combined/.	/work	lustre
POSIX	53	7794184631446446289	POSIX_SIZE_WRITE_1G_PLUS	0	/work/hdd/bdau/mbanisharifdehkordi/E2E/3d/results_combined/.	/work	lustre
POSIX	53	1607752630872201620	POSIX_BYTES_WRITTEN	0	/work/hdd/bdau/mbanisharifdehkordi/E2E/3d/results_combined/combined_ckpt3.nc4-3240427521-1102025.loc	/work	lustre
POSIX	53	1607752630872201620	POSIX_FILE_NOT_ALIGNED	0	/work/hdd/bdau/mbanisharifdehkordi/E2E/3d/results_combined/combined_ckpt3.nc4-3240427521-1102025.loc	/work	lustre
POSIX	53	1607752630872201620	POSIX_SIZE_WRITE_0_100	0	/work/hdd/bdau/mbanisharifdehkordi/E2E/3d/results_combined/combined_ckpt3.nc4-3240427521-1102025.loc	/work	lustre
POSIX	53	1607752630872201620	POSIX_SIZE_WRITE_100_1K	0	/work/hdd/bdau/mbanisharifdehkordi/E2E/3d/results_combined/combined_ckpt3.nc4-3240427521-1102025.loc	/work	lustre
POSIX	53	1607752630872201620	POSIX_SIZE_WRITE_1K_10K	0	/work/hdd/bdau/mbanisharifdehkordi/E2E/3d/results_combined/combined_ckpt3.nc4-3240427521-1102025.loc	/work	lustre
POSIX	53	1607752630872201620	POSIX_SIZE_WRITE_10K_100K	0	/work/hdd/bdau/mbanisharifdehkordi/E2E/3d/results_combined/combined_ckpt3.nc4-3240427521-1102025.loc	/work	lustre
POSIX	53	1607752630872201620	POSIX_SIZE_WRITE_100K_1M	0	/work/hdd/bdau/mbanisharifdehkordi/E2E/3d/results_combined/combined_ckpt3.nc4-3240427521-1102025.loc	/work	lustre
POSIX	53	1607752630872201620	POSIX_SIZE_WRITE_1M_4M	0	/work/hdd/bdau/mbanisharifdehkordi/E2E/3d/results_combined/combined_ckpt3.nc4-3240427521-1102025.loc	/work	lustre
POSIX	53	1607752630872201620	POSIX_SIZE_WRITE_4M_10M	0	/work/hdd/bdau/mbanisharifdehkordi/E2E/3d/results_combined/combined_ckpt3.nc4-3240427521-1102025.loc	/work	lustre
POSIX	53	1607752630872201620	POSIX_SIZE_WRITE_10M_100M	0	/work/hdd/bdau/mbanisharifdehkordi/E2E/3d/results_combined/combined_ckpt3.nc4-3240427521-1102025.loc	/work	lustre
POSIX	53	1607752630872201620	POSIX_SIZE_WRITE_100M_1G	0	/work/hdd/bdau/mbanisharifdehkordi/E2E/3d/results_combined/combined_ckpt3.nc4-3240427521-1102025.loc	/work	lustre
POSIX	53	1607752630872201620	POSIX_SIZE_WRITE_1G_PLUS	0	/work/hdd/bdau/mbanisharifdehkordi/E2E/3d/results_combined/combined_ckpt3.nc4-3240427521-1102025.loc	/work	lustre
POSIX	54	12652663984310185465	POSIX_BYTES_WRITTEN	0	/work/hdd/bdau/mbanisharifdehkordi/E2E/3d/results_combined/combined_ckpt3.nc4.locktest.54	/work	lustre
POSIX	54	12652663984310185465	POSIX_FILE_NOT_ALIGNED	0	/work/hdd/bdau/mbanisharifdehkordi/E2E/3d/results_combined/combined_ckpt3.nc4.locktest.54	/work	lustre
POSIX	54	12652663984310185465	POSIX_SIZE_WRITE_0_100	0	/work/hdd/bdau/mbanisharifdehkordi/E2E/3d/results_combined/combined_ckpt3.nc4.locktest.54	/work	lustre
POSIX	54	12652663984310185465	POSIX_SIZE_WRITE_100_1K	0	/work/hdd/bdau/mbanisharifdehkordi/E2E/3d/results_combined/combined_ckpt3.nc4.locktest.54	/work	lustre
POSIX	54	12652663984310185465	POSIX_SIZE_WRITE_1K_10K	0	/work/hdd/bdau/mbanisharifdehkordi/E2E/3d/results_combined/combined_ckpt3.nc4.locktest.54	/work	lustre
POSIX	54	12652663984310185465	POSIX_SIZE_WRITE_10K_100K	0	/work/hdd/bdau/mbanisharifdehkordi/E2E/3d/results_combined/combined_ckpt3.nc4.locktest.54	/work	lustre
POSIX	54	12652663984310185465	POSIX_SIZE_WRITE_100K_1M	0	/work/hdd/bdau/mbanisharifdehkordi/E2E/3d/results_combined/combined_ckpt3.nc4.locktest.54	/work	lustre
POSIX	54	12652663984310185465	POSIX_SIZE_WRITE_1M_4M	0	/work/hdd/bdau/mbanisharifdehkordi/E2E/3d/results_combined/combined_ckpt3.nc4.locktest.54	/work	lustre
POSIX	54	12652663984310185465	POSIX_SIZE_WRITE_4M_10M	0	/work/hdd/bdau/mbanisharifdehkordi/E2E/3d/results_combined/combined_ckpt3.nc4.locktest.54	/work	lustre
POSIX	54	12652663984310185465	POSIX_SIZE_WRITE_10M_100M	0	/work/hdd/bdau/mbanisharifdehkordi/E2E/3d/results_combined/combined_ckpt3.nc4.locktest.54	/work	lustre
POSIX	54	12652663984310185465	POSIX_SIZE_WRITE_100M_1G	0	/work/hdd/bdau/mbanisharifdehkordi/E2E/3d/results_combined/combined_ckpt3.nc4.locktest.54	/work	lustre
POSIX	54	12652663984310185465	POSIX_SIZE_WRITE_1G_PLUS	0	/work/hdd/bdau/mbanisharifdehkordi/E2E/3d/results_combined/combined_ckpt3.nc4.locktest.54	/work	lustre
POSIX	54	3531888601709092091	POSIX_BYTES_WRITTEN	0	/work/hdd/bdau/mbanisharifdehkordi/E2E/3d/results_combined/combined_ckpt3.nc4	/work	lustre
POSIX	54	3531888601709092091	POSIX_FILE_NOT_ALIGNED	0	/work/hdd/bdau/mbanisharifdehkordi/E2E/3d/results_combined/combined_ckpt3.nc4	/work	lustre
POSIX	54	3531888601709092091	POSIX_SIZE_WRITE_0_100	0	/work/hdd/bdau/mbanisharifdehkordi/E2E/3d/results_combined/combined_ckpt3.nc4	/work	lustre
POSIX	54	3531888601709092091	POSIX_SIZE_WRITE_100_1K	0	/work/hdd/bdau/mbanisharifdehkordi/E2E/3d/results_combined/combined_ckpt3.nc4	/work	lustre
POSIX	54	3531888601709092091	POSIX_SIZE_WRITE_1K_10K	0	/work/hdd/bdau/mbanisharifdehkordi/E2E/3d/results_combined/combined_ckpt3.nc4	/work	lustre
POSIX	54	3531888601709092091	POSIX_SIZE_WRITE_10K_100K	0	/work/hdd/bdau/mbanisharifdehkordi/E2E/3d/results_combined/combined_ckpt3.nc4	/work	lustre
POSIX	54	3531888601709092091	POSIX_SIZE_WRITE_100K_1M	0	/work/hdd/bdau/mbanisharifdehkordi/E2E/3d/results_combined/combined_ckpt3.nc4	/work	lustre
POSIX	54	3531888601709092091	POSIX_SIZE_WRITE_1M_4M	0	/work/hdd/bdau/mbanisharifdehkordi/E2E/3d/results_combined/combined_ckpt3.nc4	/work	lustre
POSIX	54	3531888601709092091	POSIX_SIZE_WRITE_4M_10M	0	/work/hdd/bdau/mbanisharifdehkordi/E2E/3d/results_combined/combined_ckpt3.nc4	/work	lustre
POSIX	54	3531888601709092091	POSIX_SIZE_WRITE_10M_100M	0	/work/hdd/bdau/mbanisharifdehkordi/E2E/3d/results_combined/combined_ckpt3.nc4	/work	lustre
POSIX	54	3531888601709092091	POSIX_SIZE_WRITE_100M_1G	0	/work/hdd/bdau/mbanisharifdehkordi/E2E/3d/results_combined/combined_ckpt3.nc4	/work	lustre
POSIX	54	3531888601709092091	POSIX_SIZE_WRITE_1G_PLUS	0	/work/hdd/bdau/mbanisharifdehkordi/E2E/3d/results_combined/combined_ckpt3.nc4	/work	lustre
POSIX	54	7794184631446446289	POSIX_BYTES_WRITTEN	0	/work/hdd/bdau/mbanisharifdehkordi/E2E/3d/results_combined/.	/work	lustre
POSIX	54	7794184631446446289	POSIX_FILE_NOT_ALIGNED	0	/work/hdd/bdau/mbanisharifdehkordi/E2E/3d/results_combined/.	/work	lustre
POSIX	54	7794184631446446289	POSIX_SIZE_WRITE_0_100	0	/work/hdd/bdau/mbanisharifdehkordi/E2E/3d/results_combined/.	/work	lustre
POSIX	54	7794184631446446289	POSIX_SIZE_WRITE_100_1K	0	/work/hdd/bdau/mbanisharifdehkordi/E2E/3d/results_combined/.	/work	lustre
POSIX	54	7794184631446446289	POSIX_SIZE_WRITE_1K_10K	0	/work/hdd/bdau/mbanisharifdehkordi/E2E/3d/results_combined/.	/work	lustre
POSIX	54	7794184631446446289	POSIX_SIZE_WRITE_10K_100K	0	/work/hdd/bdau/mbanisharifdehkordi/E2E/3d/results_combined/.	/work	lustre
POSIX	54	7794184631446446289	POSIX_SIZE_WRITE_100K_1M	0	/work/hdd/bdau/mbanisharifdehkordi/E2E/3d/results_combined/.	/work	lustre
POSIX	54	7794184631446446289	POSIX_SIZE_WRITE_1M_4M	0	/work/hdd/bdau/mbanisharifdehkordi/E2E/3d/results_combined/.	/work	lustre
POSIX	54	7794184631446446289	POSIX_SIZE_WRITE_4M_10M	0	/work/hdd/bdau/mbanisharifdehkordi/E2E/3d/results_combined/.	/work	lustre
POSIX	54	7794184631446446289	POSIX_SIZE_WRITE_10M_100M	0	/work/hdd/bdau/mbanisharifdehkordi/E2E/3d/results_combined/.	/work	lustre
POSIX	54	7794184631446446289	POSIX_SIZE_WRITE_100M_1G	0	/work/hdd/bdau/mbanisharifdehkordi/E2E/3d/results_combined/.	/work	lustre
POSIX	54	7794184631446446289	POSIX_SIZE_WRITE_1G_PLUS	0	/work/hdd/bdau/mbanisharifdehkordi/E2E/3d/results_combined/.	/work	lustre
POSIX	54	1607752630872201620	POSIX_BYTES_WRITTEN	0	/work/hdd/bdau/mbanisharifdehkordi/E2E/3d/results_combined/combined_ckpt3.nc4-3240427521-1102025.loc	/work	lustre
POSIX	54	1607752630872201620	POSIX_FILE_NOT_ALIGNED	0	/work/hdd/bdau/mbanisharifdehkordi/E2E/3d/results_combined/combined_ckpt3.nc4-3240427521-1102025.loc	/work	lustre
POSIX	54	1607752630872201620	POSIX_SIZE_WRITE_0_100	0	/work/hdd/bdau/mbanisharifdehkordi/E2E/3d/results_combined/combined_ckpt3.nc4-3240427521-1102025.loc	/work	lustre
POSIX	54	1607752630872201620	POSIX_SIZE_WRITE_100_1K	0	/work/hdd/bdau/mbanisharifdehkordi/E2E/3d/results_combined/combined_ckpt3.nc4-3240427521-1102025.loc	/work	lustre
POSIX	54	1607752630872201620	POSIX_SIZE_WRITE_1K_10K	0	/work/hdd/bdau/mbanisharifdehkordi/E2E/3d/results_combined/combined_ckpt3.nc4-3240427521-1102025.loc	/work	lustre
POSIX	54	1607752630872201620	POSIX_SIZE_WRITE_10K_100K	0	/work/hdd/bdau/mbanisharifdehkordi/E2E/3d/results_combined/combined_ckpt3.nc4-3240427521-1102025.loc	/work	lustre
POSIX	54	1607752630872201620	POSIX_SIZE_WRITE_100K_1M	0	/work/hdd/bdau/mbanisharifdehkordi/E2E/3d/results_combined/combined_ckpt3.nc4-3240427521-1102025.loc	/work	lustre
POSIX	54	1607752630872201620	POSIX_SIZE_WRITE_1M_4M	0	/work/hdd/bdau/mbanisharifdehkordi/E2E/3d/results_combined/combined_ckpt3.nc4-3240427521-1102025.loc	/work	lustre
POSIX	54	1607752630872201620	POSIX_SIZE_WRITE_4M_10M	0	/work/hdd/bdau/mbanisharifdehkordi/E2E/3d/results_combined/combined_ckpt3.nc4-3240427521-1102025.loc	/work	lustre
POSIX	54	1607752630872201620	POSIX_SIZE_WRITE_10M_100M	0	/work/hdd/bdau/mbanisharifdehkordi/E2E/3d/results_combined/combined_ckpt3.nc4-3240427521-1102025.loc	/work	lustre
POSIX	54	1607752630872201620	POSIX_SIZE_WRITE_100M_1G	0	/work/hdd/bdau/mbanisharifdehkordi/E2E/3d/results_combined/combined_ckpt3.nc4-3240427521-1102025.loc	/work	lustre
POSIX	54	1607752630872201620	POSIX_SIZE_WRITE_1G_PLUS	0	/work/hdd/bdau/mbanisharifdehkordi/E2E/3d/results_combined/combined_ckpt3.nc4-3240427521-1102025.loc	/work	lustre
POSIX	55	15684019732915033342	POSIX_BYTES_WRITTEN	0	/work/hdd/bdau/mbanisharifdehkordi/E2E/3d/results_combined/combined_ckpt3.nc4.locktest.55	/work	lustre
POSIX	55	15684019732915033342	POSIX_FILE_NOT_ALIGNED	0	/work/hdd/bdau/mbanisharifdehkordi/E2E/3d/results_combined/combined_ckpt3.nc4.locktest.55	/work	lustre
POSIX	55	15684019732915033342	POSIX_SIZE_WRITE_0_100	0	/work/hdd/bdau/mbanisharifdehkordi/E2E/3d/results_combined/combined_ckpt3.nc4.locktest.55	/work	lustre
POSIX	55	15684019732915033342	POSIX_SIZE_WRITE_100_1K	0	/work/hdd/bdau/mbanisharifdehkordi/E2E/3d/results_combined/combined_ckpt3.nc4.locktest.55	/work	lustre
POSIX	55	15684019732915033342	POSIX_SIZE_WRITE_1K_10K	0	/work/hdd/bdau/mbanisharifdehkordi/E2E/3d/results_combined/combined_ckpt3.nc4.locktest.55	/work	lustre
POSIX	55	15684019732915033342	POSIX_SIZE_WRITE_10K_100K	0	/work/hdd/bdau/mbanisharifdehkordi/E2E/3d/results_combined/combined_ckpt3.nc4.locktest.55	/work	lustre
POSIX	55	15684019732915033342	POSIX_SIZE_WRITE_100K_1M	0	/work/hdd/bdau/mbanisharifdehkordi/E2E/3d/results_combined/combined_ckpt3.nc4.locktest.55	/work	lustre
POSIX	55	15684019732915033342	POSIX_SIZE_WRITE_1M_4M	0	/work/hdd/bdau/mbanisharifdehkordi/E2E/3d/results_combined/combined_ckpt3.nc4.locktest.55	/work	lustre
POSIX	55	15684019732915033342	POSIX_SIZE_WRITE_4M_10M	0	/work/hdd/bdau/mbanisharifdehkordi/E2E/3d/results_combined/combined_ckpt3.nc4.locktest.55	/work	lustre
POSIX	55	15684019732915033342	POSIX_SIZE_WRITE_10M_100M	0	/work/hdd/bdau/mbanisharifdehkordi/E2E/3d/results_combined/combined_ckpt3.nc4.locktest.55	/work	lustre
POSIX	55	15684019732915033342	POSIX_SIZE_WRITE_100M_1G	0	/work/hdd/bdau/mbanisharifdehkordi/E2E/3d/results_combined/combined_ckpt3.nc4.locktest.55	/work	lustre
POSIX	55	15684019732915033342	POSIX_SIZE_WRITE_1G_PLUS	0	/work/hdd/bdau/mbanisharifdehkordi/E2E/3d/results_combined/combined_ckpt3.nc4.locktest.55	/work	lustre
POSIX	55	3531888601709092091	POSIX_BYTES_WRITTEN	0	/work/hdd/bdau/mbanisharifdehkordi/E2E/3d/results_combined/combined_ckpt3.nc4	/work	lustre
POSIX	55	3531888601709092091	POSIX_FILE_NOT_ALIGNED	0	/work/hdd/bdau/mbanisharifdehkordi/E2E/3d/results_combined/combined_ckpt3.nc4	/work	lustre
POSIX	55	3531888601709092091	POSIX_SIZE_WRITE_0_100	0	/work/hdd/bdau/mbanisharifdehkordi/E2E/3d/results_combined/combined_ckpt3.nc4	/work	lustre
POSIX	55	3531888601709092091	POSIX_SIZE_WRITE_100_1K	0	/work/hdd/bdau/mbanisharifdehkordi/E2E/3d/results_combined/combined_ckpt3.nc4	/work	lustre
POSIX	55	3531888601709092091	POSIX_SIZE_WRITE_1K_10K	0	/work/hdd/bdau/mbanisharifdehkordi/E2E/3d/results_combined/combined_ckpt3.nc4	/work	lustre
POSIX	55	3531888601709092091	POSIX_SIZE_WRITE_10K_100K	0	/work/hdd/bdau/mbanisharifdehkordi/E2E/3d/results_combined/combined_ckpt3.nc4	/work	lustre
POSIX	55	3531888601709092091	POSIX_SIZE_WRITE_100K_1M	0	/work/hdd/bdau/mbanisharifdehkordi/E2E/3d/results_combined/combined_ckpt3.nc4	/work	lustre
POSIX	55	3531888601709092091	POSIX_SIZE_WRITE_1M_4M	0	/work/hdd/bdau/mbanisharifdehkordi/E2E/3d/results_combined/combined_ckpt3.nc4	/work	lustre
POSIX	55	3531888601709092091	POSIX_SIZE_WRITE_4M_10M	0	/work/hdd/bdau/mbanisharifdehkordi/E2E/3d/results_combined/combined_ckpt3.nc4	/work	lustre
POSIX	55	3531888601709092091	POSIX_SIZE_WRITE_10M_100M	0	/work/hdd/bdau/mbanisharifdehkordi/E2E/3d/results_combined/combined_ckpt3.nc4	/work	lustre
POSIX	55	3531888601709092091	POSIX_SIZE_WRITE_100M_1G	0	/work/hdd/bdau/mbanisharifdehkordi/E2E/3d/results_combined/combined_ckpt3.nc4	/work	lustre
POSIX	55	3531888601709092091	POSIX_SIZE_WRITE_1G_PLUS	0	/work/hdd/bdau/mbanisharifdehkordi/E2E/3d/results_combined/combined_ckpt3.nc4	/work	lustre
POSIX	55	7794184631446446289	POSIX_BYTES_WRITTEN	0	/work/hdd/bdau/mbanisharifdehkordi/E2E/3d/results_combined/.	/work	lustre
POSIX	55	7794184631446446289	POSIX_FILE_NOT_ALIGNED	0	/work/hdd/bdau/mbanisharifdehkordi/E2E/3d/results_combined/.	/work	lustre
POSIX	55	7794184631446446289	POSIX_SIZE_WRITE_0_100	0	/work/hdd/bdau/mbanisharifdehkordi/E2E/3d/results_combined/.	/work	lustre
POSIX	55	7794184631446446289	POSIX_SIZE_WRITE_100_1K	0	/work/hdd/bdau/mbanisharifdehkordi/E2E/3d/results_combined/.	/work	lustre
POSIX	55	7794184631446446289	POSIX_SIZE_WRITE_1K_10K	0	/work/hdd/bdau/mbanisharifdehkordi/E2E/3d/results_combined/.	/work	lustre
POSIX	55	7794184631446446289	POSIX_SIZE_WRITE_10K_100K	0	/work/hdd/bdau/mbanisharifdehkordi/E2E/3d/results_combined/.	/work	lustre
POSIX	55	7794184631446446289	POSIX_SIZE_WRITE_100K_1M	0	/work/hdd/bdau/mbanisharifdehkordi/E2E/3d/results_combined/.	/work	lustre
POSIX	55	7794184631446446289	POSIX_SIZE_WRITE_1M_4M	0	/work/hdd/bdau/mbanisharifdehkordi/E2E/3d/results_combined/.	/work	lustre
POSIX	55	7794184631446446289	POSIX_SIZE_WRITE_4M_10M	0	/work/hdd/bdau/mbanisharifdehkordi/E2E/3d/results_combined/.	/work	lustre
POSIX	55	7794184631446446289	POSIX_SIZE_WRITE_10M_100M	0	/work/hdd/bdau/mbanisharifdehkordi/E2E/3d/results_combined/.	/work	lustre
POSIX	55	7794184631446446289	POSIX_SIZE_WRITE_100M_1G	0	/work/hdd/bdau/mbanisharifdehkordi/E2E/3d/results_combined/.	/work	lustre
POSIX	55	7794184631446446289	POSIX_SIZE_WRITE_1G_PLUS	0	/work/hdd/bdau/mbanisharifdehkordi/E2E/3d/results_combined/.	/work	lustre
POSIX	55	1607752630872201620	POSIX_BYTES_WRITTEN	0	/work/hdd/bdau/mbanisharifdehkordi/E2E/3d/results_combined/combined_ckpt3.nc4-3240427521-1102025.loc	/work	lustre
POSIX	55	1607752630872201620	POSIX_FILE_NOT_ALIGNED	0	/work/hdd/bdau/mbanisharifdehkordi/E2E/3d/results_combined/combined_ckpt3.nc4-3240427521-1102025.loc	/work	lustre
POSIX	55	1607752630872201620	POSIX_SIZE_WRITE_0_100	0	/work/hdd/bdau/mbanisharifdehkordi/E2E/3d/results_combined/combined_ckpt3.nc4-3240427521-1102025.loc	/work	lustre
POSIX	55	1607752630872201620	POSIX_SIZE_WRITE_100_1K	0	/work/hdd/bdau/mbanisharifdehkordi/E2E/3d/results_combined/combined_ckpt3.nc4-3240427521-1102025.loc	/work	lustre
POSIX	55	1607752630872201620	POSIX_SIZE_WRITE_1K_10K	0	/work/hdd/bdau/mbanisharifdehkordi/E2E/3d/results_combined/combined_ckpt3.nc4-3240427521-1102025.loc	/work	lustre
POSIX	55	1607752630872201620	POSIX_SIZE_WRITE_10K_100K	0	/work/hdd/bdau/mbanisharifdehkordi/E2E/3d/results_combined/combined_ckpt3.nc4-3240427521-1102025.loc	/work	lustre
POSIX	55	1607752630872201620	POSIX_SIZE_WRITE_100K_1M	0	/work/hdd/bdau/mbanisharifdehkordi/E2E/3d/results_combined/combined_ckpt3.nc4-3240427521-1102025.loc	/work	lustre
POSIX	55	1607752630872201620	POSIX_SIZE_WRITE_1M_4M	0	/work/hdd/bdau/mbanisharifdehkordi/E2E/3d/results_combined/combined_ckpt3.nc4-3240427521-1102025.loc	/work	lustre
POSIX	55	1607752630872201620	POSIX_SIZE_WRITE_4M_10M	0	/work/hdd/bdau/mbanisharifdehkordi/E2E/3d/results_combined/combined_ckpt3.nc4-3240427521-1102025.loc	/work	lustre
POSIX	55	1607752630872201620	POSIX_SIZE_WRITE_10M_100M	0	/work/hdd/bdau/mbanisharifdehkordi/E2E/3d/results_combined/combined_ckpt3.nc4-3240427521-1102025.loc	/work	lustre
POSIX	55	1607752630872201620	POSIX_SIZE_WRITE_100M_1G	0	/work/hdd/bdau/mbanisharifdehkordi/E2E/3d/results_combined/combined_ckpt3.nc4-3240427521-1102025.loc	/work	lustre
POSIX	55	1607752630872201620	POSIX_SIZE_WRITE_1G_PLUS	0	/work/hdd/bdau/mbanisharifdehkordi/E2E/3d/results_combined/combined_ckpt3.nc4-3240427521-1102025.loc	/work	lustre
POSIX	56	12337638109925147333	POSIX_BYTES_WRITTEN	0	/work/hdd/bdau/mbanisharifdehkordi/E2E/3d/results_combined/combined_ckpt3.nc4.locktest.56	/work	lustre
POSIX	56	12337638109925147333	POSIX_FILE_NOT_ALIGNED	0	/work/hdd/bdau/mbanisharifdehkordi/E2E/3d/results_combined/combined_ckpt3.nc4.locktest.56	/work	lustre
POSIX	56	12337638109925147333	POSIX_SIZE_WRITE_0_100	0	/work/hdd/bdau/mbanisharifdehkordi/E2E/3d/results_combined/combined_ckpt3.nc4.locktest.56	/work	lustre
POSIX	56	12337638109925147333	POSIX_SIZE_WRITE_100_1K	0	/work/hdd/bdau/mbanisharifdehkordi/E2E/3d/results_combined/combined_ckpt3.nc4.locktest.56	/work	lustre
POSIX	56	12337638109925147333	POSIX_SIZE_WRITE_1K_10K	0	/work/hdd/bdau/mbanisharifdehkordi/E2E/3d/results_combined/combined_ckpt3.nc4.locktest.56	/work	lustre
POSIX	56	12337638109925147333	POSIX_SIZE_WRITE_10K_100K	0	/work/hdd/bdau/mbanisharifdehkordi/E2E/3d/results_combined/combined_ckpt3.nc4.locktest.56	/work	lustre
POSIX	56	12337638109925147333	POSIX_SIZE_WRITE_100K_1M	0	/work/hdd/bdau/mbanisharifdehkordi/E2E/3d/results_combined/combined_ckpt3.nc4.locktest.56	/work	lustre
POSIX	56	12337638109925147333	POSIX_SIZE_WRITE_1M_4M	0	/work/hdd/bdau/mbanisharifdehkordi/E2E/3d/results_combined/combined_ckpt3.nc4.locktest.56	/work	lustre
POSIX	56	12337638109925147333	POSIX_SIZE_WRITE_4M_10M	0	/work/hdd/bdau/mbanisharifdehkordi/E2E/3d/results_combined/combined_ckpt3.nc4.locktest.56	/work	lustre
POSIX	56	12337638109925147333	POSIX_SIZE_WRITE_10M_100M	0	/work/hdd/bdau/mbanisharifdehkordi/E2E/3d/results_combined/combined_ckpt3.nc4.locktest.56	/work	lustre
POSIX	56	12337638109925147333	POSIX_SIZE_WRITE_100M_1G	0	/work/hdd/bdau/mbanisharifdehkordi/E2E/3d/results_combined/combined_ckpt3.nc4.locktest.56	/work	lustre
POSIX	56	12337638109925147333	POSIX_SIZE_WRITE_1G_PLUS	0	/work/hdd/bdau/mbanisharifdehkordi/E2E/3d/results_combined/combined_ckpt3.nc4.locktest.56	/work	lustre
POSIX	56	3531888601709092091	POSIX_BYTES_WRITTEN	0	/work/hdd/bdau/mbanisharifdehkordi/E2E/3d/results_combined/combined_ckpt3.nc4	/work	lustre
POSIX	56	3531888601709092091	POSIX_FILE_NOT_ALIGNED	0	/work/hdd/bdau/mbanisharifdehkordi/E2E/3d/results_combined/combined_ckpt3.nc4	/work	lustre
POSIX	56	3531888601709092091	POSIX_SIZE_WRITE_0_100	0	/work/hdd/bdau/mbanisharifdehkordi/E2E/3d/results_combined/combined_ckpt3.nc4	/work	lustre
POSIX	56	3531888601709092091	POSIX_SIZE_WRITE_100_1K	0	/work/hdd/bdau/mbanisharifdehkordi/E2E/3d/results_combined/combined_ckpt3.nc4	/work	lustre
POSIX	56	3531888601709092091	POSIX_SIZE_WRITE_1K_10K	0	/work/hdd/bdau/mbanisharifdehkordi/E2E/3d/results_combined/combined_ckpt3.nc4	/work	lustre
POSIX	56	3531888601709092091	POSIX_SIZE_WRITE_10K_100K	0	/work/hdd/bdau/mbanisharifdehkordi/E2E/3d/results_combined/combined_ckpt3.nc4	/work	lustre
POSIX	56	3531888601709092091	POSIX_SIZE_WRITE_100K_1M	0	/work/hdd/bdau/mbanisharifdehkordi/E2E/3d/results_combined/combined_ckpt3.nc4	/work	lustre
POSIX	56	3531888601709092091	POSIX_SIZE_WRITE_1M_4M	0	/work/hdd/bdau/mbanisharifdehkordi/E2E/3d/results_combined/combined_ckpt3.nc4	/work	lustre
POSIX	56	3531888601709092091	POSIX_SIZE_WRITE_4M_10M	0	/work/hdd/bdau/mbanisharifdehkordi/E2E/3d/results_combined/combined_ckpt3.nc4	/work	lustre
POSIX	56	3531888601709092091	POSIX_SIZE_WRITE_10M_100M	0	/work/hdd/bdau/mbanisharifdehkordi/E2E/3d/results_combined/combined_ckpt3.nc4	/work	lustre
POSIX	56	3531888601709092091	POSIX_SIZE_WRITE_100M_1G	0	/work/hdd/bdau/mbanisharifdehkordi/E2E/3d/results_combined/combined_ckpt3.nc4	/work	lustre
POSIX	56	3531888601709092091	POSIX_SIZE_WRITE_1G_PLUS	0	/work/hdd/bdau/mbanisharifdehkordi/E2E/3d/results_combined/combined_ckpt3.nc4	/work	lustre
POSIX	56	7794184631446446289	POSIX_BYTES_WRITTEN	0	/work/hdd/bdau/mbanisharifdehkordi/E2E/3d/results_combined/.	/work	lustre
POSIX	56	7794184631446446289	POSIX_FILE_NOT_ALIGNED	0	/work/hdd/bdau/mbanisharifdehkordi/E2E/3d/results_combined/.	/work	lustre
POSIX	56	7794184631446446289	POSIX_SIZE_WRITE_0_100	0	/work/hdd/bdau/mbanisharifdehkordi/E2E/3d/results_combined/.	/work	lustre
POSIX	56	7794184631446446289	POSIX_SIZE_WRITE_100_1K	0	/work/hdd/bdau/mbanisharifdehkordi/E2E/3d/results_combined/.	/work	lustre
POSIX	56	7794184631446446289	POSIX_SIZE_WRITE_1K_10K	0	/work/hdd/bdau/mbanisharifdehkordi/E2E/3d/results_combined/.	/work	lustre
POSIX	56	7794184631446446289	POSIX_SIZE_WRITE_10K_100K	0	/work/hdd/bdau/mbanisharifdehkordi/E2E/3d/results_combined/.	/work	lustre
POSIX	56	7794184631446446289	POSIX_SIZE_WRITE_100K_1M	0	/work/hdd/bdau/mbanisharifdehkordi/E2E/3d/results_combined/.	/work	lustre
POSIX	56	7794184631446446289	POSIX_SIZE_WRITE_1M_4M	0	/work/hdd/bdau/mbanisharifdehkordi/E2E/3d/results_combined/.	/work	lustre
POSIX	56	7794184631446446289	POSIX_SIZE_WRITE_4M_10M	0	/work/hdd/bdau/mbanisharifdehkordi/E2E/3d/results_combined/.	/work	lustre
POSIX	56	7794184631446446289	POSIX_SIZE_WRITE_10M_100M	0	/work/hdd/bdau/mbanisharifdehkordi/E2E/3d/results_combined/.	/work	lustre
POSIX	56	7794184631446446289	POSIX_SIZE_WRITE_100M_1G	0	/work/hdd/bdau/mbanisharifdehkordi/E2E/3d/results_combined/.	/work	lustre
POSIX	56	7794184631446446289	POSIX_SIZE_WRITE_1G_PLUS	0	/work/hdd/bdau/mbanisharifdehkordi/E2E/3d/results_combined/.	/work	lustre
POSIX	56	1607752630872201620	POSIX_BYTES_WRITTEN	0	/work/hdd/bdau/mbanisharifdehkordi/E2E/3d/results_combined/combined_ckpt3.nc4-3240427521-1102025.loc	/work	lustre
POSIX	56	1607752630872201620	POSIX_FILE_NOT_ALIGNED	0	/work/hdd/bdau/mbanisharifdehkordi/E2E/3d/results_combined/combined_ckpt3.nc4-3240427521-1102025.loc	/work	lustre
POSIX	56	1607752630872201620	POSIX_SIZE_WRITE_0_100	0	/work/hdd/bdau/mbanisharifdehkordi/E2E/3d/results_combined/combined_ckpt3.nc4-3240427521-1102025.loc	/work	lustre
POSIX	56	1607752630872201620	POSIX_SIZE_WRITE_100_1K	0	/work/hdd/bdau/mbanisharifdehkordi/E2E/3d/results_combined/combined_ckpt3.nc4-3240427521-1102025.loc	/work	lustre
POSIX	56	1607752630872201620	POSIX_SIZE_WRITE_1K_10K	0	/work/hdd/bdau/mbanisharifdehkordi/E2E/3d/results_combined/combined_ckpt3.nc4-3240427521-1102025.loc	/work	lustre
POSIX	56	1607752630872201620	POSIX_SIZE_WRITE_10K_100K	0	/work/hdd/bdau/mbanisharifdehkordi/E2E/3d/results_combined/combined_ckpt3.nc4-3240427521-1102025.loc	/work	lustre
POSIX	56	1607752630872201620	POSIX_SIZE_WRITE_100K_1M	0	/work/hdd/bdau/mbanisharifdehkordi/E2E/3d/results_combined/combined_ckpt3.nc4-3240427521-1102025.loc	/work	lustre
POSIX	56	1607752630872201620	POSIX_SIZE_WRITE_1M_4M	0	/work/hdd/bdau/mbanisharifdehkordi/E2E/3d/results_combined/combined_ckpt3.nc4-3240427521-1102025.loc	/work	lustre
POSIX	56	1607752630872201620	POSIX_SIZE_WRITE_4M_10M	0	/work/hdd/bdau/mbanisharifdehkordi/E2E/3d/results_combined/combined_ckpt3.nc4-3240427521-1102025.loc	/work	lustre
POSIX	56	1607752630872201620	POSIX_SIZE_WRITE_10M_100M	0	/work/hdd/bdau/mbanisharifdehkordi/E2E/3d/results_combined/combined_ckpt3.nc4-3240427521-1102025.loc	/work	lustre
POSIX	56	1607752630872201620	POSIX_SIZE_WRITE_100M_1G	0	/work/hdd/bdau/mbanisharifdehkordi/E2E/3d/results_combined/combined_ckpt3.nc4-3240427521-1102025.loc	/work	lustre
POSIX	56	1607752630872201620	POSIX_SIZE_WRITE_1G_PLUS	0	/work/hdd/bdau/mbanisharifdehkordi/E2E/3d/results_combined/combined_ckpt3.nc4-3240427521-1102025.loc	/work	lustre
POSIX	57	7173316816075638025	POSIX_BYTES_WRITTEN	0	/work/hdd/bdau/mbanisharifdehkordi/E2E/3d/results_combined/combined_ckpt3.nc4.locktest.57	/work	lustre
POSIX	57	7173316816075638025	POSIX_FILE_NOT_ALIGNED	0	/work/hdd/bdau/mbanisharifdehkordi/E2E/3d/results_combined/combined_ckpt3.nc4.locktest.57	/work	lustre
POSIX	57	7173316816075638025	POSIX_SIZE_WRITE_0_100	0	/work/hdd/bdau/mbanisharifdehkordi/E2E/3d/results_combined/combined_ckpt3.nc4.locktest.57	/work	lustre
POSIX	57	7173316816075638025	POSIX_SIZE_WRITE_100_1K	0	/work/hdd/bdau/mbanisharifdehkordi/E2E/3d/results_combined/combined_ckpt3.nc4.locktest.57	/work	lustre
POSIX	57	7173316816075638025	POSIX_SIZE_WRITE_1K_10K	0	/work/hdd/bdau/mbanisharifdehkordi/E2E/3d/results_combined/combined_ckpt3.nc4.locktest.57	/work	lustre
POSIX	57	7173316816075638025	POSIX_SIZE_WRITE_10K_100K	0	/work/hdd/bdau/mbanisharifdehkordi/E2E/3d/results_combined/combined_ckpt3.nc4.locktest.57	/work	lustre
POSIX	57	7173316816075638025	POSIX_SIZE_WRITE_100K_1M	0	/work/hdd/bdau/mbanisharifdehkordi/E2E/3d/results_combined/combined_ckpt3.nc4.locktest.57	/work	lustre
POSIX	57	7173316816075638025	POSIX_SIZE_WRITE_1M_4M	0	/work/hdd/bdau/mbanisharifdehkordi/E2E/3d/results_combined/combined_ckpt3.nc4.locktest.57	/work	lustre
POSIX	57	7173316816075638025	POSIX_SIZE_WRITE_4M_10M	0	/work/hdd/bdau/mbanisharifdehkordi/E2E/3d/results_combined/combined_ckpt3.nc4.locktest.57	/work	lustre
POSIX	57	7173316816075638025	POSIX_SIZE_WRITE_10M_100M	0	/work/hdd/bdau/mbanisharifdehkordi/E2E/3d/results_combined/combined_ckpt3.nc4.locktest.57	/work	lustre
POSIX	57	7173316816075638025	POSIX_SIZE_WRITE_100M_1G	0	/work/hdd/bdau/mbanisharifdehkordi/E2E/3d/results_combined/combined_ckpt3.nc4.locktest.57	/work	lustre
POSIX	57	7173316816075638025	POSIX_SIZE_WRITE_1G_PLUS	0	/work/hdd/bdau/mbanisharifdehkordi/E2E/3d/results_combined/combined_ckpt3.nc4.locktest.57	/work	lustre
POSIX	57	3531888601709092091	POSIX_BYTES_WRITTEN	0	/work/hdd/bdau/mbanisharifdehkordi/E2E/3d/results_combined/combined_ckpt3.nc4	/work	lustre
POSIX	57	3531888601709092091	POSIX_FILE_NOT_ALIGNED	0	/work/hdd/bdau/mbanisharifdehkordi/E2E/3d/results_combined/combined_ckpt3.nc4	/work	lustre
POSIX	57	3531888601709092091	POSIX_SIZE_WRITE_0_100	0	/work/hdd/bdau/mbanisharifdehkordi/E2E/3d/results_combined/combined_ckpt3.nc4	/work	lustre
POSIX	57	3531888601709092091	POSIX_SIZE_WRITE_100_1K	0	/work/hdd/bdau/mbanisharifdehkordi/E2E/3d/results_combined/combined_ckpt3.nc4	/work	lustre
POSIX	57	3531888601709092091	POSIX_SIZE_WRITE_1K_10K	0	/work/hdd/bdau/mbanisharifdehkordi/E2E/3d/results_combined/combined_ckpt3.nc4	/work	lustre
POSIX	57	3531888601709092091	POSIX_SIZE_WRITE_10K_100K	0	/work/hdd/bdau/mbanisharifdehkordi/E2E/3d/results_combined/combined_ckpt3.nc4	/work	lustre
POSIX	57	3531888601709092091	POSIX_SIZE_WRITE_100K_1M	0	/work/hdd/bdau/mbanisharifdehkordi/E2E/3d/results_combined/combined_ckpt3.nc4	/work	lustre
POSIX	57	3531888601709092091	POSIX_SIZE_WRITE_1M_4M	0	/work/hdd/bdau/mbanisharifdehkordi/E2E/3d/results_combined/combined_ckpt3.nc4	/work	lustre
POSIX	57	3531888601709092091	POSIX_SIZE_WRITE_4M_10M	0	/work/hdd/bdau/mbanisharifdehkordi/E2E/3d/results_combined/combined_ckpt3.nc4	/work	lustre
POSIX	57	3531888601709092091	POSIX_SIZE_WRITE_10M_100M	0	/work/hdd/bdau/mbanisharifdehkordi/E2E/3d/results_combined/combined_ckpt3.nc4	/work	lustre
POSIX	57	3531888601709092091	POSIX_SIZE_WRITE_100M_1G	0	/work/hdd/bdau/mbanisharifdehkordi/E2E/3d/results_combined/combined_ckpt3.nc4	/work	lustre
POSIX	57	3531888601709092091	POSIX_SIZE_WRITE_1G_PLUS	0	/work/hdd/bdau/mbanisharifdehkordi/E2E/3d/results_combined/combined_ckpt3.nc4	/work	lustre
POSIX	57	7794184631446446289	POSIX_BYTES_WRITTEN	0	/work/hdd/bdau/mbanisharifdehkordi/E2E/3d/results_combined/.	/work	lustre
POSIX	57	7794184631446446289	POSIX_FILE_NOT_ALIGNED	0	/work/hdd/bdau/mbanisharifdehkordi/E2E/3d/results_combined/.	/work	lustre
POSIX	57	7794184631446446289	POSIX_SIZE_WRITE_0_100	0	/work/hdd/bdau/mbanisharifdehkordi/E2E/3d/results_combined/.	/work	lustre
POSIX	57	7794184631446446289	POSIX_SIZE_WRITE_100_1K	0	/work/hdd/bdau/mbanisharifdehkordi/E2E/3d/results_combined/.	/work	lustre
POSIX	57	7794184631446446289	POSIX_SIZE_WRITE_1K_10K	0	/work/hdd/bdau/mbanisharifdehkordi/E2E/3d/results_combined/.	/work	lustre
POSIX	57	7794184631446446289	POSIX_SIZE_WRITE_10K_100K	0	/work/hdd/bdau/mbanisharifdehkordi/E2E/3d/results_combined/.	/work	lustre
POSIX	57	7794184631446446289	POSIX_SIZE_WRITE_100K_1M	0	/work/hdd/bdau/mbanisharifdehkordi/E2E/3d/results_combined/.	/work	lustre
POSIX	57	7794184631446446289	POSIX_SIZE_WRITE_1M_4M	0	/work/hdd/bdau/mbanisharifdehkordi/E2E/3d/results_combined/.	/work	lustre
POSIX	57	7794184631446446289	POSIX_SIZE_WRITE_4M_10M	0	/work/hdd/bdau/mbanisharifdehkordi/E2E/3d/results_combined/.	/work	lustre
POSIX	57	7794184631446446289	POSIX_SIZE_WRITE_10M_100M	0	/work/hdd/bdau/mbanisharifdehkordi/E2E/3d/results_combined/.	/work	lustre
POSIX	57	7794184631446446289	POSIX_SIZE_WRITE_100M_1G	0	/work/hdd/bdau/mbanisharifdehkordi/E2E/3d/results_combined/.	/work	lustre
POSIX	57	7794184631446446289	POSIX_SIZE_WRITE_1G_PLUS	0	/work/hdd/bdau/mbanisharifdehkordi/E2E/3d/results_combined/.	/work	lustre
POSIX	57	1607752630872201620	POSIX_BYTES_WRITTEN	0	/work/hdd/bdau/mbanisharifdehkordi/E2E/3d/results_combined/combined_ckpt3.nc4-3240427521-1102025.loc	/work	lustre
POSIX	57	1607752630872201620	POSIX_FILE_NOT_ALIGNED	0	/work/hdd/bdau/mbanisharifdehkordi/E2E/3d/results_combined/combined_ckpt3.nc4-3240427521-1102025.loc	/work	lustre
POSIX	57	1607752630872201620	POSIX_SIZE_WRITE_0_100	0	/work/hdd/bdau/mbanisharifdehkordi/E2E/3d/results_combined/combined_ckpt3.nc4-3240427521-1102025.loc	/work	lustre
POSIX	57	1607752630872201620	POSIX_SIZE_WRITE_100_1K	0	/work/hdd/bdau/mbanisharifdehkordi/E2E/3d/results_combined/combined_ckpt3.nc4-3240427521-1102025.loc	/work	lustre
POSIX	57	1607752630872201620	POSIX_SIZE_WRITE_1K_10K	0	/work/hdd/bdau/mbanisharifdehkordi/E2E/3d/results_combined/combined_ckpt3.nc4-3240427521-1102025.loc	/work	lustre
POSIX	57	1607752630872201620	POSIX_SIZE_WRITE_10K_100K	0	/work/hdd/bdau/mbanisharifdehkordi/E2E/3d/results_combined/combined_ckpt3.nc4-3240427521-1102025.loc	/work	lustre
POSIX	57	1607752630872201620	POSIX_SIZE_WRITE_100K_1M	0	/work/hdd/bdau/mbanisharifdehkordi/E2E/3d/results_combined/combined_ckpt3.nc4-3240427521-1102025.loc	/work	lustre
POSIX	57	1607752630872201620	POSIX_SIZE_WRITE_1M_4M	0	/work/hdd/bdau/mbanisharifdehkordi/E2E/3d/results_combined/combined_ckpt3.nc4-3240427521-1102025.loc	/work	lustre
POSIX	57	1607752630872201620	POSIX_SIZE_WRITE_4M_10M	0	/work/hdd/bdau/mbanisharifdehkordi/E2E/3d/results_combined/combined_ckpt3.nc4-3240427521-1102025.loc	/work	lustre
POSIX	57	1607752630872201620	POSIX_SIZE_WRITE_10M_100M	0	/work/hdd/bdau/mbanisharifdehkordi/E2E/3d/results_combined/combined_ckpt3.nc4-3240427521-1102025.loc	/work	lustre
POSIX	57	1607752630872201620	POSIX_SIZE_WRITE_100M_1G	0	/work/hdd/bdau/mbanisharifdehkordi/E2E/3d/results_combined/combined_ckpt3.nc4-3240427521-1102025.loc	/work	lustre
POSIX	57	1607752630872201620	POSIX_SIZE_WRITE_1G_PLUS	0	/work/hdd/bdau/mbanisharifdehkordi/E2E/3d/results_combined/combined_ckpt3.nc4-3240427521-1102025.loc	/work	lustre
POSIX	58	11069117818357155459	POSIX_BYTES_WRITTEN	0	/work/hdd/bdau/mbanisharifdehkordi/E2E/3d/results_combined/combined_ckpt3.nc4.locktest.58	/work	lustre
POSIX	58	11069117818357155459	POSIX_FILE_NOT_ALIGNED	0	/work/hdd/bdau/mbanisharifdehkordi/E2E/3d/results_combined/combined_ckpt3.nc4.locktest.58	/work	lustre
POSIX	58	11069117818357155459	POSIX_SIZE_WRITE_0_100	0	/work/hdd/bdau/mbanisharifdehkordi/E2E/3d/results_combined/combined_ckpt3.nc4.locktest.58	/work	lustre
POSIX	58	11069117818357155459	POSIX_SIZE_WRITE_100_1K	0	/work/hdd/bdau/mbanisharifdehkordi/E2E/3d/results_combined/combined_ckpt3.nc4.locktest.58	/work	lustre
POSIX	58	11069117818357155459	POSIX_SIZE_WRITE_1K_10K	0	/work/hdd/bdau/mbanisharifdehkordi/E2E/3d/results_combined/combined_ckpt3.nc4.locktest.58	/work	lustre
POSIX	58	11069117818357155459	POSIX_SIZE_WRITE_10K_100K	0	/work/hdd/bdau/mbanisharifdehkordi/E2E/3d/results_combined/combined_ckpt3.nc4.locktest.58	/work	lustre
POSIX	58	11069117818357155459	POSIX_SIZE_WRITE_100K_1M	0	/work/hdd/bdau/mbanisharifdehkordi/E2E/3d/results_combined/combined_ckpt3.nc4.locktest.58	/work	lustre
POSIX	58	11069117818357155459	POSIX_SIZE_WRITE_1M_4M	0	/work/hdd/bdau/mbanisharifdehkordi/E2E/3d/results_combined/combined_ckpt3.nc4.locktest.58	/work	lustre
POSIX	58	11069117818357155459	POSIX_SIZE_WRITE_4M_10M	0	/work/hdd/bdau/mbanisharifdehkordi/E2E/3d/results_combined/combined_ckpt3.nc4.locktest.58	/work	lustre
POSIX	58	11069117818357155459	POSIX_SIZE_WRITE_10M_100M	0	/work/hdd/bdau/mbanisharifdehkordi/E2E/3d/results_combined/combined_ckpt3.nc4.locktest.58	/work	lustre
POSIX	58	11069117818357155459	POSIX_SIZE_WRITE_100M_1G	0	/work/hdd/bdau/mbanisharifdehkordi/E2E/3d/results_combined/combined_ckpt3.nc4.locktest.58	/work	lustre
POSIX	58	11069117818357155459	POSIX_SIZE_WRITE_1G_PLUS	0	/work/hdd/bdau/mbanisharifdehkordi/E2E/3d/results_combined/combined_ckpt3.nc4.locktest.58	/work	lustre
POSIX	58	3531888601709092091	POSIX_BYTES_WRITTEN	0	/work/hdd/bdau/mbanisharifdehkordi/E2E/3d/results_combined/combined_ckpt3.nc4	/work	lustre
POSIX	58	3531888601709092091	POSIX_FILE_NOT_ALIGNED	0	/work/hdd/bdau/mbanisharifdehkordi/E2E/3d/results_combined/combined_ckpt3.nc4	/work	lustre
POSIX	58	3531888601709092091	POSIX_SIZE_WRITE_0_100	0	/work/hdd/bdau/mbanisharifdehkordi/E2E/3d/results_combined/combined_ckpt3.nc4	/work	lustre
POSIX	58	3531888601709092091	POSIX_SIZE_WRITE_100_1K	0	/work/hdd/bdau/mbanisharifdehkordi/E2E/3d/results_combined/combined_ckpt3.nc4	/work	lustre
POSIX	58	3531888601709092091	POSIX_SIZE_WRITE_1K_10K	0	/work/hdd/bdau/mbanisharifdehkordi/E2E/3d/results_combined/combined_ckpt3.nc4	/work	lustre
POSIX	58	3531888601709092091	POSIX_SIZE_WRITE_10K_100K	0	/work/hdd/bdau/mbanisharifdehkordi/E2E/3d/results_combined/combined_ckpt3.nc4	/work	lustre
POSIX	58	3531888601709092091	POSIX_SIZE_WRITE_100K_1M	0	/work/hdd/bdau/mbanisharifdehkordi/E2E/3d/results_combined/combined_ckpt3.nc4	/work	lustre
POSIX	58	3531888601709092091	POSIX_SIZE_WRITE_1M_4M	0	/work/hdd/bdau/mbanisharifdehkordi/E2E/3d/results_combined/combined_ckpt3.nc4	/work	lustre
POSIX	58	3531888601709092091	POSIX_SIZE_WRITE_4M_10M	0	/work/hdd/bdau/mbanisharifdehkordi/E2E/3d/results_combined/combined_ckpt3.nc4	/work	lustre
POSIX	58	3531888601709092091	POSIX_SIZE_WRITE_10M_100M	0	/work/hdd/bdau/mbanisharifdehkordi/E2E/3d/results_combined/combined_ckpt3.nc4	/work	lustre
POSIX	58	3531888601709092091	POSIX_SIZE_WRITE_100M_1G	0	/work/hdd/bdau/mbanisharifdehkordi/E2E/3d/results_combined/combined_ckpt3.nc4	/work	lustre
POSIX	58	3531888601709092091	POSIX_SIZE_WRITE_1G_PLUS	0	/work/hdd/bdau/mbanisharifdehkordi/E2E/3d/results_combined/combined_ckpt3.nc4	/work	lustre
POSIX	58	7794184631446446289	POSIX_BYTES_WRITTEN	0	/work/hdd/bdau/mbanisharifdehkordi/E2E/3d/results_combined/.	/work	lustre
POSIX	58	7794184631446446289	POSIX_FILE_NOT_ALIGNED	0	/work/hdd/bdau/mbanisharifdehkordi/E2E/3d/results_combined/.	/work	lustre
POSIX	58	7794184631446446289	POSIX_SIZE_WRITE_0_100	0	/work/hdd/bdau/mbanisharifdehkordi/E2E/3d/results_combined/.	/work	lustre
POSIX	58	7794184631446446289	POSIX_SIZE_WRITE_100_1K	0	/work/hdd/bdau/mbanisharifdehkordi/E2E/3d/results_combined/.	/work	lustre
POSIX	58	7794184631446446289	POSIX_SIZE_WRITE_1K_10K	0	/work/hdd/bdau/mbanisharifdehkordi/E2E/3d/results_combined/.	/work	lustre
POSIX	58	7794184631446446289	POSIX_SIZE_WRITE_10K_100K	0	/work/hdd/bdau/mbanisharifdehkordi/E2E/3d/results_combined/.	/work	lustre
POSIX	58	7794184631446446289	POSIX_SIZE_WRITE_100K_1M	0	/work/hdd/bdau/mbanisharifdehkordi/E2E/3d/results_combined/.	/work	lustre
POSIX	58	7794184631446446289	POSIX_SIZE_WRITE_1M_4M	0	/work/hdd/bdau/mbanisharifdehkordi/E2E/3d/results_combined/.	/work	lustre
POSIX	58	7794184631446446289	POSIX_SIZE_WRITE_4M_10M	0	/work/hdd/bdau/mbanisharifdehkordi/E2E/3d/results_combined/.	/work	lustre
POSIX	58	7794184631446446289	POSIX_SIZE_WRITE_10M_100M	0	/work/hdd/bdau/mbanisharifdehkordi/E2E/3d/results_combined/.	/work	lustre
POSIX	58	7794184631446446289	POSIX_SIZE_WRITE_100M_1G	0	/work/hdd/bdau/mbanisharifdehkordi/E2E/3d/results_combined/.	/work	lustre
POSIX	58	7794184631446446289	POSIX_SIZE_WRITE_1G_PLUS	0	/work/hdd/bdau/mbanisharifdehkordi/E2E/3d/results_combined/.	/work	lustre
POSIX	58	1607752630872201620	POSIX_BYTES_WRITTEN	0	/work/hdd/bdau/mbanisharifdehkordi/E2E/3d/results_combined/combined_ckpt3.nc4-3240427521-1102025.loc	/work	lustre
POSIX	58	1607752630872201620	POSIX_FILE_NOT_ALIGNED	0	/work/hdd/bdau/mbanisharifdehkordi/E2E/3d/results_combined/combined_ckpt3.nc4-3240427521-1102025.loc	/work	lustre
POSIX	58	1607752630872201620	POSIX_SIZE_WRITE_0_100	0	/work/hdd/bdau/mbanisharifdehkordi/E2E/3d/results_combined/combined_ckpt3.nc4-3240427521-1102025.loc	/work	lustre
POSIX	58	1607752630872201620	POSIX_SIZE_WRITE_100_1K	0	/work/hdd/bdau/mbanisharifdehkordi/E2E/3d/results_combined/combined_ckpt3.nc4-3240427521-1102025.loc	/work	lustre
POSIX	58	1607752630872201620	POSIX_SIZE_WRITE_1K_10K	0	/work/hdd/bdau/mbanisharifdehkordi/E2E/3d/results_combined/combined_ckpt3.nc4-3240427521-1102025.loc	/work	lustre
POSIX	58	1607752630872201620	POSIX_SIZE_WRITE_10K_100K	0	/work/hdd/bdau/mbanisharifdehkordi/E2E/3d/results_combined/combined_ckpt3.nc4-3240427521-1102025.loc	/work	lustre
POSIX	58	1607752630872201620	POSIX_SIZE_WRITE_100K_1M	0	/work/hdd/bdau/mbanisharifdehkordi/E2E/3d/results_combined/combined_ckpt3.nc4-3240427521-1102025.loc	/work	lustre
POSIX	58	1607752630872201620	POSIX_SIZE_WRITE_1M_4M	0	/work/hdd/bdau/mbanisharifdehkordi/E2E/3d/results_combined/combined_ckpt3.nc4-3240427521-1102025.loc	/work	lustre
POSIX	58	1607752630872201620	POSIX_SIZE_WRITE_4M_10M	0	/work/hdd/bdau/mbanisharifdehkordi/E2E/3d/results_combined/combined_ckpt3.nc4-3240427521-1102025.loc	/work	lustre
POSIX	58	1607752630872201620	POSIX_SIZE_WRITE_10M_100M	0	/work/hdd/bdau/mbanisharifdehkordi/E2E/3d/results_combined/combined_ckpt3.nc4-3240427521-1102025.loc	/work	lustre
POSIX	58	1607752630872201620	POSIX_SIZE_WRITE_100M_1G	0	/work/hdd/bdau/mbanisharifdehkordi/E2E/3d/results_combined/combined_ckpt3.nc4-3240427521-1102025.loc	/work	lustre
POSIX	58	1607752630872201620	POSIX_SIZE_WRITE_1G_PLUS	0	/work/hdd/bdau/mbanisharifdehkordi/E2E/3d/results_combined/combined_ckpt3.nc4-3240427521-1102025.loc	/work	lustre
POSIX	59	2785516655114050891	POSIX_BYTES_WRITTEN	0	/work/hdd/bdau/mbanisharifdehkordi/E2E/3d/results_combined/combined_ckpt3.nc4.locktest.59	/work	lustre
POSIX	59	2785516655114050891	POSIX_FILE_NOT_ALIGNED	0	/work/hdd/bdau/mbanisharifdehkordi/E2E/3d/results_combined/combined_ckpt3.nc4.locktest.59	/work	lustre
POSIX	59	2785516655114050891	POSIX_SIZE_WRITE_0_100	0	/work/hdd/bdau/mbanisharifdehkordi/E2E/3d/results_combined/combined_ckpt3.nc4.locktest.59	/work	lustre
POSIX	59	2785516655114050891	POSIX_SIZE_WRITE_100_1K	0	/work/hdd/bdau/mbanisharifdehkordi/E2E/3d/results_combined/combined_ckpt3.nc4.locktest.59	/work	lustre
POSIX	59	2785516655114050891	POSIX_SIZE_WRITE_1K_10K	0	/work/hdd/bdau/mbanisharifdehkordi/E2E/3d/results_combined/combined_ckpt3.nc4.locktest.59	/work	lustre
POSIX	59	2785516655114050891	POSIX_SIZE_WRITE_10K_100K	0	/work/hdd/bdau/mbanisharifdehkordi/E2E/3d/results_combined/combined_ckpt3.nc4.locktest.59	/work	lustre
POSIX	59	2785516655114050891	POSIX_SIZE_WRITE_100K_1M	0	/work/hdd/bdau/mbanisharifdehkordi/E2E/3d/results_combined/combined_ckpt3.nc4.locktest.59	/work	lustre
POSIX	59	2785516655114050891	POSIX_SIZE_WRITE_1M_4M	0	/work/hdd/bdau/mbanisharifdehkordi/E2E/3d/results_combined/combined_ckpt3.nc4.locktest.59	/work	lustre
POSIX	59	2785516655114050891	POSIX_SIZE_WRITE_4M_10M	0	/work/hdd/bdau/mbanisharifdehkordi/E2E/3d/results_combined/combined_ckpt3.nc4.locktest.59	/work	lustre
POSIX	59	2785516655114050891	POSIX_SIZE_WRITE_10M_100M	0	/work/hdd/bdau/mbanisharifdehkordi/E2E/3d/results_combined/combined_ckpt3.nc4.locktest.59	/work	lustre
POSIX	59	2785516655114050891	POSIX_SIZE_WRITE_100M_1G	0	/work/hdd/bdau/mbanisharifdehkordi/E2E/3d/results_combined/combined_ckpt3.nc4.locktest.59	/work	lustre
POSIX	59	2785516655114050891	POSIX_SIZE_WRITE_1G_PLUS	0	/work/hdd/bdau/mbanisharifdehkordi/E2E/3d/results_combined/combined_ckpt3.nc4.locktest.59	/work	lustre
POSIX	59	3531888601709092091	POSIX_BYTES_WRITTEN	0	/work/hdd/bdau/mbanisharifdehkordi/E2E/3d/results_combined/combined_ckpt3.nc4	/work	lustre
POSIX	59	3531888601709092091	POSIX_FILE_NOT_ALIGNED	0	/work/hdd/bdau/mbanisharifdehkordi/E2E/3d/results_combined/combined_ckpt3.nc4	/work	lustre
POSIX	59	3531888601709092091	POSIX_SIZE_WRITE_0_100	0	/work/hdd/bdau/mbanisharifdehkordi/E2E/3d/results_combined/combined_ckpt3.nc4	/work	lustre
POSIX	59	3531888601709092091	POSIX_SIZE_WRITE_100_1K	0	/work/hdd/bdau/mbanisharifdehkordi/E2E/3d/results_combined/combined_ckpt3.nc4	/work	lustre
POSIX	59	3531888601709092091	POSIX_SIZE_WRITE_1K_10K	0	/work/hdd/bdau/mbanisharifdehkordi/E2E/3d/results_combined/combined_ckpt3.nc4	/work	lustre
POSIX	59	3531888601709092091	POSIX_SIZE_WRITE_10K_100K	0	/work/hdd/bdau/mbanisharifdehkordi/E2E/3d/results_combined/combined_ckpt3.nc4	/work	lustre
POSIX	59	3531888601709092091	POSIX_SIZE_WRITE_100K_1M	0	/work/hdd/bdau/mbanisharifdehkordi/E2E/3d/results_combined/combined_ckpt3.nc4	/work	lustre
POSIX	59	3531888601709092091	POSIX_SIZE_WRITE_1M_4M	0	/work/hdd/bdau/mbanisharifdehkordi/E2E/3d/results_combined/combined_ckpt3.nc4	/work	lustre
POSIX	59	3531888601709092091	POSIX_SIZE_WRITE_4M_10M	0	/work/hdd/bdau/mbanisharifdehkordi/E2E/3d/results_combined/combined_ckpt3.nc4	/work	lustre
POSIX	59	3531888601709092091	POSIX_SIZE_WRITE_10M_100M	0	/work/hdd/bdau/mbanisharifdehkordi/E2E/3d/results_combined/combined_ckpt3.nc4	/work	lustre
POSIX	59	3531888601709092091	POSIX_SIZE_WRITE_100M_1G	0	/work/hdd/bdau/mbanisharifdehkordi/E2E/3d/results_combined/combined_ckpt3.nc4	/work	lustre
POSIX	59	3531888601709092091	POSIX_SIZE_WRITE_1G_PLUS	0	/work/hdd/bdau/mbanisharifdehkordi/E2E/3d/results_combined/combined_ckpt3.nc4	/work	lustre
POSIX	59	7794184631446446289	POSIX_BYTES_WRITTEN	0	/work/hdd/bdau/mbanisharifdehkordi/E2E/3d/results_combined/.	/work	lustre
POSIX	59	7794184631446446289	POSIX_FILE_NOT_ALIGNED	0	/work/hdd/bdau/mbanisharifdehkordi/E2E/3d/results_combined/.	/work	lustre
POSIX	59	7794184631446446289	POSIX_SIZE_WRITE_0_100	0	/work/hdd/bdau/mbanisharifdehkordi/E2E/3d/results_combined/.	/work	lustre
POSIX	59	7794184631446446289	POSIX_SIZE_WRITE_100_1K	0	/work/hdd/bdau/mbanisharifdehkordi/E2E/3d/results_combined/.	/work	lustre
POSIX	59	7794184631446446289	POSIX_SIZE_WRITE_1K_10K	0	/work/hdd/bdau/mbanisharifdehkordi/E2E/3d/results_combined/.	/work	lustre
POSIX	59	7794184631446446289	POSIX_SIZE_WRITE_10K_100K	0	/work/hdd/bdau/mbanisharifdehkordi/E2E/3d/results_combined/.	/work	lustre
POSIX	59	7794184631446446289	POSIX_SIZE_WRITE_100K_1M	0	/work/hdd/bdau/mbanisharifdehkordi/E2E/3d/results_combined/.	/work	lustre
POSIX	59	7794184631446446289	POSIX_SIZE_WRITE_1M_4M	0	/work/hdd/bdau/mbanisharifdehkordi/E2E/3d/results_combined/.	/work	lustre
POSIX	59	7794184631446446289	POSIX_SIZE_WRITE_4M_10M	0	/work/hdd/bdau/mbanisharifdehkordi/E2E/3d/results_combined/.	/work	lustre
POSIX	59	7794184631446446289	POSIX_SIZE_WRITE_10M_100M	0	/work/hdd/bdau/mbanisharifdehkordi/E2E/3d/results_combined/.	/work	lustre
POSIX	59	7794184631446446289	POSIX_SIZE_WRITE_100M_1G	0	/work/hdd/bdau/mbanisharifdehkordi/E2E/3d/results_combined/.	/work	lustre
POSIX	59	7794184631446446289	POSIX_SIZE_WRITE_1G_PLUS	0	/work/hdd/bdau/mbanisharifdehkordi/E2E/3d/results_combined/.	/work	lustre
POSIX	59	1607752630872201620	POSIX_BYTES_WRITTEN	0	/work/hdd/bdau/mbanisharifdehkordi/E2E/3d/results_combined/combined_ckpt3.nc4-3240427521-1102025.loc	/work	lustre
POSIX	59	1607752630872201620	POSIX_FILE_NOT_ALIGNED	0	/work/hdd/bdau/mbanisharifdehkordi/E2E/3d/results_combined/combined_ckpt3.nc4-3240427521-1102025.loc	/work	lustre
POSIX	59	1607752630872201620	POSIX_SIZE_WRITE_0_100	0	/work/hdd/bdau/mbanisharifdehkordi/E2E/3d/results_combined/combined_ckpt3.nc4-3240427521-1102025.loc	/work	lustre
POSIX	59	1607752630872201620	POSIX_SIZE_WRITE_100_1K	0	/work/hdd/bdau/mbanisharifdehkordi/E2E/3d/results_combined/combined_ckpt3.nc4-3240427521-1102025.loc	/work	lustre
POSIX	59	1607752630872201620	POSIX_SIZE_WRITE_1K_10K	0	/work/hdd/bdau/mbanisharifdehkordi/E2E/3d/results_combined/combined_ckpt3.nc4-3240427521-1102025.loc	/work	lustre
POSIX	59	1607752630872201620	POSIX_SIZE_WRITE_10K_100K	0	/work/hdd/bdau/mbanisharifdehkordi/E2E/3d/results_combined/combined_ckpt3.nc4-3240427521-1102025.loc	/work	lustre
POSIX	59	1607752630872201620	POSIX_SIZE_WRITE_100K_1M	0	/work/hdd/bdau/mbanisharifdehkordi/E2E/3d/results_combined/combined_ckpt3.nc4-3240427521-1102025.loc	/work	lustre
POSIX	59	1607752630872201620	POSIX_SIZE_WRITE_1M_4M	0	/work/hdd/bdau/mbanisharifdehkordi/E2E/3d/results_combined/combined_ckpt3.nc4-3240427521-1102025.loc	/work	lustre
POSIX	59	1607752630872201620	POSIX_SIZE_WRITE_4M_10M	0	/work/hdd/bdau/mbanisharifdehkordi/E2E/3d/results_combined/combined_ckpt3.nc4-3240427521-1102025.loc	/work	lustre
POSIX	59	1607752630872201620	POSIX_SIZE_WRITE_10M_100M	0	/work/hdd/bdau/mbanisharifdehkordi/E2E/3d/results_combined/combined_ckpt3.nc4-3240427521-1102025.loc	/work	lustre
POSIX	59	1607752630872201620	POSIX_SIZE_WRITE_100M_1G	0	/work/hdd/bdau/mbanisharifdehkordi/E2E/3d/results_combined/combined_ckpt3.nc4-3240427521-1102025.loc	/work	lustre
POSIX	59	1607752630872201620	POSIX_SIZE_WRITE_1G_PLUS	0	/work/hdd/bdau/mbanisharifdehkordi/E2E/3d/results_combined/combined_ckpt3.nc4-3240427521-1102025.loc	/work	lustre
POSIX	60	8457966023189429688	POSIX_BYTES_WRITTEN	0	/work/hdd/bdau/mbanisharifdehkordi/E2E/3d/results_combined/combined_ckpt3.nc4.locktest.60	/work	lustre
POSIX	60	8457966023189429688	POSIX_FILE_NOT_ALIGNED	0	/work/hdd/bdau/mbanisharifdehkordi/E2E/3d/results_combined/combined_ckpt3.nc4.locktest.60	/work	lustre
POSIX	60	8457966023189429688	POSIX_SIZE_WRITE_0_100	0	/work/hdd/bdau/mbanisharifdehkordi/E2E/3d/results_combined/combined_ckpt3.nc4.locktest.60	/work	lustre
POSIX	60	8457966023189429688	POSIX_SIZE_WRITE_100_1K	0	/work/hdd/bdau/mbanisharifdehkordi/E2E/3d/results_combined/combined_ckpt3.nc4.locktest.60	/work	lustre
POSIX	60	8457966023189429688	POSIX_SIZE_WRITE_1K_10K	0	/work/hdd/bdau/mbanisharifdehkordi/E2E/3d/results_combined/combined_ckpt3.nc4.locktest.60	/work	lustre
POSIX	60	8457966023189429688	POSIX_SIZE_WRITE_10K_100K	0	/work/hdd/bdau/mbanisharifdehkordi/E2E/3d/results_combined/combined_ckpt3.nc4.locktest.60	/work	lustre
POSIX	60	8457966023189429688	POSIX_SIZE_WRITE_100K_1M	0	/work/hdd/bdau/mbanisharifdehkordi/E2E/3d/results_combined/combined_ckpt3.nc4.locktest.60	/work	lustre
POSIX	60	8457966023189429688	POSIX_SIZE_WRITE_1M_4M	0	/work/hdd/bdau/mbanisharifdehkordi/E2E/3d/results_combined/combined_ckpt3.nc4.locktest.60	/work	lustre
POSIX	60	8457966023189429688	POSIX_SIZE_WRITE_4M_10M	0	/work/hdd/bdau/mbanisharifdehkordi/E2E/3d/results_combined/combined_ckpt3.nc4.locktest.60	/work	lustre
POSIX	60	8457966023189429688	POSIX_SIZE_WRITE_10M_100M	0	/work/hdd/bdau/mbanisharifdehkordi/E2E/3d/results_combined/combined_ckpt3.nc4.locktest.60	/work	lustre
POSIX	60	8457966023189429688	POSIX_SIZE_WRITE_100M_1G	0	/work/hdd/bdau/mbanisharifdehkordi/E2E/3d/results_combined/combined_ckpt3.nc4.locktest.60	/work	lustre
POSIX	60	8457966023189429688	POSIX_SIZE_WRITE_1G_PLUS	0	/work/hdd/bdau/mbanisharifdehkordi/E2E/3d/results_combined/combined_ckpt3.nc4.locktest.60	/work	lustre
POSIX	60	3531888601709092091	POSIX_BYTES_WRITTEN	0	/work/hdd/bdau/mbanisharifdehkordi/E2E/3d/results_combined/combined_ckpt3.nc4	/work	lustre
POSIX	60	3531888601709092091	POSIX_FILE_NOT_ALIGNED	0	/work/hdd/bdau/mbanisharifdehkordi/E2E/3d/results_combined/combined_ckpt3.nc4	/work	lustre
POSIX	60	3531888601709092091	POSIX_SIZE_WRITE_0_100	0	/work/hdd/bdau/mbanisharifdehkordi/E2E/3d/results_combined/combined_ckpt3.nc4	/work	lustre
POSIX	60	3531888601709092091	POSIX_SIZE_WRITE_100_1K	0	/work/hdd/bdau/mbanisharifdehkordi/E2E/3d/results_combined/combined_ckpt3.nc4	/work	lustre
POSIX	60	3531888601709092091	POSIX_SIZE_WRITE_1K_10K	0	/work/hdd/bdau/mbanisharifdehkordi/E2E/3d/results_combined/combined_ckpt3.nc4	/work	lustre
POSIX	60	3531888601709092091	POSIX_SIZE_WRITE_10K_100K	0	/work/hdd/bdau/mbanisharifdehkordi/E2E/3d/results_combined/combined_ckpt3.nc4	/work	lustre
POSIX	60	3531888601709092091	POSIX_SIZE_WRITE_100K_1M	0	/work/hdd/bdau/mbanisharifdehkordi/E2E/3d/results_combined/combined_ckpt3.nc4	/work	lustre
POSIX	60	3531888601709092091	POSIX_SIZE_WRITE_1M_4M	0	/work/hdd/bdau/mbanisharifdehkordi/E2E/3d/results_combined/combined_ckpt3.nc4	/work	lustre
POSIX	60	3531888601709092091	POSIX_SIZE_WRITE_4M_10M	0	/work/hdd/bdau/mbanisharifdehkordi/E2E/3d/results_combined/combined_ckpt3.nc4	/work	lustre
POSIX	60	3531888601709092091	POSIX_SIZE_WRITE_10M_100M	0	/work/hdd/bdau/mbanisharifdehkordi/E2E/3d/results_combined/combined_ckpt3.nc4	/work	lustre
POSIX	60	3531888601709092091	POSIX_SIZE_WRITE_100M_1G	0	/work/hdd/bdau/mbanisharifdehkordi/E2E/3d/results_combined/combined_ckpt3.nc4	/work	lustre
POSIX	60	3531888601709092091	POSIX_SIZE_WRITE_1G_PLUS	0	/work/hdd/bdau/mbanisharifdehkordi/E2E/3d/results_combined/combined_ckpt3.nc4	/work	lustre
POSIX	60	7794184631446446289	POSIX_BYTES_WRITTEN	0	/work/hdd/bdau/mbanisharifdehkordi/E2E/3d/results_combined/.	/work	lustre
POSIX	60	7794184631446446289	POSIX_FILE_NOT_ALIGNED	0	/work/hdd/bdau/mbanisharifdehkordi/E2E/3d/results_combined/.	/work	lustre
POSIX	60	7794184631446446289	POSIX_SIZE_WRITE_0_100	0	/work/hdd/bdau/mbanisharifdehkordi/E2E/3d/results_combined/.	/work	lustre
POSIX	60	7794184631446446289	POSIX_SIZE_WRITE_100_1K	0	/work/hdd/bdau/mbanisharifdehkordi/E2E/3d/results_combined/.	/work	lustre
POSIX	60	7794184631446446289	POSIX_SIZE_WRITE_1K_10K	0	/work/hdd/bdau/mbanisharifdehkordi/E2E/3d/results_combined/.	/work	lustre
POSIX	60	7794184631446446289	POSIX_SIZE_WRITE_10K_100K	0	/work/hdd/bdau/mbanisharifdehkordi/E2E/3d/results_combined/.	/work	lustre
POSIX	60	7794184631446446289	POSIX_SIZE_WRITE_100K_1M	0	/work/hdd/bdau/mbanisharifdehkordi/E2E/3d/results_combined/.	/work	lustre
POSIX	60	7794184631446446289	POSIX_SIZE_WRITE_1M_4M	0	/work/hdd/bdau/mbanisharifdehkordi/E2E/3d/results_combined/.	/work	lustre
POSIX	60	7794184631446446289	POSIX_SIZE_WRITE_4M_10M	0	/work/hdd/bdau/mbanisharifdehkordi/E2E/3d/results_combined/.	/work	lustre
POSIX	60	7794184631446446289	POSIX_SIZE_WRITE_10M_100M	0	/work/hdd/bdau/mbanisharifdehkordi/E2E/3d/results_combined/.	/work	lustre
POSIX	60	7794184631446446289	POSIX_SIZE_WRITE_100M_1G	0	/work/hdd/bdau/mbanisharifdehkordi/E2E/3d/results_combined/.	/work	lustre
POSIX	60	7794184631446446289	POSIX_SIZE_WRITE_1G_PLUS	0	/work/hdd/bdau/mbanisharifdehkordi/E2E/3d/results_combined/.	/work	lustre
POSIX	60	1607752630872201620	POSIX_BYTES_WRITTEN	0	/work/hdd/bdau/mbanisharifdehkordi/E2E/3d/results_combined/combined_ckpt3.nc4-3240427521-1102025.loc	/work	lustre
POSIX	60	1607752630872201620	POSIX_FILE_NOT_ALIGNED	0	/work/hdd/bdau/mbanisharifdehkordi/E2E/3d/results_combined/combined_ckpt3.nc4-3240427521-1102025.loc	/work	lustre
POSIX	60	1607752630872201620	POSIX_SIZE_WRITE_0_100	0	/work/hdd/bdau/mbanisharifdehkordi/E2E/3d/results_combined/combined_ckpt3.nc4-3240427521-1102025.loc	/work	lustre
POSIX	60	1607752630872201620	POSIX_SIZE_WRITE_100_1K	0	/work/hdd/bdau/mbanisharifdehkordi/E2E/3d/results_combined/combined_ckpt3.nc4-3240427521-1102025.loc	/work	lustre
POSIX	60	1607752630872201620	POSIX_SIZE_WRITE_1K_10K	0	/work/hdd/bdau/mbanisharifdehkordi/E2E/3d/results_combined/combined_ckpt3.nc4-3240427521-1102025.loc	/work	lustre
POSIX	60	1607752630872201620	POSIX_SIZE_WRITE_10K_100K	0	/work/hdd/bdau/mbanisharifdehkordi/E2E/3d/results_combined/combined_ckpt3.nc4-3240427521-1102025.loc	/work	lustre
POSIX	60	1607752630872201620	POSIX_SIZE_WRITE_100K_1M	0	/work/hdd/bdau/mbanisharifdehkordi/E2E/3d/results_combined/combined_ckpt3.nc4-3240427521-1102025.loc	/work	lustre
POSIX	60	1607752630872201620	POSIX_SIZE_WRITE_1M_4M	0	/work/hdd/bdau/mbanisharifdehkordi/E2E/3d/results_combined/combined_ckpt3.nc4-3240427521-1102025.loc	/work	lustre
POSIX	60	1607752630872201620	POSIX_SIZE_WRITE_4M_10M	0	/work/hdd/bdau/mbanisharifdehkordi/E2E/3d/results_combined/combined_ckpt3.nc4-3240427521-1102025.loc	/work	lustre
POSIX	60	1607752630872201620	POSIX_SIZE_WRITE_10M_100M	0	/work/hdd/bdau/mbanisharifdehkordi/E2E/3d/results_combined/combined_ckpt3.nc4-3240427521-1102025.loc	/work	lustre
POSIX	60	1607752630872201620	POSIX_SIZE_WRITE_100M_1G	0	/work/hdd/bdau/mbanisharifdehkordi/E2E/3d/results_combined/combined_ckpt3.nc4-3240427521-1102025.loc	/work	lustre
POSIX	60	1607752630872201620	POSIX_SIZE_WRITE_1G_PLUS	0	/work/hdd/bdau/mbanisharifdehkordi/E2E/3d/results_combined/combined_ckpt3.nc4-3240427521-1102025.loc	/work	lustre
POSIX	61	18048188635550731623	POSIX_BYTES_WRITTEN	0	/work/hdd/bdau/mbanisharifdehkordi/E2E/3d/results_combined/combined_ckpt3.nc4.locktest.61	/work	lustre
POSIX	61	18048188635550731623	POSIX_FILE_NOT_ALIGNED	0	/work/hdd/bdau/mbanisharifdehkordi/E2E/3d/results_combined/combined_ckpt3.nc4.locktest.61	/work	lustre
POSIX	61	18048188635550731623	POSIX_SIZE_WRITE_0_100	0	/work/hdd/bdau/mbanisharifdehkordi/E2E/3d/results_combined/combined_ckpt3.nc4.locktest.61	/work	lustre
POSIX	61	18048188635550731623	POSIX_SIZE_WRITE_100_1K	0	/work/hdd/bdau/mbanisharifdehkordi/E2E/3d/results_combined/combined_ckpt3.nc4.locktest.61	/work	lustre
POSIX	61	18048188635550731623	POSIX_SIZE_WRITE_1K_10K	0	/work/hdd/bdau/mbanisharifdehkordi/E2E/3d/results_combined/combined_ckpt3.nc4.locktest.61	/work	lustre
POSIX	61	18048188635550731623	POSIX_SIZE_WRITE_10K_100K	0	/work/hdd/bdau/mbanisharifdehkordi/E2E/3d/results_combined/combined_ckpt3.nc4.locktest.61	/work	lustre
POSIX	61	18048188635550731623	POSIX_SIZE_WRITE_100K_1M	0	/work/hdd/bdau/mbanisharifdehkordi/E2E/3d/results_combined/combined_ckpt3.nc4.locktest.61	/work	lustre
POSIX	61	18048188635550731623	POSIX_SIZE_WRITE_1M_4M	0	/work/hdd/bdau/mbanisharifdehkordi/E2E/3d/results_combined/combined_ckpt3.nc4.locktest.61	/work	lustre
POSIX	61	18048188635550731623	POSIX_SIZE_WRITE_4M_10M	0	/work/hdd/bdau/mbanisharifdehkordi/E2E/3d/results_combined/combined_ckpt3.nc4.locktest.61	/work	lustre
POSIX	61	18048188635550731623	POSIX_SIZE_WRITE_10M_100M	0	/work/hdd/bdau/mbanisharifdehkordi/E2E/3d/results_combined/combined_ckpt3.nc4.locktest.61	/work	lustre
POSIX	61	18048188635550731623	POSIX_SIZE_WRITE_100M_1G	0	/work/hdd/bdau/mbanisharifdehkordi/E2E/3d/results_combined/combined_ckpt3.nc4.locktest.61	/work	lustre
POSIX	61	18048188635550731623	POSIX_SIZE_WRITE_1G_PLUS	0	/work/hdd/bdau/mbanisharifdehkordi/E2E/3d/results_combined/combined_ckpt3.nc4.locktest.61	/work	lustre
POSIX	61	3531888601709092091	POSIX_BYTES_WRITTEN	0	/work/hdd/bdau/mbanisharifdehkordi/E2E/3d/results_combined/combined_ckpt3.nc4	/work	lustre
POSIX	61	3531888601709092091	POSIX_FILE_NOT_ALIGNED	0	/work/hdd/bdau/mbanisharifdehkordi/E2E/3d/results_combined/combined_ckpt3.nc4	/work	lustre
POSIX	61	3531888601709092091	POSIX_SIZE_WRITE_0_100	0	/work/hdd/bdau/mbanisharifdehkordi/E2E/3d/results_combined/combined_ckpt3.nc4	/work	lustre
POSIX	61	3531888601709092091	POSIX_SIZE_WRITE_100_1K	0	/work/hdd/bdau/mbanisharifdehkordi/E2E/3d/results_combined/combined_ckpt3.nc4	/work	lustre
POSIX	61	3531888601709092091	POSIX_SIZE_WRITE_1K_10K	0	/work/hdd/bdau/mbanisharifdehkordi/E2E/3d/results_combined/combined_ckpt3.nc4	/work	lustre
POSIX	61	3531888601709092091	POSIX_SIZE_WRITE_10K_100K	0	/work/hdd/bdau/mbanisharifdehkordi/E2E/3d/results_combined/combined_ckpt3.nc4	/work	lustre
POSIX	61	3531888601709092091	POSIX_SIZE_WRITE_100K_1M	0	/work/hdd/bdau/mbanisharifdehkordi/E2E/3d/results_combined/combined_ckpt3.nc4	/work	lustre
POSIX	61	3531888601709092091	POSIX_SIZE_WRITE_1M_4M	0	/work/hdd/bdau/mbanisharifdehkordi/E2E/3d/results_combined/combined_ckpt3.nc4	/work	lustre
POSIX	61	3531888601709092091	POSIX_SIZE_WRITE_4M_10M	0	/work/hdd/bdau/mbanisharifdehkordi/E2E/3d/results_combined/combined_ckpt3.nc4	/work	lustre
POSIX	61	3531888601709092091	POSIX_SIZE_WRITE_10M_100M	0	/work/hdd/bdau/mbanisharifdehkordi/E2E/3d/results_combined/combined_ckpt3.nc4	/work	lustre
POSIX	61	3531888601709092091	POSIX_SIZE_WRITE_100M_1G	0	/work/hdd/bdau/mbanisharifdehkordi/E2E/3d/results_combined/combined_ckpt3.nc4	/work	lustre
POSIX	61	3531888601709092091	POSIX_SIZE_WRITE_1G_PLUS	0	/work/hdd/bdau/mbanisharifdehkordi/E2E/3d/results_combined/combined_ckpt3.nc4	/work	lustre
POSIX	61	7794184631446446289	POSIX_BYTES_WRITTEN	0	/work/hdd/bdau/mbanisharifdehkordi/E2E/3d/results_combined/.	/work	lustre
POSIX	61	7794184631446446289	POSIX_FILE_NOT_ALIGNED	0	/work/hdd/bdau/mbanisharifdehkordi/E2E/3d/results_combined/.	/work	lustre
POSIX	61	7794184631446446289	POSIX_SIZE_WRITE_0_100	0	/work/hdd/bdau/mbanisharifdehkordi/E2E/3d/results_combined/.	/work	lustre
POSIX	61	7794184631446446289	POSIX_SIZE_WRITE_100_1K	0	/work/hdd/bdau/mbanisharifdehkordi/E2E/3d/results_combined/.	/work	lustre
POSIX	61	7794184631446446289	POSIX_SIZE_WRITE_1K_10K	0	/work/hdd/bdau/mbanisharifdehkordi/E2E/3d/results_combined/.	/work	lustre
POSIX	61	7794184631446446289	POSIX_SIZE_WRITE_10K_100K	0	/work/hdd/bdau/mbanisharifdehkordi/E2E/3d/results_combined/.	/work	lustre
POSIX	61	7794184631446446289	POSIX_SIZE_WRITE_100K_1M	0	/work/hdd/bdau/mbanisharifdehkordi/E2E/3d/results_combined/.	/work	lustre
POSIX	61	7794184631446446289	POSIX_SIZE_WRITE_1M_4M	0	/work/hdd/bdau/mbanisharifdehkordi/E2E/3d/results_combined/.	/work	lustre
POSIX	61	7794184631446446289	POSIX_SIZE_WRITE_4M_10M	0	/work/hdd/bdau/mbanisharifdehkordi/E2E/3d/results_combined/.	/work	lustre
POSIX	61	7794184631446446289	POSIX_SIZE_WRITE_10M_100M	0	/work/hdd/bdau/mbanisharifdehkordi/E2E/3d/results_combined/.	/work	lustre
POSIX	61	7794184631446446289	POSIX_SIZE_WRITE_100M_1G	0	/work/hdd/bdau/mbanisharifdehkordi/E2E/3d/results_combined/.	/work	lustre
POSIX	61	7794184631446446289	POSIX_SIZE_WRITE_1G_PLUS	0	/work/hdd/bdau/mbanisharifdehkordi/E2E/3d/results_combined/.	/work	lustre
POSIX	61	1607752630872201620	POSIX_BYTES_WRITTEN	0	/work/hdd/bdau/mbanisharifdehkordi/E2E/3d/results_combined/combined_ckpt3.nc4-3240427521-1102025.loc	/work	lustre
POSIX	61	1607752630872201620	POSIX_FILE_NOT_ALIGNED	0	/work/hdd/bdau/mbanisharifdehkordi/E2E/3d/results_combined/combined_ckpt3.nc4-3240427521-1102025.loc	/work	lustre
POSIX	61	1607752630872201620	POSIX_SIZE_WRITE_0_100	0	/work/hdd/bdau/mbanisharifdehkordi/E2E/3d/results_combined/combined_ckpt3.nc4-3240427521-1102025.loc	/work	lustre
POSIX	61	1607752630872201620	POSIX_SIZE_WRITE_100_1K	0	/work/hdd/bdau/mbanisharifdehkordi/E2E/3d/results_combined/combined_ckpt3.nc4-3240427521-1102025.loc	/work	lustre
POSIX	61	1607752630872201620	POSIX_SIZE_WRITE_1K_10K	0	/work/hdd/bdau/mbanisharifdehkordi/E2E/3d/results_combined/combined_ckpt3.nc4-3240427521-1102025.loc	/work	lustre
POSIX	61	1607752630872201620	POSIX_SIZE_WRITE_10K_100K	0	/work/hdd/bdau/mbanisharifdehkordi/E2E/3d/results_combined/combined_ckpt3.nc4-3240427521-1102025.loc	/work	lustre
POSIX	61	1607752630872201620	POSIX_SIZE_WRITE_100K_1M	0	/work/hdd/bdau/mbanisharifdehkordi/E2E/3d/results_combined/combined_ckpt3.nc4-3240427521-1102025.loc	/work	lustre
POSIX	61	1607752630872201620	POSIX_SIZE_WRITE_1M_4M	0	/work/hdd/bdau/mbanisharifdehkordi/E2E/3d/results_combined/combined_ckpt3.nc4-3240427521-1102025.loc	/work	lustre
POSIX	61	1607752630872201620	POSIX_SIZE_WRITE_4M_10M	0	/work/hdd/bdau/mbanisharifdehkordi/E2E/3d/results_combined/combined_ckpt3.nc4-3240427521-1102025.loc	/work	lustre
POSIX	61	1607752630872201620	POSIX_SIZE_WRITE_10M_100M	0	/work/hdd/bdau/mbanisharifdehkordi/E2E/3d/results_combined/combined_ckpt3.nc4-3240427521-1102025.loc	/work	lustre
POSIX	61	1607752630872201620	POSIX_SIZE_WRITE_100M_1G	0	/work/hdd/bdau/mbanisharifdehkordi/E2E/3d/results_combined/combined_ckpt3.nc4-3240427521-1102025.loc	/work	lustre
POSIX	61	1607752630872201620	POSIX_SIZE_WRITE_1G_PLUS	0	/work/hdd/bdau/mbanisharifdehkordi/E2E/3d/results_combined/combined_ckpt3.nc4-3240427521-1102025.loc	/work	lustre
POSIX	62	8619676079717475919	POSIX_BYTES_WRITTEN	0	/work/hdd/bdau/mbanisharifdehkordi/E2E/3d/results_combined/combined_ckpt3.nc4.locktest.62	/work	lustre
POSIX	62	8619676079717475919	POSIX_FILE_NOT_ALIGNED	0	/work/hdd/bdau/mbanisharifdehkordi/E2E/3d/results_combined/combined_ckpt3.nc4.locktest.62	/work	lustre
POSIX	62	8619676079717475919	POSIX_SIZE_WRITE_0_100	0	/work/hdd/bdau/mbanisharifdehkordi/E2E/3d/results_combined/combined_ckpt3.nc4.locktest.62	/work	lustre
POSIX	62	8619676079717475919	POSIX_SIZE_WRITE_100_1K	0	/work/hdd/bdau/mbanisharifdehkordi/E2E/3d/results_combined/combined_ckpt3.nc4.locktest.62	/work	lustre
POSIX	62	8619676079717475919	POSIX_SIZE_WRITE_1K_10K	0	/work/hdd/bdau/mbanisharifdehkordi/E2E/3d/results_combined/combined_ckpt3.nc4.locktest.62	/work	lustre
POSIX	62	8619676079717475919	POSIX_SIZE_WRITE_10K_100K	0	/work/hdd/bdau/mbanisharifdehkordi/E2E/3d/results_combined/combined_ckpt3.nc4.locktest.62	/work	lustre
POSIX	62	8619676079717475919	POSIX_SIZE_WRITE_100K_1M	0	/work/hdd/bdau/mbanisharifdehkordi/E2E/3d/results_combined/combined_ckpt3.nc4.locktest.62	/work	lustre
POSIX	62	8619676079717475919	POSIX_SIZE_WRITE_1M_4M	0	/work/hdd/bdau/mbanisharifdehkordi/E2E/3d/results_combined/combined_ckpt3.nc4.locktest.62	/work	lustre
POSIX	62	8619676079717475919	POSIX_SIZE_WRITE_4M_10M	0	/work/hdd/bdau/mbanisharifdehkordi/E2E/3d/results_combined/combined_ckpt3.nc4.locktest.62	/work	lustre
POSIX	62	8619676079717475919	POSIX_SIZE_WRITE_10M_100M	0	/work/hdd/bdau/mbanisharifdehkordi/E2E/3d/results_combined/combined_ckpt3.nc4.locktest.62	/work	lustre
POSIX	62	8619676079717475919	POSIX_SIZE_WRITE_100M_1G	0	/work/hdd/bdau/mbanisharifdehkordi/E2E/3d/results_combined/combined_ckpt3.nc4.locktest.62	/work	lustre
POSIX	62	8619676079717475919	POSIX_SIZE_WRITE_1G_PLUS	0	/work/hdd/bdau/mbanisharifdehkordi/E2E/3d/results_combined/combined_ckpt3.nc4.locktest.62	/work	lustre
POSIX	62	3531888601709092091	POSIX_BYTES_WRITTEN	0	/work/hdd/bdau/mbanisharifdehkordi/E2E/3d/results_combined/combined_ckpt3.nc4	/work	lustre
POSIX	62	3531888601709092091	POSIX_FILE_NOT_ALIGNED	0	/work/hdd/bdau/mbanisharifdehkordi/E2E/3d/results_combined/combined_ckpt3.nc4	/work	lustre
POSIX	62	3531888601709092091	POSIX_SIZE_WRITE_0_100	0	/work/hdd/bdau/mbanisharifdehkordi/E2E/3d/results_combined/combined_ckpt3.nc4	/work	lustre
POSIX	62	3531888601709092091	POSIX_SIZE_WRITE_100_1K	0	/work/hdd/bdau/mbanisharifdehkordi/E2E/3d/results_combined/combined_ckpt3.nc4	/work	lustre
POSIX	62	3531888601709092091	POSIX_SIZE_WRITE_1K_10K	0	/work/hdd/bdau/mbanisharifdehkordi/E2E/3d/results_combined/combined_ckpt3.nc4	/work	lustre
POSIX	62	3531888601709092091	POSIX_SIZE_WRITE_10K_100K	0	/work/hdd/bdau/mbanisharifdehkordi/E2E/3d/results_combined/combined_ckpt3.nc4	/work	lustre
POSIX	62	3531888601709092091	POSIX_SIZE_WRITE_100K_1M	0	/work/hdd/bdau/mbanisharifdehkordi/E2E/3d/results_combined/combined_ckpt3.nc4	/work	lustre
POSIX	62	3531888601709092091	POSIX_SIZE_WRITE_1M_4M	0	/work/hdd/bdau/mbanisharifdehkordi/E2E/3d/results_combined/combined_ckpt3.nc4	/work	lustre
POSIX	62	3531888601709092091	POSIX_SIZE_WRITE_4M_10M	0	/work/hdd/bdau/mbanisharifdehkordi/E2E/3d/results_combined/combined_ckpt3.nc4	/work	lustre
POSIX	62	3531888601709092091	POSIX_SIZE_WRITE_10M_100M	0	/work/hdd/bdau/mbanisharifdehkordi/E2E/3d/results_combined/combined_ckpt3.nc4	/work	lustre
POSIX	62	3531888601709092091	POSIX_SIZE_WRITE_100M_1G	0	/work/hdd/bdau/mbanisharifdehkordi/E2E/3d/results_combined/combined_ckpt3.nc4	/work	lustre
POSIX	62	3531888601709092091	POSIX_SIZE_WRITE_1G_PLUS	0	/work/hdd/bdau/mbanisharifdehkordi/E2E/3d/results_combined/combined_ckpt3.nc4	/work	lustre
POSIX	62	7794184631446446289	POSIX_BYTES_WRITTEN	0	/work/hdd/bdau/mbanisharifdehkordi/E2E/3d/results_combined/.	/work	lustre
POSIX	62	7794184631446446289	POSIX_FILE_NOT_ALIGNED	0	/work/hdd/bdau/mbanisharifdehkordi/E2E/3d/results_combined/.	/work	lustre
POSIX	62	7794184631446446289	POSIX_SIZE_WRITE_0_100	0	/work/hdd/bdau/mbanisharifdehkordi/E2E/3d/results_combined/.	/work	lustre
POSIX	62	7794184631446446289	POSIX_SIZE_WRITE_100_1K	0	/work/hdd/bdau/mbanisharifdehkordi/E2E/3d/results_combined/.	/work	lustre
POSIX	62	7794184631446446289	POSIX_SIZE_WRITE_1K_10K	0	/work/hdd/bdau/mbanisharifdehkordi/E2E/3d/results_combined/.	/work	lustre
POSIX	62	7794184631446446289	POSIX_SIZE_WRITE_10K_100K	0	/work/hdd/bdau/mbanisharifdehkordi/E2E/3d/results_combined/.	/work	lustre
POSIX	62	7794184631446446289	POSIX_SIZE_WRITE_100K_1M	0	/work/hdd/bdau/mbanisharifdehkordi/E2E/3d/results_combined/.	/work	lustre
POSIX	62	7794184631446446289	POSIX_SIZE_WRITE_1M_4M	0	/work/hdd/bdau/mbanisharifdehkordi/E2E/3d/results_combined/.	/work	lustre
POSIX	62	7794184631446446289	POSIX_SIZE_WRITE_4M_10M	0	/work/hdd/bdau/mbanisharifdehkordi/E2E/3d/results_combined/.	/work	lustre
POSIX	62	7794184631446446289	POSIX_SIZE_WRITE_10M_100M	0	/work/hdd/bdau/mbanisharifdehkordi/E2E/3d/results_combined/.	/work	lustre
POSIX	62	7794184631446446289	POSIX_SIZE_WRITE_100M_1G	0	/work/hdd/bdau/mbanisharifdehkordi/E2E/3d/results_combined/.	/work	lustre
POSIX	62	7794184631446446289	POSIX_SIZE_WRITE_1G_PLUS	0	/work/hdd/bdau/mbanisharifdehkordi/E2E/3d/results_combined/.	/work	lustre
POSIX	62	1607752630872201620	POSIX_BYTES_WRITTEN	0	/work/hdd/bdau/mbanisharifdehkordi/E2E/3d/results_combined/combined_ckpt3.nc4-3240427521-1102025.loc	/work	lustre
POSIX	62	1607752630872201620	POSIX_FILE_NOT_ALIGNED	0	/work/hdd/bdau/mbanisharifdehkordi/E2E/3d/results_combined/combined_ckpt3.nc4-3240427521-1102025.loc	/work	lustre
POSIX	62	1607752630872201620	POSIX_SIZE_WRITE_0_100	0	/work/hdd/bdau/mbanisharifdehkordi/E2E/3d/results_combined/combined_ckpt3.nc4-3240427521-1102025.loc	/work	lustre
POSIX	62	1607752630872201620	POSIX_SIZE_WRITE_100_1K	0	/work/hdd/bdau/mbanisharifdehkordi/E2E/3d/results_combined/combined_ckpt3.nc4-3240427521-1102025.loc	/work	lustre
POSIX	62	1607752630872201620	POSIX_SIZE_WRITE_1K_10K	0	/work/hdd/bdau/mbanisharifdehkordi/E2E/3d/results_combined/combined_ckpt3.nc4-3240427521-1102025.loc	/work	lustre
POSIX	62	1607752630872201620	POSIX_SIZE_WRITE_10K_100K	0	/work/hdd/bdau/mbanisharifdehkordi/E2E/3d/results_combined/combined_ckpt3.nc4-3240427521-1102025.loc	/work	lustre
POSIX	62	1607752630872201620	POSIX_SIZE_WRITE_100K_1M	0	/work/hdd/bdau/mbanisharifdehkordi/E2E/3d/results_combined/combined_ckpt3.nc4-3240427521-1102025.loc	/work	lustre
POSIX	62	1607752630872201620	POSIX_SIZE_WRITE_1M_4M	0	/work/hdd/bdau/mbanisharifdehkordi/E2E/3d/results_combined/combined_ckpt3.nc4-3240427521-1102025.loc	/work	lustre
POSIX	62	1607752630872201620	POSIX_SIZE_WRITE_4M_10M	0	/work/hdd/bdau/mbanisharifdehkordi/E2E/3d/results_combined/combined_ckpt3.nc4-3240427521-1102025.loc	/work	lustre
POSIX	62	1607752630872201620	POSIX_SIZE_WRITE_10M_100M	0	/work/hdd/bdau/mbanisharifdehkordi/E2E/3d/results_combined/combined_ckpt3.nc4-3240427521-1102025.loc	/work	lustre
POSIX	62	1607752630872201620	POSIX_SIZE_WRITE_100M_1G	0	/work/hdd/bdau/mbanisharifdehkordi/E2E/3d/results_combined/combined_ckpt3.nc4-3240427521-1102025.loc	/work	lustre
POSIX	62	1607752630872201620	POSIX_SIZE_WRITE_1G_PLUS	0	/work/hdd/bdau/mbanisharifdehkordi/E2E/3d/results_combined/combined_ckpt3.nc4-3240427521-1102025.loc	/work	lustre
POSIX	63	11335324719964876399	POSIX_BYTES_WRITTEN	0	/work/hdd/bdau/mbanisharifdehkordi/E2E/3d/results_combined/combined_ckpt3.nc4.locktest.63	/work	lustre
POSIX	63	11335324719964876399	POSIX_FILE_NOT_ALIGNED	0	/work/hdd/bdau/mbanisharifdehkordi/E2E/3d/results_combined/combined_ckpt3.nc4.locktest.63	/work	lustre
POSIX	63	11335324719964876399	POSIX_SIZE_WRITE_0_100	0	/work/hdd/bdau/mbanisharifdehkordi/E2E/3d/results_combined/combined_ckpt3.nc4.locktest.63	/work	lustre
POSIX	63	11335324719964876399	POSIX_SIZE_WRITE_100_1K	0	/work/hdd/bdau/mbanisharifdehkordi/E2E/3d/results_combined/combined_ckpt3.nc4.locktest.63	/work	lustre
POSIX	63	11335324719964876399	POSIX_SIZE_WRITE_1K_10K	0	/work/hdd/bdau/mbanisharifdehkordi/E2E/3d/results_combined/combined_ckpt3.nc4.locktest.63	/work	lustre
POSIX	63	11335324719964876399	POSIX_SIZE_WRITE_10K_100K	0	/work/hdd/bdau/mbanisharifdehkordi/E2E/3d/results_combined/combined_ckpt3.nc4.locktest.63	/work	lustre
POSIX	63	11335324719964876399	POSIX_SIZE_WRITE_100K_1M	0	/work/hdd/bdau/mbanisharifdehkordi/E2E/3d/results_combined/combined_ckpt3.nc4.locktest.63	/work	lustre
POSIX	63	11335324719964876399	POSIX_SIZE_WRITE_1M_4M	0	/work/hdd/bdau/mbanisharifdehkordi/E2E/3d/results_combined/combined_ckpt3.nc4.locktest.63	/work	lustre
POSIX	63	11335324719964876399	POSIX_SIZE_WRITE_4M_10M	0	/work/hdd/bdau/mbanisharifdehkordi/E2E/3d/results_combined/combined_ckpt3.nc4.locktest.63	/work	lustre
POSIX	63	11335324719964876399	POSIX_SIZE_WRITE_10M_100M	0	/work/hdd/bdau/mbanisharifdehkordi/E2E/3d/results_combined/combined_ckpt3.nc4.locktest.63	/work	lustre
POSIX	63	11335324719964876399	POSIX_SIZE_WRITE_100M_1G	0	/work/hdd/bdau/mbanisharifdehkordi/E2E/3d/results_combined/combined_ckpt3.nc4.locktest.63	/work	lustre
POSIX	63	11335324719964876399	POSIX_SIZE_WRITE_1G_PLUS	0	/work/hdd/bdau/mbanisharifdehkordi/E2E/3d/results_combined/combined_ckpt3.nc4.locktest.63	/work	lustre
POSIX	63	3531888601709092091	POSIX_BYTES_WRITTEN	0	/work/hdd/bdau/mbanisharifdehkordi/E2E/3d/results_combined/combined_ckpt3.nc4	/work	lustre
POSIX	63	3531888601709092091	POSIX_FILE_NOT_ALIGNED	0	/work/hdd/bdau/mbanisharifdehkordi/E2E/3d/results_combined/combined_ckpt3.nc4	/work	lustre
POSIX	63	3531888601709092091	POSIX_SIZE_WRITE_0_100	0	/work/hdd/bdau/mbanisharifdehkordi/E2E/3d/results_combined/combined_ckpt3.nc4	/work	lustre
POSIX	63	3531888601709092091	POSIX_SIZE_WRITE_100_1K	0	/work/hdd/bdau/mbanisharifdehkordi/E2E/3d/results_combined/combined_ckpt3.nc4	/work	lustre
POSIX	63	3531888601709092091	POSIX_SIZE_WRITE_1K_10K	0	/work/hdd/bdau/mbanisharifdehkordi/E2E/3d/results_combined/combined_ckpt3.nc4	/work	lustre
POSIX	63	3531888601709092091	POSIX_SIZE_WRITE_10K_100K	0	/work/hdd/bdau/mbanisharifdehkordi/E2E/3d/results_combined/combined_ckpt3.nc4	/work	lustre
POSIX	63	3531888601709092091	POSIX_SIZE_WRITE_100K_1M	0	/work/hdd/bdau/mbanisharifdehkordi/E2E/3d/results_combined/combined_ckpt3.nc4	/work	lustre
POSIX	63	3531888601709092091	POSIX_SIZE_WRITE_1M_4M	0	/work/hdd/bdau/mbanisharifdehkordi/E2E/3d/results_combined/combined_ckpt3.nc4	/work	lustre
POSIX	63	3531888601709092091	POSIX_SIZE_WRITE_4M_10M	0	/work/hdd/bdau/mbanisharifdehkordi/E2E/3d/results_combined/combined_ckpt3.nc4	/work	lustre
POSIX	63	3531888601709092091	POSIX_SIZE_WRITE_10M_100M	0	/work/hdd/bdau/mbanisharifdehkordi/E2E/3d/results_combined/combined_ckpt3.nc4	/work	lustre
POSIX	63	3531888601709092091	POSIX_SIZE_WRITE_100M_1G	0	/work/hdd/bdau/mbanisharifdehkordi/E2E/3d/results_combined/combined_ckpt3.nc4	/work	lustre
POSIX	63	3531888601709092091	POSIX_SIZE_WRITE_1G_PLUS	0	/work/hdd/bdau/mbanisharifdehkordi/E2E/3d/results_combined/combined_ckpt3.nc4	/work	lustre
POSIX	63	7794184631446446289	POSIX_BYTES_WRITTEN	0	/work/hdd/bdau/mbanisharifdehkordi/E2E/3d/results_combined/.	/work	lustre
POSIX	63	7794184631446446289	POSIX_FILE_NOT_ALIGNED	0	/work/hdd/bdau/mbanisharifdehkordi/E2E/3d/results_combined/.	/work	lustre
POSIX	63	7794184631446446289	POSIX_SIZE_WRITE_0_100	0	/work/hdd/bdau/mbanisharifdehkordi/E2E/3d/results_combined/.	/work	lustre
POSIX	63	7794184631446446289	POSIX_SIZE_WRITE_100_1K	0	/work/hdd/bdau/mbanisharifdehkordi/E2E/3d/results_combined/.	/work	lustre
POSIX	63	7794184631446446289	POSIX_SIZE_WRITE_1K_10K	0	/work/hdd/bdau/mbanisharifdehkordi/E2E/3d/results_combined/.	/work	lustre
POSIX	63	7794184631446446289	POSIX_SIZE_WRITE_10K_100K	0	/work/hdd/bdau/mbanisharifdehkordi/E2E/3d/results_combined/.	/work	lustre
POSIX	63	7794184631446446289	POSIX_SIZE_WRITE_100K_1M	0	/work/hdd/bdau/mbanisharifdehkordi/E2E/3d/results_combined/.	/work	lustre
POSIX	63	7794184631446446289	POSIX_SIZE_WRITE_1M_4M	0	/work/hdd/bdau/mbanisharifdehkordi/E2E/3d/results_combined/.	/work	lustre
POSIX	63	7794184631446446289	POSIX_SIZE_WRITE_4M_10M	0	/work/hdd/bdau/mbanisharifdehkordi/E2E/3d/results_combined/.	/work	lustre
POSIX	63	7794184631446446289	POSIX_SIZE_WRITE_10M_100M	0	/work/hdd/bdau/mbanisharifdehkordi/E2E/3d/results_combined/.	/work	lustre
POSIX	63	7794184631446446289	POSIX_SIZE_WRITE_100M_1G	0	/work/hdd/bdau/mbanisharifdehkordi/E2E/3d/results_combined/.	/work	lustre
POSIX	63	7794184631446446289	POSIX_SIZE_WRITE_1G_PLUS	0	/work/hdd/bdau/mbanisharifdehkordi/E2E/3d/results_combined/.	/work	lustre
POSIX	63	1607752630872201620	POSIX_BYTES_WRITTEN	0	/work/hdd/bdau/mbanisharifdehkordi/E2E/3d/results_combined/combined_ckpt3.nc4-3240427521-1102025.loc	/work	lustre
POSIX	63	1607752630872201620	POSIX_FILE_NOT_ALIGNED	0	/work/hdd/bdau/mbanisharifdehkordi/E2E/3d/results_combined/combined_ckpt3.nc4-3240427521-1102025.loc	/work	lustre
POSIX	63	1607752630872201620	POSIX_SIZE_WRITE_0_100	0	/work/hdd/bdau/mbanisharifdehkordi/E2E/3d/results_combined/combined_ckpt3.nc4-3240427521-1102025.loc	/work	lustre
POSIX	63	1607752630872201620	POSIX_SIZE_WRITE_100_1K	0	/work/hdd/bdau/mbanisharifdehkordi/E2E/3d/results_combined/combined_ckpt3.nc4-3240427521-1102025.loc	/work	lustre
POSIX	63	1607752630872201620	POSIX_SIZE_WRITE_1K_10K	0	/work/hdd/bdau/mbanisharifdehkordi/E2E/3d/results_combined/combined_ckpt3.nc4-3240427521-1102025.loc	/work	lustre
POSIX	63	1607752630872201620	POSIX_SIZE_WRITE_10K_100K	0	/work/hdd/bdau/mbanisharifdehkordi/E2E/3d/results_combined/combined_ckpt3.nc4-3240427521-1102025.loc	/work	lustre
POSIX	63	1607752630872201620	POSIX_SIZE_WRITE_100K_1M	0	/work/hdd/bdau/mbanisharifdehkordi/E2E/3d/results_combined/combined_ckpt3.nc4-3240427521-1102025.loc	/work	lustre
POSIX	63	1607752630872201620	POSIX_SIZE_WRITE_1M_4M	0	/work/hdd/bdau/mbanisharifdehkordi/E2E/3d/results_combined/combined_ckpt3.nc4-3240427521-1102025.loc	/work	lustre
POSIX	63	1607752630872201620	POSIX_SIZE_WRITE_4M_10M	0	/work/hdd/bdau/mbanisharifdehkordi/E2E/3d/results_combined/combined_ckpt3.nc4-3240427521-1102025.loc	/work	lustre
POSIX	63	1607752630872201620	POSIX_SIZE_WRITE_10M_100M	0	/work/hdd/bdau/mbanisharifdehkordi/E2E/3d/results_combined/combined_ckpt3.nc4-3240427521-1102025.loc	/work	lustre
POSIX	63	1607752630872201620	POSIX_SIZE_WRITE_100M_1G	0	/work/hdd/bdau/mbanisharifdehkordi/E2E/3d/results_combined/combined_ckpt3.nc4-3240427521-1102025.loc	/work	lustre
POSIX	63	1607752630872201620	POSIX_SIZE_WRITE_1G_PLUS	0	/work/hdd/bdau/mbanisharifdehkordi/E2E/3d/results_combined/combined_ckpt3.nc4-3240427521-1102025.loc	/work	lustre

=== LUSTRE Configuration ===
#   LUSTRE_STRIPE_OFFSET: OST ID offset specified when the file was created.
#   LUSTRE_STRIPE_SIZE: stripe size for file in bytes.
#   LUSTRE_STRIPE_WIDTH: number of OSTs over which the file is striped.
LUSTRE	0	1607752630872201620	LUSTRE_STRIPE_OFFSET	-1	/work/hdd/bdau/mbanisharifdehkordi/E2E/3d/results_combined/combined_ckpt3.nc4-3240427521-1102025.loc	/work	lustre
LUSTRE	0	1607752630872201620	LUSTRE_STRIPE_SIZE	1048576	/work/hdd/bdau/mbanisharifdehkordi/E2E/3d/results_combined/combined_ckpt3.nc4-3240427521-1102025.loc	/work	lustre
LUSTRE	0	1607752630872201620	LUSTRE_STRIPE_WIDTH	1	/work/hdd/bdau/mbanisharifdehkordi/E2E/3d/results_combined/combined_ckpt3.nc4-3240427521-1102025.loc	/work	lustre
LUSTRE	0	3531888601709092091	LUSTRE_STRIPE_OFFSET	-1	/work/hdd/bdau/mbanisharifdehkordi/E2E/3d/results_combined/combined_ckpt3.nc4	/work	lustre
LUSTRE	0	3531888601709092091	LUSTRE_STRIPE_SIZE	1048576	/work/hdd/bdau/mbanisharifdehkordi/E2E/3d/results_combined/combined_ckpt3.nc4	/work	lustre
LUSTRE	0	3531888601709092091	LUSTRE_STRIPE_WIDTH	1	/work/hdd/bdau/mbanisharifdehkordi/E2E/3d/results_combined/combined_ckpt3.nc4	/work	lustre
LUSTRE	0	5159131363050728233	LUSTRE_STRIPE_OFFSET	-1	/work/hdd/bdau/mbanisharifdehkordi/E2E/3d/results_combined/combined_ckpt3.nc4.locktest.0	/work	lustre
LUSTRE	0	5159131363050728233	LUSTRE_STRIPE_SIZE	1048576	/work/hdd/bdau/mbanisharifdehkordi/E2E/3d/results_combined/combined_ckpt3.nc4.locktest.0	/work	lustre
LUSTRE	0	5159131363050728233	LUSTRE_STRIPE_WIDTH	1	/work/hdd/bdau/mbanisharifdehkordi/E2E/3d/results_combined/combined_ckpt3.nc4.locktest.0	/work	lustre
Parsed output saved to: /work/hdd/bdau/mbanisharifdehkordi/E2E/darshan_logs/e2e_combined_12235671_parsed.txt
Original log removed from dated subdirectory

Your gradient analysis should identify ALL THREE issues:
- Application-level: decomposition causing small/misaligned writes
- Pattern-level: checkpoint/burst I/O behavior
- System-level: default stripe configuration (not optimized)
